date,shift,machine,mtype,hour,planned,run,ideal,aloss,ploss,qloss,total,ok,scrap,rework,rej,valid
2026-05-01,A,A01CN066,CN,9,39.0,25.0,25.0,14.0,0.0,0.0,66,66,0,0,0,1
2026-05-01,A,A01CN086,CN,10,57.0,28.0,20.75,29.0,7.25,0.0,30,30,0,0,0,1
2026-05-01,A,A01HB007,HB,10,69.0,29.0,15.0,40.0,14.0,0.0,45,45,0,0,0,1
2026-05-01,A,A01CN049,CN,12,109.0,109.0,109.0,0.0,0.0,0.0,123,123,0,0,0,1
2026-05-01,A,A01CN061,CN,12,130.0,130.0,130.0,0.0,0.0,0.0,164,164,0,0,0,1
2026-05-01,A,A01CN069,CN,12,130.0,122.0,122.0,8.0,0.0,0.0,176,176,0,0,0,1
2026-05-01,A,A01TRP35,TR,12,109.0,1.0,0.0,108.0,1.0,0.0,0,0,0,0,0,1
2026-05-01,A,A01CN131,CN,12,189.0,0.0,0.0,189.0,0.0,0.0,8,8,0,0,0,1
2026-05-01,A,A01HB001,HB,12,179.0,155.0,155.0,24.0,0.0,0.0,536,536,0,0,0,1
2026-05-01,A,A01HB002,HB,12,179.0,166.0,166.0,13.0,0.0,1.36,366,363,0,3,3,1
2026-05-01,A,A01HB003,HB,12,179.0,179.0,179.0,0.0,0.0,0.0,424,424,0,0,0,1
2026-05-01,A,A01HB004,HB,12,179.0,179.0,178.27,0.0,0.73,0.0,448,448,0,0,0,1
2026-05-01,A,A01HB005,HB,12,179.0,179.0,179.0,0.0,0.0,0.0,522,522,0,0,0,1
2026-05-01,A,A01HB006,HB,12,179.0,179.0,179.0,0.0,0.0,0.0,462,462,0,0,0,1
2026-05-01,A,A01HB008,HB,12,179.0,170.0,158.67,9.0,11.33,0.0,408,408,0,0,0,1
2026-05-01,A,A01HB009,HB,12,179.0,179.0,179.0,0.0,0.0,0.0,511,511,0,0,0,1
2026-05-01,A,A01HB010,HB,12,179.0,179.0,177.93,0.0,1.07,0.0,476,476,0,0,0,1
2026-05-01,A,A01HB011,HB,12,179.0,26.0,0.0,153.0,26.0,0.0,0,0,0,0,0,1
2026-05-01,A,A01HB012,HB,12,179.0,68.0,68.0,111.0,0.0,0.0,410,410,0,0,0,1
2026-05-01,A,A01HB015,HB,12,179.0,0.0,0.0,179.0,0.0,0.0,0,0,0,0,0,1
2026-05-01,A,A01HB017,HB,12,179.0,179.0,179.0,0.0,0.0,0.0,450,450,0,0,0,1
2026-05-01,A,A01HB018,HB,12,179.0,179.0,178.67,0.0,0.33,0.0,280,280,0,0,0,1
2026-05-01,A,A01HB019,HB,12,179.0,88.0,34.8,91.0,53.2,0.0,18,18,0,0,0,1
2026-05-01,A,A01HB020,HB,12,179.0,179.0,179.0,0.0,0.0,0.0,366,366,0,0,0,1
2026-05-01,A,A01CN007,CN,12,219.0,33.0,22.33,186.0,10.67,0.0,67,67,0,0,0,1
2026-05-01,A,A01CN042,CN,12,189.0,182.0,182.0,7.0,0.0,0.0,344,344,0,0,0,1
2026-05-01,A,A01VMC07,VM,12,199.0,199.0,199.0,0.0,0.0,0.21,928,927,1,0,1,1
2026-05-01,A,A01BR007,BR,12,49.0,41.0,41.0,8.0,0.0,0.0,258,258,0,0,0,1
2026-05-01,A,A01TAP14,TA,12,49.0,13.0,13.0,36.0,0.0,0.0,184,184,0,0,0,1
2026-05-01,U,A01CN064,CN,12,0.0,0.0,0.0,0.0,0.0,0.0,0,0,0,0,0,0
2026-05-01,A,A01CN108,CN,12,234.0,82.0,58.0,152.0,24.0,0.0,58,58,0,0,0,1
2026-05-01,A,A01CN111,CN,12,234.0,189.0,161.0,45.0,28.0,0.0,161,161,0,0,0,1
2026-05-01,A,A01CN122,CN,14,240.0,198.0,195.0,42.0,3.0,0.0,450,450,0,0,0,1
2026-05-01,A,A01CN067,CN,16,389.0,201.0,164.83,188.0,36.17,0.0,215,215,0,0,0,1
2026-05-01,A,A01CN079,CN,16,389.0,304.0,220.0,85.0,84.0,0.0,660,660,0,0,0,1
2026-05-01,A,A01HB013,HB,16,409.0,397.0,397.0,12.0,0.0,0.0,880,880,0,0,0,1
2026-05-01,A,A01CN093,CN,16,324.0,315.0,315.0,9.0,0.0,0.0,996,996,0,0,0,1
2026-05-01,A,A01CN004,CN,16,334.0,226.0,154.0,108.0,72.0,0.0,462,462,0,0,0,1
2026-05-01,A,A01CN041,CN,16,404.0,358.0,249.75,46.0,108.25,0.0,333,333,0,0,0,1
2026-05-01,A,A01CN133,CN,16,334.0,293.0,286.5,41.0,6.5,0.0,191,191,0,0,0,1
2026-05-01,A,A01CN065,CN,16,399.0,345.0,251.25,54.0,93.75,0.0,335,335,0,0,0,1
2026-05-01,A,A01CN090,CN,16,241.0,222.0,183.2,19.0,38.8,0.0,687,687,0,0,0,1
2026-05-01,A,A01CN091,CN,16,334.0,321.0,321.0,13.0,0.0,0.0,998,998,0,0,0,1
2026-05-01,A,A01CN092,CN,16,334.0,154.0,124.5,180.0,29.5,0.0,415,415,0,0,0,1
2026-05-01,A,A01CN094,CN,16,334.0,323.0,299.0,11.0,24.0,0.0,780,780,0,0,0,1
2026-05-01,A,A01CN095,CN,16,334.0,313.0,300.42,21.0,12.58,0.0,721,721,0,0,0,1
2026-05-01,A,A01TMC02,TM,16,427.0,74.0,74.0,353.0,0.0,0.0,114,114,0,0,0,1
2026-05-01,A,A01TMC07,TM,16,435.0,396.0,391.5,39.0,4.5,0.0,810,810,0,0,0,1
2026-05-01,A,A01TMC09,TM,16,435.0,402.0,402.0,33.0,0.0,0.0,946,946,0,0,0,1
2026-05-01,A,A01CN134,CN,16,364.0,294.0,288.0,70.0,6.0,0.0,192,192,0,0,0,1
2026-05-01,A,A01CN101,CN,16,334.0,306.0,302.03,28.0,3.97,0.0,442,442,0,0,0,1
2026-05-01,A,A01CN102,CN,16,334.0,289.0,272.65,45.0,16.35,0.0,399,399,0,0,0,1
2026-05-01,A,A01CN103,CN,16,334.0,323.0,323.0,11.0,0.0,0.0,828,828,0,0,0,1
2026-05-01,A,A01TMC08,TM,16,435.0,424.0,424.0,11.0,0.0,0.0,891,891,0,0,0,1
2026-05-01,A,A01CN138,CN,16,419.0,404.0,402.0,15.0,2.0,0.0,603,603,0,0,0,1
2026-05-01,A,A01CN139,CN,16,434.0,392.0,392.0,42.0,0.0,0.0,602,602,0,0,0,1
2026-05-01,A,A01CN118,CN,16,429.0,384.0,350.37,45.0,33.63,0.0,457,457,0,0,0,1
2026-05-01,A,A01CN027,CN,16,429.0,37.0,15.58,392.0,21.42,0.0,17,17,0,0,0,1
2026-05-01,A,A01CN028,CN,16,434.0,423.0,410.67,11.0,12.33,0.0,448,448,0,0,0,1
2026-05-01,A,A01TMC05,TM,16,442.0,418.0,410.37,24.0,7.63,0.0,947,947,0,0,0,1
2026-05-01,A,A01CN116,CN,16,424.0,398.0,358.63,26.0,39.37,0.0,371,371,0,0,0,1
2026-05-01,A,A01CN045,CN,16,67.0,29.0,27.2,38.0,1.8,0.0,48,48,0,0,0,1
2026-05-01,A,A01CN046,CN,16,67.0,1.0,1.0,66.0,0.0,0.0,22,22,0,0,0,1
2026-05-01,A,A01CN084,CN,16,389.0,344.0,264.0,45.0,80.0,0.0,440,440,0,0,0,1
2026-05-01,A,A01CN117,CN,16,434.0,339.0,323.53,95.0,15.47,0.0,422,422,0,0,0,1
2026-05-01,A,A01CN128,CN,16,394.0,129.0,128.27,265.0,0.73,0.0,208,208,0,0,0,1
2026-05-01,A,A01CN052,CN,17,34.0,29.0,29.0,5.0,0.0,0.0,39,39,0,0,0,1
2026-05-01,A,A01CN003,CN,17,394.0,327.0,312.5,67.0,14.5,0.0,750,750,0,0,0,1
2026-05-01,A,A01CN097,CN,17,96.0,96.0,96.0,0.0,0.0,0.0,368,368,0,0,0,1
2026-05-01,A,A01CN100,CN,17,484.0,220.0,220.0,264.0,0.0,0.0,318,318,0,0,0,1
2026-05-01,A,A01CN048,CN,17,128.0,95.0,79.33,33.0,15.67,0.0,140,140,0,0,0,1
2026-05-01,A,A01CN051,CN,17,128.0,108.0,86.9,20.0,21.1,0.0,158,158,0,0,0,1
2026-05-01,A,A01CN014,CN,18,509.0,452.0,452.0,57.0,0.0,0.0,1603,1603,0,0,0,1
2026-05-01,A,A01CN015,CN,18,509.0,403.0,403.0,106.0,0.0,0.0,1414,1414,0,0,0,1
2026-05-01,A,A01CN021,CN,18,509.0,486.0,486.0,23.0,0.0,0.0,1460,1460,0,0,0,1
2026-05-01,A,A01CN022,CN,18,509.0,381.0,379.2,128.0,1.8,0.0,1264,1264,0,0,0,1
2026-05-01,A,A01CN023,CN,18,509.0,378.0,335.33,131.0,42.67,0.0,1006,1006,0,0,0,1
2026-05-01,A,A01CN026,CN,18,509.0,474.0,474.0,35.0,0.0,0.0,1449,1449,0,0,0,1
2026-05-01,A,A01CN071,CN,18,539.0,460.0,460.0,79.0,0.0,0.0,1665,1665,0,0,0,1
2026-05-01,A,A01CN080,CN,18,509.0,495.0,495.0,14.0,0.0,0.0,1514,1514,0,0,0,1
2026-05-01,A,A01CN087,CN,18,469.0,425.0,325.73,44.0,99.27,0.0,698,698,0,0,0,1
2026-05-01,A,A01CN089,CN,18,509.0,318.0,237.92,191.0,80.08,0.0,571,571,0,0,0,1
2026-05-01,A,A01CN105,CN,18,509.0,165.0,165.0,344.0,0.0,0.0,481,481,0,0,0,1
2026-05-01,A,A01CN106,CN,18,509.0,258.0,167.13,251.0,90.87,0.0,218,218,0,0,0,1
2026-05-01,A,A01BR005,BR,18,514.0,403.0,403.0,111.0,0.0,0.0,4088,4088,0,0,0,1
2026-05-01,A,A01CN113,CN,18,509.0,391.0,326.67,118.0,64.33,0.0,392,392,0,0,0,1
2026-05-01,A,A01CN053,CN,18,519.0,461.0,440.7,58.0,20.3,0.0,1469,1469,0,0,0,1
2026-05-01,A,A01CN054,CN,18,519.0,468.0,468.0,51.0,0.0,0.0,1404,1404,0,0,0,1
2026-05-01,A,A01CN055,CN,18,519.0,504.0,486.67,15.0,17.33,0.33,1460,1459,0,1,1,1
2026-05-01,A,A01CN056,CN,18,519.0,427.0,427.0,92.0,0.0,0.0,1436,1436,0,0,0,1
2026-05-01,A,A01CN057,CN,18,519.0,501.0,494.4,18.0,6.6,0.9,1648,1645,3,0,3,1
2026-05-01,A,A01CN058,CN,18,519.0,486.0,486.0,33.0,0.0,0.0,1474,1474,0,0,0,1
2026-05-01,A,A01CN059,CN,18,519.0,488.0,488.0,31.0,0.0,0.0,1486,1486,0,0,0,1
2026-05-01,A,A01CN060,CN,18,519.0,483.0,473.7,36.0,9.3,0.0,1579,1579,0,0,0,1
2026-05-01,A,A01CN072,CN,18,519.0,501.0,438.3,18.0,62.7,0.0,1461,1461,0,0,0,1
2026-05-01,A,A01CN073,CN,18,519.0,474.0,463.33,45.0,10.67,0.0,1390,1390,0,0,0,1
2026-05-01,A,A01CN076,CN,18,519.0,471.0,445.2,48.0,25.8,0.0,1484,1484,0,0,0,1
2026-05-01,A,A01CN077,CN,18,519.0,464.0,459.3,55.0,4.7,0.0,1531,1531,0,0,0,1
2026-05-01,A,A01CN005,CN,18,519.0,452.0,352.5,67.0,99.5,0.0,470,470,0,0,0,1
2026-05-01,A,A01CN017,CN,18,519.0,410.0,332.25,109.0,77.75,0.0,443,443,0,0,0,1
2026-05-01,A,A01CN018,CN,18,519.0,392.0,318.0,127.0,74.0,0.0,424,424,0,0,0,1
2026-05-01,A,A01CN024,CN,18,519.0,488.0,287.0,31.0,201.0,0.0,492,492,0,0,0,1
2026-05-01,A,A01CN030,CN,18,519.0,484.0,376.0,35.0,108.0,0.0,376,376,0,0,0,1
2026-05-01,A,A01CN081,CN,18,519.0,497.0,466.0,22.0,31.0,0.0,466,466,0,0,0,1
2026-05-01,A,A01CN083,CN,18,519.0,461.0,461.0,58.0,0.0,0.0,3170,3170,0,0,0,1
2026-05-01,A,A01CN085,CN,18,519.0,478.0,474.67,41.0,3.33,0.0,445,445,0,0,0,1
2026-05-01,A,A01CN099,CN,18,519.0,362.0,273.0,157.0,89.0,0.0,273,273,0,0,0,1
2026-05-01,A,A01HB014,HB,18,544.0,505.0,505.0,39.0,0.0,0.0,855,855,0,0,0,1
2026-05-01,A,A01CN020,CN,18,549.0,461.0,272.5,88.0,188.5,0.0,545,545,0,0,0,1
2026-05-01,A,A01TMC04,TM,18,556.0,516.0,476.57,40.0,39.43,0.0,493,493,0,0,0,1
2026-05-01,A,A01TMC04,TM,18,0.0,0.0,0.0,0.0,0.0,0.0,0,0,0,0,0,0
2026-05-01,A,A01TMC06,TM,18,556.0,527.0,486.53,29.0,40.47,0.0,712,712,0,0,0,1
2026-05-01,A,A01TMC06,TM,18,0.0,0.0,0.0,0.0,0.0,0.0,0,0,0,0,0,0
2026-05-01,A,A01CN001,CN,18,534.0,407.0,354.0,127.0,53.0,0.0,354,354,0,0,0,1
2026-05-01,A,A01CN070,CN,18,521.0,509.0,417.0,12.0,92.0,0.0,417,417,0,0,0,1
2026-05-01,A,A01HB023,HB,18,549.0,490.0,490.0,59.0,0.0,0.0,638,638,0,0,0,1
2026-05-01,A,A01HB024,HB,18,546.0,485.0,431.1,61.0,53.9,0.0,594,594,0,0,0,1
2026-05-01,A,A01CN047,CN,18,537.0,211.0,165.47,326.0,45.53,0.0,292,292,0,0,0,1
2026-05-01,A,A01CN050,CN,18,537.0,160.0,139.4,377.0,20.6,0.0,246,246,0,0,0,1
2026-05-01,A,A01CN062,CN,18,554.0,459.0,446.6,95.0,12.4,0.0,812,812,0,0,0,1
2026-05-01,A,A01CN068,CN,18,554.0,416.0,397.1,138.0,18.9,0.55,722,721,0,1,1,1
2026-05-01,A,A01CN074,CN,18,554.0,483.0,460.13,71.0,22.87,0.0,812,812,0,0,0,1
2026-05-01,A,A01CN075,CN,18,554.0,457.0,457.0,97.0,0.0,0.0,816,816,0,0,0,1
2026-05-01,A,A01TMC04,TM,18,5.0,2.0,0.98,3.0,1.02,0.0,1,1,0,0,0,1
2026-05-01,A,A01TMC06,TM,18,5.0,2.0,0.72,3.0,1.28,0.0,1,1,0,0,0,1
2026-05-01,A,A01HB016,HB,18,554.0,542.0,491.53,12.0,50.47,0.0,1616,1616,0,0,0,1
2026-05-01,A,A01VMC03,VM,18,554.0,554.0,490.0,0.0,64.0,0.0,1960,1960,0,0,0,1
2026-05-01,A,A01VMC05,VM,18,536.0,240.0,171.0,296.0,69.0,0.0,76,76,0,0,0,1
2026-05-01,A,A01VMC08,VM,18,535.0,507.0,470.25,28.0,36.75,0.0,1485,1485,0,0,0,1
2026-05-01,A,A01VMC09,VM,18,535.0,508.0,441.75,27.0,66.25,0.0,1395,1395,0,0,0,1
2026-05-01,A,A01VMC11,VM,18,535.0,518.0,484.5,17.0,33.5,0.0,1530,1530,0,0,0,1
2026-05-01,A,A01VMC12,VM,18,564.0,530.0,479.75,34.0,50.25,0.0,1515,1515,0,0,0,1
2026-05-01,A,A01VMC15,VM,18,554.0,542.0,459.0,12.0,83.0,0.0,1530,1530,0,0,0,1
2026-05-01,A,A01VMC16,VM,18,554.0,527.0,459.0,27.0,68.0,0.0,1530,1530,0,0,0,1
2026-05-01,A,A01CN137,CN,18,549.0,519.0,496.8,30.0,22.2,0.0,828,828,0,0,0,1
2026-05-01,A,A01HB025,HB,18,236.0,0.0,0.0,236.0,0.0,0.0,0,0,0,0,0,1
2026-05-01,A,A01HB021,HB,18,529.0,481.0,481.0,48.0,0.0,0.0,432,432,0,0,0,1
2026-05-01,B,A01CN139,CN,20,108.0,73.0,73.0,35.0,0.0,0.0,124,124,0,0,0,1
2026-05-01,B,A01CN118,CN,20,108.0,72.0,72.0,36.0,0.0,0.0,94,94,0,0,0,1
2026-05-01,B,A01CN047,CN,21,109.0,46.0,46.0,63.0,0.0,0.0,90,90,0,0,0,1
2026-05-01,B,A01CN050,CN,21,109.0,45.0,45.0,64.0,0.0,0.0,90,90,0,0,0,1
2026-05-01,B,A01CN055,CN,21,49.0,49.0,49.0,0.0,0.0,0.0,170,170,0,0,0,1
2026-05-01,B,A01CN057,CN,21,49.0,49.0,49.0,0.0,0.0,0.0,193,193,0,0,0,1
2026-05-01,B,A01CN058,CN,21,49.0,48.0,48.0,1.0,0.0,0.0,170,170,0,0,0,1
2026-05-01,B,A01CN060,CN,21,49.0,48.0,48.0,1.0,0.0,0.0,187,187,0,0,0,1
2026-05-01,B,A01CN072,CN,21,49.0,49.0,49.0,0.0,0.0,0.0,165,165,0,0,0,1
2026-05-01,B,A01CN073,CN,21,49.0,21.0,16.33,28.0,4.67,0.0,49,49,0,0,0,1
2026-05-01,B,A01CN076,CN,21,49.0,41.0,41.0,8.0,0.0,0.0,151,151,0,0,0,1
2026-05-01,B,A01CN077,CN,21,49.0,27.0,21.6,22.0,5.4,0.0,72,72,0,0,0,1
2026-05-01,B,A01HB001,HB,21,49.0,7.0,2.33,42.0,4.67,0.0,8,8,0,0,0,1
2026-05-01,B,A01HB002,HB,21,49.0,49.0,49.0,0.0,0.0,0.0,102,102,0,0,0,1
2026-05-01,B,A01HB003,HB,21,49.0,49.0,41.07,0.0,7.93,0.0,88,88,0,0,0,1
2026-05-01,B,A01HB004,HB,21,49.0,49.0,38.2,0.0,10.8,0.0,96,96,0,0,0,1
2026-05-01,B,A01HB005,HB,21,49.0,37.0,31.5,12.0,5.5,0.0,90,90,0,0,0,1
2026-05-01,B,A01HB007,HB,21,49.0,49.0,26.67,0.0,22.33,0.0,80,80,0,0,0,1
2026-05-01,B,A01HB008,HB,21,49.0,49.0,49.0,0.0,0.0,0.0,138,138,0,0,0,1
2026-05-01,B,A01HB009,HB,21,49.0,49.0,49.0,0.0,0.0,0.0,154,154,0,0,0,1
2026-05-01,B,A01HB010,HB,21,49.0,49.0,49.0,0.0,0.0,0.0,147,147,0,0,0,1
2026-05-01,B,A01HB012,HB,21,49.0,12.0,12.0,37.0,0.0,0.0,115,115,0,0,0,1
2026-05-01,B,A01HB015,HB,21,49.0,0.0,0.0,49.0,0.0,0.0,0,0,0,0,0,1
2026-05-01,B,A01HB017,HB,21,49.0,49.0,49.0,0.0,0.0,0.0,126,126,0,0,0,1
2026-05-01,B,A01HB018,HB,21,49.0,49.0,49.0,0.0,0.0,0.0,84,84,0,0,0,1
2026-05-01,B,A01HB019,HB,21,49.0,49.0,23.2,0.0,25.8,0.0,12,12,0,0,0,1
2026-05-01,B,A01HB020,HB,21,49.0,49.0,49.0,0.0,0.0,0.0,108,108,0,0,0,1
2026-05-01,B,A01CN053,CN,21,49.0,49.0,49.0,0.0,0.0,0.0,178,178,0,0,0,1
2026-05-01,B,A01CN059,CN,21,49.0,49.0,49.0,0.0,0.0,0.0,174,174,0,0,0,1
2026-05-01,B,A01CN124,CN,21,49.0,49.0,49.0,0.0,0.0,0.0,132,132,0,0,0,1
2026-05-01,B,A01CN127,CN,21,49.0,0.0,0.0,49.0,0.0,0.0,0,0,0,0,0,1
2026-05-01,B,A01CN130,CN,21,49.0,49.0,49.0,0.0,0.0,0.0,100,100,0,0,0,1
2026-05-01,B,A01CN131,CN,21,49.0,49.0,49.0,0.0,0.0,0.0,88,88,0,0,0,1
2026-05-01,B,A01CN132,CN,21,49.0,49.0,49.0,0.0,0.0,0.0,100,100,0,0,0,1
2026-05-01,B,A01CN074,CN,21,50.0,50.0,50.0,0.0,0.0,0.0,164,164,0,0,0,1
2026-05-01,B,A01CN125,CN,21,109.0,100.0,89.6,9.0,10.4,0.0,224,224,0,0,0,1
2026-05-01,B,A01CN126,CN,21,109.0,0.0,0.0,109.0,0.0,0.0,0,0,0,0,0,1
2026-05-01,B,A01TMC02,TM,22,197.0,197.0,197.0,0.0,0.0,0.0,278,278,0,0,0,1
2026-05-01,B,A01VMC04,VM,22,124.0,124.0,115.0,0.0,9.0,0.0,345,345,0,0,0,1
2026-05-01,B,A01CN098,CN,22,191.0,0.0,0.0,191.0,0.0,0.0,0,0,0,0,0,1
2026-05-01,B,A01CN047,CN,23,52.0,52.0,52.0,0.0,0.0,0.0,108,108,0,0,0,1
2026-05-01,B,A01CN050,CN,23,55.0,45.0,45.0,10.0,0.0,0.0,88,88,0,0,0,1
2026-05-01,B,A01CN078,CN,2,374.0,228.0,228.0,146.0,0.0,0.0,803,803,0,0,0,1
2026-05-01,B,A01VMC10,VM,2,360.0,325.0,325.0,35.0,0.0,0.0,1960,1960,0,0,0,1
2026-05-01,B,A01CN003,CN,2,394.0,356.0,356.0,38.0,0.0,0.0,858,858,0,0,0,1
2026-05-01,B,A01CN013,CN,2,324.0,95.0,95.0,229.0,0.0,0.0,279,279,0,0,0,1
2026-05-01,B,A01CN090,CN,2,384.0,320.0,320.0,64.0,0.0,0.0,1275,1275,0,0,0,1
2026-05-01,B,A01TMC03,TM,2,374.0,304.0,304.0,70.0,0.0,0.0,790,790,0,0,0,1
2026-05-01,B,A01TMC05,TM,2,445.0,385.0,385.0,60.0,0.0,0.0,939,939,0,0,0,1
2026-05-01,B,A01TMC07,TM,2,445.0,384.0,384.0,61.0,0.0,0.0,858,858,0,0,0,1
2026-05-01,B,A01TMC09,TM,2,445.0,373.0,373.0,72.0,0.0,0.0,938,938,0,0,0,1
2026-05-01,B,A01CN101,CN,2,384.0,367.0,349.18,17.0,17.82,0.0,511,511,0,0,0,1
2026-05-01,B,A01CN102,CN,2,384.0,353.0,351.23,31.0,1.77,0.0,514,514,0,0,0,1
2026-05-01,B,A01TMC08,TM,2,445.0,382.0,382.0,63.0,0.0,0.0,853,853,0,0,0,1
2026-05-01,B,A01CN100,CN,2,424.0,318.0,318.0,106.0,0.0,0.0,371,371,0,0,0,1
2026-05-01,B,A01CN116,CN,2,424.0,388.0,378.93,36.0,9.07,0.0,392,392,0,0,0,1
2026-05-01,B,A01CN095,CN,3,419.0,399.0,399.0,20.0,0.0,0.0,997,997,0,0,0,1
2026-05-01,B,A01CN028,CN,3,479.0,475.0,443.67,4.0,31.33,0.0,484,484,0,0,0,1
2026-05-01,B,A01CN097,CN,3,454.0,438.0,426.13,16.0,11.87,0.0,1504,1504,0,0,0,1
2026-05-01,B,A01CN007,CN,4,474.0,218.0,139.67,256.0,78.33,0.0,419,419,0,0,0,1
2026-05-01,B,A01CN014,CN,4,504.0,437.0,437.0,67.0,0.0,0.0,1567,1567,0,0,0,1
2026-05-01,B,A01CN015,CN,4,503.0,377.0,377.0,126.0,0.0,0.0,1322,1322,0,0,0,1
2026-05-01,B,A01CN021,CN,4,503.0,494.0,488.0,9.0,6.0,0.0,1464,1464,0,0,0,1
2026-05-01,B,A01CN022,CN,4,503.0,442.0,435.9,61.0,6.1,0.0,1453,1453,0,0,0,1
2026-05-01,B,A01CN023,CN,4,502.0,476.0,476.0,26.0,0.0,0.0,1482,1482,0,0,0,1
2026-05-01,B,A01CN026,CN,4,504.0,465.0,465.0,39.0,0.0,0.0,1521,1521,0,0,0,1
2026-05-01,B,A01CN071,CN,4,479.0,388.0,388.0,91.0,0.0,0.0,1318,1318,0,0,0,1
2026-05-01,B,A01CN080,CN,4,494.0,469.0,469.0,25.0,0.0,0.0,1482,1482,0,0,0,1
2026-05-01,B,A01BR005,BR,4,494.0,352.0,352.0,142.0,0.0,0.0,4700,4700,0,0,0,1
2026-05-01,B,A01CN113,CN,4,494.0,393.0,393.0,101.0,0.0,0.0,541,541,0,0,0,1
2026-05-01,B,A01CN027,CN,4,539.0,531.0,490.42,8.0,40.58,0.0,535,535,0,0,0,1
2026-05-01,B,A01TMC04,TM,4,565.0,502.0,502.0,63.0,0.0,0.0,520,520,0,0,0,1
2026-05-01,B,A01TMC06,TM,4,565.0,521.0,508.12,44.0,12.88,0.0,709,709,0,0,0,1
2026-05-01,B,A01CN042,CN,5,537.0,520.0,464.2,17.0,55.8,0.0,844,844,0,0,0,1
2026-05-01,B,A01CN045,CN,5,530.0,401.0,401.0,129.0,0.0,0.0,716,716,0,0,0,1
2026-05-01,B,A01CN046,CN,5,529.0,35.0,35.0,494.0,0.0,0.0,70,70,0,0,0,1
2026-05-01,B,A01CN062,CN,5,536.0,488.0,485.1,48.0,2.9,0.0,882,882,0,0,0,1
2026-05-01,B,A01CN068,CN,5,526.0,489.0,479.6,37.0,9.4,0.0,872,872,0,0,0,1
2026-05-01,B,A01CN075,CN,5,549.0,394.0,394.0,155.0,0.0,0.0,738,738,0,0,0,1
2026-05-01,B,A01CN106,CN,5,449.0,171.0,147.2,278.0,23.8,0.0,192,192,0,0,0,1
2026-05-01,B,A01CN107,CN,5,554.0,201.0,120.0,353.0,81.0,0.0,150,150,0,0,0,1
2026-05-01,B,A01CN005,CN,5,577.0,529.0,529.0,48.0,0.0,0.0,721,721,0,0,0,1
2026-05-01,B,A01CN024,CN,5,576.0,533.0,434.0,43.0,99.0,0.0,744,744,0,0,0,1
2026-05-01,B,A01CN065,CN,5,576.0,483.0,437.25,93.0,45.75,0.0,583,583,0,0,0,1
2026-05-01,B,A01CN070,CN,5,587.0,547.0,490.0,40.0,57.0,0.0,490,490,0,0,0,1
2026-05-01,B,A01CN083,CN,5,588.0,552.0,552.0,36.0,0.0,0.0,3610,3610,0,0,0,1
2026-05-01,B,A01CN020,CN,5,589.0,413.0,356.5,176.0,56.5,0.0,713,713,0,0,0,1
2026-05-01,U,A01CN064,CN,5,0.0,0.0,0.0,0.0,0.0,0.0,0,0,0,0,0,0
2026-05-01,B,A01CN108,CN,5,590.0,513.0,455.0,77.0,58.0,0.0,455,455,0,0,0,1
2026-05-01,B,A01CN111,CN,5,590.0,533.0,505.0,57.0,28.0,0.0,505,505,0,0,0,1
2026-05-01,B,A01CN002,CN,5,564.0,454.0,454.0,110.0,0.0,0.0,486,486,0,0,0,1
2026-05-01,B,A01CN004,CN,5,564.0,309.0,225.33,255.0,83.67,0.0,676,676,0,0,0,1
2026-05-01,B,A01CN025,CN,5,569.0,491.0,491.0,78.0,0.0,0.0,1161,1161,0,0,0,1
2026-05-01,B,A01CN031,CN,5,559.0,493.0,493.0,66.0,0.0,0.0,2079,2079,0,0,0,1
2026-05-01,B,A01CN038,CN,5,559.0,540.0,520.6,19.0,19.4,0.0,1644,1644,0,0,0,1
2026-05-01,B,A01CN133,CN,5,559.0,494.0,494.0,65.0,0.0,0.0,370,370,0,0,0,1
2026-05-01,B,A01CN091,CN,5,564.0,513.0,513.0,51.0,0.0,0.0,1670,1670,0,0,0,1
2026-05-01,B,A01CN093,CN,5,564.0,524.0,524.0,40.0,0.0,0.0,1774,1774,0,0,0,1
2026-05-01,B,A01CN094,CN,5,564.0,519.0,519.0,45.0,0.0,0.0,1448,1448,0,0,0,1
2026-05-01,B,A01CN096,CN,5,564.0,505.0,505.0,59.0,0.0,0.0,2048,2048,0,0,0,1
2026-05-01,B,A01CN134,CN,5,589.0,525.0,525.0,64.0,0.0,0.0,363,363,0,0,0,1
2026-05-01,B,A01CN103,CN,5,554.0,500.0,500.0,54.0,0.0,0.0,1367,1367,0,0,0,1
2026-05-01,B,A01CN104,CN,5,564.0,431.0,431.0,133.0,0.0,0.0,950,950,0,0,0,1
2026-05-01,B,A01CN030,CN,6,609.0,502.0,488.0,107.0,14.0,0.0,488,488,0,0,0,1
2026-05-01,B,A01CN041,CN,6,607.0,455.0,374.25,152.0,80.75,0.0,499,499,0,0,0,1
2026-05-01,B,A01CN018,CN,6,624.0,559.0,559.0,65.0,0.0,0.0,749,749,0,0,0,1
2026-05-01,B,A01VMC08,VM,6,629.0,555.0,555.0,74.0,0.0,0.0,1785,1785,0,0,0,1
2026-05-01,B,A01CN001,CN,6,639.0,547.0,472.0,92.0,75.0,0.0,472,472,0,0,0,1
2026-05-01,B,A01CN017,CN,6,637.0,520.0,507.0,117.0,13.0,0.0,676,676,0,0,0,1
2026-05-01,B,A01CN085,CN,6,648.0,536.0,469.33,112.0,66.67,0.0,440,440,0,0,0,1
2026-05-01,B,A01CN099,CN,6,641.0,559.0,533.0,82.0,26.0,0.0,533,533,0,0,0,1
2026-05-01,B,A01HB021,HB,6,665.0,665.0,599.87,0.0,65.13,0.0,528,528,0,0,0,1
2026-05-01,B,A01CN086,CN,6,594.0,433.0,372.12,161.0,60.88,0.0,538,538,0,0,0,1
2026-05-01,B,A01CN087,CN,6,594.0,169.0,140.47,425.0,28.53,0.0,301,301,0,0,0,1
2026-05-01,B,A01VMC03,VM,6,659.0,538.0,530.0,121.0,8.0,0.0,2120,2120,0,0,0,1
2026-05-01,B,A01VMC05,VM,6,544.0,427.0,411.75,117.0,15.25,0.0,183,183,0,0,0,1
2026-05-01,B,A01VMC07,VM,6,269.0,147.0,147.0,122.0,0.0,0.0,800,800,0,0,0,1
2026-05-01,B,A01VMC11,VM,6,659.0,553.0,553.0,106.0,0.0,0.0,1860,1860,0,0,0,1
2026-05-01,B,A01VMC12,VM,6,664.0,616.0,608.0,48.0,8.0,0.0,1920,1920,0,0,0,1
2026-05-01,B,A01VMC15,VM,6,664.0,566.0,450.0,98.0,116.0,0.0,1500,1500,0,0,0,1
2026-05-01,B,A01VMC16,VM,6,642.0,581.0,526.5,61.0,54.5,0.0,1755,1755,0,0,0,1
2026-05-01,B,A01HB016,HB,6,668.0,599.0,545.07,69.0,53.93,0.0,1792,1792,0,0,0,1
2026-05-01,B,A01HB013,HB,7,670.0,612.0,612.0,58.0,0.0,0.0,1392,1392,0,0,0,1
2026-05-01,B,A01HB014,HB,7,670.0,599.0,599.0,71.0,0.0,0.0,1026,1026,0,0,0,1
2026-05-01,B,A01HB023,HB,7,675.0,585.0,585.0,90.0,0.0,0.0,770,770,0,0,0,1
2026-05-01,B,A01HB024,HB,7,675.0,591.0,526.9,84.0,64.1,0.0,726,726,0,0,0,1
2026-05-02,A,A01TMC02,TM,9,11.0,11.0,11.0,0.0,0.0,0.0,30,30,0,0,0,1
2026-05-02,A,A01CN066,CN,9,43.0,0.0,0.0,43.0,0.0,0.0,0,0,0,0,0,1
2026-05-02,A,A01CN123,CN,11,41.0,28.0,28.0,13.0,0.0,0.0,47,47,0,0,0,1
2026-05-02,A,A01CN049,CN,12,23.0,4.0,4.0,19.0,0.0,0.0,17,17,0,0,0,1
2026-05-02,A,A01CN061,CN,12,49.0,45.0,45.0,4.0,0.0,0.0,66,66,0,0,0,1
2026-05-02,A,A01CN069,CN,12,49.0,45.0,45.0,4.0,0.0,0.0,76,76,0,0,0,1
2026-05-02,A,A01TRP35,TR,12,23.0,1.0,0.0,22.0,1.0,0.0,0,0,0,0,0,1
2026-05-02,A,A01CN130,CN,12,69.0,44.0,44.0,25.0,0.0,0.0,92,92,0,0,0,1
2026-05-02,A,A01CN052,CN,12,34.0,0.0,0.0,34.0,0.0,0.0,9,9,0,0,0,1
2026-05-02,A,A01HB001,HB,12,34.0,34.0,34.0,0.0,0.0,0.0,120,120,0,0,0,1
2026-05-02,A,A01HB002,HB,12,34.0,34.0,34.0,0.0,0.0,0.0,105,105,0,0,0,1
2026-05-02,A,A01HB003,HB,12,34.0,34.0,34.0,0.0,0.0,0.0,96,96,0,0,0,1
2026-05-02,A,A01HB004,HB,12,34.0,34.0,34.0,0.0,0.0,0.0,104,104,0,0,0,1
2026-05-02,A,A01HB005,HB,12,34.0,25.0,25.0,9.0,0.0,0.0,90,90,0,0,0,1
2026-05-02,A,A01HB006,HB,12,98.0,89.0,89.0,9.0,0.0,0.0,240,240,0,0,0,1
2026-05-02,A,A01HB008,HB,12,34.0,25.0,21.0,9.0,4.0,0.39,54,53,1,0,1,1
2026-05-02,A,A01HB009,HB,12,34.0,26.0,26.0,8.0,0.0,0.0,91,91,0,0,0,1
2026-05-02,A,A01HB010,HB,12,34.0,28.0,28.0,6.0,0.0,0.36,77,76,0,1,1,1
2026-05-02,A,A01HB011,HB,12,98.0,90.0,73.33,8.0,16.67,0.0,400,400,0,0,0,1
2026-05-02,A,A01HB012,HB,12,34.0,10.0,10.0,24.0,0.0,0.0,100,100,0,0,0,1
2026-05-02,A,A01HB015,HB,12,34.0,0.0,0.0,34.0,0.0,0.0,0,0,0,0,0,1
2026-05-02,A,A01HB017,HB,12,34.0,34.0,34.0,0.0,0.0,0.0,102,102,0,0,0,1
2026-05-02,A,A01HB018,HB,12,34.0,34.0,31.27,0.0,2.73,0.0,49,49,0,0,0,1
2026-05-02,A,A01HB019,HB,12,34.0,10.0,0.0,24.0,10.0,0.0,0,0,0,0,0,1
2026-05-02,A,A01HB020,HB,12,34.0,34.0,34.0,0.0,0.0,0.0,72,72,0,0,0,1
2026-05-02,A,A01CN125,CN,14,153.0,119.0,73.2,34.0,45.8,0.0,183,183,0,0,0,1
2026-05-02,A,A01CN122,CN,14,152.0,55.0,41.17,97.0,13.83,0.0,95,95,0,0,0,1
2026-05-02,A,A01CN067,CN,16,266.0,208.0,150.27,58.0,57.73,0.0,196,196,0,0,0,1
2026-05-02,A,A01CN079,CN,16,266.0,230.0,195.67,36.0,34.33,0.0,587,587,0,0,0,1
2026-05-02,A,A01HB013,HB,16,291.0,277.0,277.0,14.0,0.0,0.0,600,600,0,0,0,1
2026-05-02,A,A01CN003,CN,16,113.0,101.0,94.8,12.0,6.2,0.6,316,314,1,1,2,1
2026-05-02,A,A01CN004,CN,16,281.0,224.0,187.33,57.0,36.67,1.33,562,558,4,0,4,1
2026-05-02,A,A01CN013,CN,16,279.0,262.0,259.55,17.0,2.45,2.42,537,532,5,0,5,1
2026-05-02,A,A01CN025,CN,16,279.0,263.0,263.0,16.0,0.0,0.0,579,579,0,0,0,1
2026-05-02,A,A01CN031,CN,16,279.0,255.0,255.0,24.0,0.0,0.0,1104,1104,0,0,0,1
2026-05-02,A,A01CN133,CN,16,276.0,254.0,254.0,22.0,0.0,0.0,184,184,0,0,0,1
2026-05-02,A,A01CN090,CN,16,279.0,275.0,275.0,4.0,0.0,0.0,1104,1104,0,0,0,1
2026-05-02,A,A01CN093,CN,16,279.0,274.0,274.0,5.0,0.0,0.0,926,926,0,0,0,1
2026-05-02,A,A01CN094,CN,16,278.0,264.0,264.0,14.0,0.0,0.0,724,724,0,0,0,1
2026-05-02,A,A01CN095,CN,16,278.0,259.0,259.0,19.0,0.0,0.0,662,662,0,0,0,1
2026-05-02,A,A01CN096,CN,16,276.0,270.0,270.0,6.0,0.0,0.0,1036,1036,0,0,0,1
2026-05-02,A,A01CN097,CN,16,276.0,269.0,269.0,7.0,0.0,0.0,1064,1064,0,0,0,1
2026-05-02,A,A01TMC07,TM,16,320.0,298.0,294.35,22.0,3.65,0.0,609,609,0,0,0,1
2026-05-02,A,A01TMC09,TM,16,320.0,294.0,294.0,26.0,0.0,0.0,670,670,0,0,0,1
2026-05-02,A,A01CN134,CN,16,276.0,254.0,254.0,22.0,0.0,0.0,187,187,0,0,0,1
2026-05-02,A,A01CN101,CN,16,276.0,221.0,198.85,55.0,22.15,0.0,291,291,0,0,0,1
2026-05-02,A,A01CN102,CN,16,276.0,201.0,200.9,75.0,0.1,0.0,294,294,0,0,0,1
2026-05-02,A,A01CN103,CN,16,276.0,273.0,273.0,3.0,0.0,0.0,714,714,0,0,0,1
2026-05-02,A,A01CN104,CN,16,236.0,219.0,219.0,17.0,0.0,0.0,464,464,0,0,0,1
2026-05-02,A,A01TMC08,TM,16,320.0,306.0,303.05,14.0,2.95,0.0,627,627,0,0,0,1
2026-05-02,A,A01CN139,CN,16,319.0,293.0,293.0,26.0,0.0,0.0,444,444,0,0,0,1
2026-05-02,A,A01CN118,CN,16,315.0,278.0,258.37,37.0,19.63,0.0,337,337,0,0,0,1
2026-05-02,A,A01CN115,CN,16,261.0,254.0,254.0,7.0,0.0,0.0,316,316,0,0,0,1
2026-05-02,A,A01CN124,CN,16,293.0,250.0,179.4,43.0,70.6,0.0,414,414,0,0,0,1
2026-05-02,A,A01CN129,CN,16,288.0,0.0,0.0,288.0,0.0,0.0,0,0,0,0,0,1
2026-05-02,A,A01CN131,CN,16,293.0,279.0,279.0,14.0,0.0,0.0,456,456,0,0,0,1
2026-05-02,A,A01CN132,CN,16,288.0,267.0,267.0,21.0,0.0,0.0,448,448,0,0,0,1
2026-05-02,A,A01CN027,CN,16,315.0,305.0,296.08,10.0,8.92,0.0,323,323,0,0,0,1
2026-05-02,A,A01CN028,CN,16,320.0,308.0,301.58,12.0,6.42,0.0,329,329,0,0,0,1
2026-05-02,A,A01TMC05,TM,16,327.0,313.0,304.63,14.0,8.37,0.0,703,703,0,0,0,1
2026-05-02,A,A01CN042,CN,16,71.0,69.0,69.0,2.0,0.0,0.0,484,484,0,0,0,1
2026-05-02,A,A01CN044,CN,16,294.0,285.0,261.8,9.0,23.2,0.0,476,476,0,0,0,1
2026-05-02,A,A01CN045,CN,16,297.0,237.0,211.93,60.0,25.07,0.57,374,373,1,0,1,1
2026-05-02,A,A01CN046,CN,16,297.0,208.0,202.4,89.0,5.6,0.0,368,368,0,0,0,1
2026-05-02,A,A01CN047,CN,16,297.0,275.0,275.0,22.0,0.0,0.0,488,488,0,0,0,1
2026-05-02,A,A01CN050,CN,16,297.0,277.0,276.53,20.0,0.47,1.13,488,486,0,2,2,1
2026-05-02,A,A01CN062,CN,16,325.0,301.0,301.0,24.0,0.0,0.0,560,560,0,0,0,1
2026-05-02,A,A01CN068,CN,16,325.0,291.0,284.9,34.0,6.1,0.0,518,518,0,0,0,1
2026-05-02,A,A01CN075,CN,16,325.0,321.0,313.93,4.0,7.07,0.0,554,554,0,0,0,1
2026-05-02,A,A01CN084,CN,16,301.0,280.0,225.0,21.0,55.0,0.0,375,375,0,0,0,1
2026-05-02,A,A01CN107,CN,16,301.0,219.0,172.8,82.0,46.2,0.0,216,216,0,0,0,1
2026-05-02,A,A01CN116,CN,16,271.0,255.0,221.37,16.0,33.63,0.0,229,229,0,0,0,1
2026-05-02,A,A01CN117,CN,16,320.0,302.0,302.0,18.0,0.0,0.0,395,395,0,0,0,1
2026-05-02,A,A01CN128,CN,16,298.0,290.0,290.0,8.0,0.0,0.0,492,492,0,0,0,1
2026-05-02,A,A01CN087,CN,17,306.0,276.0,221.67,30.0,54.33,0.0,475,475,0,0,0,1
2026-05-02,A,A01CN014,CN,18,391.0,361.0,361.0,30.0,0.0,0.0,1328,1328,0,0,0,1
2026-05-02,A,A01CN015,CN,18,391.0,260.0,260.0,131.0,0.0,0.0,890,890,0,0,0,1
2026-05-02,A,A01CN021,CN,18,391.0,362.0,360.0,29.0,2.0,0.0,1080,1080,0,0,0,1
2026-05-02,A,A01CN022,CN,18,391.0,261.0,261.0,130.0,0.0,0.0,895,895,0,0,0,1
2026-05-02,A,A01CN023,CN,18,391.0,332.0,332.0,59.0,0.0,0.0,1071,1071,0,0,0,1
2026-05-02,A,A01CN026,CN,18,391.0,367.0,367.0,24.0,0.0,0.0,1142,1142,0,0,0,1
2026-05-02,A,A01CN071,CN,18,391.0,359.0,359.0,32.0,0.0,0.0,1291,1291,0,0,0,1
2026-05-02,A,A01CN080,CN,18,386.0,267.0,267.0,119.0,0.0,0.0,826,826,0,0,0,1
2026-05-02,A,A01CN089,CN,18,386.0,273.0,212.92,113.0,60.08,0.0,511,511,0,0,0,1
2026-05-02,A,A01BR005,BR,18,396.0,300.0,300.0,96.0,0.0,0.0,3604,3604,0,0,0,1
2026-05-02,A,A01CN113,CN,18,391.0,303.0,239.17,88.0,63.83,0.0,287,287,0,0,0,1
2026-05-02,A,A01CN053,CN,18,391.0,373.0,359.7,18.0,13.3,0.0,1199,1199,0,0,0,1
2026-05-02,A,A01CN054,CN,18,391.0,341.0,341.0,50.0,0.0,0.0,1027,1027,0,0,0,1
2026-05-02,A,A01CN055,CN,18,391.0,368.0,337.67,23.0,30.33,0.0,1013,1013,0,0,0,1
2026-05-02,A,A01CN056,CN,18,386.0,291.0,270.9,95.0,20.1,1.5,903,898,5,0,5,1
2026-05-02,A,A01CN057,CN,18,386.0,293.0,247.8,93.0,45.2,0.0,826,826,0,0,0,1
2026-05-02,A,A01CN058,CN,18,391.0,371.0,371.0,20.0,0.0,0.66,1126,1124,0,2,2,1
2026-05-02,A,A01CN059,CN,18,337.0,320.0,320.0,17.0,0.0,0.0,971,971,0,0,0,1
2026-05-02,A,A01CN060,CN,18,337.0,315.0,313.8,22.0,1.2,0.0,1046,1046,0,0,0,1
2026-05-02,A,A01CN072,CN,18,337.0,336.0,299.1,1.0,36.9,0.0,997,997,0,0,0,1
2026-05-02,A,A01CN073,CN,18,337.0,218.0,174.33,119.0,43.67,0.0,523,523,0,0,0,1
2026-05-02,A,A01CN076,CN,18,337.0,331.0,321.0,6.0,10.0,0.0,1070,1070,0,0,0,1
2026-05-02,A,A01CN077,CN,18,337.0,292.0,287.4,45.0,4.6,0.9,958,955,0,3,3,1
2026-05-02,A,A01CN005,CN,18,371.0,350.0,254.25,21.0,95.75,0.0,339,339,0,0,0,1
2026-05-02,A,A01CN017,CN,18,371.0,345.0,308.25,26.0,36.75,0.0,411,411,0,0,0,1
2026-05-02,A,A01CN018,CN,18,377.0,312.0,270.75,65.0,41.25,0.0,361,361,0,0,0,1
2026-05-02,A,A01CN030,CN,18,377.0,353.0,300.0,24.0,53.0,0.0,300,300,0,0,0,1
2026-05-02,A,A01CN081,CN,18,377.0,366.0,354.0,11.0,12.0,0.0,354,354,0,0,0,1
2026-05-02,A,A01CN083,CN,18,377.0,336.0,313.33,41.0,22.67,0.0,1880,1880,0,0,0,1
2026-05-02,A,A01CN085,CN,18,376.0,304.0,304.0,72.0,0.0,0.0,315,315,0,0,0,1
2026-05-02,A,A01CN099,CN,18,376.0,362.0,315.0,14.0,47.0,0.0,315,315,0,0,0,1
2026-05-02,A,A01HB014,HB,18,427.0,377.0,375.1,50.0,1.9,0.0,627,627,0,0,0,1
2026-05-02,A,A01CN020,CN,18,381.0,242.0,145.5,139.0,96.5,0.0,291,291,0,0,0,1
2026-05-02,A,A01CN108,CN,18,381.0,291.0,280.0,90.0,11.0,0.0,280,280,0,0,0,1
2026-05-02,A,A01CN001,CN,18,382.0,288.0,288.0,94.0,0.0,0.0,296,296,0,0,0,1
2026-05-02,A,A01CN070,CN,18,376.0,354.0,293.0,22.0,61.0,0.0,293,293,0,0,0,1
2026-05-02,A,A01HB023,HB,18,431.0,392.0,371.35,39.0,20.65,0.0,462,462,0,0,0,1
2026-05-02,A,A01HB024,HB,18,431.0,395.0,319.33,36.0,75.67,0.0,440,440,0,0,0,1
2026-05-02,A,A01TMC04,TM,18,443.0,415.0,415.0,28.0,0.0,0.0,425,425,0,0,0,1
2026-05-02,A,A01TMC04,TM,18,0.0,0.0,0.0,0.0,0.0,0.0,0,0,0,0,0,0
2026-05-02,A,A01TMC06,TM,18,443.0,397.0,384.85,46.0,12.15,0.0,537,537,0,0,0,1
2026-05-02,A,A01CN074,CN,18,440.0,366.0,366.0,74.0,0.0,3.66,500,495,0,5,5,1
2026-05-02,A,A01TMC04,TM,18,4.0,0.0,0.0,4.0,0.0,0.0,0,0,0,0,0,1
2026-05-02,A,A01TMC06,TM,18,3.0,0.0,0.0,3.0,0.0,0.0,0,0,0,0,0,1
2026-05-02,A,A01HB016,HB,18,436.0,423.0,340.67,13.0,82.33,0.0,1120,1120,0,0,0,1
2026-05-02,A,A01VMC03,VM,18,411.0,391.0,391.0,20.0,0.0,0.0,1680,1680,0,0,0,1
2026-05-02,A,A01VMC05,VM,18,411.0,378.0,281.25,33.0,96.75,4.5,125,123,2,0,2,1
2026-05-02,A,A01VMC06,VM,18,440.0,368.0,358.13,72.0,9.87,0.0,316,316,0,0,0,1
2026-05-02,A,A01VMC08,VM,18,440.0,401.0,389.5,39.0,11.5,0.0,1230,1230,0,0,0,1
2026-05-02,A,A01VMC09,VM,18,440.0,404.0,332.5,36.0,71.5,0.0,1050,1050,0,0,0,1
2026-05-02,A,A01VMC10,VM,18,410.0,378.0,340.0,32.0,38.0,0.0,2040,2040,0,0,0,1
2026-05-02,A,A01VMC11,VM,18,440.0,389.0,313.5,51.0,75.5,0.0,990,990,0,0,0,1
2026-05-02,A,A01VMC12,VM,18,440.0,420.0,380.0,20.0,40.0,0.0,1200,1200,0,0,0,1
2026-05-02,A,A01VMC15,VM,18,440.0,429.0,391.5,11.0,37.5,0.0,1305,1305,0,0,0,1
2026-05-02,A,A01VMC16,VM,18,440.0,314.0,225.0,126.0,89.0,0.0,750,750,0,0,0,1
2026-05-02,A,A01CN064,CN,18,62.93,0.0,0.0,62.93,0.0,0.0,0,0,0,0,0,1
2026-05-02,A,A01CN111,CN,18,391.0,331.0,271.0,60.0,60.0,0.0,271,271,0,0,0,1
2026-05-02,A,A01HB025,HB,18,442.0,338.0,308.33,104.0,29.67,0.0,425,425,0,0,0,1
2026-05-02,A,A01HB021,HB,18,441.0,402.0,381.73,39.0,20.27,0.0,336,336,0,0,0,1
2026-05-02,B,A01VMC04,VM,19,49.0,49.0,49.0,0.0,0.0,0.0,150,150,0,0,0,1
2026-05-02,B,A01VMC09,VM,19,49.0,49.0,49.0,0.0,0.0,0.0,165,165,0,0,0,1
2026-05-02,B,A01VMC07,VM,20,109.0,93.0,93.0,16.0,0.0,0.0,464,464,0,0,0,1
2026-05-02,B,A01CN054,CN,20,49.0,48.0,48.0,1.0,0.0,0.0,170,170,0,0,0,1
2026-05-02,B,A01CN056,CN,20,49.0,43.0,43.0,6.0,0.0,0.0,181,181,0,0,0,1
2026-05-02,B,A01CN073,CN,20,49.0,46.0,35.33,3.0,10.67,0.0,106,106,0,0,0,1
2026-05-02,B,A01CN077,CN,20,49.0,11.0,9.6,38.0,1.4,0.0,32,32,0,0,0,1
2026-05-02,B,A01HB015,HB,20,49.0,0.0,0.0,49.0,0.0,0.0,0,0,0,0,0,1
2026-05-02,B,A01CN127,CN,21,49.0,0.0,0.0,49.0,0.0,0.0,0,0,0,0,0,1
2026-05-02,B,A01CN130,CN,21,49.0,49.0,49.0,0.0,0.0,0.0,100,100,0,0,0,1
2026-05-02,B,A01CN131,CN,21,49.0,49.0,49.0,0.0,0.0,0.0,96,96,0,0,0,1
2026-05-02,B,A01CN132,CN,21,49.0,49.0,49.0,0.0,0.0,0.0,96,96,0,0,0,1
2026-05-02,B,A01CN053,CN,21,109.0,109.0,109.0,0.0,0.0,0.0,370,370,0,0,0,1
2026-05-02,B,A01CN058,CN,21,109.0,107.0,107.0,2.0,0.0,0.31,340,339,0,1,1,1
2026-05-02,B,A01CN059,CN,21,109.0,107.0,107.0,2.0,0.0,0.0,346,346,0,0,0,1
2026-05-02,B,A01CN060,CN,21,109.0,101.0,101.0,8.0,0.0,0.0,343,343,0,0,0,1
2026-05-02,B,A01CN072,CN,21,109.0,109.0,99.6,0.0,9.4,0.0,332,332,0,0,0,1
2026-05-02,B,A01CN076,CN,21,109.0,99.0,99.0,10.0,0.0,0.0,333,333,0,0,0,1
2026-05-02,B,A01HB001,HB,21,109.0,102.0,81.67,7.0,20.33,0.0,280,280,0,0,0,1
2026-05-02,B,A01HB002,HB,21,109.0,109.0,109.0,0.0,0.0,0.0,280,280,0,0,0,1
2026-05-02,B,A01HB003,HB,21,109.0,109.0,108.27,0.0,0.73,0.0,232,232,0,0,0,1
2026-05-02,B,A01HB004,HB,21,109.0,109.0,89.13,0.0,19.87,0.0,224,224,0,0,0,1
2026-05-02,B,A01HB005,HB,21,109.0,98.0,90.3,11.0,7.7,0.0,258,258,0,0,0,1
2026-05-02,B,A01HB006,HB,21,109.0,109.0,98.0,0.0,11.0,0.0,252,252,0,0,0,1
2026-05-02,B,A01HB009,HB,21,109.0,109.0,109.0,0.0,0.0,0.0,308,308,0,0,0,1
2026-05-02,B,A01HB010,HB,21,109.0,109.0,104.67,0.0,4.33,0.0,280,280,0,0,0,1
2026-05-02,B,A01HB012,HB,21,109.0,54.0,54.0,55.0,0.0,0.0,325,325,0,0,0,1
2026-05-02,B,A01HB017,HB,21,109.0,99.0,93.0,10.0,6.0,0.0,216,216,0,0,0,1
2026-05-02,B,A01HB018,HB,21,109.0,109.0,109.0,0.0,0.0,0.0,175,175,0,0,0,1
2026-05-02,B,A01HB019,HB,21,109.0,109.0,34.8,0.0,74.2,0.0,18,18,0,0,0,1
2026-05-02,B,A01HB020,HB,21,109.0,101.0,101.0,8.0,0.0,0.0,204,204,0,0,0,1
2026-05-02,B,A01CN124,CN,21,109.0,0.0,0.0,109.0,0.0,0.0,11,11,0,0,0,1
2026-05-02,B,A01CN125,CN,21,109.0,62.0,47.6,47.0,14.4,0.0,119,119,0,0,0,1
2026-05-02,B,A01CN126,CN,21,109.0,0.0,0.0,109.0,0.0,0.0,0,0,0,0,0,1
2026-05-02,B,A01TMC02,TM,22,197.0,195.0,195.0,2.0,0.0,0.0,275,275,0,0,0,1
2026-05-02,B,A01CN093,CN,22,97.0,85.0,85.0,12.0,0.0,0.0,336,336,0,0,0,1
2026-05-02,B,A01CN020,CN,23,208.0,181.0,90.5,27.0,90.5,0.0,181,181,0,0,0,1
2026-05-02,A,A01CN064,CN,23,107.07,0.0,0.0,107.07,0.0,0.0,0,0,0,0,0,1
2026-05-02,B,A01CN108,CN,23,208.0,191.0,191.0,17.0,0.0,0.0,207,207,0,0,0,1
2026-05-02,B,A01CN111,CN,23,209.0,188.0,188.0,21.0,0.0,0.0,212,212,0,0,0,1
2026-05-02,A,A01CN007,CN,23,205.0,72.52,72.52,132.48,0.0,0.0,746,746,0,0,0,1
2026-05-02,B,A01CN047,CN,23,54.0,42.0,42.0,12.0,0.0,0.0,92,92,0,0,0,1
2026-05-02,B,A01CN050,CN,23,54.0,51.0,51.0,3.0,0.0,0.0,92,92,0,0,0,1
2026-05-02,B,A01CN133,CN,23,144.0,115.0,115.0,29.0,0.0,0.0,105,105,0,0,0,1
2026-05-02,B,A01CN134,CN,23,174.0,142.0,142.0,32.0,0.0,0.0,119,119,0,0,0,1
2026-05-02,A,A01CN002,CN,23,200.0,27.39,22.25,172.61,5.14,0.0,78,78,0,0,0,1
2026-05-02,A,A01CN091,CN,0,198.0,168.34,168.34,29.66,0.0,0.0,1860,1860,0,0,0,1
2026-05-02,A,A01CN092,CN,0,198.0,123.15,118.04,74.85,5.11,0.08,1393,1392,1,0,1,1
2026-05-02,A,A01CN019,CN,0,120.0,119.83,61.98,0.17,57.85,0.0,557,557,0,0,0,1
2026-05-02,A,A01CN112,CN,0,170.0,81.48,72.75,88.52,8.73,0.0,300,300,0,0,0,1
2026-05-02,A,A01CN029,CN,0,180.0,112.21,112.21,67.79,0.0,0.0,1841,1841,0,0,0,1
2026-05-02,B,A01CN051,CN,0,58.0,43.0,43.0,15.0,0.0,0.0,82,82,0,0,0,1
2026-05-02,A,A01CN086,CN,0,150.0,83.24,60.98,66.76,22.26,0.0,412,412,0,0,0,1
2026-05-02,A,A01HB007,HB,0,80.0,21.57,16.74,58.43,4.83,0.0,352,352,0,0,0,1
2026-05-02,B,A01CN057,CN,0,49.0,23.0,23.0,26.0,0.0,0.0,94,94,0,0,0,1
2026-05-02,B,A01CN055,CN,0,49.0,27.0,23.0,22.0,4.0,0.0,69,69,0,0,0,1
2026-05-02,B,A01HB008,HB,0,49.0,49.0,49.0,0.0,0.0,0.0,138,138,0,0,0,1
2026-05-02,B,A01CN078,CN,2,374.0,0.0,0.0,374.0,0.0,0.0,0,0,0,0,0,1
2026-05-02,B,A01CN039,CN,2,314.0,216.0,179.55,98.0,36.45,0.0,567,567,0,0,0,1
2026-05-02,B,A01CN094,CN,2,314.0,299.0,299.0,15.0,0.0,0.0,888,888,0,0,0,1
2026-05-02,B,A01CN096,CN,2,314.0,244.0,244.0,70.0,0.0,0.0,1060,1060,0,0,0,1
2026-05-02,B,A01TMC03,TM,2,447.0,368.0,368.0,79.0,0.0,0.0,949,949,0,0,0,1
2026-05-02,B,A01TMC05,TM,2,445.0,383.0,383.0,62.0,0.0,0.0,941,941,0,0,0,1
2026-05-02,B,A01TMC07,TM,2,445.0,384.0,384.0,61.0,0.0,0.0,855,855,0,0,0,1
2026-05-02,B,A01TMC09,TM,2,445.0,380.0,380.0,65.0,0.0,0.0,948,948,0,0,0,1
2026-05-02,B,A01CN101,CN,2,324.0,288.0,280.85,36.0,7.15,0.0,411,411,0,0,0,1
2026-05-02,B,A01TMC08,TM,2,445.0,380.0,380.0,65.0,0.0,0.0,851,851,0,0,0,1
2026-05-02,B,A01CN100,CN,2,399.0,255.0,255.0,144.0,0.0,0.0,367,367,0,0,0,1
2026-05-02,B,A01CN116,CN,2,399.0,358.0,358.0,41.0,0.0,0.0,375,375,0,0,0,1
2026-05-02,B,A01CN117,CN,2,399.0,308.0,308.0,91.0,0.0,0.0,414,414,0,0,0,1
2026-05-02,B,A01HB025,HB,3,368.0,368.0,357.67,0.0,10.33,0.0,493,493,0,0,0,1
2026-05-02,B,A01VMC16,VM,3,400.0,280.0,252.0,120.0,28.0,0.0,840,840,0,0,0,1
2026-05-02,B,A01CN095,CN,3,354.0,342.0,342.0,12.0,0.0,0.0,1011,1011,0,0,0,1
2026-05-02,B,A01CN025,CN,3,384.0,374.0,374.0,10.0,0.0,0.0,810,810,0,0,0,1
2026-05-02,B,A01CN027,CN,3,479.0,456.0,430.83,23.0,25.17,0.0,470,470,0,0,0,1
2026-05-02,B,A01CN028,CN,3,479.0,474.0,450.08,5.0,23.92,0.0,491,491,0,0,0,1
2026-05-02,B,A01CN014,CN,4,494.0,446.0,446.0,48.0,0.0,0.0,1649,1649,0,0,0,1
2026-05-02,B,A01CN015,CN,4,494.0,458.0,458.0,36.0,0.0,0.0,1680,1680,0,0,0,1
2026-05-02,B,A01CN021,CN,4,494.0,491.0,483.67,3.0,7.33,0.0,1451,1451,0,0,0,1
2026-05-02,B,A01CN022,CN,4,329.0,324.0,324.0,5.0,0.0,0.0,1196,1196,0,0,0,1
2026-05-02,B,A01CN023,CN,4,494.0,457.0,457.0,37.0,0.0,0.0,1469,1469,0,0,0,1
2026-05-02,B,A01CN026,CN,4,494.0,451.0,451.0,43.0,0.0,0.0,1502,1502,0,0,0,1
2026-05-02,B,A01CN071,CN,4,494.0,407.0,407.0,87.0,0.0,0.0,1450,1450,0,0,0,1
2026-05-02,B,A01BR005,BR,4,489.0,380.0,380.0,109.0,0.0,0.0,4712,4712,0,0,0,1
2026-05-02,B,A01CN112,CN,4,175.0,159.0,131.0,16.0,28.0,0.0,131,131,0,0,0,1
2026-05-02,B,A01TMC04,TM,4,565.0,477.0,460.2,88.0,16.8,0.0,531,531,0,0,0,1
2026-05-02,B,A01TMC06,TM,4,565.0,510.0,508.4,55.0,1.6,0.0,744,744,0,0,0,1
2026-05-02,B,A01CN042,CN,5,445.0,429.0,396.0,16.0,33.0,0.0,720,720,0,0,0,1
2026-05-02,B,A01CN045,CN,5,549.0,488.0,488.0,61.0,0.0,0.56,874,873,1,0,1,1
2026-05-02,B,A01CN062,CN,5,548.0,476.0,476.0,72.0,0.0,0.0,882,882,0,0,0,1
2026-05-02,B,A01CN067,CN,5,351.0,160.0,108.1,191.0,51.9,0.0,141,141,0,0,0,1
2026-05-02,B,A01CN068,CN,5,537.0,481.0,481.0,56.0,0.0,0.0,916,916,0,0,0,1
2026-05-02,B,A01CN074,CN,5,549.0,341.0,341.0,208.0,0.0,0.0,506,506,0,0,0,1
2026-05-02,B,A01CN075,CN,5,548.0,385.0,385.0,163.0,0.0,0.0,702,702,0,0,0,1
2026-05-02,B,A01CN106,CN,5,549.0,396.0,328.13,153.0,67.87,0.0,428,428,0,0,0,1
2026-05-02,B,A01CN005,CN,5,552.0,427.0,427.0,125.0,0.0,0.0,678,678,0,0,0,1
2026-05-02,B,A01CN024,CN,5,576.0,438.0,371.0,138.0,67.0,0.0,636,636,0,0,0,1
2026-05-02,B,A01CN065,CN,5,576.0,431.0,376.5,145.0,54.5,0.0,502,502,0,0,0,1
2026-05-02,B,A01CN070,CN,5,561.0,478.0,443.0,83.0,35.0,0.0,443,443,0,0,0,1
2026-05-02,B,A01CN083,CN,5,562.0,481.0,481.0,81.0,0.0,0.0,3000,3000,0,0,0,1
2026-05-02,B,A01CN003,CN,5,504.0,349.0,224.4,155.0,124.6,0.0,748,748,0,0,0,1
2026-05-02,B,A01CN013,CN,5,504.0,345.0,345.0,159.0,0.0,0.0,945,945,0,0,0,1
2026-05-02,B,A01CN038,CN,5,494.0,437.0,392.35,57.0,44.65,0.0,1239,1239,0,0,0,1
2026-05-02,B,A01CN090,CN,5,504.0,452.0,452.0,52.0,0.0,0.0,1800,1800,0,0,0,1
2026-05-02,B,A01CN102,CN,5,504.0,448.0,445.53,56.0,2.47,0.0,652,652,0,0,0,1
2026-05-02,B,A01CN103,CN,5,554.0,11.0,5.0,543.0,6.0,0.0,12,12,0,0,0,1
2026-05-02,B,A01CN104,CN,5,504.0,488.0,488.0,16.0,0.0,0.0,1026,1026,0,0,0,1
2026-05-02,B,A01CN137,CN,5,623.0,580.0,580.0,43.0,0.0,0.0,984,984,0,0,0,1
2026-05-02,B,A01CN030,CN,6,583.0,454.0,447.0,129.0,7.0,0.0,447,447,0,0,0,1
2026-05-02,B,A01CN041,CN,6,607.0,396.0,313.5,211.0,82.5,0.0,418,418,0,0,0,1
2026-05-02,B,A01CN089,CN,6,609.0,222.0,135.0,387.0,87.0,0.0,324,324,0,0,0,1
2026-05-02,B,A01CN105,CN,6,609.0,163.0,163.0,446.0,0.0,0.0,274,274,0,0,0,1
2026-05-02,B,A01CN018,CN,6,597.0,519.0,519.0,78.0,0.0,0.0,717,717,0,0,0,1
2026-05-02,B,A01VMC08,VM,6,586.0,509.0,509.0,77.0,0.0,0.0,1680,1680,0,0,0,1
2026-05-02,B,A01CN001,CN,6,613.0,460.0,374.0,153.0,86.0,0.0,374,374,0,0,0,1
2026-05-02,B,A01CN017,CN,6,611.0,484.0,484.0,127.0,0.0,0.0,651,651,0,0,0,1
2026-05-02,B,A01CN085,CN,6,622.0,460.0,357.33,162.0,102.67,0.0,335,335,0,0,0,1
2026-05-02,B,A01CN099,CN,6,622.0,476.0,469.0,146.0,7.0,0.0,469,469,0,0,0,1
2026-05-02,B,A01HB021,HB,6,666.0,631.0,599.87,35.0,31.13,0.0,528,528,0,0,0,1
2026-05-02,B,A01VMC03,VM,6,674.0,558.0,558.0,116.0,0.0,0.0,2240,2240,0,0,0,1
2026-05-02,B,A01VMC05,VM,6,664.0,539.0,533.25,125.0,5.75,0.0,237,237,0,0,0,1
2026-05-02,B,A01VMC10,VM,6,564.0,406.0,380.0,158.0,26.0,0.0,2280,2280,0,0,0,1
2026-05-02,B,A01VMC11,VM,6,643.0,150.0,142.5,493.0,7.5,0.0,450,450,0,0,0,1
2026-05-02,B,A01VMC12,VM,6,607.0,550.0,550.0,57.0,0.0,0.0,1770,1770,0,0,0,1
2026-05-02,B,A01VMC15,VM,6,673.0,487.0,418.5,186.0,68.5,0.0,1395,1395,0,0,0,1
2026-05-02,B,A01HB016,HB,6,669.0,579.0,579.0,90.0,0.0,0.0,1928,1928,0,0,0,1
2026-05-02,B,A01HB013,HB,7,672.0,571.0,571.0,101.0,0.0,0.0,1440,1440,0,0,0,1
2026-05-02,B,A01HB014,HB,7,671.0,583.0,583.0,88.0,0.0,0.0,1026,1026,0,0,0,1
2026-05-02,B,A01HB023,HB,7,676.0,593.0,593.0,83.0,0.0,0.0,770,770,0,0,0,1
2026-05-02,B,A01HB024,HB,7,675.0,596.0,526.9,79.0,69.1,0.0,726,726,0,0,0,1
2026-05-03,A,A01HB007,HB,11,69.0,0.0,0.0,69.0,0.0,0.0,0,0,0,0,0,1
2026-05-03,A,A01CN019,CN,11,109.0,109.0,0.0,0.0,109.0,0.0,0,0,0,0,0,1
2026-05-03,A,A01CN123,CN,11,69.0,0.0,0.0,69.0,0.0,0.0,0,0,0,0,0,1
2026-05-03,A,A01CN049,CN,12,109.0,0.0,0.0,109.0,0.0,0.0,0,0,0,0,0,1
2026-05-03,A,A01CN061,CN,12,95.59,0.0,0.0,95.59,0.0,0.0,0,0,0,0,0,1
2026-05-03,A,A01CN069,CN,12,95.59,0.0,0.0,95.59,0.0,0.0,0,0,0,0,0,1
2026-05-03,A,A01TRP35,TR,12,109.0,1.0,0.0,108.0,1.0,0.0,0,0,0,0,0,1
2026-05-03,A,A01CN135,CN,12,89.0,0.0,0.0,89.0,0.0,0.0,0,0,0,0,0,1
2026-05-03,A,A01CN052,CN,12,86.21,0.0,0.0,86.21,0.0,0.0,0,0,0,0,0,1
2026-05-03,A,A01HB011,HB,12,122.66,92.51,92.51,30.15,0.0,0.0,780,780,0,0,0,1
2026-05-03,A,A01CN002,CN,12,179.0,0.0,0.0,179.0,0.0,0.0,1,1,0,0,0,1
2026-05-03,A,A01CN091,CN,12,142.67,130.58,130.58,12.09,0.0,0.0,852,852,0,0,0,1
2026-05-03,A,A01CN092,CN,12,177.0,0.0,0.0,177.0,0.0,0.0,0,0,0,0,0,1
2026-05-03,A,A01CN125,CN,14,144.71,0.0,0.0,144.71,0.0,0.0,0,0,0,0,0,1
2026-05-03,A,A01CN122,CN,14,147.5,0.0,0.0,147.5,0.0,0.0,0,0,0,0,0,1
2026-05-03,A,A01CN004,CN,16,215.0,0.0,0.0,215.0,0.0,0.0,0,0,0,0,0,1
2026-05-03,A,A01CN031,CN,16,214.0,0.0,0.0,214.0,0.0,0.0,0,0,0,0,0,1
2026-05-03,A,A01CN097,CN,16,212.5,0.0,0.0,212.5,0.0,0.0,0,0,0,0,0,1
2026-05-03,A,A01CN103,CN,16,364.0,0.0,0.0,364.0,0.0,0.0,0,0,0,0,0,1
2026-05-03,A,A01CN118,CN,16,429.0,0.0,0.0,429.0,0.0,0.0,1,1,0,0,0,1
2026-05-03,A,A01CN020,CN,11,109.0,75.0,43.0,34.0,32.0,0.0,86,86,0,0,0,1
2026-05-03,A,A01CN123,CN,11,69.0,58.51,58.51,10.49,0.0,0.0,151,151,0,0,0,1
2026-05-03,A,A01CN061,CN,12,95.59,95.59,95.59,0.0,0.0,0.0,172,172,0,0,0,1
2026-05-03,A,A01CN063,CN,12,159.0,100.0,100.0,59.0,0.0,0.0,247,247,0,0,0,1
2026-05-03,A,A01CN069,CN,12,95.59,83.82,83.82,11.76,0.0,0.0,164,164,0,0,0,1
2026-05-03,A,A01TMC02,TM,12,195.0,176.0,176.0,19.0,0.0,0.0,262,262,0,0,0,1
2026-05-03,A,A01CN100,CN,12,159.0,131.0,131.0,28.0,0.0,0.0,191,191,0,0,0,1
2026-05-03,U,A01CN064,CN,12,0.0,0.0,0.0,0.0,0.0,0.0,0,0,0,0,0,0
2026-05-03,A,A01CN108,CN,12,169.0,146.0,117.0,23.0,29.0,0.0,117,117,0,0,0,1
2026-05-03,A,A01CN111,CN,12,169.0,149.0,117.0,20.0,32.0,0.0,117,117,0,0,0,1
2026-05-03,A,A01CN052,CN,12,86.21,86.21,86.21,0.0,0.0,0.0,133,133,0,0,0,1
2026-05-03,A,A01HB011,HB,12,122.66,0.0,0.0,122.66,0.0,0.0,0,0,0,0,0,1
2026-05-03,A,A01CN121,CN,12,53.0,23.0,0.0,30.0,23.0,0.0,0,0,0,0,0,1
2026-05-03,A,A01BR007,BR,12,49.0,49.0,49.0,0.0,0.0,0.0,274,274,0,0,0,1
2026-05-03,A,A01TAP14,TA,12,49.0,12.0,12.0,37.0,0.0,0.0,291,291,0,0,0,1
2026-05-03,A,A01CN128,CN,13,435.0,426.93,179.09,8.07,247.84,0.0,468,468,0,0,0,1
2026-05-03,A,A01CN129,CN,13,425.0,0.0,0.0,425.0,0.0,0.0,0,0,0,0,0,1
2026-05-03,A,A01CN125,CN,14,145.29,123.7,74.22,21.59,49.48,0.0,318,318,0,0,0,1
2026-05-03,A,A01CN084,CN,14,450.0,161.77,117.09,288.23,44.68,0.0,304,304,0,0,0,1
2026-05-03,A,A01TMC05,TM,14,264.0,249.0,249.0,15.0,0.0,0.0,591,591,0,0,0,1
2026-05-03,A,A01TMC09,TM,14,264.0,250.0,250.0,14.0,0.0,0.0,592,592,0,0,0,1
2026-05-03,A,A01CN116,CN,14,264.0,252.0,234.9,12.0,17.1,0.0,243,243,0,0,0,1
2026-05-03,A,A01CN122,CN,14,147.5,78.05,49.54,69.45,28.52,0.0,186,186,0,0,0,1
2026-05-03,A,A01CN081,CN,14,525.0,235.91,190.23,289.09,45.68,0.0,254,254,0,0,0,1
2026-05-03,A,A01CN019,CN,15,109.0,109.0,102.05,0.0,6.95,0.0,157,157,0,0,0,1
2026-05-03,A,A01CN067,CN,16,389.0,304.0,237.67,85.0,66.33,0.0,310,310,0,0,0,1
2026-05-03,A,A01HB013,HB,16,309.0,250.0,250.0,59.0,0.0,0.0,520,520,0,0,0,1
2026-05-03,A,A01CN124,CN,16,109.0,78.0,65.0,31.0,13.0,0.0,150,150,0,0,0,1
2026-05-03,A,A01CN126,CN,16,109.0,97.0,74.0,12.0,23.0,0.0,222,222,0,0,0,1
2026-05-03,A,A01CN053,CN,16,109.0,107.0,106.8,2.0,0.2,0.0,356,356,0,0,0,1
2026-05-03,A,A01CN054,CN,16,109.0,107.0,107.0,2.0,0.0,0.0,339,339,0,0,0,1
2026-05-03,A,A01CN055,CN,16,109.0,95.0,86.0,14.0,9.0,0.0,258,258,0,0,0,1
2026-05-03,A,A01CN057,CN,16,109.0,83.0,81.9,26.0,1.1,0.0,273,273,0,0,0,1
2026-05-03,A,A01CN058,CN,16,109.0,109.0,109.0,0.0,0.0,0.0,349,349,0,0,0,1
2026-05-03,A,A01CN059,CN,16,109.0,103.0,103.0,6.0,0.0,0.0,327,327,0,0,0,1
2026-05-03,A,A01CN060,CN,16,109.0,108.0,108.0,1.0,0.0,0.0,383,383,0,0,0,1
2026-05-03,A,A01CN072,CN,16,109.0,108.0,100.2,1.0,7.8,0.0,334,334,0,0,0,1
2026-05-03,A,A01CN073,CN,16,109.0,103.0,102.67,6.0,0.33,0.0,308,308,0,0,0,1
2026-05-03,A,A01CN076,CN,16,109.0,108.0,108.0,1.0,0.0,0.0,368,368,0,0,0,1
2026-05-03,A,A01CN077,CN,16,109.0,109.0,109.0,0.0,0.0,0.0,390,390,0,0,0,1
2026-05-03,A,A01CN003,CN,16,357.0,330.0,187.2,27.0,142.8,0.0,624,624,0,0,0,1
2026-05-03,A,A01CN004,CN,16,215.0,9.32,6.21,205.68,3.11,0.0,32,32,0,0,0,1
2026-05-03,A,A01CN013,CN,16,354.0,344.0,340.75,10.0,3.25,0.0,705,705,0,0,0,1
2026-05-03,A,A01CN025,CN,16,354.0,166.0,136.3,188.0,29.7,0.0,282,282,0,0,0,1
2026-05-03,A,A01CN031,CN,16,214.0,197.67,197.67,16.33,0.0,0.0,1449,1449,0,0,0,1
2026-05-03,A,A01CN038,CN,16,354.0,305.0,266.95,49.0,38.05,0.0,843,843,0,0,0,1
2026-05-03,A,A01CN039,CN,16,354.0,339.0,338.2,15.0,0.8,0.0,1068,1068,0,0,0,1
2026-05-03,A,A01CN049,CN,16,114.0,101.0,101.0,13.0,0.0,0.0,108,108,0,0,0,1
2026-05-03,A,A01CN052,CN,16,82.59,80.41,80.41,2.17,0.0,0.0,120,120,0,0,0,1
2026-05-03,A,A01CN061,CN,16,83.82,77.94,77.94,5.88,0.0,0.0,134,134,0,0,0,1
2026-05-03,A,A01CN069,CN,16,83.82,76.47,76.47,7.35,0.0,0.0,144,144,0,0,0,1
2026-05-03,A,A01CN090,CN,16,354.0,124.0,117.6,230.0,6.4,0.0,441,441,0,0,0,1
2026-05-03,A,A01CN091,CN,16,285.33,231.33,216.02,54.0,15.31,0.0,536,536,0,0,0,1
2026-05-03,A,A01CN093,CN,16,354.0,248.0,163.2,106.0,84.8,0.0,612,612,0,0,0,1
2026-05-03,A,A01CN094,CN,16,354.0,328.0,309.73,26.0,18.27,0.0,808,808,0,0,0,1
2026-05-03,A,A01CN097,CN,16,212.5,25.1,25.1,187.4,0.0,0.0,168,168,0,0,0,1
2026-05-03,A,A01CN101,CN,16,354.0,317.0,284.95,37.0,32.05,0.0,417,417,0,0,0,1
2026-05-03,A,A01CN102,CN,16,354.0,229.0,229.0,125.0,0.0,0.0,361,361,0,0,0,1
2026-05-03,A,A01CN104,CN,16,354.0,345.0,345.0,9.0,0.0,0.0,750,750,0,0,0,1
2026-05-03,A,A01CN139,CN,16,154.0,124.0,104.0,30.0,20.0,0.0,156,156,0,0,0,1
2026-05-03,A,A01CN127,CN,16,399.0,163.0,0.0,236.0,163.0,0.0,0,0,0,0,0,1
2026-05-03,A,A01CN131,CN,16,399.0,399.0,399.0,0.0,0.0,0.0,670,670,0,0,0,1
2026-05-03,A,A01CN132,CN,16,399.0,382.0,382.0,17.0,0.0,0.0,624,624,0,0,0,1
2026-05-03,A,A01CN027,CN,16,317.0,311.0,292.42,6.0,18.58,0.0,319,319,0,0,0,1
2026-05-03,A,A01CN028,CN,16,317.0,311.0,308.92,6.0,2.08,0.0,337,337,0,0,0,1
2026-05-03,A,A01CN046,CN,16,391.0,339.0,339.0,52.0,0.0,0.0,620,620,0,0,0,1
2026-05-03,A,A01CN074,CN,16,425.0,406.0,406.0,19.0,0.0,0.0,561,561,0,0,0,1
2026-05-03,A,A01CN075,CN,16,425.0,421.0,418.2,4.0,2.8,0.0,738,738,0,0,0,1
2026-05-03,A,A01CN086,CN,16,414.0,352.0,243.47,62.0,108.53,0.0,352,352,0,0,0,1
2026-05-03,A,A01TMC03,TM,16,420.0,406.0,406.0,14.0,0.0,0.0,982,982,0,0,0,1
2026-05-03,A,A01HB001,HB,16,114.0,114.0,109.67,0.0,4.33,0.0,376,376,0,0,0,1
2026-05-03,A,A01VMC03,VM,16,392.0,368.0,368.0,24.0,0.0,0.0,1800,1800,0,0,0,1
2026-05-03,A,A01VMC08,VM,16,424.0,410.0,410.0,14.0,0.0,0.0,1320,1320,0,0,0,1
2026-05-03,A,A01VMC10,VM,16,392.0,369.0,313.33,23.0,55.67,0.0,1880,1880,0,0,0,1
2026-05-03,A,A01VMC11,VM,16,380.0,369.0,337.25,11.0,31.75,0.0,1065,1065,0,0,0,1
2026-05-03,A,A01VMC12,VM,16,449.0,416.0,416.0,33.0,0.0,0.0,1320,1320,0,0,0,1
2026-05-03,A,A01VMC15,VM,16,124.0,124.0,121.5,0.0,2.5,0.0,405,405,0,0,0,1
2026-05-03,A,A01CN137,CN,16,384.0,313.0,313.0,71.0,0.0,0.0,531,531,0,0,0,1
2026-05-03,A,A01CN045,CN,16,279.0,153.0,134.87,126.0,18.13,0.57,238,237,1,0,1,1
2026-05-03,A,A01CN047,CN,16,429.0,285.0,269.73,144.0,15.27,0.0,476,476,0,0,0,1
2026-05-03,A,A01CN050,CN,16,429.0,422.0,410.27,7.0,11.73,2.27,724,720,0,4,4,1
2026-05-03,A,A01CN098,CN,16,124.0,40.0,22.0,84.0,18.0,0.0,22,22,0,0,0,1
2026-05-03,A,A01HB002,HB,16,119.0,119.0,117.53,0.0,1.47,0.0,287,287,0,0,0,1
2026-05-03,A,A01HB003,HB,16,119.0,119.0,119.0,0.0,0.0,0.0,272,272,0,0,0,1
2026-05-03,A,A01HB004,HB,16,119.0,119.0,117.78,0.0,1.22,0.0,296,296,0,0,0,1
2026-05-03,A,A01HB005,HB,16,119.0,119.0,113.4,0.0,5.6,0.0,324,324,0,0,0,1
2026-05-03,A,A01HB006,HB,16,119.0,119.0,112.0,0.0,7.0,0.0,288,288,0,0,0,1
2026-05-03,A,A01HB007,HB,16,69.0,0.0,0.0,69.0,0.0,0.0,0,0,0,0,0,1
2026-05-03,A,A01HB008,HB,16,109.0,109.0,105.0,0.0,4.0,0.0,270,270,0,0,0,1
2026-05-03,A,A01HB009,HB,16,119.0,119.0,111.08,0.0,7.92,0.0,301,301,0,0,0,1
2026-05-03,A,A01HB010,HB,16,119.0,119.0,109.9,0.0,9.1,0.0,294,294,0,0,0,1
2026-05-03,A,A01HB011,HB,16,74.69,74.69,74.69,0.0,0.0,0.0,610,610,0,0,0,1
2026-05-03,A,A01HB012,HB,16,109.0,37.0,37.0,72.0,0.0,0.0,305,305,0,0,0,1
2026-05-03,A,A01HB017,HB,16,109.0,109.0,108.5,0.0,0.5,0.0,252,252,0,0,0,1
2026-05-03,A,A01HB018,HB,16,109.0,109.0,109.0,0.0,0.0,0.0,175,175,0,0,0,1
2026-05-03,A,A01HB019,HB,16,79.0,79.0,69.2,0.0,9.8,0.0,72,72,0,0,0,1
2026-05-03,A,A01HB020,HB,16,109.0,109.0,106.53,0.0,2.47,0.0,204,204,0,0,0,1
2026-05-03,A,A01CN107,CN,16,419.0,309.0,236.8,110.0,72.2,0.0,296,296,0,0,0,1
2026-05-03,A,A01CN130,CN,16,409.0,400.0,400.0,9.0,0.0,0.0,668,668,0,0,0,1
2026-05-03,A,A01CN056,CN,16,139.0,135.0,135.0,4.0,0.0,0.0,489,489,0,0,0,1
2026-05-03,A,A01CN095,CN,17,90.0,83.0,74.58,7.0,8.42,0.0,179,179,0,0,0,1
2026-05-03,A,A01CN096,CN,17,88.0,88.0,88.0,0.0,0.0,0.0,356,356,0,0,0,1
2026-05-03,A,A01CN066,CN,17,415.0,410.0,410.0,5.0,0.0,0.0,1671,1671,0,0,0,1
2026-05-03,A,A01TMC07,TM,17,480.0,441.0,441.0,39.0,0.0,0.0,927,927,0,0,0,1
2026-05-03,A,A01TMC08,TM,17,480.0,446.0,446.0,34.0,0.0,0.0,931,931,0,0,0,1
2026-05-03,A,A01CN014,CN,18,509.0,468.0,468.0,41.0,0.0,0.0,1733,1733,0,0,0,1
2026-05-03,A,A01CN015,CN,18,509.0,415.0,415.0,94.0,0.0,0.0,1461,1461,0,0,0,1
2026-05-03,A,A01CN021,CN,18,509.0,443.0,438.33,66.0,4.67,0.0,1315,1315,0,0,0,1
2026-05-03,A,A01CN022,CN,18,509.0,451.0,451.0,58.0,0.0,0.0,1551,1551,0,0,0,1
2026-05-03,A,A01CN023,CN,18,509.0,452.0,452.0,57.0,0.0,0.0,1458,1458,0,0,0,1
2026-05-03,A,A01CN026,CN,18,509.0,464.0,464.0,45.0,0.0,0.0,1508,1508,0,0,0,1
2026-05-03,A,A01CN071,CN,18,539.0,419.0,406.5,120.0,12.5,0.0,1355,1355,0,0,0,1
2026-05-03,A,A01CN080,CN,18,509.0,448.0,443.0,61.0,5.0,0.0,1329,1329,0,0,0,1
2026-05-03,A,A01CN089,CN,18,509.0,396.0,310.83,113.0,85.17,0.0,746,746,0,0,0,1
2026-05-03,A,A01BR005,BR,18,509.0,436.0,436.0,73.0,0.0,0.0,4436,4436,0,0,0,1
2026-05-03,A,A01CN113,CN,18,509.0,426.0,416.67,83.0,9.33,0.0,500,500,0,0,0,1
2026-05-03,A,A01CN135,CN,18,244.0,0.0,0.0,244.0,0.0,0.0,0,0,0,0,0,1
2026-05-03,A,A01CN041,CN,18,403.0,366.0,270.75,37.0,95.25,0.0,361,361,0,0,0,1
2026-05-03,A,A01CN065,CN,18,403.0,383.0,285.0,20.0,98.0,0.0,380,380,0,0,0,1
2026-05-03,A,A01CN005,CN,18,489.0,450.0,338.25,39.0,111.75,0.0,451,451,0,0,0,1
2026-05-03,A,A01CN017,CN,18,489.0,397.0,339.0,92.0,58.0,0.0,452,452,0,0,0,1
2026-05-03,A,A01CN018,CN,18,494.0,395.0,339.75,99.0,55.25,0.0,453,453,0,0,0,1
2026-05-03,A,A01CN024,CN,18,489.0,460.0,257.83,29.0,202.17,0.0,442,442,0,0,0,1
2026-05-03,A,A01CN030,CN,18,494.0,453.0,418.0,41.0,35.0,0.0,418,418,0,0,0,1
2026-05-03,A,A01CN083,CN,18,494.0,465.0,465.0,29.0,0.0,0.0,3050,3050,0,0,0,1
2026-05-03,A,A01CN085,CN,18,494.0,438.0,410.67,56.0,27.33,0.0,385,385,0,0,0,1
2026-05-03,A,A01CN099,CN,18,494.0,424.0,372.0,70.0,52.0,0.0,372,372,0,0,0,1
2026-05-03,A,A01HB014,HB,18,489.0,265.0,238.7,224.0,26.3,0.0,399,399,0,0,0,1
2026-05-03,A,A01CN112,CN,18,254.0,216.0,199.0,38.0,17.0,0.0,199,199,0,0,0,1
2026-05-03,A,A01CN001,CN,18,499.0,441.0,384.0,58.0,57.0,0.0,384,384,0,0,0,1
2026-05-03,A,A01CN070,CN,18,494.0,477.0,371.0,17.0,106.0,0.0,371,371,0,0,0,1
2026-05-03,A,A01HB023,HB,18,494.0,494.0,459.77,0.0,34.23,0.0,572,572,0,0,0,1
2026-05-03,A,A01HB024,HB,18,494.0,494.0,431.1,0.0,62.9,0.0,594,594,0,0,0,1
2026-05-03,A,A01TMC04,TM,18,540.0,513.0,501.8,27.0,11.2,0.0,579,579,0,0,0,1
2026-05-03,A,A01TMC06,TM,18,540.0,507.0,487.9,33.0,19.1,0.0,714,714,0,0,0,1
2026-05-03,A,A01HB016,HB,18,454.0,297.0,233.6,157.0,63.4,0.0,768,768,0,0,0,1
2026-05-03,A,A01CN087,CN,18,539.0,428.0,288.87,111.0,139.13,0.0,619,619,0,0,0,1
2026-05-03,A,A01HB025,HB,18,236.0,0.0,0.0,236.0,0.0,0.0,340,340,0,0,0,1
2026-05-03,A,A01HB021,HB,18,504.0,504.0,463.53,0.0,40.47,0.0,408,408,0,0,0,1
2026-05-03,B,A01TMC02,TM,19,24.0,24.0,24.0,0.0,0.0,0.0,44,44,0,0,0,1
2026-05-03,B,A01CN027,CN,19,49.0,40.0,40.0,9.0,0.0,0.0,47,47,0,0,0,1
2026-05-03,B,A01VMC09,VM,19,52.0,52.0,52.0,0.0,0.0,0.0,195,195,0,0,0,1
2026-05-03,B,A01CN053,CN,20,49.0,49.0,49.0,0.0,0.0,0.0,184,184,0,0,0,1
2026-05-03,B,A01CN059,CN,20,49.0,41.0,41.0,8.0,0.0,0.0,145,145,0,0,0,1
2026-05-03,B,A01CN127,CN,21,49.0,0.0,0.0,49.0,0.0,0.0,0,0,0,0,0,1
2026-05-03,B,A01CN049,CN,21,109.0,107.0,107.0,2.0,0.0,0.0,121,121,0,0,0,1
2026-05-03,B,A01CN054,CN,21,109.0,99.0,88.33,10.0,10.67,0.0,265,265,0,0,0,1
2026-05-03,B,A01CN055,CN,21,109.0,71.0,62.33,38.0,8.67,0.0,187,187,0,0,0,1
2026-05-03,B,A01CN056,CN,21,109.0,86.0,86.0,23.0,0.0,0.0,329,329,0,0,0,1
2026-05-03,B,A01CN058,CN,21,109.0,109.0,109.0,0.0,0.0,0.0,351,351,0,0,0,1
2026-05-03,B,A01CN060,CN,21,109.0,109.0,109.0,0.0,0.0,0.0,380,380,0,0,0,1
2026-05-03,B,A01CN061,CN,21,109.0,106.0,100.8,3.0,5.2,0.0,126,126,0,0,0,1
2026-05-03,B,A01CN069,CN,21,109.0,109.0,109.0,0.0,0.0,0.0,146,146,0,0,0,1
2026-05-03,B,A01CN072,CN,21,109.0,105.0,97.8,4.0,7.2,0.0,326,326,0,0,0,1
2026-05-03,B,A01CN073,CN,21,109.0,104.0,104.0,5.0,0.0,0.0,317,317,0,0,0,1
2026-05-03,B,A01CN076,CN,21,109.0,101.0,101.0,8.0,0.0,0.0,347,347,0,0,0,1
2026-05-03,B,A01HB001,HB,21,109.0,100.0,81.67,9.0,18.33,0.0,280,280,0,0,0,1
2026-05-03,B,A01HB002,HB,21,109.0,109.0,94.6,0.0,14.4,0.0,231,231,0,0,0,1
2026-05-03,B,A01HB003,HB,21,109.0,101.0,97.07,8.0,3.93,0.0,208,208,0,0,0,1
2026-05-03,B,A01HB004,HB,21,109.0,109.0,95.5,0.0,13.5,0.0,240,240,0,0,0,1
2026-05-03,B,A01HB005,HB,21,109.0,104.0,84.0,5.0,20.0,0.0,240,240,0,0,0,1
2026-05-03,B,A01HB006,HB,21,109.0,104.0,91.0,5.0,13.0,0.0,234,234,0,0,0,1
2026-05-03,B,A01HB007,HB,21,109.0,109.0,105.6,0.0,3.4,0.0,180,180,0,0,0,1
2026-05-03,B,A01HB008,HB,21,109.0,109.0,95.67,0.0,13.33,0.0,246,246,0,0,0,1
2026-05-03,B,A01HB009,HB,21,109.0,109.0,109.0,0.0,0.0,0.0,315,315,0,0,0,1
2026-05-03,B,A01HB010,HB,21,109.0,109.0,109.0,0.0,0.0,0.0,322,322,0,0,0,1
2026-05-03,B,A01HB011,HB,21,109.0,109.0,109.0,0.0,0.0,0.0,640,640,0,0,0,1
2026-05-03,B,A01HB015,HB,21,109.0,0.0,0.0,109.0,0.0,0.0,0,0,0,0,0,1
2026-05-03,B,A01HB017,HB,21,109.0,109.0,109.0,0.0,0.0,0.0,264,264,0,0,0,1
2026-05-03,B,A01HB018,HB,21,109.0,109.0,109.0,0.0,0.0,0.0,182,182,0,0,0,1
2026-05-03,B,A01HB019,HB,21,109.0,109.0,103.8,0.0,5.2,0.0,108,108,0,0,0,1
2026-05-03,B,A01HB020,HB,21,109.0,109.0,109.0,0.0,0.0,0.0,216,216,0,0,0,1
2026-05-03,B,A01CN124,CN,21,109.0,108.0,91.43,1.0,16.57,0.0,211,211,0,0,0,1
2026-05-03,B,A01CN125,CN,21,109.0,99.0,67.6,10.0,31.4,0.0,169,169,0,0,0,1
2026-05-03,B,A01CN130,CN,21,109.0,106.0,106.0,3.0,0.0,0.0,192,192,0,0,0,1
2026-05-03,B,A01CN131,CN,21,109.0,109.0,109.0,0.0,0.0,0.0,194,194,0,0,0,1
2026-05-03,B,A01CN132,CN,21,109.0,109.0,109.0,0.0,0.0,0.0,198,198,0,0,0,1
2026-05-03,B,A01CN028,CN,22,179.0,154.0,140.25,25.0,13.75,0.0,153,153,0,0,0,1
2026-05-03,B,A01CN063,CN,22,104.0,101.0,101.0,3.0,0.0,0.0,296,296,0,0,0,1
2026-05-03,B,A01VMC04,VM,22,52.0,41.0,41.0,11.0,0.0,0.0,135,135,0,0,0,1
2026-05-03,B,A01VMC06,VM,22,122.0,115.0,114.47,7.0,0.53,0.0,101,101,0,0,0,1
2026-05-03,B,A01CN100,CN,22,84.0,64.0,64.0,20.0,0.0,0.0,93,93,0,0,0,1
2026-05-03,B,A01CN116,CN,22,84.0,63.0,63.0,21.0,0.0,0.0,66,66,0,0,0,1
2026-05-03,B,A01CN138,CN,22,99.0,90.0,90.0,9.0,0.0,0.0,136,136,0,0,0,1
2026-05-03,B,A01CN117,CN,22,84.0,80.0,75.13,4.0,4.87,0.0,98,98,0,0,0,1
2026-05-03,B,A01CN115,CN,22,124.0,124.0,124.0,0.0,0.0,0.0,147,147,0,0,0,1
2026-05-03,B,A01CN020,CN,23,184.0,168.0,100.0,16.0,68.0,0.0,200,200,0,0,0,1
2026-05-03,B,A01TMC05,TM,23,277.0,232.0,232.0,45.0,0.0,0.0,591,591,0,0,0,1
2026-05-03,B,A01CN003,CN,2,379.0,339.0,200.4,40.0,138.6,0.0,668,668,0,0,0,1
2026-05-03,B,A01CN031,CN,2,369.0,347.0,347.0,22.0,0.0,0.0,1614,1614,0,0,0,1
2026-05-03,B,A01CN094,CN,2,369.0,312.0,312.0,57.0,0.0,0.0,896,896,0,0,0,1
2026-05-03,B,A01CN101,CN,2,379.0,365.0,365.0,14.0,0.0,0.0,566,566,0,0,0,1
2026-05-03,B,A01CN102,CN,2,379.0,363.0,363.0,16.0,0.0,0.0,615,615,0,0,0,1
2026-05-03,B,A01CN139,CN,2,412.0,375.0,374.67,37.0,0.33,0.0,562,562,0,0,0,1
2026-05-03,B,A01CN137,CN,2,429.0,412.0,399.6,17.0,12.4,0.0,666,666,0,0,0,1
2026-05-03,B,A01CN045,CN,3,427.0,392.0,389.87,35.0,2.13,0.0,688,688,0,0,0,1
2026-05-03,B,A01CN046,CN,3,427.0,368.0,368.0,59.0,0.0,0.0,672,672,0,0,0,1
2026-05-03,B,A01CN025,CN,3,439.0,427.0,427.0,12.0,0.0,0.0,912,912,0,0,0,1
2026-05-03,B,A01CN039,CN,3,429.0,398.0,398.0,31.0,0.0,0.0,1353,1353,0,0,0,1
2026-05-03,B,A01CN092,CN,3,429.0,156.0,137.7,273.0,18.3,0.0,459,459,0,0,0,1
2026-05-03,B,A01CN014,CN,4,489.0,455.0,455.0,34.0,0.0,0.0,1629,1629,0,0,0,1
2026-05-03,B,A01CN015,CN,4,489.0,425.0,425.0,64.0,0.0,0.0,1485,1485,0,0,0,1
2026-05-03,B,A01CN021,CN,4,489.0,471.0,464.0,18.0,7.0,0.0,1392,1392,0,0,0,1
2026-05-03,B,A01CN022,CN,4,489.0,459.0,459.0,30.0,0.0,0.0,1617,1617,0,0,0,1
2026-05-03,B,A01CN023,CN,4,459.0,438.0,438.0,21.0,0.0,0.0,1397,1397,0,0,0,1
2026-05-03,B,A01CN026,CN,4,459.0,439.0,439.0,20.0,0.0,0.0,1391,1391,0,0,0,1
2026-05-03,B,A01CN089,CN,4,409.0,274.0,174.17,135.0,99.83,0.0,418,418,0,0,0,1
2026-05-03,B,A01CN013,CN,4,499.0,464.0,464.0,35.0,0.0,0.0,1089,1089,0,0,0,1
2026-05-03,B,A01CN090,CN,4,499.0,477.0,477.0,22.0,0.0,0.0,1995,1995,0,0,0,1
2026-05-03,B,A01TMC03,TM,4,554.0,509.0,509.0,45.0,0.0,0.0,1202,1202,0,0,0,1
2026-05-03,B,A01TMC07,TM,4,546.0,529.0,529.0,17.0,0.0,0.0,1153,1153,0,0,0,1
2026-05-03,B,A01TMC08,TM,4,546.0,531.0,531.0,15.0,0.0,0.0,1151,1151,0,0,0,1
2026-05-03,B,A01CN016,CN,5,464.0,278.0,278.0,186.0,0.0,0.0,719,719,0,0,0,1
2026-05-03,B,A01CN042,CN,5,541.0,518.0,459.8,23.0,58.2,0.0,836,836,0,0,0,1
2026-05-03,B,A01CN044,CN,5,531.0,500.0,423.5,31.0,76.5,0.0,770,770,0,0,0,1
2026-05-03,B,A01CN047,CN,5,545.0,457.0,457.0,88.0,0.0,0.0,836,836,0,0,0,1
2026-05-03,B,A01CN048,CN,5,535.0,439.0,439.0,96.0,0.0,0.0,780,780,0,0,0,1
2026-05-03,B,A01CN050,CN,5,545.0,466.0,466.0,79.0,0.0,2.19,850,846,0,4,4,1
2026-05-03,B,A01CN051,CN,5,534.0,453.0,453.0,81.0,0.0,0.0,870,870,0,0,0,1
2026-05-03,B,A01CN062,CN,5,544.0,492.0,492.0,52.0,0.0,0.0,910,910,0,0,0,1
2026-05-03,B,A01CN067,CN,5,519.0,455.0,349.6,64.0,105.4,0.0,456,456,0,0,0,1
2026-05-03,B,A01CN068,CN,5,534.0,406.0,367.4,128.0,38.6,0.0,668,668,0,0,0,1
2026-05-03,B,A01CN080,CN,5,519.0,504.0,504.0,15.0,0.0,0.0,1571,1571,0,0,0,1
2026-05-03,B,A01CN088,CN,5,489.0,414.0,317.7,75.0,96.3,0.0,706,706,0,0,0,1
2026-05-03,B,A01HB025,HB,5,533.0,533.0,533.0,0.0,0.0,0.0,748,748,0,0,0,1
2026-05-03,B,A01CN106,CN,5,549.0,404.0,320.47,145.0,83.53,0.0,418,418,0,0,0,1
2026-05-03,B,A01CN107,CN,5,549.0,0.0,0.0,549.0,0.0,0.0,0,0,0,0,0,1
2026-05-03,B,A01BR005,BR,5,519.0,329.0,329.0,190.0,0.0,0.0,4440,4440,0,0,0,1
2026-05-03,B,A01CN113,CN,5,549.0,360.0,360.0,189.0,0.0,0.0,464,464,0,0,0,1
2026-05-03,B,A01CN005,CN,5,554.0,504.0,504.0,50.0,0.0,0.0,701,701,0,0,0,1
2026-05-03,B,A01CN024,CN,5,559.0,492.0,388.5,67.0,103.5,0.0,666,666,0,0,0,1
2026-05-03,B,A01CN065,CN,5,559.0,508.0,442.5,51.0,65.5,0.0,590,590,0,0,0,1
2026-05-03,B,A01CN070,CN,5,564.0,546.0,459.0,18.0,87.0,0.0,459,459,0,0,0,1
2026-05-03,B,A01CN083,CN,5,574.0,482.0,482.0,92.0,0.0,0.0,3030,3030,0,0,0,1
2026-05-03,U,A01CN064,CN,5,0.0,0.0,0.0,0.0,0.0,0.0,0,0,0,0,0,0
2026-05-03,B,A01CN108,CN,5,549.0,421.0,282.0,128.0,139.0,0.0,282,282,0,0,0,1
2026-05-03,B,A01CN111,CN,5,549.0,410.0,284.0,139.0,126.0,0.0,284,284,0,0,0,1
2026-05-03,B,A01CN002,CN,5,549.0,481.0,454.0,68.0,27.0,0.0,454,454,0,0,0,1
2026-05-03,B,A01CN006,CN,5,549.0,515.0,466.67,34.0,48.33,0.0,1400,1400,0,0,0,1
2026-05-03,B,A01CN038,CN,5,549.0,482.0,482.0,67.0,0.0,0.0,1575,1575,0,0,0,1
2026-05-03,B,A01CN091,CN,5,549.0,513.0,513.0,36.0,0.0,0.0,1086,1086,0,0,0,1
2026-05-03,B,A01CN093,CN,5,549.0,518.0,518.0,31.0,0.0,0.0,2055,2055,0,0,0,1
2026-05-03,B,A01CN096,CN,5,549.0,508.0,508.0,41.0,0.0,0.51,1976,1974,2,0,2,1
2026-05-03,B,A01CN103,CN,5,549.0,108.0,95.0,441.0,13.0,0.0,228,228,0,0,0,1
2026-05-03,B,A01CN104,CN,5,559.0,538.0,538.0,21.0,0.0,0.0,1136,1136,0,0,0,1
2026-05-03,B,A01CN001,CN,6,594.0,526.0,499.0,68.0,27.0,0.0,499,499,0,0,0,1
2026-05-03,B,A01CN030,CN,6,594.0,495.0,475.0,99.0,20.0,0.0,475,475,0,0,0,1
2026-05-03,B,A01CN041,CN,6,589.0,541.0,522.75,48.0,18.25,0.0,697,697,0,0,0,1
2026-05-03,B,A01CN105,CN,6,609.0,193.0,193.0,416.0,0.0,0.0,464,464,0,0,0,1
2026-05-03,B,A01CN018,CN,6,604.0,539.0,539.0,65.0,0.0,0.0,719,719,0,0,0,1
2026-05-03,B,A01VMC08,VM,6,639.0,545.0,545.0,94.0,0.0,0.31,1770,1769,0,1,1,1
2026-05-03,B,A01CN017,CN,6,619.0,511.0,490.5,108.0,20.5,0.0,654,654,0,0,0,1
2026-05-03,B,A01CN085,CN,6,634.0,579.0,570.67,55.0,8.33,0.0,535,535,0,0,0,1
2026-05-03,B,A01CN099,CN,6,634.0,518.0,496.0,116.0,22.0,0.0,496,496,0,0,0,1
2026-05-03,B,A01HB021,HB,6,654.0,585.0,585.0,69.0,0.0,0.0,516,516,0,0,0,1
2026-05-03,B,A01TMC04,TM,6,687.0,611.0,564.2,76.0,46.8,0.0,651,651,0,0,0,1
2026-05-03,B,A01TMC06,TM,6,687.0,621.0,613.63,66.0,7.37,0.0,898,898,0,0,0,1
2026-05-03,B,A01VMC05,VM,6,644.0,515.0,272.25,129.0,242.75,0.0,121,121,0,0,0,1
2026-05-03,B,A01CN074,CN,6,662.0,515.0,515.0,147.0,0.0,0.0,744,744,0,0,0,1
2026-05-03,B,A01CN075,CN,6,662.0,578.0,578.0,84.0,0.0,0.0,1052,1052,0,0,0,1
2026-05-03,B,A01VMC03,VM,6,669.0,587.0,490.0,82.0,97.0,0.0,1960,1960,0,0,0,1
2026-05-03,B,A01VMC07,VM,6,674.0,566.0,566.0,108.0,0.0,0.0,2528,2528,0,0,0,1
2026-05-03,B,A01VMC10,VM,6,677.0,590.0,513.33,87.0,76.67,0.0,3080,3080,0,0,0,1
2026-05-03,B,A01VMC12,VM,6,677.0,585.0,585.0,92.0,0.0,0.0,1920,1920,0,0,0,1
2026-05-03,B,A01VMC15,VM,6,670.0,598.0,562.5,72.0,35.5,0.0,1875,1875,0,0,0,1
2026-05-03,B,A01HB016,HB,6,671.0,591.0,588.87,80.0,2.13,0.0,1936,1936,0,0,0,1
2026-05-03,B,A01HB013,HB,7,673.0,581.0,581.0,92.0,0.0,0.0,1440,1440,0,0,0,1
2026-05-03,B,A01HB014,HB,7,673.0,606.0,606.0,67.0,0.0,0.0,1026,1026,0,0,0,1
2026-05-03,B,A01HB023,HB,7,682.0,589.0,589.0,93.0,0.0,0.0,770,770,0,0,0,1
2026-05-03,B,A01HB024,HB,7,664.0,599.0,526.9,65.0,72.1,0.0,726,726,0,0,0,1
2026-05-03,B,A01TMC09,TM,7,701.0,220.0,220.0,481.0,0.0,0.0,568,568,0,0,0,1
2026-05-05,B,A01CN087,CN,8,617.39,171.74,158.24,445.65,13.5,0.0,385,385,0,0,0,1
2026-05-05,A,A01CN121,CN,10,109.0,56.0,0.0,53.0,56.0,0.0,0,0,0,0,0,1
2026-05-05,A,A01CN028,CN,12,168.0,132.0,132.0,36.0,0.0,0.0,116,116,0,0,0,1
2026-05-05,A,A01CN063,CN,12,194.0,182.0,170.3,12.0,11.7,0.0,393,393,0,0,0,1
2026-05-05,A,A01TRP35,TR,12,109.0,1.0,0.0,108.0,1.0,0.0,0,0,0,0,0,1
2026-05-05,A,A01CN020,CN,12,157.0,135.0,89.5,22.0,45.5,0.0,179,179,0,0,0,1
2026-05-05,A,A01CN064,CN,12,154.0,130.0,98.0,24.0,32.0,0.0,98,98,0,0,0,1
2026-05-05,A,A01CN108,CN,12,154.0,123.0,89.0,31.0,34.0,0.0,89,89,0,0,0,1
2026-05-05,A,A01CN111,CN,12,154.0,129.0,90.0,25.0,39.0,0.0,90,90,0,0,0,1
2026-05-05,A,A01CN122,CN,12,189.0,151.0,149.07,38.0,1.93,0.0,344,344,0,0,0,1
2026-05-05,A,A01HB015,HB,12,0.0,0.0,0.0,0.0,0.0,0.0,0,0,0,0,0,0
2026-05-05,A,A01CN123,CN,12,194.0,185.0,185.0,9.0,0.0,0.0,250,250,0,0,0,1
2026-05-05,A,A01CN003,CN,12,174.0,168.0,102.0,6.0,66.0,0.0,340,340,0,0,0,1
2026-05-05,A,A01CN007,CN,12,49.0,18.0,18.0,31.0,0.0,0.0,122,122,0,0,0,1
2026-05-05,A,A01CN092,CN,12,174.0,62.0,62.0,112.0,0.0,0.0,211,211,0,0,0,1
2026-05-05,A,A01VMC04,VM,12,211.0,194.0,180.0,17.0,14.0,0.33,540,539,1,0,1,1
2026-05-05,A,A01BR007,BR,12,49.0,8.0,8.0,41.0,0.0,0.0,382,382,0,0,0,1
2026-05-05,A,A01TAP14,TA,12,49.0,12.0,12.0,37.0,0.0,0.0,194,194,0,0,0,1
2026-05-05,A,A01TMC02,TM,14,35.0,32.0,32.0,3.0,0.0,0.0,64,64,0,0,0,1
2026-05-05,A,A01TMC05,TM,14,264.0,246.0,246.0,18.0,0.0,0.0,593,593,0,0,0,1
2026-05-05,A,A01TMC09,TM,14,262.0,249.0,249.0,13.0,0.0,0.0,599,599,0,0,0,1
2026-05-05,A,A01CN019,CN,15,155.0,155.0,25.35,0.0,129.65,0.0,39,39,0,0,0,1
2026-05-05,A,A01CN067,CN,16,379.0,196.0,128.03,183.0,67.97,0.0,167,167,0,0,0,1
2026-05-05,A,A01CN079,CN,16,210.0,67.0,61.67,143.0,5.33,0.0,185,185,0,0,0,1
2026-05-05,A,A01CN053,CN,16,184.0,148.0,145.8,36.0,2.2,0.0,486,486,0,0,0,1
2026-05-05,A,A01CN054,CN,16,184.0,162.0,158.33,22.0,3.67,0.0,475,475,0,0,0,1
2026-05-05,A,A01CN055,CN,16,184.0,173.0,172.0,11.0,1.0,0.33,516,515,0,1,1,1
2026-05-05,A,A01CN057,CN,16,184.0,171.0,168.9,13.0,2.1,0.0,563,563,0,0,0,1
2026-05-05,A,A01CN058,CN,16,184.0,172.0,172.0,12.0,0.0,0.0,565,565,0,0,0,1
2026-05-05,A,A01CN059,CN,16,184.0,178.0,178.0,6.0,0.0,0.0,582,582,0,0,0,1
2026-05-05,A,A01CN060,CN,16,184.0,180.0,180.0,4.0,0.0,0.0,637,637,0,0,0,1
2026-05-05,A,A01CN072,CN,16,184.0,170.0,159.9,14.0,10.1,0.0,533,533,0,0,0,1
2026-05-05,A,A01CN073,CN,16,184.0,154.0,141.33,30.0,12.67,0.0,424,424,0,0,0,1
2026-05-05,A,A01CN076,CN,16,184.0,116.0,76.8,68.0,39.2,0.0,256,256,0,0,0,1
2026-05-05,A,A01CN077,CN,16,184.0,157.0,157.0,27.0,0.0,0.0,541,541,0,0,0,1
2026-05-05,A,A01CN002,CN,16,364.0,198.0,135.0,166.0,63.0,0.0,135,135,0,0,0,1
2026-05-05,A,A01CN004,CN,16,124.0,116.0,112.67,8.0,3.33,0.0,338,338,0,0,0,1
2026-05-05,A,A01CN006,CN,16,364.0,319.0,274.0,45.0,45.0,0.0,822,822,0,0,0,1
2026-05-05,A,A01CN013,CN,16,364.0,314.0,290.0,50.0,24.0,0.0,600,600,0,0,0,1
2026-05-05,A,A01CN025,CN,16,364.0,323.0,323.0,41.0,0.0,0.0,783,783,0,0,0,1
2026-05-05,A,A01CN031,CN,16,364.0,352.0,352.0,12.0,0.0,0.0,1356,1356,0,0,0,1
2026-05-05,A,A01CN038,CN,16,297.0,182.0,182.0,115.0,0.0,0.0,591,591,0,0,0,1
2026-05-05,A,A01CN039,CN,16,297.0,188.0,188.0,109.0,0.0,0.0,636,636,0,0,0,1
2026-05-05,A,A01CN133,CN,16,364.0,343.0,337.5,21.0,5.5,0.0,225,225,0,0,0,1
2026-05-05,A,A01CN090,CN,16,364.0,342.0,342.0,22.0,0.0,0.0,1302,1302,0,0,0,1
2026-05-05,A,A01CN091,CN,16,364.0,341.0,335.0,23.0,6.0,0.0,670,670,0,0,0,1
2026-05-05,A,A01CN093,CN,16,364.0,338.0,307.2,26.0,30.8,0.0,1152,1152,0,0,0,1
2026-05-05,A,A01CN094,CN,16,364.0,331.0,329.67,33.0,1.33,0.0,860,860,0,0,0,1
2026-05-05,A,A01CN095,CN,16,364.0,239.0,239.0,125.0,0.0,0.0,1237,1237,0,0,0,1
2026-05-05,A,A01CN096,CN,16,364.0,315.0,315.0,49.0,0.0,0.0,1168,1168,0,0,0,1
2026-05-05,A,A01CN097,CN,16,364.0,322.0,322.0,42.0,0.0,0.0,1220,1220,0,0,0,1
2026-05-05,A,A01CN134,CN,16,394.0,336.0,334.5,58.0,1.5,0.0,223,223,0,0,0,1
2026-05-05,A,A01CN101,CN,16,364.0,279.0,246.68,85.0,32.32,0.0,361,361,0,0,0,1
2026-05-05,A,A01CN102,CN,16,364.0,15.0,6.15,349.0,8.85,0.0,9,9,0,0,0,1
2026-05-05,A,A01CN103,CN,16,364.0,291.0,251.25,73.0,39.75,0.0,603,603,0,0,0,1
2026-05-05,A,A01CN104,CN,16,364.0,324.0,324.0,40.0,0.0,0.0,690,690,0,0,0,1
2026-05-05,A,A01CN139,CN,16,419.0,307.0,285.33,112.0,21.67,0.0,428,428,0,0,0,1
2026-05-05,A,A01CN127,CN,16,399.0,3.0,0.0,396.0,3.0,0.0,0,0,0,0,0,1
2026-05-05,A,A01CN046,CN,16,399.0,364.0,364.0,35.0,0.0,0.0,672,672,0,0,0,1
2026-05-05,A,A01CN066,CN,16,424.0,400.0,392.25,24.0,7.75,0.0,1569,1569,0,0,0,1
2026-05-05,A,A01CN086,CN,16,414.0,213.0,132.8,201.0,80.2,0.0,192,192,0,0,0,1
2026-05-05,A,A01HB001,HB,16,199.0,191.0,191.0,8.0,0.0,0.0,664,664,0,0,0,1
2026-05-05,A,A01VMC03,VM,16,439.0,417.0,417.0,22.0,0.0,0.0,2040,2040,0,0,0,1
2026-05-05,A,A01VMC08,VM,16,429.0,345.0,345.0,84.0,0.0,0.0,1110,1110,0,0,0,1
2026-05-05,A,A01VMC10,VM,16,439.0,421.0,366.67,18.0,54.33,0.0,2200,2200,0,0,0,1
2026-05-05,A,A01VMC11,VM,16,363.0,309.0,285.0,54.0,24.0,0.0,900,900,0,0,0,1
2026-05-05,A,A01VMC12,VM,16,469.0,413.0,408.5,56.0,4.5,0.0,1290,1290,0,0,0,1
2026-05-05,A,A01CN100,CN,16,384.0,242.0,242.0,142.0,0.0,0.0,271,271,0,0,0,1
2026-05-05,A,A01CN137,CN,16,369.0,361.0,343.8,8.0,17.2,0.0,573,573,0,0,0,1
2026-05-05,A,A01CN126,CN,16,444.0,261.0,199.67,183.0,61.33,0.0,599,599,0,0,0,1
2026-05-05,A,A01CN042,CN,16,441.0,319.0,278.3,122.0,40.7,0.0,506,506,0,0,0,1
2026-05-05,A,A01CN045,CN,16,404.0,366.0,324.13,38.0,41.87,1.13,572,570,0,2,2,1
2026-05-05,A,A01CN047,CN,16,439.0,0.0,0.0,439.0,0.0,0.0,0,0,0,0,0,1
2026-05-05,A,A01CN050,CN,16,439.0,0.0,0.0,439.0,0.0,0.0,0,0,0,0,0,1
2026-05-05,A,A01CN062,CN,16,424.0,402.0,397.1,22.0,4.9,0.0,722,722,0,0,0,1
2026-05-05,A,A01CN068,CN,16,428.0,397.0,385.0,31.0,12.0,0.55,700,699,0,1,1,1
2026-05-05,A,A01CN084,CN,16,394.0,333.0,257.4,61.0,75.6,0.0,429,429,0,0,0,1
2026-05-05,A,A01CN098,CN,16,389.0,252.0,179.0,137.0,73.0,0.0,179,179,0,0,0,1
2026-05-05,A,A01HB002,HB,16,204.0,195.0,195.0,9.0,0.0,0.73,532,530,0,2,2,1
2026-05-05,A,A01HB003,HB,16,204.0,194.0,194.0,10.0,0.0,0.0,480,480,0,0,0,1
2026-05-05,A,A01HB004,HB,16,204.0,195.0,195.0,9.0,0.0,0.0,496,496,0,0,0,1
2026-05-05,A,A01HB005,HB,16,204.0,191.0,138.6,13.0,52.4,0.35,396,395,1,0,1,1
2026-05-05,A,A01HB006,HB,16,204.0,112.0,105.0,92.0,7.0,0.0,270,270,0,0,0,1
2026-05-05,A,A01HB007,HB,16,204.0,69.0,69.0,135.0,0.0,0.0,150,150,0,0,0,1
2026-05-05,A,A01HB009,HB,16,204.0,186.0,183.42,18.0,2.58,0.0,497,497,0,0,0,1
2026-05-05,A,A01HB010,HB,16,204.0,195.0,193.63,9.0,1.37,0.0,518,518,0,0,0,1
2026-05-05,A,A01HB011,HB,16,204.0,0.0,0.0,204.0,0.0,0.0,0,0,0,0,0,1
2026-05-05,A,A01HB012,HB,16,204.0,75.0,75.0,129.0,0.0,0.0,505,505,0,0,0,1
2026-05-05,A,A01HB013,HB,16,414.0,383.0,365.03,31.0,17.97,0.0,752,752,0,0,0,1
2026-05-05,A,A01HB017,HB,16,204.0,197.0,197.0,7.0,0.0,0.0,468,468,0,0,0,1
2026-05-05,A,A01HB018,HB,16,204.0,192.0,192.0,12.0,0.0,0.0,336,336,0,0,0,1
2026-05-05,A,A01HB019,HB,16,204.0,117.0,117.0,87.0,0.0,0.0,162,162,0,0,0,1
2026-05-05,A,A01HB020,HB,16,204.0,197.0,197.0,7.0,0.0,0.0,408,408,0,0,0,1
2026-05-05,A,A01CN107,CN,16,414.0,116.0,71.2,298.0,44.8,0.0,89,89,0,0,0,1
2026-05-05,A,A01CN117,CN,16,424.0,387.0,378.73,37.0,8.27,0.0,494,494,0,0,0,1
2026-05-05,A,A01CN128,CN,16,394.0,0.0,0.0,394.0,0.0,0.0,0,0,0,0,0,1
2026-05-05,A,A01CN056,CN,16,214.0,19.0,11.7,195.0,7.3,0.0,39,39,0,0,0,1
2026-05-05,A,A01TMC03,TM,17,502.0,488.0,488.0,14.0,0.0,0.0,1172,1172,0,0,0,1
2026-05-05,A,A01TMC07,TM,17,502.0,490.0,490.0,12.0,0.0,0.0,1027,1027,0,0,0,1
2026-05-05,A,A01TMC08,TM,17,502.0,498.0,498.0,4.0,0.0,0.0,1043,1043,0,0,0,1
2026-05-05,A,A01CN074,CN,17,504.0,374.0,374.0,130.0,0.0,0.0,511,511,0,0,0,1
2026-05-05,A,A01CN075,CN,17,504.0,411.0,410.27,93.0,0.73,0.0,724,724,0,0,0,1
2026-05-05,A,A01CN014,CN,18,504.0,240.0,240.0,264.0,0.0,0.0,894,894,0,0,0,1
2026-05-05,A,A01CN015,CN,18,504.0,243.0,243.0,261.0,0.0,0.0,896,896,0,0,0,1
2026-05-05,A,A01CN021,CN,18,504.0,241.0,241.0,263.0,0.0,0.0,727,727,0,0,0,1
2026-05-05,A,A01CN022,CN,18,504.0,246.0,246.0,258.0,0.0,0.0,860,860,0,0,0,1
2026-05-05,A,A01CN023,CN,18,504.0,250.0,250.0,254.0,0.0,0.0,809,809,0,0,0,1
2026-05-05,A,A01CN026,CN,18,504.0,242.0,242.0,262.0,0.0,0.0,798,798,0,0,0,1
2026-05-05,A,A01CN071,CN,18,539.0,172.0,154.2,367.0,17.8,0.0,514,514,0,0,0,1
2026-05-05,A,A01CN080,CN,18,499.0,246.0,246.0,253.0,0.0,0.0,767,767,0,0,0,1
2026-05-05,A,A01CN089,CN,18,499.0,157.0,123.75,342.0,33.25,0.0,297,297,0,0,0,1
2026-05-05,A,A01CN106,CN,18,499.0,145.0,87.4,354.0,57.6,0.0,114,114,0,0,0,1
2026-05-05,A,A01BR005,BR,18,509.0,185.0,185.0,324.0,0.0,0.0,2152,2152,0,0,0,1
2026-05-05,A,A01CN113,CN,18,509.0,228.0,208.33,281.0,19.67,0.0,250,250,0,0,0,1
2026-05-05,A,A01CN041,CN,18,489.0,470.0,407.25,19.0,62.75,0.0,543,543,0,0,0,1
2026-05-05,A,A01CN065,CN,18,489.0,461.0,375.75,28.0,85.25,0.0,501,501,0,0,0,1
2026-05-05,A,A01CN005,CN,18,494.0,434.0,312.0,60.0,122.0,0.0,416,416,0,0,0,1
2026-05-05,A,A01CN017,CN,18,494.0,445.0,320.25,49.0,124.75,0.0,427,427,0,0,0,1
2026-05-05,A,A01CN018,CN,18,499.0,438.0,317.25,61.0,120.75,0.0,423,423,0,0,0,1
2026-05-05,A,A01CN024,CN,18,494.0,430.0,246.75,64.0,183.25,0.0,423,423,0,0,0,1
2026-05-05,A,A01CN030,CN,18,499.0,360.0,335.0,139.0,25.0,0.0,335,335,0,0,0,1
2026-05-05,A,A01CN081,CN,18,499.0,435.0,374.0,64.0,61.0,0.0,374,374,0,0,0,1
2026-05-05,A,A01CN083,CN,18,499.0,437.0,437.0,62.0,0.0,0.0,2790,2790,0,0,0,1
2026-05-05,A,A01CN085,CN,18,499.0,423.0,377.6,76.0,45.4,0.0,354,354,0,0,0,1
2026-05-05,A,A01CN099,CN,18,494.0,459.0,424.0,35.0,35.0,0.0,424,424,0,0,0,1
2026-05-05,A,A01HB014,HB,18,519.0,519.0,488.77,0.0,30.23,0.0,817,817,0,0,0,1
2026-05-05,A,A01CN112,CN,18,499.0,446.0,366.0,53.0,80.0,0.0,366,366,0,0,0,1
2026-05-05,A,A01CN001,CN,18,504.0,425.0,405.0,79.0,20.0,0.0,405,405,0,0,0,1
2026-05-05,A,A01CN070,CN,18,499.0,469.0,366.0,30.0,103.0,0.0,366,366,0,0,0,1
2026-05-05,A,A01HB023,HB,18,523.0,523.0,523.0,0.0,0.0,0.0,660,660,0,0,0,1
2026-05-05,A,A01HB024,HB,18,523.0,523.0,463.03,0.0,59.97,0.0,638,638,0,0,0,1
2026-05-05,A,A01CN124,CN,18,559.0,437.0,330.63,122.0,106.37,0.0,763,763,0,0,0,1
2026-05-05,A,A01CN125,CN,18,559.0,427.0,306.4,132.0,120.6,0.0,766,766,0,0,0,1
2026-05-05,A,A01CN130,CN,18,559.0,519.0,519.0,40.0,0.0,0.0,854,854,0,0,0,1
2026-05-05,A,A01CN131,CN,18,559.0,529.0,504.43,30.0,24.57,0.0,818,818,0,0,0,1
2026-05-05,A,A01CN132,CN,18,559.0,437.0,431.67,122.0,5.33,0.0,700,700,0,0,0,1
2026-05-05,A,A01TMC04,TM,18,560.0,520.0,509.6,40.0,10.4,0.0,588,588,0,0,0,1
2026-05-05,A,A01TMC06,TM,18,560.0,528.0,508.4,32.0,19.6,0.0,744,744,0,0,0,1
2026-05-05,A,A01HB016,HB,18,529.0,411.0,299.3,118.0,111.7,0.0,984,984,0,0,0,1
2026-05-05,A,A01VMC05,VM,18,559.0,343.0,157.5,216.0,185.5,0.0,70,70,0,0,0,1
2026-05-05,A,A01VMC09,VM,18,559.0,412.0,408.5,147.0,3.5,0.0,1290,1290,0,0,0,1
2026-05-05,A,A01VMC15,VM,18,519.0,384.0,355.5,135.0,28.5,0.0,1185,1185,0,0,0,1
2026-05-05,A,A01CN087,CN,18,534.0,179.0,121.33,355.0,57.67,0.0,260,260,0,0,0,1
2026-05-05,A,A01HB025,HB,18,214.0,214.0,214.0,0.0,0.0,0.0,680,680,0,0,0,1
2026-05-05,A,A01HB021,HB,18,534.0,108.0,81.8,426.0,26.2,0.0,72,72,0,0,0,1
2026-05-05,B,A01TMC02,TM,20,57.0,40.0,40.0,17.0,0.0,0.0,61,61,0,0,0,1
2026-05-05,B,A01CN058,CN,21,49.0,47.0,47.0,2.0,0.0,0.0,164,164,0,0,0,1
2026-05-05,B,A01CN060,CN,21,49.0,49.0,49.0,0.0,0.0,0.0,181,181,0,0,0,1
2026-05-05,B,A01CN056,CN,21,49.0,8.0,8.0,41.0,0.0,0.0,42,42,0,0,0,1
2026-05-05,B,A01CN076,CN,21,49.0,12.0,12.0,37.0,0.0,0.0,65,65,0,0,0,1
2026-05-05,B,A01CN077,CN,21,49.0,13.0,13.0,36.0,0.0,0.0,77,77,0,0,0,1
2026-05-05,B,A01CN127,CN,21,49.0,49.0,49.0,0.0,0.0,0.0,79,79,0,0,0,1
2026-05-05,B,A01CN049,CN,21,109.0,109.0,109.0,0.0,0.0,0.0,124,124,0,0,0,1
2026-05-05,B,A01CN061,CN,21,109.0,0.0,0.0,109.0,0.0,0.0,0,0,0,0,0,1
2026-05-05,B,A01CN069,CN,21,109.0,109.0,109.0,0.0,0.0,0.0,146,146,0,0,0,1
2026-05-05,B,A01HB001,HB,21,49.0,49.0,44.33,0.0,4.67,0.0,152,152,0,0,0,1
2026-05-05,B,A01HB002,HB,21,49.0,49.0,49.0,0.0,0.0,0.0,140,140,0,0,0,1
2026-05-05,B,A01HB003,HB,21,49.0,49.0,49.0,0.0,0.0,0.0,112,112,0,0,0,1
2026-05-05,B,A01HB004,HB,21,49.0,49.0,47.75,0.0,1.25,0.0,120,120,0,0,0,1
2026-05-05,B,A01HB005,HB,21,49.0,49.0,49.0,0.0,0.0,0.0,150,150,0,0,0,1
2026-05-05,B,A01HB006,HB,21,49.0,49.0,46.67,0.0,2.33,0.0,120,120,0,0,0,1
2026-05-05,B,A01HB007,HB,21,49.0,49.0,49.0,0.0,0.0,0.0,105,105,0,0,0,1
2026-05-05,B,A01HB008,HB,21,49.0,49.0,49.0,0.0,0.0,0.0,150,150,0,0,0,1
2026-05-05,B,A01HB009,HB,21,49.0,49.0,49.0,0.0,0.0,0.0,161,161,0,0,0,1
2026-05-05,B,A01HB010,HB,21,49.0,49.0,49.0,0.0,0.0,0.0,154,154,0,0,0,1
2026-05-05,B,A01HB011,HB,21,49.0,49.0,49.0,0.0,0.0,0.0,310,310,0,0,0,1
2026-05-05,B,A01HB012,HB,21,49.0,23.0,23.0,26.0,0.0,0.0,160,160,0,0,0,1
2026-05-05,B,A01HB015,HB,21,49.0,0.0,0.0,49.0,0.0,0.0,0,0,0,0,0,1
2026-05-05,B,A01HB017,HB,21,49.0,49.0,49.0,0.0,0.0,0.0,132,132,0,0,0,1
2026-05-05,B,A01HB018,HB,21,49.0,49.0,49.0,0.0,0.0,0.0,84,84,0,0,0,1
2026-05-05,B,A01HB020,HB,21,49.0,49.0,49.0,0.0,0.0,0.0,120,120,0,0,0,1
2026-05-05,B,A01CN124,CN,21,49.0,47.0,40.73,2.0,6.27,0.0,94,94,0,0,0,1
2026-05-05,B,A01CN130,CN,21,49.0,49.0,49.0,0.0,0.0,0.0,96,96,0,0,0,1
2026-05-05,B,A01CN131,CN,21,49.0,49.0,49.0,0.0,0.0,0.0,98,98,0,0,0,1
2026-05-05,B,A01CN063,CN,22,134.0,128.0,128.0,6.0,0.0,0.0,382,382,0,0,0,1
2026-05-05,B,A01VMC06,VM,22,89.0,84.0,68.0,5.0,16.0,0.0,60,60,0,0,0,1
2026-05-05,B,A01CN100,CN,22,94.0,82.0,82.0,12.0,0.0,0.0,117,117,0,0,0,1
2026-05-05,B,A01CN116,CN,22,94.0,89.0,89.0,5.0,0.0,0.0,94,94,0,0,0,1
2026-05-05,B,A01TMC05,TM,23,277.0,235.0,235.0,42.0,0.0,0.0,594,594,0,0,0,1
2026-05-05,B,A01TMC09,TM,23,277.0,239.0,239.0,38.0,0.0,0.0,589,589,0,0,0,1
2026-05-05,B,A01CN053,CN,0,49.0,49.0,49.0,0.0,0.0,0.0,188,188,0,0,0,1
2026-05-05,B,A01CN059,CN,0,49.0,44.0,44.0,5.0,0.0,0.0,151,151,0,0,0,1
2026-05-05,B,A01CN139,CN,1,311.0,227.0,219.33,84.0,7.67,0.0,329,329,0,0,0,1
2026-05-05,B,A01CN117,CN,1,311.0,232.0,202.4,79.0,29.6,0.0,264,264,0,0,0,1
2026-05-05,B,A01CN118,CN,1,311.0,288.0,288.0,23.0,0.0,0.0,394,394,0,0,0,1
2026-05-05,B,A01CN019,CN,2,333.0,333.0,0.0,0.0,333.0,0.0,0,0,0,0,0,1
2026-05-05,B,A01CN003,CN,2,364.0,333.0,190.8,31.0,142.2,0.0,636,636,0,0,0,1
2026-05-05,B,A01CN031,CN,2,354.0,332.0,332.0,22.0,0.0,0.0,1617,1617,0,0,0,1
2026-05-05,B,A01VMC08,VM,2,441.0,396.0,396.0,45.0,0.0,0.31,1290,1289,0,1,1,1
2026-05-05,B,A01VMC09,VM,2,441.0,399.0,399.0,42.0,0.0,0.0,1290,1290,0,0,0,1
2026-05-05,B,A01VMC15,VM,2,430.0,386.0,369.0,44.0,17.0,0.0,1230,1230,0,0,0,1
2026-05-05,B,A01CN087,CN,3,342.61,0.0,0.0,342.61,0.0,0.0,0,0,0,0,0,1
2026-05-05,B,A01HB024,HB,3,446.0,375.0,255.47,71.0,119.53,0.0,352,352,0,0,0,1
2026-05-05,B,A01CN095,CN,3,394.0,374.0,374.0,20.0,0.0,0.0,1979,1979,0,0,0,1
2026-05-05,B,A01CN013,CN,3,392.0,371.0,371.0,21.0,0.0,0.0,888,888,0,0,0,1
2026-05-05,B,A01VMC04,VM,3,52.0,40.0,40.0,12.0,0.0,0.0,135,135,0,0,0,1
2026-05-05,B,A01CN025,CN,3,324.0,309.0,309.0,15.0,0.0,0.0,1245,1245,0,0,0,1
2026-05-05,B,A01CN039,CN,3,409.0,387.0,387.0,22.0,0.0,0.0,1608,1608,0,0,0,1
2026-05-05,B,A01CN092,CN,3,414.0,169.0,160.8,245.0,8.2,0.0,536,536,0,0,0,1
2026-05-05,B,A01CN094,CN,3,414.0,386.0,386.0,28.0,0.0,0.0,1120,1120,0,0,0,1
2026-05-05,B,A01CN097,CN,3,424.0,402.0,395.53,22.0,6.47,0.0,1396,1396,0,0,0,1
2026-05-05,B,A01CN101,CN,3,419.0,393.0,393.0,26.0,0.0,0.0,579,579,0,0,0,1
2026-05-05,B,A01CN102,CN,3,419.0,318.0,278.8,101.0,39.2,0.0,408,408,0,0,0,1
2026-05-05,B,A01CN015,CN,4,459.0,0.0,0.0,459.0,0.0,0.0,0,0,0,0,0,1
2026-05-05,B,A01CN047,CN,4,84.0,79.0,79.0,5.0,0.0,0.0,144,144,0,0,0,1
2026-05-05,B,A01CN013,CN,4,88.0,85.0,73.6,3.0,11.4,0.0,276,276,0,0,0,1
2026-05-05,B,A01CN090,CN,4,481.0,451.0,451.0,30.0,0.0,0.0,1863,1863,0,0,0,1
2026-05-05,B,A01TMC01,TM,4,519.0,501.0,501.0,18.0,0.0,0.0,497,497,0,0,0,1
2026-05-05,B,A01TMC03,TM,4,524.0,509.0,509.0,15.0,0.0,0.0,1236,1236,0,0,0,1
2026-05-05,B,A01TMC07,TM,4,567.0,563.0,563.0,4.0,0.0,0.0,1199,1199,0,0,0,1
2026-05-05,B,A01TMC08,TM,4,567.0,565.0,565.0,2.0,0.0,0.0,1217,1217,0,0,0,1
2026-05-05,B,A01CN048,CN,4,530.0,469.0,469.0,61.0,0.0,0.0,880,880,0,0,0,1
2026-05-05,B,A01CN051,CN,4,544.0,460.0,460.0,84.0,0.0,0.0,900,900,0,0,0,1
2026-05-05,B,A01CN074,CN,4,554.0,333.0,333.0,221.0,0.0,0.0,445,445,0,0,0,1
2026-05-05,B,A01CN075,CN,4,554.0,492.0,492.0,62.0,0.0,0.0,900,900,0,0,0,1
2026-05-05,B,A01CN014,CN,5,519.0,0.0,0.0,519.0,0.0,0.0,0,0,0,0,0,1
2026-05-05,B,A01CN021,CN,5,519.0,0.0,0.0,519.0,0.0,0.0,0,0,0,0,0,1
2026-05-05,B,A01CN022,CN,5,519.0,0.0,0.0,519.0,0.0,0.0,0,0,0,0,0,1
2026-05-05,B,A01CN023,CN,5,519.0,0.0,0.0,519.0,0.0,0.0,0,0,0,0,0,1
2026-05-05,B,A01CN042,CN,5,541.0,497.0,437.8,44.0,59.2,0.0,796,796,0,0,0,1
2026-05-05,B,A01CN045,CN,5,457.0,262.0,91.0,195.0,171.0,0.0,130,130,0,0,0,1
2026-05-05,B,A01CN046,CN,5,456.0,303.0,303.0,153.0,0.0,0.0,564,564,0,0,0,1
2026-05-05,B,A01CN062,CN,5,544.0,459.0,459.0,85.0,0.0,0.0,880,880,0,0,0,1
2026-05-05,B,A01CN067,CN,5,519.0,0.0,0.0,519.0,0.0,0.0,0,0,0,0,0,1
2026-05-05,B,A01CN068,CN,5,534.0,453.0,453.0,81.0,0.0,0.0,894,894,0,0,0,1
2026-05-05,B,A01CN071,CN,5,519.0,0.0,0.0,519.0,0.0,0.0,0,0,0,0,0,1
2026-05-05,B,A01CN080,CN,5,519.0,0.0,0.0,519.0,0.0,0.0,0,0,0,0,0,1
2026-05-05,B,A01CN086,CN,5,519.0,0.0,0.0,519.0,0.0,0.0,0,0,0,0,0,1
2026-05-05,B,A01CN088,CN,5,489.0,0.0,0.0,489.0,0.0,0.0,0,0,0,0,0,1
2026-05-05,B,A01CN089,CN,5,519.0,0.0,0.0,519.0,0.0,0.0,0,0,0,0,0,1
2026-05-05,B,A01HB025,HB,5,514.0,514.0,514.0,0.0,0.0,0.0,714,714,0,0,0,1
2026-05-05,B,A01VMC11,VM,5,135.0,121.0,104.5,14.0,16.5,0.0,330,330,0,0,0,1
2026-05-05,B,A01CN107,CN,5,519.0,0.0,0.0,519.0,0.0,0.0,0,0,0,0,0,1
2026-05-05,B,A01BR005,BR,5,512.0,1.0,0.0,511.0,1.0,0.0,0,0,0,0,0,1
2026-05-05,B,A01CN113,CN,5,519.0,0.0,0.0,519.0,0.0,0.0,0,0,0,0,0,1
2026-05-05,B,A01CN114,CN,5,519.0,0.0,0.0,519.0,0.0,0.0,0,0,0,0,0,1
2026-05-05,B,A01CN005,CN,5,514.0,465.0,458.25,49.0,6.75,0.0,611,611,0,0,0,1
2026-05-05,B,A01CN024,CN,5,514.0,413.0,324.33,101.0,88.67,0.0,556,556,0,0,0,1
2026-05-05,B,A01CN065,CN,5,514.0,464.0,425.25,50.0,38.75,0.0,567,567,0,0,0,1
2026-05-05,B,A01CN070,CN,5,524.0,500.0,437.0,24.0,63.0,0.0,437,437,0,0,0,1
2026-05-05,B,A01CN083,CN,5,524.0,465.0,465.0,59.0,0.0,0.0,2820,2820,0,0,0,1
2026-05-05,U,A01CN064,CN,5,0.0,0.0,0.0,0.0,0.0,0.0,0,0,0,0,0,0
2026-05-05,B,A01CN108,CN,5,533.0,377.0,267.0,156.0,110.0,0.0,267,267,0,0,0,1
2026-05-05,B,A01CN111,CN,5,533.0,372.0,261.0,161.0,111.0,0.0,261,261,0,0,0,1
2026-05-05,B,A01CN002,CN,5,534.0,460.0,411.0,74.0,49.0,0.0,411,411,0,0,0,1
2026-05-05,B,A01CN004,CN,5,534.0,375.0,373.33,159.0,1.67,0.0,1120,1120,0,0,0,1
2026-05-05,B,A01CN006,CN,5,534.0,500.0,484.0,34.0,16.0,0.0,1452,1452,0,0,0,1
2026-05-05,B,A01CN133,CN,5,529.0,419.0,419.0,110.0,0.0,0.0,332,332,0,0,0,1
2026-05-05,B,A01CN091,CN,5,534.0,405.0,405.0,129.0,0.0,0.0,965,965,0,0,0,1
2026-05-05,B,A01CN093,CN,5,534.0,481.0,481.0,53.0,0.0,0.0,1941,1941,0,0,0,1
2026-05-05,B,A01CN096,CN,5,534.0,509.0,509.0,25.0,0.0,0.0,1972,1972,0,0,0,1
2026-05-05,B,A01CN134,CN,5,559.0,425.0,425.0,134.0,0.0,0.0,302,302,0,0,0,1
2026-05-05,B,A01CN103,CN,5,529.0,489.0,360.42,40.0,128.58,0.0,865,865,0,0,0,1
2026-05-05,B,A01CN104,CN,5,539.0,464.0,464.0,75.0,0.0,0.0,1097,1097,0,0,0,1
2026-05-05,B,A01CN001,CN,6,544.0,491.0,450.0,53.0,41.0,0.0,450,450,0,0,0,1
2026-05-05,B,A01CN030,CN,6,544.0,469.0,411.0,75.0,58.0,0.0,411,411,0,0,0,1
2026-05-05,B,A01CN041,CN,6,544.0,498.0,480.75,46.0,17.25,0.0,641,641,0,0,0,1
2026-05-05,B,A01CN105,CN,6,609.0,0.0,0.0,609.0,0.0,0.0,1,1,0,0,0,1
2026-05-05,B,A01CN018,CN,6,559.0,489.0,489.0,70.0,0.0,0.0,658,658,0,0,0,1
2026-05-05,B,A01CN017,CN,6,574.0,454.0,450.75,120.0,3.25,0.0,601,601,0,0,0,1
2026-05-05,B,A01CN085,CN,6,584.0,511.0,483.2,73.0,27.8,0.0,453,453,0,0,0,1
2026-05-05,B,A01CN099,CN,6,584.0,484.0,428.0,100.0,56.0,0.0,428,428,0,0,0,1
2026-05-05,B,A01TMC04,TM,6,687.0,612.0,612.0,75.0,0.0,0.0,711,711,0,0,0,1
2026-05-05,B,A01TMC06,TM,6,687.0,616.0,613.63,71.0,2.37,0.0,898,898,0,0,0,1
2026-05-05,B,A01VMC05,VM,6,644.0,521.0,299.25,123.0,221.75,0.0,133,133,0,0,0,1
2026-05-05,B,A01CN066,CN,6,659.0,551.0,533.25,108.0,17.75,0.0,2133,2133,0,0,0,1
2026-05-05,B,A01VMC03,VM,6,678.0,581.0,510.0,97.0,71.0,0.0,2040,2040,0,0,0,1
2026-05-05,B,A01VMC07,VM,6,674.0,285.0,285.0,389.0,0.0,0.0,1104,1104,0,0,0,1
2026-05-05,B,A01VMC10,VM,6,677.0,549.0,520.0,128.0,29.0,0.0,3120,3120,0,0,0,1
2026-05-05,B,A01VMC12,VM,6,677.0,387.0,387.0,290.0,0.0,0.0,1290,1290,0,0,0,1
2026-05-05,B,A01VMC16,VM,6,278.0,234.0,180.0,44.0,54.0,0.0,600,600,0,0,0,1
2026-05-05,B,A01HB016,HB,6,675.0,615.0,588.87,60.0,26.13,0.0,1936,1936,0,0,0,1
2026-05-05,B,A01HB013,HB,7,677.0,603.0,603.0,74.0,0.0,0.0,1440,1440,0,0,0,1
2026-05-05,B,A01HB014,HB,7,677.0,602.0,602.0,75.0,0.0,0.0,1026,1026,0,0,0,1
2026-05-05,B,A01HB023,HB,7,687.0,632.0,618.92,55.0,13.08,0.0,770,770,0,0,0,1
2026-05-06,A,A01CN075,CN,9,67.0,67.0,67.0,0.0,0.0,0.0,130,130,0,0,0,1
2026-05-06,A,A01CN028,CN,10,59.0,42.0,42.0,17.0,0.0,0.0,36,36,0,0,0,1
2026-05-06,A,A01CN086,CN,11,154.0,101.0,77.47,53.0,23.53,0.0,112,112,0,0,0,1
2026-05-06,A,A01CN100,CN,12,159.0,132.0,132.0,27.0,0.0,0.0,179,179,0,0,0,1
2026-05-06,A,A01TRP35,TR,12,109.0,1.0,0.0,108.0,1.0,0.0,0,0,0,0,0,1
2026-05-06,A,A01CN116,CN,12,159.0,150.0,142.1,9.0,7.9,0.0,147,147,0,0,0,1
2026-05-06,A,A01CN020,CN,12,209.0,182.0,126.0,27.0,56.0,0.0,252,252,0,0,0,1
2026-05-06,A,A01CN064,CN,12,209.0,160.0,136.0,49.0,24.0,0.0,136,136,0,0,0,1
2026-05-06,A,A01CN108,CN,12,209.0,175.0,130.0,34.0,45.0,0.0,130,130,0,0,0,1
2026-05-06,A,A01CN111,CN,12,209.0,177.0,140.0,32.0,37.0,0.0,140,140,0,0,0,1
2026-05-06,A,A01CN112,CN,12,199.0,188.0,183.0,11.0,5.0,0.0,183,183,0,0,0,1
2026-05-06,A,A01CN003,CN,12,189.0,182.0,103.8,7.0,78.2,0.0,346,346,0,0,0,1
2026-05-06,A,A01CN007,CN,12,49.0,21.0,19.0,28.0,2.0,0.0,57,57,0,0,0,1
2026-05-06,A,A01CN029,CN,12,49.0,45.0,28.9,4.0,16.1,0.0,102,102,0,0,0,1
2026-05-06,A,A01CN073,CN,12,4.0,1.0,1.0,3.0,0.0,0.0,24,24,0,0,0,1
2026-05-06,A,A01BR007,BR,12,49.0,36.0,36.0,13.0,0.0,0.0,206,206,0,0,0,1
2026-05-06,A,A01TAP14,TA,12,49.0,15.0,15.0,34.0,0.0,0.0,385,385,0,0,0,1
2026-05-06,A,A01TMC09,TM,14,208.0,187.0,187.0,21.0,0.0,0.0,449,449,0,0,0,1
2026-05-06,A,A01HB015,HB,14,88.0,0.0,0.0,88.0,0.0,0.0,0,0,0,0,0,1
2026-05-06,A,A01CN074,CN,15,50.0,48.0,48.0,2.0,0.0,0.0,74,74,0,0,0,1
2026-05-06,A,A01CN067,CN,16,368.0,174.0,127.27,194.0,46.73,0.0,166,166,0,0,0,1
2026-05-06,A,A01CN079,CN,16,368.0,63.0,63.0,305.0,0.0,0.0,191,191,0,0,0,1
2026-05-06,A,A01CN114,CN,16,388.0,301.0,301.0,87.0,0.0,0.0,894,894,0,0,0,1
2026-05-06,A,A01CN053,CN,16,168.0,167.0,167.0,1.0,0.0,0.0,585,585,0,0,0,1
2026-05-06,A,A01CN054,CN,16,168.0,29.0,29.0,139.0,0.0,0.0,136,136,0,0,0,1
2026-05-06,A,A01CN055,CN,16,183.0,175.0,175.0,8.0,0.0,0.0,545,545,0,0,0,1
2026-05-06,A,A01CN057,CN,16,183.0,147.0,129.0,36.0,18.0,0.0,430,430,0,0,0,1
2026-05-06,A,A01CN058,CN,16,183.0,167.0,167.0,16.0,0.0,0.0,533,533,0,0,0,1
2026-05-06,A,A01CN060,CN,16,183.0,179.0,178.5,4.0,0.5,0.0,595,595,0,0,0,1
2026-05-06,A,A01CN072,CN,16,183.0,172.0,156.9,11.0,15.1,0.0,523,523,0,0,0,1
2026-05-06,A,A01CN002,CN,16,378.0,350.0,299.0,28.0,51.0,0.0,299,299,0,0,0,1
2026-05-06,A,A01CN004,CN,16,378.0,106.0,103.33,272.0,2.67,0.67,310,308,2,0,2,1
2026-05-06,A,A01CN006,CN,16,378.0,363.0,332.0,15.0,31.0,0.0,996,996,0,0,0,1
2026-05-06,A,A01CN013,CN,16,378.0,345.0,325.6,33.0,19.4,0.0,1221,1221,0,0,0,1
2026-05-06,A,A01CN025,CN,16,378.0,353.0,353.0,25.0,0.0,0.0,1392,1392,0,0,0,1
2026-05-06,A,A01CN031,CN,16,378.0,370.0,370.0,8.0,0.0,0.0,1533,1533,0,0,0,1
2026-05-06,A,A01CN038,CN,16,378.0,287.0,287.0,91.0,0.0,0.0,1146,1146,0,0,0,1
2026-05-06,A,A01CN039,CN,16,378.0,261.0,171.0,117.0,90.0,0.0,540,540,0,0,0,1
2026-05-06,A,A01CN059,CN,16,193.0,177.0,177.0,16.0,0.0,0.0,558,558,0,0,0,1
2026-05-06,A,A01CN133,CN,16,378.0,327.0,309.0,51.0,18.0,0.0,206,206,0,0,0,1
2026-05-06,A,A01CN090,CN,16,378.0,363.0,363.0,15.0,0.0,0.0,1374,1374,0,0,0,1
2026-05-06,A,A01CN091,CN,16,378.0,341.0,341.0,37.0,0.0,0.0,738,738,0,0,0,1
2026-05-06,A,A01CN093,CN,16,378.0,316.0,280.0,62.0,36.0,0.0,1050,1050,0,0,0,1
2026-05-06,A,A01CN094,CN,16,378.0,353.0,353.0,25.0,0.0,0.0,928,928,0,0,0,1
2026-05-06,A,A01CN095,CN,16,378.0,260.0,260.0,118.0,0.0,0.0,1219,1219,0,0,0,1
2026-05-06,A,A01CN096,CN,16,378.0,371.0,371.0,7.0,0.0,0.0,1416,1416,0,0,0,1
2026-05-06,A,A01CN097,CN,16,378.0,369.0,369.0,9.0,0.0,0.0,1316,1316,0,0,0,1
2026-05-06,A,A01CN134,CN,16,408.0,340.0,298.5,68.0,41.5,0.0,199,199,0,0,0,1
2026-05-06,A,A01VMC09,VM,16,428.0,405.0,405.0,23.0,0.0,0.0,1290,1290,0,0,0,1
2026-05-06,A,A01CN101,CN,16,378.0,0.0,0.0,378.0,0.0,0.0,10,10,0,0,0,1
2026-05-06,A,A01VMC15,VM,16,433.0,415.0,378.0,18.0,37.0,0.0,1260,1260,0,0,0,1
2026-05-06,A,A01VMC16,VM,16,433.0,410.0,364.5,23.0,45.5,0.0,1215,1215,0,0,0,1
2026-05-06,A,A01CN104,CN,16,378.0,352.0,352.0,26.0,0.0,0.0,720,720,0,0,0,1
2026-05-06,A,A01CN139,CN,16,388.0,361.0,361.0,27.0,0.0,0.0,611,611,0,0,0,1
2026-05-06,A,A01CN046,CN,16,423.0,379.0,379.0,44.0,0.0,0.0,700,700,0,0,0,1
2026-05-06,A,A01CN048,CN,16,430.0,390.0,374.0,40.0,16.0,0.0,660,660,0,0,0,1
2026-05-06,A,A01CN066,CN,16,237.5,221.97,218.67,15.53,3.31,0.0,1521,1521,0,0,0,1
2026-05-06,A,A01HB001,HB,16,193.0,171.0,165.67,22.0,5.33,0.0,568,568,0,0,0,1
2026-05-06,A,A01VMC07,VM,16,69.0,69.0,69.0,0.0,0.0,0.0,336,336,0,0,0,1
2026-05-06,A,A01VMC08,VM,16,428.0,392.0,392.0,36.0,0.0,0.0,1290,1290,0,0,0,1
2026-05-06,A,A01VMC12,VM,16,463.0,437.0,408.5,26.0,28.5,0.0,1290,1290,0,0,0,1
2026-05-06,A,A01VMC01,VM,16,126.0,76.0,76.0,50.0,0.0,0.0,240,240,0,0,0,1
2026-05-06,A,A01CN066,CN,16,237.5,221.97,218.67,15.53,3.31,0.0,1521,1521,0,0,0,1
2026-05-06,A,A01CN126,CN,16,444.0,274.0,0.0,170.0,274.0,0.0,0,0,0,0,0,1
2026-05-06,A,A01CN042,CN,16,413.0,340.0,293.7,73.0,46.3,0.0,534,534,0,0,0,1
2026-05-06,A,A01CN045,CN,16,79.0,59.0,55.53,20.0,3.47,0.0,98,98,0,0,0,1
2026-05-06,A,A01CN047,CN,16,438.0,407.0,406.87,31.0,0.13,0.0,718,718,0,0,0,1
2026-05-06,A,A01CN050,CN,16,438.0,372.0,353.6,66.0,18.4,2.83,624,619,0,5,5,1
2026-05-06,A,A01CN062,CN,16,435.0,393.0,393.0,42.0,0.0,0.0,726,726,0,0,0,1
2026-05-06,A,A01CN068,CN,16,435.0,396.0,396.0,39.0,0.0,2.73,724,719,5,0,5,1
2026-05-06,A,A01CN084,CN,16,423.0,361.0,268.8,62.0,92.2,0.0,448,448,0,0,0,1
2026-05-06,A,A01CN087,CN,16,413.0,311.0,291.2,102.0,19.8,0.0,624,624,0,0,0,1
2026-05-06,A,A01CN098,CN,16,423.0,357.0,285.0,66.0,72.0,0.0,285,285,0,0,0,1
2026-05-06,A,A01HB002,HB,16,198.0,198.0,198.0,0.0,0.0,0.0,504,504,0,0,0,1
2026-05-06,A,A01HB003,HB,16,198.0,198.0,198.0,0.0,0.0,0.0,464,464,0,0,0,1
2026-05-06,A,A01HB004,HB,16,198.0,198.0,194.18,0.0,3.82,0.0,488,488,0,0,0,1
2026-05-06,A,A01HB005,HB,16,198.0,182.0,153.3,16.0,28.7,0.0,438,438,0,0,0,1
2026-05-06,A,A01HB006,HB,16,198.0,168.0,142.33,30.0,25.67,0.0,366,366,0,0,0,1
2026-05-06,A,A01HB008,HB,16,198.0,198.0,186.67,0.0,11.33,0.0,480,480,0,0,0,1
2026-05-06,A,A01HB009,HB,16,198.0,198.0,198.0,0.0,0.0,0.0,539,539,0,0,0,1
2026-05-06,A,A01HB013,HB,16,436.0,425.0,425.0,11.0,0.0,0.0,896,896,0,0,0,1
2026-05-06,A,A01HB016,HB,16,435.0,419.0,330.93,16.0,88.07,0.0,1088,1088,0,0,0,1
2026-05-06,A,A01HB017,HB,16,198.0,153.0,131.75,45.0,21.25,0.0,306,306,0,0,0,1
2026-05-06,A,A01HB018,HB,16,198.0,198.0,198.0,0.0,0.0,0.0,322,322,0,0,0,1
2026-05-06,A,A01CN107,CN,16,418.0,69.0,22.4,349.0,46.6,0.0,28,28,0,0,0,1
2026-05-06,A,A01HB022,HB,16,238.0,135.0,135.0,103.0,0.0,0.0,120,120,0,0,0,1
2026-05-06,A,A01HB023,HB,16,359.0,183.0,176.83,176.0,6.17,0.0,220,220,0,0,0,1
2026-05-06,A,A01CN117,CN,16,428.0,411.0,411.0,17.0,0.0,0.0,585,585,0,0,0,1
2026-05-06,A,A01CN128,CN,16,394.0,391.0,391.0,3.0,0.0,0.0,682,682,0,0,0,1
2026-05-06,A,A01CN056,CN,16,178.0,92.0,92.0,86.0,0.0,0.0,337,337,0,0,0,1
2026-05-06,A,A01CN063,CN,16,168.0,142.0,142.0,26.0,0.0,0.0,330,330,0,0,0,1
2026-05-06,A,A01CN077,CN,16,213.0,210.0,210.0,3.0,0.0,0.0,757,757,0,0,0,1
2026-05-06,A,A01HB010,HB,16,208.0,208.0,204.1,0.0,3.9,0.0,546,546,0,0,0,1
2026-05-06,A,A01HB011,HB,16,208.0,198.0,198.0,10.0,0.0,0.0,1130,1130,0,0,0,1
2026-05-06,A,A01HB012,HB,16,208.0,43.0,43.0,165.0,0.0,0.14,300,299,0,1,1,1
2026-05-06,A,A01HB020,HB,16,208.0,160.0,141.0,48.0,19.0,0.0,270,270,0,0,0,1
2026-05-06,A,A01TMC04,TM,17,498.0,491.0,479.27,7.0,11.73,0.0,553,553,0,0,0,1
2026-05-06,A,A01TMC06,TM,17,498.0,484.0,463.98,14.0,20.02,0.0,679,679,0,0,0,1
2026-05-06,A,A01TMC07,TM,17,388.0,356.0,356.0,32.0,0.0,0.0,737,737,0,0,0,1
2026-05-06,A,A01TMC08,TM,17,388.0,369.0,358.63,19.0,10.37,0.0,742,742,0,0,0,1
2026-05-06,A,A01CN014,CN,18,508.0,412.0,412.0,96.0,0.0,0.0,1493,1493,0,0,0,1
2026-05-06,A,A01CN015,CN,18,508.0,415.0,415.0,93.0,0.0,0.0,1457,1457,0,0,0,1
2026-05-06,A,A01CN021,CN,18,508.0,412.0,393.0,96.0,19.0,0.0,1179,1179,0,0,0,1
2026-05-06,A,A01CN022,CN,18,508.0,427.0,402.9,81.0,24.1,0.0,1343,1343,0,0,0,1
2026-05-06,A,A01CN023,CN,18,508.0,424.0,424.0,84.0,0.0,0.0,1348,1348,0,0,0,1
2026-05-06,A,A01CN026,CN,18,508.0,407.0,407.0,101.0,0.0,0.0,1306,1306,0,0,0,1
2026-05-06,A,A01CN071,CN,18,538.0,429.0,429.0,109.0,0.0,0.0,1511,1511,0,0,0,1
2026-05-06,A,A01CN080,CN,18,508.0,433.0,431.33,75.0,1.67,0.0,1294,1294,0,0,0,1
2026-05-06,A,A01CN088,CN,18,303.0,221.0,148.95,82.0,72.05,0.0,331,331,0,0,0,1
2026-05-06,A,A01CN106,CN,18,498.0,371.0,318.17,127.0,52.83,0.0,415,415,0,0,0,1
2026-05-06,A,A01BR005,BR,18,508.0,361.0,361.0,147.0,0.0,0.0,4144,4144,0,0,0,1
2026-05-06,A,A01CN113,CN,18,508.0,391.0,348.33,117.0,42.67,0.0,418,418,0,0,0,1
2026-05-06,A,A01CN041,CN,18,518.0,495.0,450.75,23.0,44.25,0.0,601,601,0,0,0,1
2026-05-06,A,A01CN065,CN,18,518.0,495.0,423.75,23.0,71.25,0.0,565,565,0,0,0,1
2026-05-06,A,A01CN005,CN,18,528.0,501.0,375.0,27.0,126.0,0.0,500,500,0,0,0,1
2026-05-06,A,A01CN017,CN,18,523.0,477.0,348.0,46.0,129.0,0.0,464,464,0,0,0,1
2026-05-06,A,A01CN018,CN,18,528.0,479.0,346.5,49.0,132.5,0.0,462,462,0,0,0,1
2026-05-06,A,A01CN024,CN,18,523.0,476.0,261.92,47.0,214.08,0.0,449,449,0,0,0,1
2026-05-06,A,A01CN030,CN,18,528.0,494.0,456.0,34.0,38.0,0.0,456,456,0,0,0,1
2026-05-06,A,A01CN081,CN,18,528.0,462.0,380.0,66.0,82.0,0.0,380,380,0,0,0,1
2026-05-06,A,A01CN083,CN,18,528.0,416.0,416.0,112.0,0.0,0.0,2850,2850,0,0,0,1
2026-05-06,A,A01CN085,CN,18,528.0,486.0,456.53,42.0,29.47,0.0,428,428,0,0,0,1
2026-05-06,A,A01CN099,CN,18,528.0,451.0,405.0,77.0,46.0,0.0,405,405,0,0,0,1
2026-05-06,A,A01HB014,HB,18,541.0,469.0,420.57,72.0,48.43,0.0,703,703,0,0,0,1
2026-05-06,A,A01CN001,CN,18,533.0,465.0,397.0,68.0,68.0,0.0,397,397,0,0,0,1
2026-05-06,A,A01CN070,CN,18,528.0,519.0,426.0,9.0,93.0,0.0,426,426,0,0,0,1
2026-05-06,A,A01TMC03,TM,18,556.0,497.0,497.0,59.0,0.0,0.0,1183,1183,0,0,0,1
2026-05-06,A,A01VMC03,VM,18,548.0,520.0,520.0,28.0,0.0,0.0,2080,2080,0,0,0,1
2026-05-06,A,A01VMC10,VM,18,553.0,525.0,433.33,28.0,91.67,0.0,2600,2600,0,0,0,1
2026-05-06,A,A01CN124,CN,18,549.0,304.0,191.53,245.0,112.47,0.0,442,442,0,0,0,1
2026-05-06,A,A01CN125,CN,18,559.0,410.0,282.8,149.0,127.2,0.0,707,707,0,0,0,1
2026-05-06,A,A01CN130,CN,18,544.0,144.0,144.0,400.0,0.0,0.0,258,258,0,0,0,1
2026-05-06,A,A01CN131,CN,18,544.0,528.0,495.8,16.0,32.2,0.0,804,804,0,0,0,1
2026-05-06,A,A01CN132,CN,18,559.0,0.0,0.0,559.0,0.0,0.0,0,0,0,0,0,1
2026-05-06,A,A01VMC05,VM,18,538.0,473.0,209.25,65.0,263.75,0.0,93,93,0,0,0,1
2026-05-06,A,A01HB025,HB,18,49.0,49.0,49.0,0.0,0.0,0.0,408,408,0,0,0,1
2026-05-06,B,A01HB015,HB,20,49.0,0.0,0.0,49.0,0.0,0.0,0,0,0,0,0,1
2026-05-06,B,A01HB020,HB,20,49.0,37.0,34.47,12.0,2.53,0.0,66,66,0,0,0,1
2026-05-06,B,A01CN029,CN,20,49.0,26.0,14.73,23.0,11.27,0.0,52,52,0,0,0,1
2026-05-06,B,A01CN126,CN,21,49.0,49.0,0.0,0.0,49.0,0.0,0,0,0,0,0,1
2026-05-06,B,A01CN127,CN,21,49.0,0.0,0.0,49.0,0.0,0.0,0,0,0,0,0,1
2026-05-06,B,A01CN131,CN,21,49.0,49.0,49.0,0.0,0.0,0.0,96,96,0,0,0,1
2026-05-06,B,A01HB011,HB,21,109.0,109.0,109.0,0.0,0.0,0.0,630,630,0,0,0,1
2026-05-06,B,A01HB018,HB,21,109.0,109.0,109.0,0.0,0.0,0.0,175,175,0,0,0,1
2026-05-06,B,A01HB017,HB,21,49.0,49.0,49.0,0.0,0.0,0.0,126,126,0,0,0,1
2026-05-06,B,A01CN049,CN,21,109.0,109.0,109.0,0.0,0.0,0.0,124,124,0,0,0,1
2026-05-06,B,A01CN053,CN,21,109.0,109.0,109.0,0.0,0.0,0.0,372,372,0,0,0,1
2026-05-06,B,A01CN055,CN,21,109.0,101.0,98.33,8.0,2.67,0.0,295,295,0,0,0,1
2026-05-06,B,A01CN057,CN,21,109.0,98.0,89.7,11.0,8.3,0.0,299,299,0,0,0,1
2026-05-06,B,A01CN058,CN,21,109.0,109.0,109.0,0.0,0.0,0.0,350,350,0,0,0,1
2026-05-06,B,A01CN059,CN,21,109.0,108.0,108.0,1.0,0.0,0.0,348,348,0,0,0,1
2026-05-06,B,A01CN060,CN,21,109.0,109.0,109.0,0.0,0.0,0.0,372,372,0,0,0,1
2026-05-06,B,A01CN061,CN,21,109.0,0.0,0.0,109.0,0.0,0.0,0,0,0,0,0,1
2026-05-06,B,A01CN069,CN,21,109.0,0.0,0.0,109.0,0.0,0.0,0,0,0,0,0,1
2026-05-06,B,A01CN072,CN,21,109.0,106.0,92.7,3.0,13.3,0.3,309,308,1,0,1,1
2026-05-06,B,A01CN073,CN,21,109.0,67.0,55.0,42.0,12.0,0.0,165,165,0,0,0,1
2026-05-06,B,A01CN076,CN,21,109.0,31.0,1.5,78.0,29.5,0.0,5,5,0,0,0,1
2026-05-06,B,A01CN077,CN,21,109.0,78.0,67.5,31.0,10.5,0.0,225,225,0,0,0,1
2026-05-06,B,A01CN052,CN,21,109.0,104.0,104.0,5.0,0.0,0.0,113,113,0,0,0,1
2026-05-06,B,A01CN054,CN,21,109.0,105.0,105.0,4.0,0.0,0.0,339,339,0,0,0,1
2026-05-06,B,A01CN063,CN,22,161.0,151.0,151.0,10.0,0.0,0.0,406,406,0,0,0,1
2026-05-06,B,A01TMC03,TM,22,154.0,79.0,79.0,75.0,0.0,0.0,194,194,0,0,0,1
2026-05-06,B,A01VMC06,VM,22,93.0,76.0,76.0,17.0,0.0,0.0,100,100,0,0,0,1
2026-05-06,B,A01CN100,CN,22,164.0,54.0,54.0,110.0,0.0,0.0,96,96,0,0,0,1
2026-05-06,B,A01BR007,BR,22,104.0,93.0,93.0,11.0,0.0,0.0,990,990,0,0,0,1
2026-05-06,B,A01CN124,CN,21,109.0,100.0,87.97,9.0,12.03,0.0,203,203,0,0,0,1
2026-05-06,B,A01CN095,CN,22,144.0,104.0,104.0,40.0,0.0,0.0,564,564,0,0,0,1
2026-05-06,B,A01CN038,CN,23,214.0,156.0,156.0,58.0,0.0,0.0,789,789,0,0,0,1
2026-05-06,B,A01TMC09,TM,23,267.0,225.0,225.0,42.0,0.0,0.0,579,579,0,0,0,1
2026-05-06,B,A01HB002,HB,0,49.0,49.0,49.0,0.0,0.0,0.0,133,133,0,0,0,1
2026-05-06,B,A01HB003,HB,0,49.0,49.0,49.0,0.0,0.0,0.0,112,112,0,0,0,1
2026-05-06,B,A01HB004,HB,0,49.0,49.0,47.75,0.0,1.25,0.0,120,120,0,0,0,1
2026-05-06,B,A01HB005,HB,0,49.0,49.0,39.9,0.0,9.1,0.0,114,114,0,0,0,1
2026-05-06,B,A01HB006,HB,0,49.0,49.0,45.2,0.0,3.8,0.0,120,120,0,0,0,1
2026-05-06,B,A01HB007,HB,0,49.0,0.0,0.0,49.0,0.0,0.0,0,0,0,0,0,1
2026-05-06,B,A01HB008,HB,0,49.0,49.0,49.0,0.0,0.0,0.0,138,138,0,0,0,1
2026-05-06,B,A01HB009,HB,0,49.0,49.0,49.0,0.0,0.0,0.0,161,161,0,0,0,1
2026-05-06,B,A01HB010,HB,0,49.0,0.0,0.0,49.0,0.0,0.0,0,0,0,0,0,1
2026-05-06,B,A01CN004,CN,0,159.0,77.0,38.67,82.0,38.33,0.0,116,116,0,0,0,1
2026-05-06,B,A01CN139,CN,1,327.0,274.0,274.0,53.0,0.0,0.0,437,437,0,0,0,1
2026-05-06,A,A01HB019,HB,1,60.0,0.0,0.0,60.0,0.0,0.0,0,0,0,0,0,1
2026-05-06,B,A01CN002,CN,1,324.0,259.0,230.0,65.0,29.0,0.0,230,230,0,0,0,1
2026-05-06,B,A01CN003,CN,2,394.0,384.0,223.8,10.0,160.2,0.0,746,746,0,0,0,1
2026-05-06,B,A01CN031,CN,2,384.0,359.0,359.0,25.0,0.0,0.0,1662,1662,0,0,0,1
2026-05-06,B,A01CN133,CN,2,384.0,340.0,340.0,44.0,0.0,0.0,263,263,0,0,0,1
2026-05-06,B,A01CN134,CN,2,414.0,370.0,370.0,44.0,0.0,0.0,274,274,0,0,0,1
2026-05-06,B,A01CN042,CN,2,306.0,297.0,271.7,9.0,25.3,0.0,494,494,0,0,0,1
2026-05-06,B,A01CN045,CN,2,427.0,375.0,375.0,52.0,0.0,1.12,668,666,2,0,2,1
2026-05-06,B,A01CN046,CN,2,427.0,187.0,165.0,240.0,22.0,0.0,300,300,0,0,0,1
2026-05-06,B,A01CN047,CN,2,427.0,381.0,376.27,46.0,4.73,0.0,664,664,0,0,0,1
2026-05-06,B,A01CN048,CN,2,418.0,375.0,375.0,43.0,0.0,0.0,718,718,0,0,0,1
2026-05-06,B,A01CN050,CN,2,427.0,418.0,394.4,9.0,23.6,0.0,696,696,0,0,0,1
2026-05-06,B,A01CN051,CN,2,418.0,354.0,354.0,64.0,0.0,0.0,718,718,0,0,0,1
2026-05-06,B,A01CN062,CN,2,427.0,372.0,372.0,55.0,0.0,0.0,724,724,0,0,0,1
2026-05-06,B,A01CN068,CN,2,416.0,353.0,353.0,63.0,0.0,0.0,720,720,0,0,0,1
2026-05-06,B,A01CN086,CN,2,249.0,218.0,201.97,31.0,16.03,0.0,292,292,0,0,0,1
2026-05-06,B,A01VMC08,VM,2,430.0,379.0,379.0,51.0,0.0,0.0,1290,1290,0,0,0,1
2026-05-06,B,A01VMC09,VM,2,430.0,390.0,390.0,40.0,0.0,0.0,1275,1275,0,0,0,1
2026-05-06,B,A01VMC12,VM,2,430.0,384.0,384.0,46.0,0.0,0.3,1290,1289,1,0,1,1
2026-05-06,B,A01CN087,CN,3,254.0,74.0,72.33,180.0,1.67,0.0,155,155,0,0,0,1
2026-05-06,B,A01CN025,CN,3,454.0,422.0,422.0,32.0,0.0,0.0,1713,1713,0,0,0,1
2026-05-06,B,A01CN039,CN,3,444.0,397.0,397.0,47.0,0.0,0.0,1527,1527,0,0,0,1
2026-05-06,B,A01CN094,CN,3,444.0,422.0,422.0,22.0,0.0,0.0,1144,1144,0,0,0,1
2026-05-06,B,A01CN097,CN,3,454.0,430.0,414.8,24.0,15.2,0.0,1464,1464,0,0,0,1
2026-05-06,B,A01CN101,CN,3,419.0,401.0,401.0,18.0,0.0,0.0,619,619,0,0,0,1
2026-05-06,B,A01CN102,CN,3,454.0,378.0,347.82,76.0,30.18,0.0,509,509,0,0,0,1
2026-05-06,B,A01CN015,CN,4,493.0,470.0,470.0,23.0,0.0,0.0,1732,1732,0,0,0,1
2026-05-06,B,A01CN026,CN,4,492.0,489.0,489.0,3.0,0.0,0.0,1570,1570,0,0,0,1
2026-05-06,B,A01VMC04,VM,4,84.0,42.0,40.0,42.0,2.0,0.0,120,120,0,0,0,1
2026-05-06,B,A01HB022,HB,4,459.0,459.0,459.0,0.0,0.0,0.0,408,408,0,0,0,1
2026-05-06,B,A01CN112,CN,4,494.0,328.0,252.0,166.0,76.0,0.0,252,252,0,0,0,1
2026-05-06,B,A01CN013,CN,4,514.0,496.0,496.0,18.0,0.0,0.0,1953,1953,0,0,0,1
2026-05-06,B,A01CN090,CN,4,514.0,494.0,494.0,20.0,0.0,0.0,2061,2061,0,0,0,1
2026-05-06,B,A01TMC01,TM,4,529.0,165.0,165.0,364.0,0.0,0.0,168,168,0,0,0,1
2026-05-06,B,A01TMC02,TM,4,210.0,136.0,136.0,74.0,0.0,0.0,197,197,0,0,0,1
2026-05-06,B,A01TMC07,TM,4,558.0,552.0,552.0,6.0,0.0,0.0,1203,1203,0,0,0,1
2026-05-06,B,A01TMC08,TM,4,557.0,550.0,550.0,7.0,0.0,0.0,1163,1163,0,0,0,1
2026-05-06,B,A01CN074,CN,4,554.0,66.0,63.2,488.0,2.8,0.0,79,79,0,0,0,1
2026-05-06,B,A01CN075,CN,4,554.0,401.0,361.53,153.0,39.47,0.0,638,638,0,0,0,1
2026-05-06,B,A01VMC15,VM,4,139.0,98.0,94.5,41.0,3.5,0.0,315,315,0,0,0,1
2026-05-06,B,A01VMC16,VM,4,539.0,486.0,459.0,53.0,27.0,0.0,1530,1530,0,0,0,1
2026-05-06,B,A01CN014,CN,5,554.0,491.0,491.0,63.0,0.0,0.0,1789,1789,0,0,0,1
2026-05-06,B,A01CN021,CN,5,553.0,528.0,528.0,25.0,0.0,0.0,1595,1595,0,0,0,1
2026-05-06,B,A01CN022,CN,5,552.0,500.0,500.0,52.0,0.0,0.0,1758,1758,0,0,0,1
2026-05-06,B,A01CN023,CN,5,552.0,488.0,488.0,64.0,0.0,0.0,1560,1560,0,0,0,1
2026-05-06,B,A01CN067,CN,5,550.0,453.0,394.07,97.0,58.93,0.0,514,514,0,0,0,1
2026-05-06,B,A01CN080,CN,5,551.0,304.0,304.0,247.0,0.0,0.0,938,938,0,0,0,1
2026-05-06,B,A01CN088,CN,5,521.0,373.0,308.25,148.0,64.75,0.0,685,685,0,0,0,1
2026-05-06,B,A01HB025,HB,5,566.0,534.0,505.67,32.0,28.33,0.0,697,697,0,0,0,1
2026-05-06,B,A01VMC11,VM,5,144.0,104.0,104.0,40.0,0.0,0.0,330,330,0,0,0,1
2026-05-06,B,A01CN106,CN,5,509.0,147.0,147.0,362.0,0.0,0.0,217,217,0,0,0,1
2026-05-06,B,A01CN107,CN,5,554.0,319.0,280.0,235.0,39.0,0.0,350,350,0,0,0,1
2026-05-06,B,A01BR005,BR,5,549.0,356.0,356.0,193.0,0.0,0.0,4764,4764,0,0,0,1
2026-05-06,B,A01CN113,CN,5,554.0,397.0,312.5,157.0,84.5,0.0,375,375,0,0,0,1
2026-05-06,B,A01CN114,CN,5,554.0,405.0,405.0,149.0,0.0,0.0,1168,1168,0,0,0,1
2026-05-06,B,A01CN070,CN,5,549.0,539.0,470.0,10.0,69.0,0.0,470,470,0,0,0,1
2026-05-06,B,A01CN083,CN,5,549.0,508.0,493.33,41.0,14.67,0.0,2960,2960,0,0,0,1
2026-05-06,B,A01CN066,CN,5,594.0,482.0,472.5,112.0,9.5,0.0,1890,1890,0,0,0,1
2026-05-06,B,A01CN091,CN,5,564.0,440.0,440.0,124.0,0.0,0.0,1045,1045,0,0,0,1
2026-05-06,B,A01CN093,CN,5,564.0,490.0,490.0,74.0,0.0,0.0,2025,2025,0,0,0,1
2026-05-06,B,A01CN096,CN,5,564.0,528.0,528.0,36.0,0.0,0.0,2056,2056,0,0,0,1
2026-05-06,B,A01CN103,CN,5,564.0,527.0,527.0,37.0,0.0,0.0,1784,1784,0,0,0,1
2026-05-06,B,A01CN104,CN,5,539.0,460.0,460.0,79.0,0.0,0.0,1103,1103,0,0,0,1
2026-05-06,B,A01CN001,CN,6,569.0,499.0,481.0,70.0,18.0,0.0,481,481,0,0,0,1
2026-05-06,B,A01CN030,CN,6,569.0,489.0,456.0,80.0,33.0,0.0,456,456,0,0,0,1
2026-05-06,B,A01CN105,CN,6,609.0,222.0,158.7,387.0,63.3,0.0,207,207,0,0,0,1
2026-05-06,B,A01CN018,CN,6,584.0,516.0,516.0,68.0,0.0,0.0,695,695,0,0,0,1
2026-05-06,B,A01CN017,CN,6,599.0,487.0,474.75,112.0,12.25,0.0,633,633,0,0,0,1
2026-05-06,B,A01CN085,CN,6,609.0,565.0,565.0,44.0,0.0,0.0,532,532,0,0,0,1
2026-05-06,B,A01CN099,CN,6,609.0,515.0,482.0,94.0,33.0,0.0,482,482,0,0,0,1
2026-05-06,B,A01TMC04,TM,6,687.0,607.0,607.0,80.0,0.0,0.0,710,710,0,0,0,1
2026-05-06,B,A01TMC05,TM,6,687.0,601.0,601.0,86.0,0.0,0.0,734,734,0,0,0,1
2026-05-06,B,A01TMC06,TM,6,687.0,610.0,610.0,77.0,0.0,0.0,897,897,0,0,0,1
2026-05-06,B,A01VMC05,VM,6,667.0,553.0,292.5,114.0,260.5,0.0,130,130,0,0,0,1
2026-05-06,B,A01VMC03,VM,6,669.0,567.0,470.0,102.0,97.0,0.0,1880,1880,0,0,0,1
2026-05-06,B,A01VMC07,VM,6,671.0,312.0,312.0,359.0,0.0,0.0,1552,1552,0,0,0,1
2026-05-06,B,A01HB016,HB,6,674.0,599.0,588.87,75.0,10.13,0.0,1936,1936,0,0,0,1
2026-05-06,B,A01HB013,HB,7,676.0,603.0,603.0,73.0,0.0,0.0,1440,1440,0,0,0,1
2026-05-06,B,A01HB014,HB,7,676.0,621.0,621.0,55.0,0.0,0.0,1064,1064,0,0,0,1
2026-05-06,B,A01HB023,HB,7,670.0,610.0,610.0,60.0,0.0,0.0,792,792,0,0,0,1
2026-05-06,B,A01HB024,HB,7,670.0,616.0,542.87,54.0,73.13,0.0,748,748,0,0,0,1
2026-05-07,A,A01CN126,CN,11,149.0,149.0,0.0,0.0,149.0,0.0,0,0,0,0,0,1
2026-05-07,B,A01HB001,HB,11,701.0,430.0,308.0,271.0,122.0,0.0,1056,1056,0,0,0,1
2026-05-07,A,A01HB016,HB,12,199.0,189.0,165.47,10.0,23.53,0.0,544,544,0,0,0,1
2026-05-07,A,A01TRP35,TR,12,109.0,1.0,0.0,108.0,1.0,0.0,0,0,0,0,0,1
2026-05-07,A,A01CN020,CN,12,209.0,180.0,128.5,29.0,51.5,0.0,257,257,0,0,0,1
2026-05-07,U,A01CN064,CN,12,0.0,0.0,0.0,0.0,0.0,0.0,115,115,0,0,0,0
2026-05-07,A,A01CN108,CN,12,209.0,116.0,101.0,93.0,15.0,0.0,101,101,0,0,0,1
2026-05-07,A,A01CN111,CN,12,209.0,114.0,101.0,95.0,13.0,0.0,101,101,0,0,0,1
2026-05-07,A,A01CN063,CN,12,229.0,224.0,224.0,5.0,0.0,0.0,595,595,0,0,0,1
2026-05-07,A,A01CN003,CN,12,149.0,132.0,72.0,17.0,60.0,0.0,240,240,0,0,0,1
2026-05-07,A,A01CN007,CN,12,49.0,19.0,19.0,30.0,0.0,0.0,123,123,0,0,0,1
2026-05-07,A,A01CN029,CN,12,219.0,183.0,159.8,36.0,23.2,0.0,564,564,0,0,0,1
2026-05-07,A,A01CN078,CN,12,219.0,39.0,16.0,180.0,23.0,0.0,32,32,0,0,0,1
2026-05-07,A,A01CN086,CN,12,214.0,197.0,143.87,17.0,53.13,0.0,208,208,0,0,0,1
2026-05-07,A,A01CN088,CN,12,219.0,55.0,39.6,164.0,15.4,0.0,88,88,0,0,0,1
2026-05-07,A,A01VMC04,VM,12,114.0,114.0,105.0,0.0,9.0,0.0,315,315,0,0,0,1
2026-05-07,A,A01BR007,BR,12,49.0,25.0,25.0,24.0,0.0,0.0,300,300,0,0,0,1
2026-05-07,A,A01TAP14,TA,12,49.0,14.0,14.0,35.0,0.0,0.0,273,273,0,0,0,1
2026-05-07,A,A01HB019,HB,14,39.0,0.0,0.0,39.0,0.0,0.0,0,0,0,0,0,1
2026-05-07,A,A01TMC03,TM,14,173.0,168.0,168.0,5.0,0.0,0.0,430,430,0,0,0,1
2026-05-07,A,A01TMC09,TM,14,262.0,259.0,259.0,3.0,0.0,0.0,628,628,0,0,0,1
2026-05-07,A,A01VMC05,VM,15,74.0,67.0,36.0,7.0,31.0,0.0,16,16,0,0,0,1
2026-05-07,A,A01CN004,CN,16,139.0,52.0,40.67,87.0,11.33,0.0,122,122,0,0,0,1
2026-05-07,A,A01CN006,CN,16,339.0,315.0,315.0,24.0,0.0,0.0,952,952,0,0,0,1
2026-05-07,A,A01CN013,CN,16,339.0,331.0,309.6,8.0,21.4,0.0,1161,1161,0,0,0,1
2026-05-07,A,A01CN025,CN,16,339.0,317.0,317.0,22.0,0.0,0.0,1236,1236,0,0,0,1
2026-05-07,A,A01CN031,CN,16,339.0,328.0,328.0,11.0,0.0,0.0,1332,1332,0,0,0,1
2026-05-07,A,A01CN038,CN,16,337.0,273.0,273.0,64.0,0.0,0.0,1170,1170,0,0,0,1
2026-05-07,A,A01CN039,CN,16,337.0,129.0,129.0,208.0,0.0,0.0,426,426,0,0,0,1
2026-05-07,A,A01CN053,CN,16,154.0,132.0,132.0,22.0,0.0,0.0,469,469,0,0,0,1
2026-05-07,A,A01CN054,CN,16,154.0,152.0,152.0,2.0,0.0,0.0,490,490,0,0,0,1
2026-05-07,A,A01CN057,CN,16,154.0,99.0,99.0,55.0,0.0,0.0,330,330,0,0,0,1
2026-05-07,A,A01CN058,CN,16,154.0,135.0,135.0,19.0,0.0,0.0,418,418,0,0,0,1
2026-05-07,A,A01CN059,CN,16,154.0,141.0,141.0,13.0,0.0,0.0,450,450,0,0,0,1
2026-05-07,A,A01CN060,CN,16,154.0,69.0,69.0,85.0,0.0,0.0,249,249,0,0,0,1
2026-05-07,A,A01CN133,CN,16,336.0,304.0,282.0,32.0,22.0,0.0,188,188,0,0,0,1
2026-05-07,A,A01CN072,CN,16,129.0,112.0,97.8,17.0,14.2,0.0,326,326,0,0,0,1
2026-05-07,A,A01CN076,CN,16,129.0,53.0,43.8,76.0,9.2,0.0,146,146,0,0,0,1
2026-05-07,A,A01CN090,CN,16,339.0,334.0,334.0,5.0,0.0,0.0,1350,1350,0,0,0,1
2026-05-07,A,A01CN091,CN,16,339.0,322.0,322.0,17.0,0.0,0.0,675,675,0,0,0,1
2026-05-07,A,A01CN093,CN,16,337.0,316.0,298.4,21.0,17.6,0.0,1119,1119,0,0,0,1
2026-05-07,A,A01CN094,CN,16,337.0,248.0,233.07,89.0,14.93,0.0,608,608,0,0,0,1
2026-05-07,A,A01CN096,CN,16,337.0,287.0,285.6,50.0,1.4,0.28,1008,1007,1,0,1,1
2026-05-07,A,A01CN097,CN,16,337.0,296.0,294.67,41.0,1.33,0.0,1040,1040,0,0,0,1
2026-05-07,A,A01CN134,CN,16,366.0,306.0,283.5,60.0,22.5,0.0,189,189,0,0,0,1
2026-05-07,A,A01HB001,HB,16,129.0,76.0,56.0,53.0,20.0,0.0,192,192,0,0,0,1
2026-05-07,A,A01HB002,HB,16,129.0,129.0,126.13,0.0,2.87,0.0,308,308,0,0,0,1
2026-05-07,A,A01HB003,HB,16,129.0,129.0,129.0,0.0,0.0,0.0,288,288,0,0,0,1
2026-05-07,A,A01HB004,HB,16,129.0,129.0,120.97,0.0,8.03,0.0,304,304,0,0,0,1
2026-05-07,A,A01HB005,HB,16,119.0,108.0,88.2,11.0,19.8,0.0,252,252,0,0,0,1
2026-05-07,A,A01HB006,HB,16,119.0,119.0,116.77,0.0,2.23,0.0,310,310,0,0,0,1
2026-05-07,A,A01HB008,HB,16,119.0,119.0,98.0,0.0,21.0,0.0,252,252,0,0,0,1
2026-05-07,A,A01HB009,HB,16,119.0,112.0,98.17,7.0,13.83,0.0,266,266,0,0,0,1
2026-05-07,A,A01HB010,HB,16,119.0,111.0,81.12,8.0,29.88,0.0,217,217,0,0,0,1
2026-05-07,A,A01HB011,HB,16,99.0,91.0,89.83,8.0,1.17,0.0,490,490,0,0,0,1
2026-05-07,A,A01HB015,HB,16,119.0,0.0,0.0,119.0,0.0,0.0,0,0,0,0,0,1
2026-05-07,A,A01HB017,HB,16,119.0,119.0,100.75,0.0,18.25,0.0,234,234,0,0,0,1
2026-05-07,A,A01HB018,HB,16,119.0,119.0,119.0,0.0,0.0,0.0,196,196,0,0,0,1
2026-05-07,A,A01HB020,HB,16,119.0,119.0,109.67,0.0,9.33,0.0,210,210,0,0,0,1
2026-05-07,A,A01CN101,CN,16,336.0,299.0,168.1,37.0,130.9,0.0,246,246,0,0,0,1
2026-05-07,A,A01CN102,CN,16,336.0,226.0,171.52,110.0,54.48,0.0,251,251,0,0,0,1
2026-05-07,A,A01CN103,CN,16,336.0,135.0,83.33,201.0,51.67,0.0,250,250,0,0,0,1
2026-05-07,A,A01CN139,CN,16,374.0,342.0,342.0,32.0,0.0,0.0,550,550,0,0,0,1
2026-05-07,A,A01CN127,CN,16,449.0,324.0,243.2,125.0,80.8,0.0,304,304,0,0,0,1
2026-05-07,A,A01CN046,CN,16,434.0,264.0,264.0,170.0,0.0,0.0,502,502,0,0,0,1
2026-05-07,A,A01CN048,CN,16,439.0,383.0,333.2,56.0,49.8,0.0,588,588,0,0,0,1
2026-05-07,A,A01CN051,CN,16,439.0,230.0,228.8,209.0,1.2,0.0,416,416,0,0,0,1
2026-05-07,A,A01CN055,CN,16,164.0,163.0,163.0,1.0,0.0,0.0,518,518,0,0,0,1
2026-05-07,A,A01CN066,CN,16,414.0,399.0,396.75,15.0,2.25,0.0,1587,1587,0,0,0,1
2026-05-07,A,A01CN074,CN,16,432.0,128.0,128.0,304.0,0.0,0.0,182,182,0,0,0,1
2026-05-07,A,A01CN075,CN,16,432.0,423.0,410.27,9.0,12.73,0.0,724,724,0,0,0,1
2026-05-07,A,A01TMC07,TM,16,442.0,402.0,402.0,40.0,0.0,0.0,857,857,0,0,0,1
2026-05-07,A,A01VMC01,VM,16,104.0,104.0,104.0,0.0,0.0,0.0,345,345,0,0,0,1
2026-05-07,A,A01TMC08,TM,16,442.0,416.0,416.0,26.0,0.0,0.0,862,862,0,0,0,1
2026-05-07,A,A01CN137,CN,16,374.0,349.0,343.8,25.0,5.2,0.0,573,573,0,0,0,1
2026-05-07,A,A01CN042,CN,16,174.0,158.0,145.2,16.0,12.8,0.0,264,264,0,0,0,1
2026-05-07,A,A01CN045,CN,16,439.0,383.0,371.73,56.0,11.27,0.57,656,655,1,0,1,1
2026-05-07,A,A01CN047,CN,16,439.0,425.0,410.27,14.0,14.73,0.0,724,724,0,0,0,1
2026-05-07,A,A01CN050,CN,16,439.0,421.0,402.33,18.0,18.67,2.83,710,705,0,5,5,1
2026-05-07,A,A01CN062,CN,16,437.0,397.0,397.0,40.0,0.0,0.0,724,724,0,0,0,1
2026-05-07,A,A01CN068,CN,16,437.0,405.0,402.6,32.0,2.4,3.3,732,726,6,0,6,1
2026-05-07,A,A01CN084,CN,16,429.0,267.0,185.4,162.0,81.6,0.0,309,309,0,0,0,1
2026-05-07,A,A01CN098,CN,16,424.0,323.0,238.0,101.0,85.0,0.0,238,238,0,0,0,1
2026-05-07,A,A01HB007,HB,16,139.0,20.0,14.53,119.0,5.47,0.0,40,40,0,0,0,1
2026-05-07,A,A01HB013,HB,16,429.0,413.0,413.0,16.0,0.0,0.0,888,888,0,0,0,1
2026-05-07,A,A01VMC09,VM,16,432.0,422.0,389.5,10.0,32.5,0.0,1230,1230,0,0,0,1
2026-05-07,A,A01VMC11,VM,16,430.0,418.0,408.5,12.0,9.5,0.0,1290,1290,0,0,0,1
2026-05-07,A,A01VMC12,VM,16,459.0,418.0,408.5,41.0,9.5,0.0,1290,1290,0,0,0,1
2026-05-07,A,A01VMC15,VM,16,439.0,421.0,387.0,18.0,34.0,0.0,1290,1290,0,0,0,1
2026-05-07,A,A01VMC16,VM,16,439.0,406.0,369.0,33.0,37.0,0.0,1230,1230,0,0,0,1
2026-05-07,A,A01CN107,CN,16,419.0,325.0,228.0,94.0,97.0,0.0,285,285,0,0,0,1
2026-05-07,A,A01HB022,HB,16,427.0,356.0,356.0,71.0,0.0,0.0,336,336,0,0,0,1
2026-05-07,A,A01HB023,HB,16,424.0,424.0,406.72,0.0,17.28,0.0,506,506,0,0,0,1
2026-05-07,A,A01CN117,CN,16,329.0,313.0,311.27,16.0,1.73,0.0,406,406,0,0,0,1
2026-05-07,A,A01CN128,CN,16,394.0,394.0,394.0,0.0,0.0,0.0,684,684,0,0,0,1
2026-05-07,A,A01CN056,CN,16,179.0,163.0,163.0,16.0,0.0,0.0,578,578,0,0,0,1
2026-05-07,A,A01HB012,HB,16,209.0,43.0,43.0,166.0,0.0,0.0,640,640,0,0,0,1
2026-05-07,A,A01CN002,CN,17,49.0,14.0,14.0,35.0,0.0,0.0,63,63,0,0,0,1
2026-05-07,A,A01CN100,CN,17,109.0,104.0,104.0,5.0,0.0,0.0,108,108,0,0,0,1
2026-05-07,A,A01TMC04,TM,17,500.0,496.0,494.87,4.0,1.13,0.0,571,571,0,0,0,1
2026-05-07,A,A01TMC05,TM,17,500.0,489.0,489.0,11.0,0.0,0.0,584,584,0,0,0,1
2026-05-07,A,A01TMC06,TM,17,500.0,492.0,481.07,8.0,10.93,0.0,704,704,0,0,0,1
2026-05-07,A,A01CN014,CN,18,509.0,484.0,484.0,25.0,0.0,0.0,1916,1916,0,0,0,1
2026-05-07,A,A01CN021,CN,18,509.0,87.0,68.67,422.0,18.33,0.0,206,206,0,0,0,1
2026-05-07,A,A01CN022,CN,18,509.0,404.0,404.0,105.0,0.0,0.0,1361,1361,0,0,0,1
2026-05-07,A,A01CN023,CN,18,509.0,454.0,454.0,55.0,0.0,0.0,1486,1486,0,0,0,1
2026-05-07,A,A01CN026,CN,18,509.0,456.0,456.0,53.0,0.0,0.0,1491,1491,0,0,0,1
2026-05-07,A,A01CN071,CN,18,539.0,457.0,457.0,82.0,0.0,0.0,1644,1644,0,0,0,1
2026-05-07,A,A01CN080,CN,18,509.0,481.0,481.0,28.0,0.0,0.0,1471,1471,0,0,0,1
2026-05-07,A,A01CN087,CN,18,504.0,461.0,351.87,43.0,109.13,0.0,754,754,0,0,0,1
2026-05-07,A,A01CN089,CN,18,509.0,488.0,457.6,21.0,30.4,0.0,528,528,0,0,0,1
2026-05-07,A,A01CN105,CN,18,504.0,105.0,105.0,399.0,0.0,0.0,144,144,0,0,0,1
2026-05-07,A,A01CN106,CN,18,504.0,325.0,177.1,179.0,147.9,0.0,231,231,0,0,0,1
2026-05-07,A,A01BR005,BR,18,509.0,337.0,283.27,172.0,53.73,0.0,2428,2428,0,0,0,1
2026-05-07,A,A01CN113,CN,18,509.0,345.0,303.33,164.0,41.67,0.0,364,364,0,0,0,1
2026-05-07,A,A01CN041,CN,18,529.0,519.0,457.5,10.0,61.5,0.0,610,610,0,0,0,1
2026-05-07,A,A01CN065,CN,18,529.0,518.0,434.25,11.0,83.75,0.0,579,579,0,0,0,1
2026-05-07,A,A01CN005,CN,18,534.0,395.0,329.25,139.0,65.75,0.0,439,439,0,0,0,1
2026-05-07,A,A01CN017,CN,18,534.0,503.0,377.25,31.0,125.75,0.0,503,503,0,0,0,1
2026-05-07,A,A01CN024,CN,18,524.0,125.0,114.92,399.0,10.08,0.0,197,197,0,0,0,1
2026-05-07,A,A01CN030,CN,18,539.0,421.0,402.0,118.0,19.0,0.0,402,402,0,0,0,1
2026-05-07,A,A01CN081,CN,18,534.0,497.0,424.0,37.0,73.0,0.0,424,424,0,0,0,1
2026-05-07,A,A01CN083,CN,18,534.0,460.0,460.0,74.0,0.0,0.0,2970,2970,0,0,0,1
2026-05-07,A,A01CN085,CN,18,534.0,477.0,423.47,57.0,53.53,0.0,397,397,0,0,0,1
2026-05-07,A,A01CN099,CN,18,534.0,493.0,455.0,41.0,38.0,0.0,455,455,0,0,0,1
2026-05-07,A,A01HB014,HB,18,534.0,505.0,505.0,29.0,0.0,0.0,855,855,0,0,0,1
2026-05-07,A,A01CN112,CN,18,219.0,57.0,36.0,162.0,21.0,0.0,36,36,0,0,0,1
2026-05-07,A,A01CN001,CN,18,544.0,305.0,238.0,239.0,67.0,0.0,238,238,0,0,0,1
2026-05-07,A,A01CN070,CN,18,539.0,523.0,396.0,16.0,127.0,0.0,396,396,0,0,0,1
2026-05-07,A,A01VMC03,VM,18,549.0,488.0,488.0,61.0,0.0,0.0,2040,2040,0,0,0,1
2026-05-07,A,A01VMC10,VM,18,549.0,244.0,200.0,305.0,44.0,0.0,1200,1200,0,0,0,1
2026-05-07,A,A01CN124,CN,18,559.0,238.0,152.97,321.0,85.03,0.0,353,353,0,0,0,1
2026-05-07,A,A01CN125,CN,18,559.0,213.0,120.0,346.0,93.0,0.0,300,300,0,0,0,1
2026-05-07,A,A01CN130,CN,18,559.0,114.0,114.0,445.0,0.0,0.0,190,190,0,0,0,1
2026-05-07,A,A01CN131,CN,18,559.0,508.0,508.0,51.0,0.0,0.0,836,836,0,0,0,1
2026-05-07,A,A01VMC07,VM,18,548.0,311.0,311.0,237.0,0.0,0.0,1296,1296,0,0,0,1
2026-05-07,A,A01HB025,HB,18,13.0,13.0,13.0,0.0,0.0,0.0,374,374,0,0,0,1
2026-05-07,B,A01HB007,HB,20,49.0,17.0,15.83,32.0,1.17,0.0,50,50,0,0,0,1
2026-05-07,B,A01CN129,CN,20,49.0,0.0,0.0,49.0,0.0,0.0,0,0,0,0,0,1
2026-05-07,B,A01CN135,CN,20,49.0,0.0,0.0,49.0,0.0,0.0,0,0,0,0,0,1
2026-05-07,B,A01HB002,HB,20,49.0,49.0,49.0,0.0,0.0,0.0,133,133,0,0,0,1
2026-05-07,B,A01CN053,CN,21,109.0,92.0,92.0,17.0,0.0,0.0,324,324,0,0,0,1
2026-05-07,B,A01CN054,CN,21,109.0,54.0,43.0,55.0,11.0,0.0,129,129,0,0,0,1
2026-05-07,B,A01CN049,CN,21,109.0,109.0,109.0,0.0,0.0,0.0,121,121,0,0,0,1
2026-05-07,B,A01CN052,CN,21,109.0,109.0,109.0,0.0,0.0,0.0,125,125,0,0,0,1
2026-05-07,B,A01CN055,CN,21,109.0,106.0,104.0,3.0,2.0,0.0,312,312,0,0,0,1
2026-05-07,B,A01CN056,CN,21,109.0,50.0,46.2,59.0,3.8,0.0,154,154,0,0,0,1
2026-05-07,B,A01CN057,CN,21,109.0,101.0,94.8,8.0,6.2,0.0,316,316,0,0,0,1
2026-05-07,B,A01CN058,CN,21,109.0,107.0,107.0,2.0,0.0,0.0,323,323,0,0,0,1
2026-05-07,B,A01CN059,CN,21,109.0,100.0,100.0,9.0,0.0,0.0,319,319,0,0,0,1
2026-05-07,B,A01CN060,CN,21,109.0,108.0,108.0,1.0,0.0,0.0,372,372,0,0,0,1
2026-05-07,B,A01CN072,CN,21,109.0,97.0,81.6,12.0,15.4,0.0,272,272,0,0,0,1
2026-05-07,B,A01CN073,CN,21,109.0,49.0,31.67,60.0,17.33,0.0,95,95,0,0,0,1
2026-05-07,B,A01CN076,CN,21,109.0,97.0,81.6,12.0,15.4,0.0,272,272,0,0,0,1
2026-05-07,B,A01CN077,CN,21,109.0,103.0,103.0,6.0,0.0,0.0,370,370,0,0,0,1
2026-05-07,B,A01TMC10,TM,21,54.0,48.0,48.0,6.0,0.0,0.0,55,55,0,0,0,1
2026-05-07,B,A01CN124,CN,21,109.0,0.0,0.0,109.0,0.0,0.0,0,0,0,0,0,1
2026-05-07,B,A01CN127,CN,21,109.0,97.0,89.6,12.0,7.4,0.0,112,112,0,0,0,1
2026-05-07,B,A01CN131,CN,21,109.0,109.0,109.0,0.0,0.0,0.0,192,192,0,0,0,1
2026-05-07,B,A01HB001,HB,21,109.0,109.0,93.33,0.0,15.67,0.0,320,320,0,0,0,1
2026-05-07,B,A01HB003,HB,21,109.0,109.0,108.27,0.0,0.73,0.0,232,232,0,0,0,1
2026-05-07,B,A01HB005,HB,21,109.0,62.0,25.2,47.0,36.8,0.0,72,72,0,0,0,1
2026-05-07,B,A01HB006,HB,21,109.0,109.0,92.28,0.0,16.72,0.0,245,245,0,0,0,1
2026-05-07,B,A01HB008,HB,21,109.0,109.0,95.67,0.0,13.33,0.0,246,246,0,0,0,1
2026-05-07,B,A01HB009,HB,21,109.0,109.0,109.0,0.0,0.0,0.0,308,308,0,0,0,1
2026-05-07,B,A01HB010,HB,21,109.0,109.0,94.2,0.0,14.8,0.0,252,252,0,0,0,1
2026-05-07,B,A01HB011,HB,21,109.0,109.0,109.0,0.0,0.0,0.0,620,620,0,0,0,1
2026-05-07,B,A01HB015,HB,21,109.0,0.0,0.0,109.0,0.0,0.0,0,0,0,0,0,1
2026-05-07,B,A01HB017,HB,21,109.0,109.0,105.92,0.0,3.08,0.0,246,246,0,0,0,1
2026-05-07,B,A01HB018,HB,21,109.0,109.0,109.0,0.0,0.0,0.0,175,175,0,0,0,1
2026-05-07,B,A01HB020,HB,21,109.0,109.0,109.0,0.0,0.0,0.0,228,228,0,0,0,1
2026-05-07,B,A01CN015,CN,21,701.0,568.0,568.0,133.0,0.0,0.0,2055,2055,0,0,0,1
2026-05-07,B,A01HB004,HB,21,109.0,109.0,92.32,0.0,16.68,0.0,232,232,0,0,0,1
2026-05-07,B,A01CN061,CN,21,109.0,0.0,0.0,109.0,0.0,0.0,0,0,0,0,0,1
2026-05-07,B,A01CN069,CN,21,109.0,0.0,0.0,109.0,0.0,0.0,0,0,0,0,0,1
2026-05-07,B,A01VMC02,VM,21,135.0,0.0,0.0,135.0,0.0,0.0,0,0,0,0,0,1
2026-05-07,B,A01CN063,CN,22,151.0,143.0,143.0,8.0,0.0,0.0,408,408,0,0,0,1
2026-05-07,B,A01CN122,CN,22,149.0,112.0,112.0,37.0,0.0,0.0,288,288,0,0,0,1
2026-05-07,B,A01VMC02,VM,22,2.0,0.0,0.0,2.0,0.0,0.0,0,0,0,0,0,1
2026-05-07,B,A01VMC06,VM,22,148.0,113.0,97.47,35.0,15.53,0.0,86,86,0,0,0,1
2026-05-07,B,A01CN100,CN,22,150.0,135.0,135.0,15.0,0.0,0.0,146,146,0,0,0,1
2026-05-07,B,A01CN116,CN,22,149.0,43.0,7.73,106.0,35.27,0.0,8,8,0,0,0,1
2026-05-07,B,A01CN139,CN,22,164.0,136.0,136.0,28.0,0.0,0.0,204,204,0,0,0,1
2026-05-07,B,A01CN123,CN,22,148.0,142.0,142.0,6.0,0.0,0.0,110,110,0,0,0,1
2026-05-07,B,A01CN081,CN,22,164.0,132.0,121.0,32.0,11.0,0.0,121,121,0,0,0,1
2026-05-07,B,A01CN039,CN,22,164.0,141.0,141.0,23.0,0.0,0.0,486,486,0,0,0,1
2026-05-07,B,A01CN097,CN,22,169.0,76.0,76.0,93.0,0.0,0.0,276,276,0,0,0,1
2026-05-07,B,A01CN025,CN,23,189.0,171.0,171.0,18.0,0.0,0.0,681,681,0,0,0,1
2026-05-07,B,A01CN103,CN,23,214.0,195.0,195.0,19.0,0.0,0.0,792,792,0,0,0,1
2026-05-07,A,A01CN121,CN,23,701.0,270.0,266.42,431.0,3.58,0.0,695,695,0,0,0,1
2026-05-07,B,A01HB012,HB,0,49.0,13.0,13.0,36.0,0.0,0.0,170,170,0,0,0,1
2026-05-07,B,A01CN013,CN,0,274.0,252.0,252.0,22.0,0.0,0.0,1029,1029,0,0,0,1
2026-05-07,B,A01CN093,CN,1,304.0,291.0,291.0,13.0,0.0,0.0,1344,1344,0,0,0,1
2026-05-07,B,A01CN116,CN,1,144.0,99.0,99.0,45.0,0.0,0.0,106,106,0,0,0,1
2026-05-07,B,A01CN003,CN,1,339.0,318.0,172.8,21.0,145.2,0.0,576,576,0,0,0,1
2026-05-07,B,A01CN094,CN,1,329.0,288.0,288.0,41.0,0.0,0.0,824,824,0,0,0,1
2026-05-07,B,A01CN096,CN,1,329.0,305.0,305.0,24.0,0.0,0.0,1232,1232,0,0,0,1
2026-05-07,B,A01CN004,CN,2,389.0,329.0,264.0,60.0,65.0,0.33,792,791,1,0,1,1
2026-05-07,B,A01CN031,CN,2,389.0,332.0,332.0,57.0,0.0,0.0,1407,1407,0,0,0,1
2026-05-07,B,A01CN102,CN,2,394.0,320.0,295.88,74.0,24.12,0.0,433,433,0,0,0,1
2026-05-07,B,A01CN042,CN,2,419.0,407.0,371.8,12.0,35.2,0.0,676,676,0,0,0,1
2026-05-07,B,A01VMC08,VM,2,434.0,389.0,389.0,45.0,0.0,0.3,1290,1289,0,1,1,1
2026-05-07,B,A01VMC09,VM,2,431.0,384.0,384.0,47.0,0.0,0.0,1290,1290,0,0,0,1
2026-05-07,B,A01VMC11,VM,2,431.0,25.0,23.75,406.0,1.25,0.0,75,75,0,0,0,1
2026-05-07,B,A01CN088,CN,3,369.0,146.0,85.95,223.0,60.05,0.0,191,191,0,0,0,1
2026-05-07,B,A01CN090,CN,3,449.0,427.0,427.0,22.0,0.0,0.0,1779,1779,0,0,0,1
2026-05-07,B,A01CN095,CN,3,459.0,382.0,382.0,77.0,0.0,0.0,1712,1712,0,0,0,1
2026-05-07,B,A01CN101,CN,3,454.0,429.0,429.0,25.0,0.0,0.0,628,628,0,0,0,1
2026-05-07,B,A01CN026,CN,4,489.0,488.0,488.0,1.0,0.0,0.0,1574,1574,0,0,0,1
2026-05-07,B,A01CN078,CN,4,457.0,338.0,338.0,119.0,0.0,0.0,719,719,0,0,0,1
2026-05-07,B,A01BR007,BR,4,459.0,225.0,225.0,234.0,0.0,0.0,2568,2568,0,0,0,1
2026-05-07,B,A01HB022,HB,4,454.0,419.0,419.0,35.0,0.0,0.0,408,408,0,0,0,1
2026-05-07,B,A01CN114,CN,4,464.0,309.0,309.0,155.0,0.0,0.0,1044,1044,0,0,0,1
2026-05-07,B,A01VMC04,VM,4,109.0,70.0,65.0,39.0,5.0,0.0,195,195,0,0,0,1
2026-05-07,B,A01CN046,CN,4,480.0,426.0,426.0,54.0,0.0,0.0,804,804,0,0,0,1
2026-05-07,B,A01TMC03,TM,4,551.0,521.0,521.0,30.0,0.0,0.83,1256,1254,2,0,2,1
2026-05-07,B,A01TMC07,TM,4,555.0,548.0,548.0,7.0,0.0,0.0,1187,1187,0,0,0,1
2026-05-07,B,A01TMC09,TM,4,555.0,554.0,554.0,1.0,0.0,0.0,1323,1323,0,0,0,1
2026-05-07,B,A01TMC08,TM,4,555.0,552.0,552.0,3.0,0.0,0.0,1165,1165,0,0,0,1
2026-05-07,B,A01CN045,CN,4,547.0,503.0,494.13,44.0,8.87,0.0,872,872,0,0,0,1
2026-05-07,B,A01CN047,CN,4,548.0,473.0,461.27,75.0,11.73,0.0,814,814,0,0,0,1
2026-05-07,B,A01CN048,CN,4,538.0,462.0,462.0,76.0,0.0,0.0,866,866,0,0,0,1
2026-05-07,B,A01CN050,CN,4,546.0,524.0,489.6,22.0,34.4,0.0,864,864,0,0,0,1
2026-05-07,B,A01CN051,CN,4,538.0,464.0,464.0,74.0,0.0,0.0,894,894,0,0,0,1
2026-05-07,B,A01CN062,CN,4,504.0,449.0,449.0,55.0,0.0,0.0,870,870,0,0,0,1
2026-05-07,B,A01CN068,CN,4,494.0,436.0,436.0,58.0,0.0,0.0,818,818,0,0,0,1
2026-05-07,B,A01VMC07,VM,4,105.0,73.0,73.0,32.0,0.0,0.0,400,400,0,0,0,1
2026-05-07,B,A01VMC11,VM,4,105.0,66.0,66.0,39.0,0.0,0.0,240,240,0,0,0,1
2026-05-07,B,A01VMC12,VM,4,379.0,322.0,322.0,57.0,0.0,0.0,1065,1065,0,0,0,1
2026-05-07,B,A01VMC15,VM,4,494.0,472.0,409.5,22.0,62.5,0.0,1365,1365,0,0,0,1
2026-05-07,B,A01CN014,CN,5,549.0,489.0,489.0,60.0,0.0,0.0,1776,1776,0,0,0,1
2026-05-07,B,A01CN021,CN,5,549.0,488.0,472.33,61.0,15.67,0.0,1417,1417,0,0,0,1
2026-05-07,B,A01CN022,CN,5,549.0,487.0,487.0,62.0,0.0,0.0,1707,1707,0,0,0,1
2026-05-07,B,A01CN023,CN,5,549.0,492.0,492.0,57.0,0.0,0.0,1602,1602,0,0,0,1
2026-05-07,B,A01CN067,CN,5,550.0,454.0,394.07,96.0,59.93,0.0,514,514,0,0,0,1
2026-05-07,B,A01CN080,CN,5,549.0,243.0,226.67,306.0,16.33,0.0,680,680,0,0,0,1
2026-05-07,B,A01CN089,CN,5,549.0,373.0,247.87,176.0,125.13,0.0,286,286,0,0,0,1
2026-05-07,B,A01HB025,HB,5,566.0,534.0,534.0,32.0,0.0,0.0,782,782,0,0,0,1
2026-05-07,B,A01VMC16,VM,5,564.0,507.0,463.5,57.0,43.5,0.0,1545,1545,0,0,0,1
2026-05-07,B,A01CN107,CN,5,549.0,362.0,362.0,187.0,0.0,0.0,513,513,0,0,0,1
2026-05-07,B,A01BR005,BR,5,549.0,327.0,327.0,222.0,0.0,0.0,4500,4500,0,0,0,1
2026-05-07,B,A01CN113,CN,5,519.0,441.0,441.0,78.0,0.0,0.0,650,650,0,0,0,1
2026-05-07,B,A01CN005,CN,5,544.0,512.0,512.0,32.0,0.0,0.0,748,748,0,0,0,1
2026-05-07,B,A01CN024,CN,5,544.0,505.0,445.67,39.0,59.33,0.0,764,764,0,0,0,1
2026-05-07,B,A01CN065,CN,5,544.0,492.0,464.25,52.0,27.75,0.0,619,619,0,0,0,1
2026-05-07,B,A01CN070,CN,5,554.0,525.0,482.0,29.0,43.0,0.0,482,482,0,0,0,1
2026-05-07,B,A01CN083,CN,5,554.0,482.0,482.0,72.0,0.0,0.0,3260,3260,0,0,0,1
2026-05-07,B,A01CN020,CN,5,554.0,481.0,301.0,73.0,180.0,0.0,602,602,0,0,0,1
2026-05-07,U,A01CN064,CN,5,0.0,0.0,0.0,0.0,0.0,0.0,0,0,0,0,0,0
2026-05-07,B,A01CN108,CN,5,559.0,342.0,231.0,217.0,111.0,0.0,231,231,0,0,0,1
2026-05-07,B,A01CN111,CN,5,559.0,350.0,233.0,209.0,117.0,0.0,233,233,0,0,0,1
2026-05-07,B,A01CN006,CN,5,569.0,512.0,512.0,57.0,0.0,0.0,1638,1638,0,0,0,1
2026-05-07,B,A01CN008,CN,5,574.0,266.0,256.8,308.0,9.2,0.0,856,856,0,0,0,1
2026-05-07,B,A01CN038,CN,5,567.0,490.0,490.0,77.0,0.0,0.0,2520,2520,0,0,0,1
2026-05-07,B,A01CN066,CN,5,607.0,565.0,558.75,42.0,6.25,0.0,2235,2235,0,0,0,1
2026-05-07,B,A01CN091,CN,5,574.0,486.0,486.0,88.0,0.0,0.0,1122,1122,0,0,0,1
2026-05-07,B,A01CN104,CN,5,574.0,487.0,487.0,87.0,0.0,0.0,1173,1173,0,0,0,1
2026-05-07,B,A01CN001,CN,6,574.0,527.0,488.0,47.0,39.0,0.0,488,488,0,0,0,1
2026-05-07,B,A01CN030,CN,6,574.0,523.0,480.0,51.0,43.0,0.0,480,480,0,0,0,1
2026-05-07,B,A01CN041,CN,6,574.0,508.0,481.5,66.0,26.5,0.0,642,642,0,0,0,1
2026-05-07,B,A01CN018,CN,6,584.0,520.0,520.0,64.0,0.0,0.0,704,704,0,0,0,1
2026-05-07,B,A01CN017,CN,6,601.0,485.0,478.5,116.0,6.5,0.0,638,638,0,0,0,1
2026-05-07,B,A01CN085,CN,6,614.0,559.0,559.0,55.0,0.0,0.0,536,536,0,0,0,1
2026-05-07,B,A01CN099,CN,6,614.0,526.0,496.0,88.0,30.0,0.0,496,496,0,0,0,1
2026-05-07,B,A01TMC04,TM,6,687.0,612.0,612.0,75.0,0.0,0.0,710,710,0,0,0,1
2026-05-07,B,A01TMC05,TM,6,687.0,595.0,595.0,92.0,0.0,0.0,723,723,0,0,0,1
2026-05-07,B,A01TMC06,TM,6,687.0,631.0,612.95,56.0,18.05,0.0,897,897,0,0,0,1
2026-05-07,B,A01VMC03,VM,6,614.0,511.0,460.0,103.0,51.0,0.0,1840,1840,0,0,0,1
2026-05-07,B,A01HB016,HB,6,675.0,581.0,554.8,94.0,26.2,0.0,1824,1824,0,0,0,1
2026-05-07,B,A01HB013,HB,7,677.0,588.0,588.0,89.0,0.0,0.0,1440,1440,0,0,0,1
2026-05-07,B,A01HB014,HB,7,677.0,590.0,590.0,87.0,0.0,0.0,1026,1026,0,0,0,1
2026-05-07,B,A01HB023,HB,7,687.0,590.0,590.0,97.0,0.0,0.0,770,770,0,0,0,1
2026-05-07,B,A01HB024,HB,7,687.0,630.0,526.9,57.0,103.1,0.0,726,726,0,0,0,1
2026-05-08,B,A01CN002,CN,8,701.0,28.0,15.2,673.0,12.8,0.0,48,48,0,0,0,1
2026-05-08,A,A01CN064,CN,12,184.0,176.0,140.0,8.0,36.0,0.0,140,140,0,0,0,1
2026-05-08,A,A01CN108,CN,12,184.0,147.0,113.0,37.0,34.0,0.0,113,113,0,0,0,1
2026-05-08,A,A01CN111,CN,12,184.0,133.0,106.0,51.0,27.0,0.0,106,106,0,0,0,1
2026-05-08,A,A01CN073,CN,12,169.0,135.0,116.0,34.0,19.0,0.0,348,348,0,0,0,1
2026-05-08,A,A01CN063,CN,12,224.0,202.0,152.53,22.0,49.47,0.0,352,352,0,0,0,1
2026-05-08,A,A01CN003,CN,12,160.0,156.0,89.4,4.0,66.6,0.0,298,298,0,0,0,1
2026-05-08,A,A01CN007,CN,12,109.0,76.0,76.0,33.0,0.0,0.0,244,244,0,0,0,1
2026-05-08,A,A01CN008,CN,12,36.0,4.0,1.5,32.0,2.5,0.0,5,5,0,0,0,1
2026-05-08,A,A01CN015,CN,12,219.0,177.0,169.5,42.0,7.5,0.0,565,565,0,0,0,1
2026-05-08,A,A01CN042,CN,12,64.0,58.0,58.0,6.0,0.0,0.0,140,140,0,0,0,1
2026-05-08,A,A01CN078,CN,12,214.0,193.0,160.5,21.0,32.5,0.0,321,321,0,0,0,1
2026-05-08,A,A01CN086,CN,12,214.0,185.0,124.5,29.0,60.5,0.0,180,180,0,0,0,1
2026-05-08,A,A01CN088,CN,12,189.0,143.0,117.9,46.0,25.1,0.0,262,262,0,0,0,1
2026-05-08,A,A01CN092,CN,12,160.0,114.0,114.0,46.0,0.0,0.0,262,262,0,0,0,1
2026-05-08,A,A01VMC07,VM,12,229.0,171.0,171.0,58.0,0.0,0.0,896,896,0,0,0,1
2026-05-08,A,A01BR007,BR,12,49.0,7.0,7.0,42.0,0.0,0.0,356,356,0,0,0,1
2026-05-08,A,A01TAP14,TA,12,49.0,16.0,16.0,33.0,0.0,0.0,535,535,0,0,0,1
2026-05-08,A,A01CN122,CN,14,149.0,33.0,18.63,116.0,14.37,0.0,43,43,0,0,0,1
2026-05-08,A,A01CN123,CN,14,149.0,124.0,102.67,25.0,21.33,0.0,70,70,0,0,0,1
2026-05-08,A,A01CN029,CN,16,179.0,165.0,164.9,14.0,0.1,0.0,582,582,0,0,0,1
2026-05-08,A,A01CN067,CN,16,179.0,160.0,130.33,19.0,29.67,0.0,170,170,0,0,0,1
2026-05-08,A,A01CN114,CN,16,174.0,141.0,141.0,33.0,0.0,0.0,426,426,0,0,0,1
2026-05-08,A,A01CN002,CN,16,350.0,326.0,326.0,24.0,0.0,0.0,1143,1143,0,0,0,1
2026-05-08,A,A01CN004,CN,16,350.0,0.0,0.0,350.0,0.0,0.0,0,0,0,0,0,1
2026-05-08,A,A01CN006,CN,16,350.0,336.0,327.33,14.0,8.67,0.0,982,982,0,0,0,1
2026-05-08,A,A01CN025,CN,16,350.0,69.0,69.0,281.0,0.0,0.0,270,270,0,0,0,1
2026-05-08,A,A01CN031,CN,16,350.0,176.0,174.4,174.0,1.6,0.0,654,654,0,0,0,1
2026-05-08,A,A01CN038,CN,16,350.0,337.0,337.0,13.0,0.0,0.0,1641,1641,0,0,0,1
2026-05-08,A,A01CN039,CN,16,350.0,328.0,319.2,22.0,8.8,0.0,1008,1008,0,0,0,1
2026-05-08,A,A01CN090,CN,16,350.0,191.0,176.8,159.0,14.2,0.0,663,663,0,0,0,1
2026-05-08,A,A01CN091,CN,16,350.0,187.0,187.0,163.0,0.0,0.0,378,378,0,0,0,1
2026-05-08,A,A01CN093,CN,16,350.0,159.0,149.6,191.0,9.4,0.0,561,561,0,0,0,1
2026-05-08,A,A01CN094,CN,16,350.0,339.0,339.0,11.0,0.0,0.0,916,916,0,0,0,1
2026-05-08,A,A01CN096,CN,16,350.0,341.0,341.0,9.0,0.0,0.0,1260,1260,0,0,0,1
2026-05-08,A,A01CN097,CN,16,350.0,343.0,343.0,7.0,0.0,0.0,1216,1216,0,0,0,1
2026-05-08,A,A01TMC09,TM,16,413.0,402.0,402.0,11.0,0.0,0.0,936,936,0,0,0,1
2026-05-08,A,A01CN101,CN,16,350.0,308.0,245.32,42.0,62.68,0.0,359,359,0,0,0,1
2026-05-08,A,A01CN102,CN,16,350.0,253.0,219.35,97.0,33.65,0.0,321,321,0,0,0,1
2026-05-08,A,A01CN104,CN,16,350.0,329.0,329.0,21.0,0.0,0.0,662,662,0,0,0,1
2026-05-08,A,A01CN139,CN,16,154.0,97.0,83.33,57.0,13.67,0.0,125,125,0,0,0,1
2026-05-08,A,A01CN027,CN,16,279.0,254.0,141.17,25.0,112.83,0.0,154,154,0,0,0,1
2026-05-08,A,A01CN066,CN,16,414.0,398.0,398.0,16.0,0.0,0.0,1593,1593,0,0,0,1
2026-05-08,A,A01TMC04,TM,16,440.0,424.0,409.93,16.0,14.07,0.0,473,473,0,0,0,1
2026-05-08,A,A01TMC05,TM,16,440.0,428.0,428.0,12.0,0.0,0.0,512,512,0,0,0,1
2026-05-08,A,A01TMC06,TM,16,440.0,421.0,410.68,19.0,10.32,0.0,601,601,0,0,0,1
2026-05-08,A,A01TMC07,TM,16,418.0,379.0,379.0,39.0,0.0,0.0,790,790,0,0,0,1
2026-05-08,A,A01VMC01,VM,16,233.0,208.0,208.0,25.0,0.0,0.0,1020,1020,0,0,0,1
2026-05-08,A,A01CN100,CN,16,416.0,399.0,399.0,17.0,0.0,0.0,494,494,0,0,0,1
2026-05-08,A,A01TMC08,TM,16,418.0,391.0,391.0,27.0,0.0,0.0,818,818,0,0,0,1
2026-05-08,A,A01CN137,CN,16,414.0,400.0,381.6,14.0,18.4,0.0,636,636,0,0,0,1
2026-05-08,A,A01CN045,CN,16,439.0,413.0,404.6,26.0,8.4,0.57,714,713,1,0,1,1
2026-05-08,A,A01CN046,CN,16,439.0,407.0,399.3,32.0,7.7,0.0,726,726,0,0,0,1
2026-05-08,A,A01CN047,CN,16,429.0,404.0,395.53,25.0,8.47,0.0,698,698,0,0,0,1
2026-05-08,A,A01CN048,CN,16,429.0,260.0,256.13,169.0,3.87,0.0,452,452,0,0,0,1
2026-05-08,A,A01CN050,CN,16,429.0,398.0,381.93,31.0,16.07,0.0,674,674,0,0,0,1
2026-05-08,A,A01CN051,CN,16,429.0,230.0,228.8,199.0,1.2,0.0,416,416,0,0,0,1
2026-05-08,A,A01CN062,CN,16,439.0,422.0,414.8,17.0,7.2,0.0,732,732,0,0,0,1
2026-05-08,A,A01CN068,CN,16,439.0,409.0,368.5,30.0,40.5,11.0,670,650,16,4,20,1
2026-05-08,A,A01CN084,CN,16,429.0,370.0,262.2,59.0,107.8,0.0,437,437,0,0,0,1
2026-05-08,A,A01CN098,CN,16,424.0,358.0,251.0,66.0,107.0,0.0,251,251,0,0,0,1
2026-05-08,A,A01HB013,HB,16,429.0,394.0,388.33,35.0,5.67,0.0,800,800,0,0,0,1
2026-05-08,A,A01HB016,HB,16,320.0,276.0,209.27,44.0,66.73,0.0,688,688,0,0,0,1
2026-05-08,A,A01VMC08,VM,16,429.0,416.0,399.0,13.0,17.0,0.0,1260,1260,0,0,0,1
2026-05-08,A,A01VMC09,VM,16,429.0,407.0,361.0,22.0,46.0,0.32,1140,1139,1,0,1,1
2026-05-08,A,A01VMC11,VM,16,429.0,389.0,351.5,40.0,37.5,0.0,1110,1110,0,0,0,1
2026-05-08,A,A01VMC12,VM,16,469.0,421.0,408.5,48.0,12.5,0.0,1290,1290,0,0,0,1
2026-05-08,A,A01VMC15,VM,16,439.0,424.0,396.0,15.0,28.0,0.0,1320,1320,0,0,0,1
2026-05-08,A,A01VMC16,VM,16,439.0,424.0,391.5,15.0,32.5,0.0,1305,1305,0,0,0,1
2026-05-08,A,A01CN107,CN,16,419.0,261.0,176.0,158.0,85.0,0.0,220,220,0,0,0,1
2026-05-08,A,A01HB022,HB,16,428.0,281.0,281.0,147.0,0.0,0.0,300,300,0,0,0,1
2026-05-08,A,A01HB023,HB,16,427.0,427.0,424.4,0.0,2.6,0.0,528,528,0,0,0,1
2026-05-08,A,A01HB024,HB,16,426.0,426.0,367.23,0.0,58.77,0.0,506,506,0,0,0,1
2026-05-08,A,A01CN117,CN,16,421.0,409.0,409.0,12.0,0.0,0.0,537,537,0,0,0,1
2026-05-08,A,A01CN128,CN,16,394.0,365.0,365.0,29.0,0.0,0.0,628,628,0,0,0,1
2026-05-08,A,A01CN014,CN,18,509.0,449.0,449.0,60.0,0.0,0.0,1667,1667,0,0,0,1
2026-05-08,A,A01CN021,CN,18,509.0,290.0,280.33,219.0,9.67,0.0,841,841,0,0,0,1
2026-05-08,A,A01CN022,CN,18,509.0,469.0,469.0,40.0,0.0,0.0,1569,1569,0,0,0,1
2026-05-08,A,A01CN023,CN,18,509.0,458.0,458.0,51.0,0.0,0.0,1483,1483,0,0,0,1
2026-05-08,A,A01CN026,CN,18,509.0,458.0,458.0,51.0,0.0,0.0,1505,1505,0,0,0,1
2026-05-08,A,A01CN071,CN,18,539.0,456.0,456.0,83.0,0.0,0.0,1661,1661,0,0,0,1
2026-05-08,A,A01CN080,CN,18,509.0,492.0,492.0,17.0,0.0,0.0,1482,1482,0,0,0,1
2026-05-08,A,A01CN087,CN,18,504.0,448.0,347.2,56.0,100.8,0.0,744,744,0,0,0,1
2026-05-08,A,A01CN089,CN,18,509.0,490.0,457.6,19.0,32.4,0.0,528,528,0,0,0,1
2026-05-08,A,A01HB025,HB,18,228.0,228.0,228.0,0.0,0.0,0.0,646,646,0,0,0,1
2026-05-08,A,A01HB014,HB,18,519.0,494.0,494.0,25.0,0.0,0.0,855,855,0,0,0,1
2026-05-08,A,A01CN105,CN,18,504.0,197.0,161.65,307.0,35.35,0.0,183,183,0,0,0,1
2026-05-08,A,A01CN106,CN,18,504.0,339.0,207.77,165.0,131.23,0.0,271,271,0,0,0,1
2026-05-08,A,A01BR005,BR,18,509.0,412.0,412.0,97.0,0.0,0.0,4152,4152,0,0,0,1
2026-05-08,A,A01CN113,CN,18,509.0,345.0,307.5,164.0,37.5,0.0,369,369,0,0,0,1
2026-05-08,A,A01CN041,CN,18,511.0,495.0,440.25,16.0,54.75,0.0,587,587,0,0,0,1
2026-05-08,A,A01CN053,CN,18,479.0,459.0,433.2,20.0,25.8,0.0,1444,1444,0,0,0,1
2026-05-08,A,A01CN054,CN,18,479.0,440.0,440.0,39.0,0.0,0.0,1324,1324,0,0,0,1
2026-05-08,A,A01CN056,CN,18,479.0,420.0,420.0,59.0,0.0,0.0,1498,1498,0,0,0,1
2026-05-08,A,A01CN057,CN,18,479.0,402.0,386.1,77.0,15.9,0.0,1287,1287,0,0,0,1
2026-05-08,A,A01CN058,CN,18,479.0,320.0,312.67,159.0,7.33,0.0,938,938,0,0,0,1
2026-05-08,A,A01CN059,CN,18,479.0,439.0,429.0,40.0,10.0,0.0,1287,1287,0,0,0,1
2026-05-08,A,A01CN060,CN,18,479.0,418.0,393.0,61.0,25.0,0.0,1310,1310,0,0,0,1
2026-05-08,A,A01CN065,CN,18,511.0,488.0,413.25,23.0,74.75,0.0,551,551,0,0,0,1
2026-05-08,A,A01CN072,CN,18,479.0,452.0,392.4,27.0,59.6,0.0,1308,1308,0,0,0,1
2026-05-08,A,A01CN076,CN,18,479.0,398.0,356.4,81.0,41.6,0.0,1188,1188,0,0,0,1
2026-05-08,A,A01CN077,CN,18,479.0,417.0,417.0,62.0,0.0,0.0,1414,1414,0,0,0,1
2026-05-08,A,A01CN005,CN,18,519.0,384.0,291.75,135.0,92.25,0.0,389,389,0,0,0,1
2026-05-08,A,A01CN017,CN,18,518.0,498.0,385.5,20.0,112.5,0.0,514,514,0,0,0,1
2026-05-08,A,A01CN018,CN,18,519.0,481.0,360.0,38.0,121.0,0.0,480,480,0,0,0,1
2026-05-08,A,A01CN024,CN,18,514.0,364.0,226.92,150.0,137.08,0.0,389,389,0,0,0,1
2026-05-08,A,A01CN030,CN,18,519.0,467.0,437.0,52.0,30.0,0.0,437,437,0,0,0,1
2026-05-08,A,A01CN081,CN,18,519.0,424.0,335.0,95.0,89.0,0.0,335,335,0,0,0,1
2026-05-08,A,A01CN083,CN,18,519.0,470.0,470.0,49.0,0.0,0.0,2820,2820,0,0,0,1
2026-05-08,A,A01CN085,CN,18,514.0,442.0,376.53,72.0,65.47,0.0,353,353,0,0,0,1
2026-05-08,A,A01CN099,CN,18,516.0,484.0,437.0,32.0,47.0,0.0,437,437,0,0,0,1
2026-05-08,A,A01CN020,CN,18,529.0,495.0,317.0,34.0,178.0,0.0,634,634,0,0,0,1
2026-05-08,A,A01CN112,CN,18,532.0,450.0,397.0,82.0,53.0,0.0,397,397,0,0,0,1
2026-05-08,A,A01CN001,CN,18,524.0,443.0,341.0,81.0,102.0,0.0,341,341,0,0,0,1
2026-05-08,A,A01CN055,CN,18,489.0,436.0,432.33,53.0,3.67,0.0,1297,1297,0,0,0,1
2026-05-08,A,A01CN070,CN,18,522.0,458.0,324.0,64.0,134.0,0.0,324,324,0,0,0,1
2026-05-08,A,A01TMC03,TM,18,557.0,497.0,497.0,60.0,0.0,0.0,1184,1184,0,0,0,1
2026-05-08,A,A01TMC10,TM,18,557.0,501.0,501.0,56.0,0.0,0.0,516,516,0,0,0,1
2026-05-08,A,A01CN124,CN,18,554.0,27.0,19.07,527.0,7.93,0.0,44,44,0,0,0,1
2026-05-08,A,A01CN125,CN,18,559.0,49.0,33.2,510.0,15.8,0.0,83,83,0,0,0,1
2026-05-08,A,A01CN130,CN,18,559.0,514.0,514.0,45.0,0.0,0.0,856,856,0,0,0,1
2026-05-08,A,A01CN131,CN,18,554.0,500.0,500.0,54.0,0.0,0.0,830,830,0,0,0,1
2026-05-08,A,A01CN132,CN,18,551.0,500.0,500.0,51.0,0.0,0.0,826,826,0,0,0,1
2026-05-08,A,A01VMC03,VM,18,554.0,554.0,510.0,0.0,44.0,0.0,2040,2040,0,0,0,1
2026-05-08,A,A01CN127,CN,18,559.0,496.0,387.2,63.0,108.8,0.0,484,484,0,0,0,1
2026-05-08,B,A01HB007,HB,20,49.0,0.0,0.0,49.0,0.0,0.0,0,0,0,0,0,1
2026-05-08,B,A01CN129,CN,20,49.0,0.0,0.0,49.0,0.0,0.0,0,0,0,0,0,1
2026-05-08,B,A01HB002,HB,20,49.0,49.0,49.0,0.0,0.0,0.0,140,140,0,0,0,1
2026-05-08,B,A01CN055,CN,20,49.0,33.0,33.0,16.0,0.0,0.0,122,122,0,0,0,1
2026-05-08,B,A01CN057,CN,20,49.0,34.0,34.0,15.0,0.0,0.0,124,124,0,0,0,1
2026-05-08,B,A01CN058,CN,20,49.0,49.0,49.0,0.0,0.0,0.0,175,175,0,0,0,1
2026-05-08,B,A01CN059,CN,20,49.0,48.0,48.0,1.0,0.0,0.0,173,173,0,0,0,1
2026-05-08,B,A01CN060,CN,20,49.0,49.0,49.0,0.0,0.0,0.0,190,190,0,0,0,1
2026-05-08,B,A01CN053,CN,20,49.0,48.0,42.6,1.0,5.4,0.0,142,142,0,0,0,1
2026-05-08,A,A01CN121,CN,21,701.0,359.0,350.37,342.0,8.63,0.0,914,914,0,0,0,1
2026-05-08,B,A01CN049,CN,21,109.0,109.0,109.0,0.0,0.0,0.0,126,126,0,0,0,1
2026-05-08,B,A01CN052,CN,21,109.0,103.0,103.0,6.0,0.0,0.0,114,114,0,0,0,1
2026-05-08,B,A01CN066,CN,21,109.0,90.0,82.5,19.0,7.5,0.0,330,330,0,0,0,1
2026-05-08,B,A01CN124,CN,21,109.0,43.0,0.0,66.0,43.0,0.0,0,0,0,0,0,1
2026-05-08,B,A01CN131,CN,21,109.0,109.0,109.0,0.0,0.0,0.0,196,196,0,0,0,1
2026-05-08,B,A01HB001,HB,21,109.0,109.0,100.33,0.0,8.67,0.0,344,344,0,0,0,1
2026-05-08,B,A01HB003,HB,21,109.0,109.0,109.0,0.0,0.0,0.0,240,240,0,0,0,1
2026-05-08,B,A01HB005,HB,21,109.0,97.0,96.6,12.0,0.4,0.0,276,276,0,0,0,1
2026-05-08,B,A01HB006,HB,21,109.0,109.0,101.7,0.0,7.3,0.0,270,270,0,0,0,1
2026-05-08,B,A01HB008,HB,21,109.0,109.0,104.25,0.0,4.75,0.0,315,315,0,0,0,1
2026-05-08,B,A01HB009,HB,21,109.0,109.0,109.0,0.0,0.0,0.0,308,308,0,0,0,1
2026-05-08,B,A01HB010,HB,21,109.0,109.0,109.0,0.0,0.0,0.0,336,336,0,0,0,1
2026-05-08,B,A01HB011,HB,21,109.0,109.0,109.0,0.0,0.0,0.0,640,640,0,0,0,1
2026-05-08,B,A01HB015,HB,21,109.0,0.0,0.0,109.0,0.0,0.0,0,0,0,0,0,1
2026-05-08,B,A01HB017,HB,21,109.0,109.0,108.5,0.0,0.5,0.0,252,252,0,0,0,1
2026-05-08,B,A01HB018,HB,21,109.0,109.0,109.0,0.0,0.0,0.0,182,182,0,0,0,1
2026-05-08,B,A01HB020,HB,21,109.0,109.0,109.0,0.0,0.0,0.0,216,216,0,0,0,1
2026-05-08,B,A01HB004,HB,21,109.0,109.0,95.5,0.0,13.5,0.0,240,240,0,0,0,1
2026-05-08,B,A01CN061,CN,21,109.0,0.0,0.0,109.0,0.0,0.0,0,0,0,0,0,1
2026-05-08,B,A01CN069,CN,21,109.0,103.0,103.0,6.0,0.0,0.0,134,134,0,0,0,1
2026-05-08,B,A01CN038,CN,21,136.0,136.0,136.0,0.0,0.0,0.0,669,669,0,0,0,1
2026-05-08,B,A01CN013,CN,22,151.0,141.0,141.0,10.0,0.0,0.0,303,303,0,0,0,1
2026-05-08,B,A01CN080,CN,22,129.0,19.0,17.67,110.0,1.33,0.0,53,53,0,0,0,1
2026-05-08,B,A01CN088,CN,22,129.0,75.0,50.4,54.0,24.6,0.0,112,112,0,0,0,1
2026-05-08,B,A01VMC06,VM,22,151.0,126.0,122.4,25.0,3.6,0.0,108,108,0,0,0,1
2026-05-08,B,A01CN100,CN,22,149.0,102.0,102.0,47.0,0.0,0.0,136,136,0,0,0,1
2026-05-08,B,A01CN116,CN,22,149.0,109.0,93.77,40.0,15.23,0.0,97,97,0,0,0,1
2026-05-08,B,A01CN139,CN,22,154.0,136.0,136.0,18.0,0.0,0.0,233,233,0,0,0,1
2026-05-08,B,A01CN115,CN,22,131.0,128.0,128.0,3.0,0.0,0.0,172,172,0,0,0,1
2026-05-08,B,A01CN123,CN,22,131.0,115.0,115.0,16.0,0.0,0.0,96,96,0,0,0,1
2026-05-08,B,A01CN066,CN,22,17.0,17.0,17.0,0.0,0.0,0.0,225,225,0,0,0,1
2026-05-08,B,A01CN066,CN,22,17.0,17.0,17.0,0.0,0.0,0.0,225,225,0,0,0,1
2026-05-08,B,A01CN093,CN,23,214.0,162.0,162.0,52.0,0.0,0.0,672,672,0,0,0,1
2026-05-08,B,A01CN126,CN,0,49.0,33.0,33.0,16.0,0.0,0.0,120,120,0,0,0,1
2026-05-08,B,A01CN127,CN,0,49.0,42.0,39.2,7.0,2.8,0.0,49,49,0,0,0,1
2026-05-08,B,A01CN130,CN,0,49.0,49.0,49.0,0.0,0.0,0.0,96,96,0,0,0,1
2026-05-08,B,A01CN132,CN,0,49.0,42.0,38.23,7.0,3.77,0.0,62,62,0,0,0,1
2026-05-08,B,A01CN135,CN,0,49.0,0.0,0.0,49.0,0.0,0.0,0,0,0,0,0,1
2026-05-08,B,A01CN095,CN,1,329.0,240.0,240.0,89.0,0.0,0.0,1084,1084,0,0,0,1
2026-05-08,B,A01CN102,CN,1,329.0,256.0,238.48,73.0,17.52,0.0,349,349,0,0,0,1
2026-05-08,B,A01CN103,CN,1,319.0,258.0,258.0,61.0,0.0,0.0,942,942,0,0,0,1
2026-05-08,B,A01TMC07,TM,2,381.0,379.0,379.0,2.0,0.0,0.0,857,857,0,0,0,1
2026-05-08,B,A01TMC09,TM,2,380.0,380.0,380.0,0.0,0.0,0.0,951,951,0,0,0,1
2026-05-08,B,A01TMC08,TM,2,380.0,379.0,379.0,1.0,0.0,0.0,841,841,0,0,0,1
2026-05-08,B,A01CN080,CN,3,239.0,4.0,1.0,235.0,3.0,0.0,3,3,0,0,0,1
2026-05-08,B,A01VMC04,VM,3,49.0,29.0,29.0,20.0,0.0,0.0,90,90,0,0,0,1
2026-05-08,B,A01CN090,CN,3,444.0,414.0,414.0,30.0,0.0,0.0,1758,1758,0,0,0,1
2026-05-08,B,A01CN092,CN,3,294.0,271.0,271.0,23.0,0.0,0.0,563,563,0,0,0,1
2026-05-08,B,A01CN101,CN,3,449.0,399.0,399.0,50.0,0.0,0.0,640,640,0,0,0,1
2026-05-08,B,A01VMC15,VM,3,154.0,154.0,139.5,0.0,14.5,0.0,465,465,0,0,0,1
2026-05-08,B,A01CN026,CN,4,454.0,450.0,450.0,4.0,0.0,0.0,1448,1448,0,0,0,1
2026-05-08,B,A01CN078,CN,4,449.0,418.0,418.0,31.0,0.0,0.0,909,909,0,0,0,1
2026-05-08,B,A01BR007,BR,4,459.0,194.0,194.0,265.0,0.0,0.0,2200,2200,0,0,0,1
2026-05-08,B,A01HB022,HB,4,459.0,423.0,423.0,36.0,0.0,0.0,408,408,0,0,0,1
2026-05-08,B,A01CN046,CN,4,546.0,450.0,450.0,96.0,0.0,0.0,828,828,0,0,0,1
2026-05-08,B,A01TMC01,TM,4,454.0,61.0,61.0,393.0,0.0,0.0,60,60,0,0,0,1
2026-05-08,B,A01TMC03,TM,4,551.0,506.0,506.0,45.0,0.0,0.0,1192,1192,0,0,0,1
2026-05-08,B,A01TMC10,TM,4,454.0,454.0,454.0,0.0,0.0,0.0,488,488,0,0,0,1
2026-05-08,B,A01CN042,CN,4,508.0,437.0,371.8,71.0,65.2,0.0,676,676,0,0,0,1
2026-05-08,B,A01CN045,CN,4,551.0,485.0,485.0,66.0,0.0,0.0,882,882,0,0,0,1
2026-05-08,B,A01CN047,CN,4,513.0,464.0,464.0,49.0,0.0,0.0,824,824,0,0,0,1
2026-05-08,B,A01CN048,CN,4,536.0,463.0,463.0,73.0,0.0,0.0,872,872,0,0,0,1
2026-05-08,B,A01CN050,CN,4,509.0,462.0,451.07,47.0,10.93,0.0,796,796,0,0,0,1
2026-05-08,B,A01CN051,CN,4,538.0,454.0,454.0,84.0,0.0,0.0,880,880,0,0,0,1
2026-05-08,B,A01CN062,CN,4,553.0,524.0,524.0,29.0,0.0,0.0,944,944,0,0,0,1
2026-05-08,B,A01CN068,CN,4,543.0,463.0,463.0,80.0,0.0,0.0,848,848,0,0,0,1
2026-05-08,B,A01VMC12,VM,4,551.0,506.0,506.0,45.0,0.0,0.0,1620,1620,0,0,0,1
2026-05-08,B,A01CN014,CN,5,518.0,477.0,477.0,41.0,0.0,0.0,1716,1716,0,0,0,1
2026-05-08,B,A01CN015,CN,5,517.0,470.0,470.0,47.0,0.0,0.0,1687,1687,0,0,0,1
2026-05-08,B,A01CN021,CN,5,517.0,489.0,482.0,28.0,7.0,0.0,1446,1446,0,0,0,1
2026-05-08,B,A01CN022,CN,5,514.0,471.0,471.0,43.0,0.0,0.0,1663,1663,0,0,0,1
2026-05-08,B,A01CN023,CN,5,514.0,485.0,485.0,29.0,0.0,0.0,1531,1531,0,0,0,1
2026-05-08,B,A01CN029,CN,5,479.0,402.0,350.77,77.0,51.23,0.0,1238,1238,0,0,0,1
2026-05-08,B,A01CN089,CN,5,509.0,412.0,346.67,97.0,65.33,0.0,400,400,0,0,0,1
2026-05-08,B,A01HB025,HB,5,567.0,567.0,567.0,0.0,0.0,0.0,782,782,0,0,0,1
2026-05-08,B,A01CN105,CN,5,479.0,304.0,272.95,175.0,31.05,0.0,309,309,0,0,0,1
2026-05-08,B,A01CN107,CN,5,519.0,373.0,373.0,146.0,0.0,0.0,484,484,0,0,0,1
2026-05-08,B,A01BR005,BR,5,519.0,293.0,293.0,226.0,0.0,0.0,4292,4292,0,0,0,1
2026-05-08,B,A01CN113,CN,5,499.0,322.0,252.5,177.0,69.5,0.0,303,303,0,0,0,1
2026-05-08,B,A01CN114,CN,5,499.0,392.0,340.2,107.0,51.8,0.0,972,972,0,0,0,1
2026-05-08,B,A01CN019,CN,5,509.0,509.0,0.0,0.0,509.0,0.0,0,0,0,0,0,1
2026-05-08,B,A01CN005,CN,5,539.0,478.0,478.0,61.0,0.0,0.0,689,689,0,0,0,1
2026-05-08,B,A01CN024,CN,5,539.0,462.0,365.75,77.0,96.25,0.0,627,627,0,0,0,1
2026-05-08,B,A01CN065,CN,5,539.0,492.0,466.5,47.0,25.5,0.0,622,622,0,0,0,1
2026-05-08,B,A01CN070,CN,5,549.0,506.0,464.0,43.0,42.0,0.0,464,464,0,0,0,1
2026-05-08,B,A01CN083,CN,5,549.0,516.0,511.67,33.0,4.33,0.0,3070,3070,0,0,0,1
2026-05-08,B,A01CN003,CN,5,569.0,540.0,297.6,29.0,242.4,0.0,992,992,0,0,0,1
2026-05-08,B,A01CN006,CN,5,559.0,531.0,531.0,28.0,0.0,0.0,1606,1606,0,0,0,1
2026-05-08,B,A01CN008,CN,5,414.0,345.0,134.1,69.0,210.9,0.0,447,447,0,0,0,1
2026-05-08,B,A01CN038,CN,5,422.0,334.0,334.0,88.0,0.0,0.0,1282,1282,0,0,0,1
2026-05-08,B,A01CN039,CN,5,559.0,508.0,508.0,51.0,0.0,0.0,1866,1866,0,0,0,1
2026-05-08,B,A01CN094,CN,5,559.0,510.0,510.0,49.0,0.0,0.0,1392,1392,0,0,0,1
2026-05-08,B,A01CN096,CN,5,564.0,528.0,528.0,36.0,0.0,0.0,2016,2016,0,0,0,1
2026-05-08,B,A01CN097,CN,5,569.0,522.0,480.53,47.0,41.47,0.0,1696,1696,0,0,0,1
2026-05-08,B,A01CN104,CN,5,569.0,490.0,490.0,79.0,0.0,0.0,1142,1142,0,0,0,1
2026-05-08,B,A01CN001,CN,6,569.0,521.0,485.0,48.0,36.0,0.0,485,485,0,0,0,1
2026-05-08,B,A01CN030,CN,6,569.0,499.0,471.0,70.0,28.0,0.0,471,471,0,0,0,1
2026-05-08,B,A01CN041,CN,6,569.0,494.0,468.0,75.0,26.0,0.0,624,624,0,0,0,1
2026-05-08,B,A01CN018,CN,6,584.0,515.0,515.0,69.0,0.0,0.0,702,702,0,0,0,1
2026-05-08,B,A01CN017,CN,6,599.0,471.0,471.0,128.0,0.0,0.0,636,636,0,0,0,1
2026-05-08,B,A01CN085,CN,6,609.0,543.0,543.0,66.0,0.0,0.0,535,535,0,0,0,1
2026-05-08,B,A01CN099,CN,6,609.0,529.0,506.0,80.0,23.0,0.0,506,506,0,0,0,1
2026-05-08,B,A01TMC04,TM,6,687.0,617.0,617.0,70.0,0.0,0.0,714,714,0,0,0,1
2026-05-08,B,A01TMC05,TM,6,687.0,593.0,593.0,94.0,0.0,0.0,724,724,0,0,0,1
2026-05-08,B,A01TMC06,TM,6,687.0,626.0,613.63,61.0,12.37,0.0,898,898,0,0,0,1
2026-05-08,B,A01VMC05,VM,6,665.0,584.0,536.8,81.0,47.2,0.0,528,528,0,0,0,1
2026-05-08,B,A01VMC09,VM,6,657.0,375.0,375.0,282.0,0.0,0.0,1275,1275,0,0,0,1
2026-05-08,B,A01VMC03,VM,6,665.0,559.0,540.0,106.0,19.0,0.0,2160,2160,0,0,0,1
2026-05-08,B,A01HB016,HB,6,675.0,594.0,588.87,81.0,5.13,0.0,1936,1936,0,0,0,1
2026-05-08,B,A01HB013,HB,7,677.0,593.0,593.0,84.0,0.0,0.0,1440,1440,0,0,0,1
2026-05-08,B,A01HB014,HB,7,677.0,600.0,600.0,77.0,0.0,0.0,1026,1026,0,0,0,1
2026-05-08,B,A01VMC16,VM,7,684.0,641.0,553.5,43.0,87.5,0.0,1845,1845,0,0,0,1
2026-05-08,B,A01HB023,HB,7,686.0,600.0,600.0,86.0,0.0,0.0,770,770,0,0,0,1
2026-05-08,B,A01HB024,HB,7,687.0,619.0,526.9,68.0,92.1,0.0,726,726,0,0,0,1
2026-05-09,B,A01VMC08,VM,8,304.5,196.77,196.77,107.73,0.0,2.41,1470,1452,10,8,18,1
2026-05-09,B,A01CN002,CN,8,546.45,419.39,419.39,127.06,0.0,0.0,1848,1848,0,0,0,1
2026-05-09,A,A01TMC05,TM,9,49.0,49.0,49.0,0.0,0.0,0.0,69,69,0,0,0,1
2026-05-09,A,A01TMC09,TM,12,194.0,192.0,192.0,2.0,0.0,0.0,465,465,0,0,0,1
2026-05-09,A,A01VMC06,VM,12,159.0,145.0,145.0,14.0,0.0,0.0,170,170,0,0,0,1
2026-05-09,A,A01TRP35,TR,12,109.0,1.0,0.0,108.0,1.0,0.0,0,0,0,0,0,1
2026-05-09,A,A01CN139,CN,12,184.0,166.0,166.0,18.0,0.0,0.0,266,266,0,0,0,1
2026-05-09,U,A01CN064,CN,12,0.0,0.0,0.0,0.0,0.0,0.0,144,144,0,0,0,0
2026-05-09,A,A01CN108,CN,12,184.0,0.0,0.0,184.0,0.0,0.0,0,0,0,0,0,1
2026-05-09,A,A01CN111,CN,12,184.0,0.0,0.0,184.0,0.0,0.0,0,0,0,0,0,1
2026-05-09,A,A01CN073,CN,12,102.59,0.0,0.0,102.59,0.0,0.0,19,17,0,2,2,1
2026-05-09,A,A01CN063,CN,12,155.0,100.0,46.37,55.0,53.63,0.0,107,107,0,0,0,1
2026-05-09,A,A01CN003,CN,12,139.0,132.0,78.0,7.0,54.0,0.0,260,260,0,0,0,1
2026-05-09,A,A01CN007,CN,12,109.0,76.0,55.67,33.0,20.33,0.0,167,167,0,0,0,1
2026-05-09,A,A01CN013,CN,12,139.0,99.0,63.8,40.0,35.2,0.0,132,132,0,0,0,1
2026-05-09,A,A01CN025,CN,12,139.0,49.0,48.8,90.0,0.2,0.0,183,183,0,0,0,1
2026-05-09,A,A01CN078,CN,12,204.0,106.0,95.5,98.0,10.5,0.0,191,191,0,0,0,1
2026-05-09,A,A01CN086,CN,12,124.79,107.3,73.41,17.49,33.89,0.0,182,182,0,0,0,1
2026-05-09,A,A01BR007,BR,12,49.0,44.0,44.0,5.0,0.0,0.0,396,396,0,0,0,1
2026-05-09,A,A01TAP14,TA,12,49.0,16.0,16.0,33.0,0.0,0.0,393,393,0,0,0,1
2026-05-09,A,A01CN029,CN,16,374.0,355.0,341.13,19.0,13.87,0.0,1204,1204,0,0,0,1
2026-05-09,A,A01CN024,CN,16,299.0,286.0,159.25,13.0,126.75,0.0,273,273,0,0,0,1
2026-05-09,A,A01CN085,CN,16,299.0,251.0,242.13,48.0,8.87,0.0,227,227,0,0,0,1
2026-05-09,A,A01CN138,CN,16,109.0,68.0,68.0,41.0,0.0,0.0,126,126,0,0,0,1
2026-05-09,A,A01CN002,CN,16,350.0,347.0,347.0,3.0,0.0,0.0,1161,1161,0,0,0,1
2026-05-09,A,A01CN006,CN,16,329.0,283.0,282.0,46.0,1.0,0.0,846,846,0,0,0,1
2026-05-09,A,A01CN008,CN,16,200.0,193.0,193.0,7.0,0.0,0.0,197,197,0,0,0,1
2026-05-09,A,A01CN031,CN,16,329.0,318.0,281.6,11.0,36.4,0.0,1056,1056,0,0,0,1
2026-05-09,A,A01CN038,CN,16,329.0,302.0,295.33,27.0,6.67,0.0,886,886,0,0,0,1
2026-05-09,A,A01CN039,CN,16,329.0,211.0,195.7,118.0,15.3,0.0,618,618,0,0,0,1
2026-05-09,A,A01CN090,CN,16,329.0,326.0,326.0,3.0,0.0,0.0,1341,1341,0,0,0,1
2026-05-09,A,A01CN091,CN,16,329.0,319.0,319.0,10.0,0.0,0.0,701,701,0,0,0,1
2026-05-09,A,A01CN092,CN,16,329.0,316.0,316.0,13.0,0.0,1.37,694,691,3,0,3,1
2026-05-09,A,A01CN093,CN,16,329.0,302.0,302.0,27.0,0.0,0.0,1134,1134,0,0,0,1
2026-05-09,A,A01CN094,CN,16,329.0,317.0,315.87,12.0,1.13,0.0,824,824,0,0,0,1
2026-05-09,A,A01CN096,CN,16,329.0,325.0,325.0,4.0,0.0,0.0,1196,1196,0,0,0,1
2026-05-09,A,A01CN097,CN,16,329.0,204.0,194.93,125.0,9.07,0.0,688,688,0,0,0,1
2026-05-09,A,A01CN101,CN,16,327.0,203.0,174.25,124.0,28.75,0.0,255,255,0,0,0,1
2026-05-09,A,A01CN102,CN,16,329.0,265.0,261.72,64.0,3.28,0.0,383,383,0,0,0,1
2026-05-09,A,A01CN103,CN,16,329.0,319.0,319.0,10.0,0.0,0.0,1062,1062,0,0,0,1
2026-05-09,A,A01CN104,CN,16,327.0,304.0,302.0,23.0,2.0,0.0,604,604,0,0,0,1
2026-05-09,A,A01CN027,CN,16,424.0,419.0,419.0,5.0,0.0,0.0,828,828,0,0,0,1
2026-05-09,A,A01TMC04,TM,16,440.0,407.0,406.47,33.0,0.53,0.0,469,469,0,0,0,1
2026-05-09,A,A01TMC05,TM,16,244.0,214.0,214.0,30.0,0.0,0.0,280,280,0,0,0,1
2026-05-09,A,A01TMC06,TM,16,440.0,412.0,412.0,28.0,0.0,0.0,605,605,0,0,0,1
2026-05-09,A,A01TMC07,TM,16,419.0,406.0,406.0,13.0,0.0,0.0,852,852,0,0,0,1
2026-05-09,A,A01VMC01,VM,16,214.0,192.0,192.0,22.0,0.0,0.0,585,585,0,0,0,1
2026-05-09,A,A01TMC08,TM,16,419.0,407.0,407.0,12.0,0.0,0.0,847,847,0,0,0,1
2026-05-09,A,A01CN117,CN,16,422.0,414.0,414.0,8.0,0.0,0.0,558,558,0,0,0,1
2026-05-09,A,A01CN118,CN,16,422.0,377.0,377.0,45.0,0.0,0.0,529,529,0,0,0,1
2026-05-09,A,A01CN137,CN,16,424.0,407.0,383.4,17.0,23.6,0.0,639,639,0,0,0,1
2026-05-09,A,A01CN017,CN,16,314.0,283.0,209.25,31.0,73.75,0.0,279,279,0,0,0,1
2026-05-09,A,A01CN018,CN,16,314.0,279.0,189.75,35.0,89.25,0.0,253,253,0,0,0,1
2026-05-09,A,A01CN044,CN,16,294.0,77.0,37.4,217.0,39.6,0.0,68,68,0,0,0,1
2026-05-09,A,A01CN045,CN,16,429.0,213.0,171.13,216.0,41.87,0.0,302,302,0,0,0,1
2026-05-09,A,A01CN046,CN,16,429.0,272.0,207.9,157.0,64.1,0.0,378,378,0,0,0,1
2026-05-09,A,A01CN047,CN,16,429.0,308.0,275.4,121.0,32.6,0.0,486,486,0,0,0,1
2026-05-09,A,A01CN048,CN,16,429.0,368.0,315.07,61.0,52.93,0.0,556,556,0,0,0,1
2026-05-09,A,A01CN050,CN,16,429.0,382.0,335.47,47.0,46.53,0.0,592,592,0,0,0,1
2026-05-09,A,A01CN051,CN,16,429.0,373.0,331.1,56.0,41.9,0.0,602,602,0,0,0,1
2026-05-09,A,A01CN062,CN,16,429.0,377.0,350.2,52.0,26.8,0.0,618,618,0,0,0,1
2026-05-09,A,A01CN068,CN,16,429.0,17.0,12.1,412.0,4.9,2.2,22,18,2,2,4,1
2026-05-09,A,A01CN075,CN,16,219.0,98.0,55.3,121.0,42.7,0.0,79,79,0,0,0,1
2026-05-09,A,A01CN084,CN,16,294.41,262.84,193.53,31.57,69.31,0.0,470,470,0,0,0,1
2026-05-09,A,A01CN098,CN,16,292.1,219.08,152.25,73.03,66.83,0.0,221,221,0,0,0,1
2026-05-09,A,A01HB013,HB,16,314.0,296.0,291.25,18.0,4.75,0.0,600,600,0,0,0,1
2026-05-09,A,A01HB016,HB,16,314.0,294.0,243.33,20.0,50.67,0.0,800,800,0,0,0,1
2026-05-09,A,A01VMC04,VM,16,424.0,296.0,235.0,128.0,61.0,0.0,705,705,0,0,0,1
2026-05-09,A,A01VMC08,VM,16,429.0,399.0,380.0,30.0,19.0,1.9,1200,1194,6,0,6,1
2026-05-09,A,A01VMC09,VM,16,429.0,399.0,389.5,30.0,9.5,0.0,1230,1230,0,0,0,1
2026-05-09,A,A01VMC11,VM,16,439.0,363.0,323.0,76.0,40.0,0.0,1020,1020,0,0,0,1
2026-05-09,A,A01VMC12,VM,16,458.0,423.0,408.5,35.0,14.5,0.0,1290,1290,0,0,0,1
2026-05-09,A,A01VMC15,VM,16,364.0,343.0,324.0,21.0,19.0,0.0,1080,1080,0,0,0,1
2026-05-09,A,A01HB023,HB,16,314.0,314.0,300.62,0.0,13.38,0.0,374,374,0,0,0,1
2026-05-09,A,A01HB024,HB,16,314.0,314.0,271.43,0.0,42.57,0.0,374,374,0,0,0,1
2026-05-09,A,A01CN128,CN,16,393.0,393.0,393.0,0.0,0.0,0.0,670,670,0,0,0,1
2026-05-09,A,A01TMC03,TM,17,502.0,460.0,460.0,42.0,0.0,0.0,1091,1091,0,0,0,1
2026-05-09,A,A01TMC10,TM,17,502.0,495.0,495.0,7.0,0.0,0.0,512,512,0,0,0,1
2026-05-09,A,A01CN014,CN,18,499.0,449.0,449.0,50.0,0.0,0.0,1652,1652,0,0,0,1
2026-05-09,A,A01CN021,CN,18,499.0,334.0,334.0,165.0,0.0,0.0,1005,1005,0,0,0,1
2026-05-09,A,A01CN022,CN,18,499.0,272.0,272.0,227.0,0.0,0.0,951,951,0,0,0,1
2026-05-09,A,A01CN023,CN,18,499.0,453.0,453.0,46.0,0.0,0.0,1468,1468,0,0,0,1
2026-05-09,A,A01CN026,CN,18,499.0,459.0,459.0,40.0,0.0,0.0,1509,1509,0,0,0,1
2026-05-09,A,A01CN049,CN,18,39.0,31.0,31.0,8.0,0.0,0.0,35,35,0,0,0,1
2026-05-09,A,A01CN052,CN,18,39.0,21.0,21.0,18.0,0.0,0.0,32,32,0,0,0,1
2026-05-09,A,A01CN061,CN,18,39.0,39.0,39.0,0.0,0.0,0.0,52,52,0,0,0,1
2026-05-09,A,A01CN069,CN,18,39.0,39.0,39.0,0.0,0.0,0.0,62,62,0,0,0,1
2026-05-09,A,A01CN071,CN,18,529.0,460.0,460.0,69.0,0.0,0.0,1639,1639,0,0,0,1
2026-05-09,A,A01CN080,CN,18,494.0,466.0,466.0,28.0,0.0,0.0,1400,1400,0,0,0,1
2026-05-09,A,A01CN087,CN,18,329.58,282.5,231.01,47.08,51.49,0.0,757,757,0,0,0,1
2026-05-09,A,A01CN089,CN,18,494.0,462.0,447.2,32.0,14.8,0.0,516,516,0,0,0,1
2026-05-09,A,A01HB025,HB,18,78.0,78.0,78.0,0.0,0.0,0.0,425,425,0,0,0,1
2026-05-09,A,A01HB006,HB,18,39.0,26.0,20.72,13.0,5.28,0.0,55,55,0,0,0,1
2026-05-09,A,A01HB008,HB,18,39.0,39.0,39.0,0.0,0.0,0.0,133,133,0,0,0,1
2026-05-09,A,A01HB010,HB,18,39.0,31.0,20.93,8.0,10.07,0.0,56,56,0,0,0,1
2026-05-09,A,A01HB012,HB,18,39.0,0.0,0.0,39.0,0.0,0.0,0,0,0,0,0,1
2026-05-09,A,A01HB014,HB,18,404.0,377.0,377.0,27.0,0.0,0.0,646,646,0,0,0,1
2026-05-09,A,A01HB015,HB,18,39.0,0.0,0.0,39.0,0.0,0.0,0,0,0,0,0,1
2026-05-09,A,A01HB017,HB,18,39.0,39.0,39.0,0.0,0.0,0.0,96,96,0,0,0,1
2026-05-09,A,A01HB019,HB,18,39.0,39.0,39.0,0.0,0.0,0.0,54,54,0,0,0,1
2026-05-09,A,A01CN105,CN,18,489.0,23.0,12.37,466.0,10.63,0.0,14,14,0,0,0,1
2026-05-09,A,A01BR005,BR,18,509.0,405.0,405.0,104.0,0.0,0.0,4740,4740,0,0,0,1
2026-05-09,A,A01CN041,CN,18,414.0,400.0,364.5,14.0,35.5,0.0,486,486,0,0,0,1
2026-05-09,A,A01CN053,CN,18,49.0,49.0,49.0,0.0,0.0,0.0,188,188,0,0,0,1
2026-05-09,A,A01CN054,CN,18,479.0,434.0,434.0,45.0,0.0,0.0,1308,1308,0,0,0,1
2026-05-09,A,A01CN056,CN,18,479.0,440.0,440.0,39.0,0.0,0.29,1532,1531,1,0,1,1
2026-05-09,A,A01CN057,CN,18,49.0,48.0,48.0,1.0,0.0,0.0,178,178,0,0,0,1
2026-05-09,A,A01CN058,CN,18,49.0,45.0,45.0,4.0,0.0,0.0,156,156,0,0,0,1
2026-05-09,A,A01CN059,CN,18,49.0,47.0,47.0,2.0,0.0,0.0,161,161,0,0,0,1
2026-05-09,A,A01CN060,CN,18,49.0,46.0,46.0,3.0,0.0,0.0,172,172,0,0,0,1
2026-05-09,A,A01CN065,CN,18,414.0,402.0,339.0,12.0,63.0,0.0,452,452,0,0,0,1
2026-05-09,A,A01CN072,CN,18,479.0,454.0,376.8,25.0,77.2,0.3,1256,1255,1,0,1,1
2026-05-09,A,A01CN076,CN,18,479.0,59.0,59.0,420.0,0.0,0.0,234,234,0,0,0,1
2026-05-09,A,A01CN077,CN,18,317.76,271.33,271.33,46.44,0.0,0.0,1382,1382,0,0,0,1
2026-05-09,A,A01HB001,HB,18,49.0,38.0,32.67,11.0,5.33,0.0,112,112,0,0,0,1
2026-05-09,A,A01HB002,HB,18,49.0,37.0,28.67,12.0,8.33,0.0,70,70,0,0,0,1
2026-05-09,A,A01HB003,HB,18,49.0,49.0,29.87,0.0,19.13,0.0,64,64,0,0,0,1
2026-05-09,A,A01HB004,HB,18,49.0,22.0,15.92,27.0,6.08,0.0,40,40,0,0,0,1
2026-05-09,A,A01HB005,HB,18,49.0,25.0,23.1,24.0,1.9,0.0,66,66,0,0,0,1
2026-05-09,A,A01HB009,HB,18,49.0,29.0,28.42,20.0,0.58,0.0,77,77,0,0,0,1
2026-05-09,A,A01HB018,HB,18,49.0,38.0,35.73,11.0,2.27,0.0,56,56,0,0,0,1
2026-05-09,A,A01HB020,HB,18,49.0,49.0,49.0,0.0,0.0,0.0,102,102,0,0,0,1
2026-05-09,A,A01CN005,CN,18,419.0,397.0,294.75,22.0,102.25,0.0,393,393,0,0,0,1
2026-05-09,A,A01CN030,CN,18,419.0,402.0,386.0,17.0,16.0,0.0,386,386,0,0,0,1
2026-05-09,A,A01CN081,CN,18,336.71,306.87,253.67,29.84,53.2,0.0,391,391,0,0,0,1
2026-05-09,A,A01CN083,CN,18,419.0,369.0,369.0,50.0,0.0,0.0,2260,2260,0,0,0,1
2026-05-09,A,A01CN099,CN,18,419.0,380.0,345.0,39.0,35.0,0.0,345,345,0,0,0,1
2026-05-09,A,A01CN020,CN,18,529.0,482.0,320.0,47.0,162.0,0.0,640,640,0,0,0,1
2026-05-09,A,A01CN112,CN,18,532.0,422.0,332.0,110.0,90.0,0.0,332,332,0,0,0,1
2026-05-09,A,A01CN055,CN,18,59.0,57.0,57.0,2.0,0.0,0.0,190,190,0,0,0,1
2026-05-09,A,A01CN070,CN,18,424.0,359.0,289.0,65.0,70.0,0.0,289,289,0,0,0,1
2026-05-09,A,A01CN124,CN,18,554.0,103.0,61.97,451.0,41.03,0.0,143,143,0,0,0,1
2026-05-09,A,A01CN125,CN,18,558.0,63.0,39.2,495.0,23.8,0.0,98,98,0,0,0,1
2026-05-09,A,A01CN130,CN,18,558.0,509.0,509.0,49.0,0.0,0.0,830,830,0,0,0,1
2026-05-09,A,A01CN132,CN,18,550.0,489.0,489.0,61.0,0.0,0.0,804,804,0,0,0,1
2026-05-09,A,A01CN015,CN,18,524.0,437.0,437.0,87.0,0.0,0.0,1604,1604,0,0,0,1
2026-05-09,A,A01CN042,CN,18,542.0,373.0,357.5,169.0,15.5,0.0,650,650,0,0,0,1
2026-05-09,A,A01VMC03,VM,18,554.0,527.0,527.0,27.0,0.0,0.0,2280,2280,0,0,0,1
2026-05-09,A,A01VMC05,VM,18,539.0,496.0,488.0,43.0,8.0,1.02,480,479,1,0,1,1
2026-05-09,A,A01VMC07,VM,18,539.0,520.0,520.0,19.0,0.0,0.0,2560,2560,0,0,0,1
2026-05-09,A,A01VMC16,VM,18,554.0,520.0,450.0,34.0,70.0,0.0,1500,1500,0,0,0,1
2026-05-09,A,A01CN107,CN,18,524.0,445.0,364.8,79.0,80.2,0.0,456,456,0,0,0,1
2026-05-09,A,A01CN113,CN,18,524.0,420.0,393.33,104.0,26.67,0.0,472,472,0,0,0,1
2026-05-09,A,A01CN114,CN,18,524.0,117.0,102.2,407.0,14.8,0.0,292,292,0,0,0,1
2026-05-09,A,A01CN127,CN,18,558.0,427.0,335.2,131.0,91.8,0.0,419,419,0,0,0,1
2026-05-09,B,A01CN129,CN,20,49.0,0.0,0.0,49.0,0.0,0.0,0,0,0,0,0,1
2026-05-09,B,A01CN053,CN,20,49.0,47.0,47.0,2.0,0.0,0.0,174,174,0,0,0,1
2026-05-09,B,A01CN054,CN,20,49.0,48.0,48.0,1.0,0.0,0.0,155,155,0,0,0,1
2026-05-09,B,A01CN055,CN,20,49.0,46.0,46.0,3.0,0.0,0.0,156,156,0,0,0,1
2026-05-09,B,A01CN056,CN,20,49.0,43.0,43.0,6.0,0.0,0.0,150,150,0,0,0,1
2026-05-09,B,A01CN057,CN,20,49.0,36.0,36.0,13.0,0.0,0.0,124,124,0,0,0,1
2026-05-09,B,A01CN058,CN,20,49.0,49.0,49.0,0.0,0.0,0.0,166,166,0,0,0,1
2026-05-09,B,A01CN059,CN,20,49.0,42.0,42.0,7.0,0.0,0.0,145,145,0,0,0,1
2026-05-09,B,A01CN060,CN,20,49.0,44.0,44.0,5.0,0.0,0.0,174,174,0,0,0,1
2026-05-09,B,A01CN072,CN,20,49.0,35.0,30.0,14.0,5.0,0.0,100,100,0,0,0,1
2026-05-09,B,A01CN076,CN,20,49.0,38.0,38.0,11.0,0.0,0.0,141,141,0,0,0,1
2026-05-09,B,A01VMC07,VM,21,117.0,95.0,95.0,22.0,0.0,0.0,528,528,0,0,0,1
2026-05-09,B,A01CN049,CN,21,49.0,40.0,40.0,9.0,0.0,0.0,51,51,0,0,0,1
2026-05-09,B,A01CN052,CN,21,49.0,49.0,49.0,0.0,0.0,0.0,64,64,0,0,0,1
2026-05-09,B,A01HB001,HB,21,49.0,40.0,39.67,9.0,0.33,0.0,136,136,0,0,0,1
2026-05-09,B,A01HB002,HB,21,49.0,49.0,49.0,0.0,0.0,0.0,140,140,0,0,0,1
2026-05-09,B,A01HB003,HB,21,49.0,49.0,49.0,0.0,0.0,0.0,112,112,0,0,0,1
2026-05-09,B,A01HB004,HB,21,49.0,49.0,47.75,0.0,1.25,0.0,120,120,0,0,0,1
2026-05-09,B,A01HB005,HB,21,49.0,49.0,49.0,0.0,0.0,0.0,150,150,0,0,0,1
2026-05-09,B,A01HB006,HB,21,49.0,49.0,49.0,0.0,0.0,0.0,145,145,0,0,0,1
2026-05-09,B,A01HB008,HB,21,49.0,42.0,35.0,7.0,7.0,0.0,90,90,0,0,0,1
2026-05-09,B,A01HB009,HB,21,49.0,49.0,49.0,0.0,0.0,0.0,168,168,0,0,0,1
2026-05-09,B,A01HB010,HB,21,49.0,49.0,49.0,0.0,0.0,0.0,144,144,0,0,0,1
2026-05-09,B,A01HB017,HB,21,49.0,49.0,49.0,0.0,0.0,0.0,120,120,0,0,0,1
2026-05-09,B,A01HB018,HB,21,49.0,49.0,49.0,0.0,0.0,0.0,84,84,0,0,0,1
2026-05-09,B,A01HB019,HB,21,49.0,49.0,49.0,0.0,0.0,0.0,72,72,0,0,0,1
2026-05-09,B,A01HB020,HB,21,49.0,49.0,49.0,0.0,0.0,0.0,102,102,0,0,0,1
2026-05-09,B,A01CN127,CN,21,49.0,0.0,0.0,49.0,0.0,0.0,0,0,0,0,0,1
2026-05-09,B,A01CN132,CN,21,49.0,49.0,49.0,0.0,0.0,0.0,100,100,0,0,0,1
2026-05-09,B,A01CN124,CN,21,109.0,84.0,68.03,25.0,15.97,0.0,157,157,0,0,0,1
2026-05-09,B,A01CN131,CN,21,109.0,103.0,103.0,6.0,0.0,0.0,186,186,0,0,0,1
2026-05-09,B,A01CN013,CN,22,120.0,117.0,117.0,3.0,0.0,0.0,270,270,0,0,0,1
2026-05-09,B,A01CN121,CN,22,74.0,46.45,23.6,27.55,22.85,0.0,114,114,0,0,0,1
2026-05-09,B,A01VMC06,VM,22,149.0,133.0,116.73,16.0,16.27,0.0,103,103,0,0,0,1
2026-05-09,B,A01VMC01,VM,22,144.0,114.0,114.0,30.0,0.0,0.0,345,345,0,0,0,1
2026-05-09,B,A01CN138,CN,22,164.0,147.0,147.0,17.0,0.0,0.0,235,235,0,0,0,1
2026-05-09,B,A01CN139,CN,22,164.0,145.0,145.0,19.0,0.0,0.0,226,226,0,0,0,1
2026-05-09,B,A01CN117,CN,22,164.0,136.0,133.4,28.0,2.6,0.0,174,174,0,0,0,1
2026-05-09,B,A01CN118,CN,22,164.0,149.0,144.9,15.0,4.1,0.0,189,189,0,0,0,1
2026-05-09,B,A01CN115,CN,22,149.0,147.0,147.0,2.0,0.0,0.0,203,203,0,0,0,1
2026-05-09,B,A01CN123,CN,22,80.0,80.0,80.0,0.0,0.0,0.0,124,124,0,0,0,1
2026-05-09,A,A01CN100,CN,0,701.0,324.0,324.0,377.0,0.0,0.0,410,410,0,0,0,1
2026-05-09,B,A01CN003,CN,1,58.0,56.0,56.0,2.0,0.0,0.0,228,228,0,0,0,1
2026-05-09,B,A01CN008,CN,1,329.0,280.0,280.0,49.0,0.0,0.0,336,336,0,0,0,1
2026-05-09,B,A01CN094,CN,1,334.0,294.0,294.0,40.0,0.0,0.0,892,892,0,0,0,1
2026-05-09,B,A01CN095,CN,1,344.0,229.0,229.0,115.0,0.0,0.0,1083,1083,0,0,0,1
2026-05-09,B,A01CN092,CN,2,394.0,341.0,341.0,53.0,0.0,0.0,782,782,0,0,0,1
2026-05-09,B,A01CN137,CN,2,409.0,400.0,388.8,9.0,11.2,0.0,648,648,0,0,0,1
2026-05-09,B,A01CN086,CN,2,234.5,176.16,131.93,58.34,44.23,0.0,340,340,0,0,0,1
2026-05-09,B,A01VMC09,VM,2,434.0,379.0,379.0,55.0,0.0,0.0,1275,1275,0,0,0,1
2026-05-09,B,A01VMC04,VM,3,49.0,49.0,45.0,0.0,4.0,0.0,135,135,0,0,0,1
2026-05-09,B,A01CN090,CN,3,454.0,426.0,426.0,28.0,0.0,0.0,1797,1797,0,0,0,1
2026-05-09,B,A01CN101,CN,3,321.0,243.0,243.0,78.0,0.0,0.0,360,360,0,0,0,1
2026-05-09,B,A01CN080,CN,4,451.0,424.0,417.67,27.0,6.33,0.0,1253,1253,0,0,0,1
2026-05-09,B,A01CN114,CN,4,109.0,75.0,67.9,34.0,7.1,0.0,194,194,0,0,0,1
2026-05-09,B,A01CN112,CN,4,489.0,449.0,369.0,40.0,80.0,0.0,369,369,0,0,0,1
2026-05-09,B,A01HB007,HB,4,49.0,40.0,39.6,9.0,0.4,0.0,110,110,0,0,0,1
2026-05-09,B,A01CN046,CN,4,541.0,501.0,482.9,40.0,18.1,0.0,878,878,0,0,0,1
2026-05-09,B,A01TMC03,TM,4,549.0,507.0,507.0,42.0,0.0,0.85,1200,1198,2,0,2,1
2026-05-09,B,A01TMC07,TM,4,568.0,562.0,562.0,6.0,0.0,0.0,1208,1208,0,0,0,1
2026-05-09,B,A01TMC09,TM,4,568.0,565.0,565.0,3.0,0.0,0.0,1339,1339,0,0,0,1
2026-05-09,B,A01TMC10,TM,4,544.0,544.0,544.0,0.0,0.0,0.0,577,577,0,0,0,1
2026-05-09,B,A01CN102,CN,4,524.0,458.0,421.62,66.0,36.38,0.0,617,617,0,0,0,1
2026-05-09,B,A01CN103,CN,4,514.0,485.0,485.0,29.0,0.0,0.0,1768,1768,0,0,0,1
2026-05-09,B,A01TMC08,TM,4,568.0,561.0,561.0,7.0,0.0,0.0,1185,1185,0,0,0,1
2026-05-09,B,A01CN042,CN,4,509.0,467.0,416.9,42.0,50.1,0.0,758,758,0,0,0,1
2026-05-09,B,A01CN045,CN,4,469.0,416.0,416.0,53.0,0.0,0.0,780,780,0,0,0,1
2026-05-09,B,A01CN047,CN,4,546.0,469.0,469.0,77.0,0.0,0.0,872,872,0,0,0,1
2026-05-09,B,A01CN048,CN,4,536.0,443.0,443.0,93.0,0.0,0.0,830,830,0,0,0,1
2026-05-09,B,A01CN050,CN,4,546.0,488.0,488.0,58.0,0.0,0.56,872,871,0,1,1,1
2026-05-09,B,A01CN051,CN,4,536.0,428.0,428.0,108.0,0.0,0.0,858,858,0,0,0,1
2026-05-09,B,A01VMC11,VM,4,554.0,242.0,232.75,312.0,9.25,0.0,735,735,0,0,0,1
2026-05-09,B,A01VMC12,VM,4,554.0,495.0,495.0,59.0,0.0,0.0,1620,1620,0,0,0,1
2026-05-09,B,A01CN014,CN,5,513.0,509.0,509.0,4.0,0.0,0.0,1826,1826,0,0,0,1
2026-05-09,B,A01CN015,CN,5,513.0,504.0,504.0,9.0,0.0,0.0,1830,1830,0,0,0,1
2026-05-09,B,A01CN021,CN,5,512.0,476.0,472.33,36.0,3.67,0.0,1417,1417,0,0,0,1
2026-05-09,B,A01CN022,CN,5,512.0,502.0,502.0,10.0,0.0,0.0,1792,1792,0,0,0,1
2026-05-09,B,A01CN023,CN,5,281.5,271.05,271.05,10.45,0.0,0.0,1497,1497,0,0,0,1
2026-05-09,B,A01CN026,CN,5,511.0,507.0,507.0,4.0,0.0,0.0,1603,1603,0,0,0,1
2026-05-09,B,A01CN029,CN,5,509.0,345.0,278.23,164.0,66.77,0.0,982,982,0,0,0,1
2026-05-09,B,A01CN088,CN,5,480.0,372.0,347.2,108.0,24.8,0.0,434,434,0,0,0,1
2026-05-09,B,A01CN089,CN,5,509.0,501.0,481.87,8.0,19.13,0.0,556,556,0,0,0,1
2026-05-09,B,A01HB025,HB,5,297.0,280.59,280.59,16.41,0.0,0.0,765,765,0,0,0,1
2026-05-09,B,A01CN105,CN,5,509.0,458.0,458.0,51.0,0.0,0.0,531,531,0,0,0,1
2026-05-09,B,A01CN106,CN,5,508.0,374.0,349.87,134.0,24.13,0.0,328,328,0,0,0,1
2026-05-09,B,A01CN107,CN,5,513.0,415.0,372.8,98.0,42.2,0.0,466,466,0,0,0,1
2026-05-09,B,A01BR005,BR,5,514.0,319.0,319.0,195.0,0.0,0.0,4332,4332,0,0,0,1
2026-05-09,B,A01CN113,CN,5,514.0,391.0,311.67,123.0,79.33,0.0,374,374,0,0,0,1
2026-05-09,B,A01CN019,CN,5,519.0,519.0,0.0,0.0,519.0,0.0,0,0,0,0,0,1
2026-05-09,B,A01CN005,CN,5,302.5,1.67,0.42,300.83,1.25,0.0,1,1,0,0,0,1
2026-05-09,B,A01CN024,CN,5,302.5,0.0,0.0,302.5,0.0,0.0,1,1,0,0,0,1
2026-05-09,B,A01CN065,CN,5,305.0,284.44,269.58,20.56,14.86,0.0,647,647,0,0,0,1
2026-05-09,B,A01CN070,CN,5,302.5,283.94,257.73,18.56,26.21,0.0,472,472,0,0,0,1
2026-05-09,B,A01CN083,CN,5,305.0,294.09,284.63,10.91,9.46,0.0,3130,3130,0,0,0,1
2026-05-09,B,A01CN002,CN,5,443.55,422.5,422.5,21.05,0.0,0.0,1854,1854,0,0,0,1
2026-05-09,B,A01CN006,CN,5,574.0,534.0,534.0,40.0,0.0,0.0,1764,1764,0,0,0,1
2026-05-09,B,A01CN025,CN,5,585.0,313.0,264.0,272.0,49.0,0.0,990,990,0,0,0,1
2026-05-09,B,A01CN031,CN,5,574.0,547.0,547.0,27.0,0.0,0.0,2082,2082,0,0,0,1
2026-05-09,B,A01CN038,CN,5,574.0,500.0,500.0,74.0,0.0,0.0,1786,1786,0,0,0,1
2026-05-09,B,A01CN039,CN,5,574.0,509.0,509.0,65.0,0.0,0.0,1941,1941,0,0,0,1
2026-05-09,B,A01CN091,CN,5,434.0,279.0,279.0,155.0,0.0,0.0,1125,1125,0,0,0,1
2026-05-09,B,A01CN093,CN,5,574.0,413.0,413.0,161.0,0.0,0.0,1725,1725,0,0,0,1
2026-05-09,B,A01CN096,CN,5,574.0,542.0,542.0,32.0,0.0,0.0,2044,2044,0,0,0,1
2026-05-09,B,A01CN097,CN,5,458.0,388.0,388.0,70.0,0.0,0.0,1266,1266,0,0,0,1
2026-05-09,B,A01CN104,CN,5,584.0,505.0,505.0,79.0,0.0,0.0,1110,1110,0,0,0,1
2026-05-09,B,A01CN001,CN,6,320.0,297.89,287.94,22.11,9.95,0.0,521,521,0,0,0,1
2026-05-09,B,A01CN030,CN,6,320.0,289.05,262.52,30.95,26.53,0.0,475,475,0,0,0,1
2026-05-09,B,A01CN041,CN,6,320.0,292.37,291.81,27.63,0.55,0.0,704,704,0,0,0,1
2026-05-09,B,A01VMC16,VM,6,609.0,494.0,450.0,115.0,44.0,0.0,1500,1500,0,0,0,1
2026-05-09,B,A01CN018,CN,6,327.5,292.21,292.21,35.29,0.0,0.0,712,712,0,0,0,1
2026-05-09,B,A01CN017,CN,6,335.0,268.44,266.51,66.56,1.93,0.0,646,646,0,0,0,1
2026-05-09,B,A01CN085,CN,6,335.0,314.43,308.84,20.57,5.59,0.0,535,535,0,0,0,1
2026-05-09,B,A01CN099,CN,6,335.0,292.25,271.68,42.75,20.57,0.0,502,502,0,0,0,1
2026-05-09,B,A01CN087,CN,6,351.5,154.72,140.13,196.78,14.59,0.0,557,557,0,0,0,1
2026-05-09,B,A01TMC04,TM,6,687.0,617.0,614.47,70.0,2.53,0.0,709,709,0,0,0,1
2026-05-09,B,A01TMC05,TM,6,687.0,590.0,590.0,97.0,0.0,0.0,752,752,0,0,0,1
2026-05-09,B,A01TMC06,TM,6,369.0,340.53,331.06,28.47,9.47,0.0,902,902,0,0,0,1
2026-05-09,B,A01VMC05,VM,6,672.0,580.0,580.0,92.0,0.0,0.0,588,588,0,0,0,1
2026-05-09,B,A01VMC03,VM,6,674.0,521.0,510.0,153.0,11.0,0.0,2040,2040,0,0,0,1
2026-05-09,B,A01VMC15,VM,6,534.0,378.0,333.0,156.0,45.0,0.0,1110,1110,0,0,0,1
2026-05-09,B,A01HB016,HB,6,368.5,318.89,318.89,49.61,0.0,0.0,1936,1936,0,0,0,1
2026-05-09,B,A01HB013,HB,7,369.5,318.27,318.27,51.23,0.0,0.0,1440,1440,0,0,0,1
2026-05-09,B,A01HB014,HB,7,369.5,325.36,325.36,44.14,0.0,0.0,1026,1026,0,0,0,1
2026-05-09,B,A01HB022,HB,7,357.5,329.5,316.79,28.0,12.72,0.0,516,516,0,0,0,1
2026-05-09,B,A01HB023,HB,7,357.5,357.5,323.71,0.0,33.79,0.0,748,748,0,0,0,1
2026-05-09,B,A01VMC08,VM,7,304.5,206.33,206.33,98.17,0.0,0.0,1620,1620,0,0,0,1
2026-05-09,A,A01CN073,CN,12,87.41,42.49,38.45,44.92,4.05,0.0,190,190,0,0,0,1
2026-05-09,A,A01CN086,CN,12,110.21,0.0,0.0,110.21,0.0,0.0,0,0,0,0,0,1
2026-05-09,A,A01CN084,CN,16,195.59,0.0,0.0,195.59,0.0,0.0,0,0,0,0,0,1
2026-05-09,A,A01CN098,CN,16,192.9,0.0,0.0,192.9,0.0,0.0,0,0,0,0,0,1
2026-05-10,A,A01CN128,CN,16,240.0,0.0,0.0,240.0,0.0,0.0,0,0,0,0,0,1
2026-05-09,A,A01CN087,CN,18,235.42,0.0,0.0,235.42,0.0,0.0,0,0,0,0,0,1
2026-05-09,A,A01CN077,CN,18,222.24,36.49,24.88,185.75,11.61,0.4,125,123,0,2,2,1
2026-05-09,A,A01CN081,CN,18,243.29,0.0,0.0,243.29,0.0,0.0,0,0,0,0,0,1
2026-05-10,A,A01CN020,CN,18,375.0,0.0,0.0,375.0,0.0,0.0,4,4,0,0,0,1
2026-05-10,A,A01CN125,CN,18,405.0,0.0,0.0,405.0,0.0,0.0,0,0,0,0,0,1
2026-05-09,B,A01CN121,CN,22,74.0,0.0,0.0,74.0,0.0,0.0,0,0,0,0,0,1
2026-05-09,B,A01CN123,CN,22,80.0,0.0,0.0,80.0,0.0,0.0,0,0,0,0,0,1
2026-05-09,B,A01CN086,CN,2,234.5,0.0,0.0,234.5,0.0,0.0,0,0,0,0,0,1
2026-05-10,B,A01CN112,CN,4,489.0,0.0,0.0,489.0,0.0,0.0,0,0,0,0,0,1
2026-05-09,B,A01CN023,CN,5,281.5,0.0,0.0,281.5,0.0,0.0,0,0,0,0,0,1
2026-05-09,B,A01HB025,HB,5,297.0,0.0,0.0,297.0,0.0,0.0,0,0,0,0,0,1
2026-05-10,B,A01CN019,CN,5,519.0,519.0,0.0,0.0,519.0,0.0,0,0,0,0,0,1
2026-05-09,B,A01CN005,CN,5,302.5,0.0,0.0,302.5,0.0,0.0,0,0,0,0,0,1
2026-05-09,B,A01CN024,CN,5,302.5,0.0,0.0,302.5,0.0,0.0,0,0,0,0,0,1
2026-05-09,B,A01CN065,CN,5,305.0,0.0,0.0,305.0,0.0,0.0,0,0,0,0,0,1
2026-05-09,B,A01CN070,CN,5,302.5,0.0,0.0,302.5,0.0,0.0,0,0,0,0,0,1
2026-05-09,B,A01CN083,CN,5,305.0,0.0,0.0,305.0,0.0,0.0,0,0,0,0,0,1
2026-05-09,B,A01CN001,CN,6,320.0,0.0,0.0,320.0,0.0,0.0,0,0,0,0,0,1
2026-05-09,B,A01CN030,CN,6,320.0,0.0,0.0,320.0,0.0,0.0,0,0,0,0,0,1
2026-05-09,B,A01CN041,CN,6,320.0,0.0,0.0,320.0,0.0,0.0,0,0,0,0,0,1
2026-05-09,B,A01CN018,CN,6,327.5,0.0,0.0,327.5,0.0,0.0,0,0,0,0,0,1
2026-05-09,B,A01CN017,CN,6,335.0,0.0,0.0,335.0,0.0,0.0,0,0,0,0,0,1
2026-05-09,B,A01CN085,CN,6,335.0,0.0,0.0,335.0,0.0,0.0,0,0,0,0,0,1
2026-05-09,B,A01CN099,CN,6,335.0,0.0,0.0,335.0,0.0,0.0,0,0,0,0,0,1
2026-05-09,B,A01CN087,CN,6,351.5,0.0,0.0,351.5,0.0,0.0,0,0,0,0,0,1
2026-05-09,B,A01TMC06,TM,6,369.0,0.0,0.0,369.0,0.0,0.0,0,0,0,0,0,1
2026-05-09,B,A01HB016,HB,6,368.5,0.0,0.0,368.5,0.0,0.0,0,0,0,0,0,1
2026-05-09,B,A01HB013,HB,7,369.5,0.0,0.0,369.5,0.0,0.0,0,0,0,0,0,1
2026-05-09,B,A01HB014,HB,7,369.5,0.0,0.0,369.5,0.0,0.0,0,0,0,0,0,1
2026-05-09,B,A01HB022,HB,7,357.5,0.0,0.0,357.5,0.0,0.0,0,0,0,0,0,1
2026-05-09,B,A01HB023,HB,7,357.5,0.0,0.0,357.5,0.0,0.0,0,0,0,0,0,1
2026-05-11,A,A01CN121,CN,11,104.0,22.0,8.05,82.0,13.95,0.0,21,21,0,0,0,1
2026-05-11,A,A01CN120,CN,11,168.0,0.0,0.0,168.0,0.0,0.0,1,1,0,0,0,1
2026-05-11,A,A01TMC03,TM,12,217.0,149.0,149.0,68.0,0.0,0.0,382,382,0,0,0,1
2026-05-11,A,A01TMC09,TM,12,194.0,132.0,132.0,62.0,0.0,0.0,331,331,0,0,0,1
2026-05-11,A,A01VMC06,VM,12,139.0,116.0,116.0,23.0,0.0,0.0,139,139,0,0,0,1
2026-05-11,A,A01CN100,CN,12,139.0,133.0,133.0,6.0,0.0,0.0,167,167,0,0,0,1
2026-05-11,A,A01TRP35,TR,12,109.0,1.0,0.0,108.0,1.0,0.0,0,0,0,0,0,1
2026-05-11,A,A01CN053,CN,12,169.0,162.0,162.0,7.0,0.0,0.0,577,577,0,0,0,1
2026-05-11,A,A01CN054,CN,12,169.0,124.0,124.0,45.0,0.0,0.0,401,401,0,0,0,1
2026-05-11,A,A01CN055,CN,12,169.0,157.0,155.33,12.0,1.67,0.0,466,466,0,0,0,1
2026-05-11,A,A01CN056,CN,12,169.0,94.0,94.0,75.0,0.0,0.29,321,320,1,0,1,1
2026-05-11,A,A01CN057,CN,12,169.0,156.0,134.7,13.0,21.3,0.0,449,449,0,0,0,1
2026-05-11,A,A01CN058,CN,12,169.0,165.0,165.0,4.0,0.0,0.31,537,536,0,1,1,1
2026-05-11,A,A01CN059,CN,12,169.0,156.0,156.0,13.0,0.0,0.0,481,481,0,0,0,1
2026-05-11,A,A01CN060,CN,12,169.0,167.0,167.0,2.0,0.0,0.0,569,569,0,0,0,1
2026-05-11,A,A01CN072,CN,12,169.0,162.0,141.6,7.0,20.4,0.0,472,472,0,0,0,1
2026-05-11,A,A01CN073,CN,12,169.0,147.0,131.67,22.0,15.33,0.0,395,395,0,0,0,1
2026-05-11,A,A01CN076,CN,12,169.0,166.0,165.9,3.0,0.1,0.0,553,553,0,0,0,1
2026-05-11,A,A01CN077,CN,12,169.0,133.0,129.9,36.0,3.1,0.0,433,433,0,0,0,1
2026-05-11,A,A01HB001,HB,12,159.0,154.0,147.0,5.0,7.0,0.0,504,504,0,0,0,1
2026-05-11,A,A01HB002,HB,12,159.0,159.0,159.0,0.0,0.0,0.0,399,399,0,0,0,1
2026-05-11,A,A01HB003,HB,12,159.0,159.0,159.0,0.0,0.0,0.0,352,352,0,0,0,1
2026-05-11,A,A01HB004,HB,12,159.0,159.0,159.0,0.0,0.0,0.0,408,408,0,0,0,1
2026-05-11,A,A01HB005,HB,12,154.0,150.0,142.8,4.0,7.2,0.0,408,408,0,0,0,1
2026-05-11,A,A01HB006,HB,12,154.0,154.0,145.02,0.0,8.98,0.0,385,385,0,0,0,1
2026-05-11,A,A01HB007,HB,12,159.0,159.0,133.2,0.0,25.8,0.0,370,370,0,0,0,1
2026-05-11,A,A01HB008,HB,12,154.0,154.0,122.78,0.0,31.22,0.0,371,371,0,0,0,1
2026-05-11,A,A01HB009,HB,12,154.0,154.0,152.42,0.0,1.58,0.0,413,413,0,0,0,1
2026-05-11,A,A01HB010,HB,12,154.0,154.0,149.15,0.0,4.85,0.0,342,342,0,0,0,1
2026-05-11,A,A01HB012,HB,12,154.0,75.0,75.0,79.0,0.0,0.0,485,485,0,0,0,1
2026-05-11,A,A01HB015,HB,12,109.0,0.0,0.0,109.0,0.0,0.0,0,0,0,0,0,1
2026-05-11,A,A01HB017,HB,12,154.0,154.0,152.42,0.0,1.58,0.0,354,354,0,0,0,1
2026-05-11,A,A01HB018,HB,12,154.0,154.0,154.0,0.0,0.0,0.0,259,259,0,0,0,1
2026-05-11,A,A01HB020,HB,12,154.0,154.0,154.0,0.0,0.0,0.0,330,330,0,0,0,1
2026-05-11,A,A01CN063,CN,12,224.0,135.0,133.03,89.0,1.97,0.0,307,307,0,0,0,1
2026-05-11,A,A01CN003,CN,12,184.0,181.0,181.0,3.0,0.0,0.0,668,668,0,0,0,1
2026-05-11,A,A01CN013,CN,12,214.0,150.0,131.95,64.0,18.05,0.0,273,273,0,0,0,1
2026-05-11,A,A01CN025,CN,12,184.0,147.0,147.0,37.0,0.0,0.0,597,597,0,0,0,1
2026-05-11,A,A01CN086,CN,12,214.0,148.0,105.13,66.0,42.87,0.0,152,152,0,0,0,1
2026-05-11,A,A01CN064,CN,15,369.0,248.0,162.0,121.0,86.0,0.0,162,162,0,0,0,1
2026-05-11,A,A01CN111,CN,15,364.0,342.0,303.0,22.0,39.0,0.0,303,303,0,0,0,1
2026-05-11,A,A01CN029,CN,16,375.0,266.0,236.87,109.0,29.13,0.0,836,836,0,0,0,1
2026-05-11,A,A01CN067,CN,16,349.0,333.0,333.0,16.0,0.0,0.0,504,504,0,0,0,1
2026-05-11,A,A01CN024,CN,16,393.0,348.0,186.67,45.0,161.33,0.0,320,320,0,0,0,1
2026-05-11,A,A01CN085,CN,16,395.0,321.0,277.33,74.0,43.67,0.0,260,260,0,0,0,1
2026-05-11,A,A01CN001,CN,16,403.0,326.0,264.0,77.0,62.0,0.0,264,264,0,0,0,1
2026-05-11,A,A01CN002,CN,16,374.0,312.0,312.0,62.0,0.0,0.0,1068,1068,0,0,0,1
2026-05-11,A,A01CN006,CN,16,374.0,359.0,359.0,15.0,0.0,0.0,1152,1152,0,0,0,1
2026-05-11,A,A01CN008,CN,16,404.0,380.0,380.0,24.0,0.0,0.0,409,409,0,0,0,1
2026-05-11,A,A01CN031,CN,16,374.0,342.0,342.0,32.0,0.0,0.0,1353,1353,0,0,0,1
2026-05-11,A,A01CN038,CN,16,374.0,342.0,342.0,32.0,0.0,0.0,1090,1090,0,0,0,1
2026-05-11,A,A01CN039,CN,16,374.0,322.0,322.0,52.0,0.0,0.0,1029,1029,0,0,0,1
2026-05-11,A,A01CN090,CN,16,404.0,395.0,395.0,9.0,0.0,0.0,1569,1569,0,0,0,1
2026-05-11,A,A01CN091,CN,16,385.0,372.0,360.8,13.0,11.2,0.0,1353,1353,0,0,0,1
2026-05-11,A,A01CN092,CN,16,374.0,340.0,340.0,34.0,0.0,0.89,768,766,2,0,2,1
2026-05-11,A,A01CN093,CN,16,374.0,348.0,348.0,26.0,0.0,0.0,1359,1359,0,0,0,1
2026-05-11,A,A01CN094,CN,16,374.0,285.0,257.6,89.0,27.4,0.0,672,672,0,0,0,1
2026-05-11,A,A01CN096,CN,16,374.0,310.0,310.0,64.0,0.0,0.0,1164,1164,0,0,0,1
2026-05-11,A,A01CN097,CN,16,374.0,322.0,322.0,52.0,0.0,0.0,974,974,0,0,0,1
2026-05-11,A,A01CN101,CN,16,374.0,332.0,284.95,42.0,47.05,0.0,417,417,0,0,0,1
2026-05-11,A,A01CN102,CN,16,374.0,199.0,151.7,175.0,47.3,0.0,222,222,0,0,0,1
2026-05-11,A,A01CN103,CN,16,374.0,358.0,358.0,16.0,0.0,0.0,1194,1194,0,0,0,1
2026-05-11,A,A01CN104,CN,16,374.0,334.0,333.5,40.0,0.5,0.0,667,667,0,0,0,1
2026-05-11,A,A01CN027,CN,16,364.0,329.0,329.0,35.0,0.0,0.0,663,663,0,0,0,1
2026-05-11,A,A01TMC07,TM,16,439.0,346.0,346.0,93.0,0.0,0.0,745,745,0,0,0,1
2026-05-11,A,A01TMC08,TM,16,439.0,350.0,350.0,89.0,0.0,0.0,735,735,0,0,0,1
2026-05-11,A,A01CN117,CN,16,424.0,414.0,414.0,10.0,0.0,0.0,571,571,0,0,0,1
2026-05-11,A,A01CN118,CN,16,424.0,395.0,395.0,29.0,0.0,0.0,517,517,0,0,0,1
2026-05-11,A,A01CN137,CN,16,364.0,354.0,354.0,10.0,0.0,0.0,597,597,0,0,0,1
2026-05-11,A,A01CN108,CN,16,424.0,362.0,207.0,62.0,155.0,0.0,207,207,0,0,0,1
2026-05-11,A,A01CN017,CN,16,409.0,391.0,312.75,18.0,78.25,0.0,417,417,0,0,0,1
2026-05-11,A,A01CN018,CN,16,412.0,391.0,291.0,21.0,100.0,0.0,388,388,0,0,0,1
2026-05-11,A,A01CN042,CN,16,69.0,69.0,69.0,0.0,0.0,0.0,128,128,0,0,0,1
2026-05-11,A,A01CN044,CN,16,409.0,116.0,53.9,293.0,62.1,0.0,98,98,0,0,0,1
2026-05-11,A,A01CN045,CN,16,419.0,394.0,391.0,25.0,3.0,0.57,690,689,1,0,1,1
2026-05-11,A,A01CN046,CN,16,419.0,191.0,185.9,228.0,5.1,0.0,338,338,0,0,0,1
2026-05-11,A,A01CN047,CN,16,419.0,396.0,396.0,23.0,0.0,0.0,704,704,0,0,0,1
2026-05-11,A,A01CN048,CN,16,160.0,151.0,143.93,9.0,7.07,0.0,254,254,0,0,0,1
2026-05-11,A,A01CN050,CN,16,419.0,402.0,397.8,17.0,4.2,0.57,702,701,0,1,1,1
2026-05-11,A,A01CN051,CN,16,160.0,147.0,146.3,13.0,0.7,0.0,266,266,0,0,0,1
2026-05-11,A,A01CN062,CN,16,404.0,394.0,386.47,10.0,7.53,0.0,682,682,0,0,0,1
2026-05-11,A,A01CN074,CN,16,160.0,116.0,116.0,44.0,0.0,0.0,171,171,0,0,0,1
2026-05-11,A,A01CN075,CN,16,160.0,140.0,89.6,20.0,50.4,0.0,128,128,0,0,0,1
2026-05-11,A,A01CN084,CN,16,429.0,368.0,243.6,61.0,124.4,0.0,406,406,0,0,0,1
2026-05-11,A,A01CN098,CN,16,424.0,277.0,126.0,147.0,151.0,0.0,126,126,0,0,0,1
2026-05-11,A,A01HB013,HB,16,434.0,313.0,295.13,121.0,17.87,0.0,608,608,0,0,0,1
2026-05-11,A,A01HB016,HB,16,434.0,307.0,231.17,127.0,75.83,0.0,760,760,0,0,0,1
2026-05-11,A,A01VMC09,VM,16,414.0,393.0,393.0,21.0,0.0,0.0,1275,1275,0,0,0,1
2026-05-11,A,A01VMC12,VM,16,444.0,400.0,400.0,44.0,0.0,0.0,1290,1290,0,0,0,1
2026-05-11,A,A01VMC15,VM,16,419.0,391.0,378.0,28.0,13.0,0.0,1260,1260,0,0,0,1
2026-05-11,A,A01HB023,HB,16,404.0,404.0,404.0,0.0,0.0,0.0,528,528,0,0,0,1
2026-05-11,A,A01CN139,CN,16,369.0,259.0,172.0,110.0,87.0,0.0,258,258,0,0,0,1
2026-05-11,A,A01CN128,CN,16,394.0,356.0,342.87,38.0,13.13,0.0,556,556,0,0,0,1
2026-05-11,A,A01TMC04,TM,17,500.0,407.0,403.87,93.0,3.13,0.0,466,466,0,0,0,1
2026-05-11,A,A01TMC05,TM,17,500.0,415.0,415.0,85.0,0.0,0.0,530,530,0,0,0,1
2026-05-11,A,A01TMC06,TM,17,500.0,405.0,385.4,95.0,19.6,0.0,564,564,0,0,0,1
2026-05-11,A,A01CN083,CN,17,470.0,438.0,416.67,32.0,21.33,0.0,2500,2500,0,0,0,1
2026-05-11,A,A01CN014,CN,18,504.0,437.0,437.0,67.0,0.0,0.0,1739,1739,0,0,0,1
2026-05-11,A,A01CN021,CN,18,379.0,262.0,258.0,117.0,4.0,0.0,774,774,0,0,0,1
2026-05-11,A,A01CN023,CN,18,506.0,449.0,449.0,57.0,0.0,0.0,1455,1455,0,0,0,1
2026-05-11,A,A01CN026,CN,18,499.0,397.0,397.0,102.0,0.0,0.0,1461,1461,0,0,0,1
2026-05-11,A,A01CN071,CN,18,529.0,365.0,365.0,164.0,0.0,0.0,1333,1333,0,0,0,1
2026-05-11,A,A01CN080,CN,18,494.0,463.0,463.0,31.0,0.0,0.0,1418,1418,0,0,0,1
2026-05-11,A,A01CN087,CN,18,504.0,412.0,316.87,92.0,95.13,0.0,679,679,0,0,0,1
2026-05-11,A,A01HB014,HB,18,524.0,313.0,295.53,211.0,17.47,0.0,494,494,0,0,0,1
2026-05-11,A,A01CN106,CN,18,499.0,374.0,321.07,125.0,52.93,0.0,301,301,0,0,0,1
2026-05-11,A,A01BR005,BR,18,479.0,374.0,374.0,105.0,0.0,0.0,4396,4396,0,0,0,1
2026-05-11,A,A01CN041,CN,18,509.0,501.0,471.0,8.0,30.0,0.0,628,628,0,0,0,1
2026-05-11,A,A01CN065,CN,18,509.0,484.0,405.0,25.0,79.0,0.0,540,540,0,0,0,1
2026-05-11,A,A01CN005,CN,18,515.0,453.0,340.5,62.0,112.5,0.0,454,454,0,0,0,1
2026-05-11,A,A01CN030,CN,18,517.0,497.0,485.0,20.0,12.0,0.0,485,485,0,0,0,1
2026-05-11,A,A01CN081,CN,18,519.0,436.0,335.0,83.0,101.0,0.0,335,335,0,0,0,1
2026-05-11,A,A01CN099,CN,18,515.0,465.0,441.0,50.0,24.0,0.0,441,441,0,0,0,1
2026-05-11,A,A01CN020,CN,18,529.0,429.0,231.0,100.0,198.0,0.0,462,462,0,0,0,1
2026-05-11,A,A01CN112,CN,18,529.0,431.0,307.0,98.0,124.0,0.0,307,307,0,0,0,1
2026-05-11,A,A01CN070,CN,18,519.0,455.0,310.0,64.0,145.0,0.0,310,310,0,0,0,1
2026-05-11,A,A01TMC10,TM,18,557.0,430.0,430.0,127.0,0.0,0.0,438,438,0,0,0,1
2026-05-11,A,A01CN124,CN,18,559.0,342.0,226.63,217.0,115.37,0.0,523,523,0,0,0,1
2026-05-11,A,A01CN125,CN,18,559.0,211.0,114.0,348.0,97.0,0.0,285,285,0,0,0,1
2026-05-11,A,A01CN130,CN,18,559.0,466.0,466.0,93.0,0.0,0.0,758,758,0,0,0,1
2026-05-11,A,A01CN131,CN,18,559.0,399.0,388.5,160.0,10.5,0.0,630,630,0,0,0,1
2026-05-11,A,A01CN132,CN,18,559.0,462.0,458.8,97.0,3.2,0.0,744,744,0,0,0,1
2026-05-11,A,A01CN015,CN,18,379.0,310.0,310.0,69.0,0.0,0.0,1119,1119,0,0,0,1
2026-05-11,A,A01CN088,CN,18,520.0,338.0,249.6,182.0,88.4,0.0,312,312,0,0,0,1
2026-05-11,A,A01VMC03,VM,18,529.0,509.0,490.0,20.0,19.0,0.0,1960,1960,0,0,0,1
2026-05-11,A,A01VMC05,VM,18,534.0,475.0,353.8,59.0,121.2,0.0,348,348,0,0,0,1
2026-05-11,A,A01VMC07,VM,18,529.0,480.0,480.0,49.0,0.0,0.0,2240,2240,0,0,0,1
2026-05-11,A,A01VMC16,VM,18,534.0,510.0,463.5,24.0,46.5,0.0,1545,1545,0,0,0,1
2026-05-11,A,A01CN107,CN,18,529.0,403.0,316.8,126.0,86.2,0.0,396,396,0,0,0,1
2026-05-11,A,A01HB022,HB,18,519.0,519.0,506.28,0.0,12.72,0.0,444,444,0,0,0,1
2026-05-11,A,A01CN113,CN,18,534.0,436.0,363.33,98.0,72.67,0.0,436,436,0,0,0,1
2026-05-11,A,A01CN114,CN,18,529.0,443.0,443.0,86.0,0.0,0.0,1364,1364,0,0,0,1
2026-05-11,A,A01CN127,CN,18,564.0,153.0,120.0,411.0,33.0,0.0,150,150,0,0,0,1
2026-05-11,B,A01TMC03,TM,21,49.0,35.0,35.0,14.0,0.0,0.0,99,99,0,0,0,1
2026-05-11,B,A01CN049,CN,21,49.0,47.0,47.0,2.0,0.0,0.0,56,56,0,0,0,1
2026-05-11,B,A01CN052,CN,21,49.0,45.0,45.0,4.0,0.0,0.0,57,57,0,0,0,1
2026-05-11,B,A01CN053,CN,21,49.0,48.0,48.0,1.0,0.0,0.0,182,182,0,0,0,1
2026-05-11,B,A01CN055,CN,21,49.0,48.0,48.0,1.0,0.0,0.0,162,162,0,0,0,1
2026-05-11,B,A01CN057,CN,21,49.0,49.0,49.0,0.0,0.0,0.0,180,180,0,0,0,1
2026-05-11,B,A01CN058,CN,21,49.0,48.0,48.0,1.0,0.0,0.0,164,164,0,0,0,1
2026-05-11,B,A01CN059,CN,21,49.0,49.0,49.0,0.0,0.0,0.0,170,170,0,0,0,1
2026-05-11,B,A01CN060,CN,21,49.0,49.0,49.0,0.0,0.0,0.0,173,173,0,0,0,1
2026-05-11,B,A01CN072,CN,21,49.0,39.0,30.6,10.0,8.4,0.0,102,102,0,0,0,1
2026-05-11,B,A01CN076,CN,21,49.0,46.0,46.0,3.0,0.0,0.0,167,167,0,0,0,1
2026-05-11,B,A01CN126,CN,21,49.0,49.0,48.33,0.0,0.67,0.0,145,145,0,0,0,1
2026-05-11,B,A01CN127,CN,21,49.0,47.0,45.6,2.0,1.4,0.0,57,57,0,0,0,1
2026-05-11,B,A01CN131,CN,21,49.0,49.0,49.0,0.0,0.0,0.0,98,98,0,0,0,1
2026-05-11,B,A01HB001,HB,21,49.0,44.0,35.0,5.0,9.0,0.0,120,120,0,0,0,1
2026-05-11,B,A01HB002,HB,21,49.0,49.0,48.73,0.0,0.27,0.0,119,119,0,0,0,1
2026-05-11,B,A01HB003,HB,21,49.0,49.0,49.0,0.0,0.0,0.0,152,152,0,0,0,1
2026-05-11,B,A01HB004,HB,21,49.0,49.0,49.0,0.0,0.0,0.0,144,144,0,0,0,1
2026-05-11,B,A01HB005,HB,21,49.0,49.0,49.0,0.0,0.0,0.0,150,150,0,0,0,1
2026-05-11,B,A01HB006,HB,21,49.0,49.0,49.0,0.0,0.0,0.0,140,140,0,0,0,1
2026-05-11,B,A01HB007,HB,21,49.0,0.0,0.0,49.0,0.0,0.0,0,0,0,0,0,1
2026-05-11,B,A01HB008,HB,21,49.0,49.0,49.0,0.0,0.0,0.0,154,154,0,0,0,1
2026-05-11,B,A01HB009,HB,21,49.0,49.0,49.0,0.0,0.0,0.0,182,182,0,0,0,1
2026-05-11,B,A01HB011,HB,21,49.0,49.0,49.0,0.0,0.0,0.0,320,320,0,0,0,1
2026-05-11,B,A01HB012,HB,21,49.0,12.0,12.0,37.0,0.0,0.0,160,160,0,0,0,1
2026-05-11,B,A01HB018,HB,21,49.0,49.0,49.0,0.0,0.0,0.0,91,91,0,0,0,1
2026-05-11,B,A01HB019,HB,21,49.0,49.0,49.0,0.0,0.0,0.0,54,54,0,0,0,1
2026-05-11,B,A01HB020,HB,21,49.0,49.0,49.0,0.0,0.0,0.0,114,114,0,0,0,1
2026-05-11,B,A01CN013,CN,22,143.0,140.0,132.0,3.0,8.0,0.8,495,492,3,0,3,1
2026-05-11,B,A01CN029,CN,22,113.0,39.0,23.8,74.0,15.2,0.0,84,84,0,0,0,1
2026-05-11,B,A01CN071,CN,22,114.0,2.0,0.0,112.0,2.0,0.0,0,0,0,0,0,1
2026-05-11,B,A01CN079,CN,22,49.0,37.0,29.67,12.0,7.33,0.0,89,89,0,0,0,1
2026-05-11,B,A01CN095,CN,22,138.0,116.0,116.0,22.0,0.0,0.0,532,532,0,0,0,1
2026-05-11,B,A01TMC01,TM,22,104.0,104.0,104.0,0.0,0.0,0.0,104,104,0,0,0,1
2026-05-11,B,A01TMC04,TM,22,176.0,168.0,166.4,8.0,1.6,0.0,192,192,0,0,0,1
2026-05-11,B,A01TMC06,TM,22,176.0,172.0,166.05,4.0,5.95,0.0,243,243,0,0,0,1
2026-05-11,B,A01VMC06,VM,22,104.0,87.0,87.0,17.0,0.0,0.0,109,109,0,0,0,1
2026-05-11,B,A01BR005,BR,22,49.0,7.0,7.0,42.0,0.0,0.0,400,400,0,0,0,1
2026-05-11,B,A01TAP14,TA,22,49.0,10.0,10.0,39.0,0.0,0.0,214,214,0,0,0,1
2026-05-11,B,A01CN138,CN,22,104.0,81.0,78.67,23.0,2.33,0.0,118,118,0,0,0,1
2026-05-11,B,A01CN139,CN,22,104.0,80.0,77.33,24.0,2.67,0.0,116,116,0,0,0,1
2026-05-11,B,A01CN118,CN,22,104.0,71.0,66.7,33.0,4.3,0.0,87,87,0,0,0,1
2026-05-11,B,A01CN115,CN,22,104.0,104.0,104.0,0.0,0.0,0.0,161,161,0,0,0,1
2026-05-11,B,A01CN123,CN,22,128.0,128.0,128.0,0.0,0.0,0.0,110,110,0,0,0,1
2026-05-11,B,A01CN017,CN,0,240.0,217.0,217.0,23.0,0.0,0.0,320,320,0,0,0,1
2026-05-11,B,A01CN018,CN,0,240.0,215.0,215.0,25.0,0.0,0.0,319,319,0,0,0,1
2026-05-11,B,A01CN084,CN,0,223.0,158.0,126.6,65.0,31.4,0.0,211,211,0,0,0,1
2026-05-11,B,A01CN003,CN,1,333.0,323.0,323.0,10.0,0.0,1.13,1140,1136,2,2,4,1
2026-05-11,B,A01CN008,CN,1,323.0,287.0,287.0,36.0,0.0,0.0,348,348,0,0,0,1
2026-05-11,B,A01CN094,CN,1,318.0,278.0,278.0,40.0,0.0,0.0,804,804,0,0,0,1
2026-05-11,B,A01CN004,CN,2,383.0,365.0,365.0,18.0,0.0,0.0,1810,1810,0,0,0,1
2026-05-11,B,A01CN120,CN,2,354.0,54.0,54.0,300.0,0.0,0.0,73,73,0,0,0,1
2026-05-11,B,A01CN086,CN,2,397.0,8.0,0.0,389.0,8.0,0.0,0,0,0,0,0,1
2026-05-11,B,A01VMC09,VM,2,414.0,387.0,375.25,27.0,11.75,0.0,1185,1185,0,0,0,1
2026-05-11,B,A01VMC16,VM,2,398.0,19.0,4.5,379.0,14.5,0.0,15,15,0,0,0,1
2026-05-11,B,A01CN090,CN,3,438.0,413.0,413.0,25.0,0.0,0.0,1713,1713,0,0,0,1
2026-05-11,B,A01CN101,CN,3,448.0,420.0,420.0,28.0,0.0,0.0,668,668,0,0,0,1
2026-05-11,B,A01CN007,CN,4,430.0,357.0,310.33,73.0,46.67,0.0,931,931,0,0,0,1
2026-05-11,B,A01CN080,CN,4,434.0,396.0,396.0,38.0,0.0,0.0,1203,1203,0,0,0,1
2026-05-11,B,A01BR007,BR,4,434.0,304.0,304.0,130.0,0.0,0.0,2142,2142,0,0,0,1
2026-05-11,B,A01CN114,CN,4,434.0,369.0,348.6,65.0,20.4,0.0,996,996,0,0,0,1
2026-05-11,B,A01CN046,CN,4,528.0,507.0,471.9,21.0,35.1,0.0,858,858,0,0,0,1
2026-05-11,B,A01TMC07,TM,4,547.0,540.0,540.0,7.0,0.0,0.0,1173,1173,0,0,0,1
2026-05-11,B,A01TMC09,TM,4,547.0,537.0,537.0,10.0,0.0,0.0,1292,1292,0,0,0,1
2026-05-11,B,A01TMC10,TM,4,536.0,458.0,458.0,78.0,0.0,0.0,493,493,0,0,0,1
2026-05-11,B,A01CN102,CN,4,508.0,379.0,343.03,129.0,35.97,0.0,502,502,0,0,0,1
2026-05-11,B,A01CN103,CN,4,498.0,388.0,388.0,110.0,0.0,0.0,1524,1524,0,0,0,1
2026-05-11,B,A01TMC08,TM,4,547.0,542.0,542.0,5.0,0.0,0.0,1162,1162,0,0,0,1
2026-05-11,B,A01CN045,CN,4,533.0,524.0,524.0,9.0,0.0,0.56,944,943,1,0,1,1
2026-05-11,B,A01CN048,CN,4,488.0,488.0,488.0,0.0,0.0,0.0,918,918,0,0,0,1
2026-05-11,B,A01CN051,CN,4,488.0,486.0,486.0,2.0,0.0,0.0,962,962,0,0,0,1
2026-05-11,B,A01VMC05,VM,4,404.0,373.0,317.2,31.0,55.8,0.0,312,312,0,0,0,1
2026-05-11,B,A01VMC11,VM,4,534.0,126.0,76.0,408.0,50.0,0.0,240,240,0,0,0,1
2026-05-11,B,A01VMC12,VM,4,534.0,452.0,452.0,82.0,0.0,0.0,1470,1470,0,0,0,1
2026-05-11,B,A01CN014,CN,5,494.0,490.0,490.0,4.0,0.0,0.0,1780,1780,0,0,0,1
2026-05-11,B,A01CN015,CN,5,494.0,219.0,207.6,275.0,11.4,0.0,692,692,0,0,0,1
2026-05-11,B,A01CN021,CN,5,494.0,415.0,388.33,79.0,26.67,0.0,1165,1165,0,0,0,1
2026-05-11,B,A01CN022,CN,5,494.0,0.0,0.0,494.0,0.0,0.0,0,0,0,0,0,1
2026-05-11,B,A01CN023,CN,5,494.0,468.0,468.0,26.0,0.0,0.0,1473,1473,0,0,0,1
2026-05-11,B,A01CN026,CN,5,494.0,491.0,491.0,3.0,0.0,0.0,1573,1573,0,0,0,1
2026-05-11,B,A01CN067,CN,5,491.0,270.0,146.9,221.0,123.1,0.0,226,226,0,0,0,1
2026-05-11,B,A01CN088,CN,5,464.0,339.0,339.0,125.0,0.0,0.0,424,424,0,0,0,1
2026-05-11,B,A01CN089,CN,5,494.0,480.0,480.0,14.0,0.0,0.0,560,560,0,0,0,1
2026-05-11,B,A01CN106,CN,5,489.0,397.0,360.53,92.0,36.47,0.0,338,338,0,0,0,1
2026-05-11,B,A01CN107,CN,5,494.0,331.0,276.0,163.0,55.0,0.0,345,345,0,0,0,1
2026-05-11,B,A01CN113,CN,5,494.0,344.0,280.83,150.0,63.17,0.0,337,337,0,0,0,1
2026-05-11,B,A01CN065,CN,5,567.0,508.0,474.75,59.0,33.25,0.0,633,633,0,0,0,1
2026-05-11,B,A01CN083,CN,5,553.0,493.0,493.0,60.0,0.0,0.0,3310,3310,0,0,0,1
2026-05-11,B,A01CN002,CN,5,563.0,532.0,532.0,31.0,0.0,0.0,1881,1881,0,0,0,1
2026-05-11,B,A01CN025,CN,5,568.0,530.0,530.0,38.0,0.0,0.0,2193,2193,0,0,0,1
2026-05-11,B,A01CN031,CN,5,558.0,495.0,495.0,63.0,0.0,0.0,2133,2133,0,0,0,1
2026-05-11,B,A01CN038,CN,5,558.0,473.0,473.0,85.0,0.0,0.0,1750,1750,0,0,0,1
2026-05-11,B,A01CN039,CN,5,558.0,485.0,485.0,73.0,0.0,0.0,1872,1872,0,0,0,1
2026-05-11,B,A01CN091,CN,5,558.0,498.0,498.0,60.0,0.0,0.0,1986,1986,0,0,0,1
2026-05-11,B,A01CN093,CN,5,558.0,514.0,514.0,44.0,0.0,0.0,2112,2112,0,0,0,1
2026-05-11,B,A01CN096,CN,5,558.0,527.0,527.0,31.0,0.0,0.0,2056,2056,0,0,0,1
2026-05-11,B,A01CN097,CN,5,568.0,502.0,502.0,66.0,0.0,0.0,1712,1712,0,0,0,1
2026-05-11,B,A01CN104,CN,5,568.0,498.0,498.0,70.0,0.0,0.0,1133,1133,0,0,0,1
2026-05-11,B,A01CN137,CN,5,578.0,537.0,507.6,41.0,29.4,0.0,846,846,0,0,0,1
2026-05-11,B,A01CN001,CN,6,573.0,490.0,479.0,83.0,11.0,0.0,479,479,0,0,0,1
2026-05-11,B,A01CN024,CN,6,573.0,460.0,376.83,113.0,83.17,0.0,646,646,0,0,0,1
2026-05-11,B,A01CN030,CN,6,573.0,500.0,477.0,73.0,23.0,0.0,477,477,0,0,0,1
2026-05-11,B,A01CN041,CN,6,598.0,527.0,527.0,71.0,0.0,0.0,704,704,0,0,0,1
2026-05-11,B,A01CN070,CN,6,583.0,510.0,476.0,73.0,34.0,0.0,476,476,0,0,0,1
2026-05-11,B,A01CN081,CN,6,573.0,512.0,437.0,61.0,75.0,0.0,437,437,0,0,0,1
2026-05-11,B,A01CN098,CN,6,573.0,356.0,290.0,217.0,66.0,0.0,290,290,0,0,0,1
2026-05-11,B,A01CN112,CN,6,259.0,194.0,154.0,65.0,40.0,0.0,154,154,0,0,0,1
2026-05-11,B,A01CN005,CN,6,603.0,502.0,502.0,101.0,0.0,0.0,736,736,0,0,0,1
2026-05-11,B,A01CN085,CN,6,613.0,541.0,541.0,72.0,0.0,0.0,523,523,0,0,0,1
2026-05-11,B,A01CN099,CN,6,613.0,559.0,536.0,54.0,23.0,0.0,536,536,0,0,0,1
2026-05-11,B,A01CN087,CN,6,631.0,0.0,0.0,631.0,0.0,0.0,0,0,0,0,0,1
2026-05-11,B,A01TMC05,TM,6,666.0,582.0,582.0,84.0,0.0,0.0,742,742,0,0,0,1
2026-05-11,B,A01VMC03,VM,6,653.0,551.0,551.0,102.0,0.0,0.0,2240,2240,0,0,0,1
2026-05-11,B,A01VMC07,VM,6,653.0,542.0,542.0,111.0,0.0,0.0,2576,2576,0,0,0,1
2026-05-11,B,A01HB016,HB,6,654.0,579.0,579.0,75.0,0.0,0.0,1904,1904,0,0,0,1
2026-05-11,B,A01HB025,HB,7,665.0,620.0,604.33,45.0,15.67,0.0,833,833,0,0,0,1
2026-05-11,B,A01HB013,HB,7,20.0,0.0,0.0,20.0,0.0,0.0,0,0,0,0,0,1
2026-05-11,B,A01HB014,HB,7,657.0,588.0,588.0,69.0,0.0,0.0,1007,1007,0,0,0,1
2026-05-11,B,A01HB022,HB,7,666.0,599.0,599.0,67.0,0.0,0.0,528,528,0,0,0,1
2026-05-11,B,A01HB023,HB,7,666.0,602.0,601.23,64.0,0.77,0.0,748,748,0,0,0,1
2026-05-11,B,A01HB024,HB,7,666.0,608.0,479.0,58.0,129.0,0.0,660,660,0,0,0,1
2026-05-12,B,A01HB017,HB,9,56.08,40.96,35.13,15.12,5.83,0.0,1020,1020,0,0,0,1
2026-05-12,A,A01CN126,CN,11,109.0,108.0,108.0,1.0,0.0,0.0,334,334,0,0,0,1
2026-05-12,A,A01CN063,CN,11,111.0,73.0,73.0,38.0,0.0,0.0,197,197,0,0,0,1
2026-05-12,A,A01CN100,CN,11,45.01,38.8,38.8,6.21,0.0,0.0,137,137,0,0,0,1
2026-05-12,A,A01CN121,CN,11,100.87,91.61,50.73,9.25,40.89,0.0,143,143,0,0,0,1
2026-05-12,A,A01CN120,CN,11,115.73,22.97,12.15,92.76,10.82,0.0,15,15,0,0,0,1
2026-05-12,A,A01CN122,CN,12,99.0,73.0,63.27,26.0,9.73,0.0,146,146,0,0,0,1
2026-05-12,A,A01TMC09,TM,12,122.29,121.06,121.06,1.23,0.0,0.0,468,468,0,0,0,1
2026-05-12,A,A01VMC06,VM,12,159.0,139.0,139.0,20.0,0.0,0.0,152,152,0,0,0,1
2026-05-12,A,A01TRP35,TR,12,109.0,1.0,0.0,108.0,1.0,0.0,0,0,0,0,0,1
2026-05-12,A,A01TMC06,TM,12,119.67,118.04,118.04,1.63,0.0,0.0,319,319,0,0,0,1
2026-05-12,A,A01CN049,CN,12,129.0,125.0,123.73,4.0,1.27,0.0,128,128,0,0,0,1
2026-05-12,A,A01CN053,CN,12,55.95,55.52,54.78,0.43,0.74,0.0,421,421,0,0,0,1
2026-05-12,A,A01CN054,CN,12,79.64,74.93,74.93,4.71,0.0,0.0,517,517,0,0,0,1
2026-05-12,A,A01CN055,CN,12,55.95,52.92,52.77,3.04,0.14,0.29,365,363,0,2,2,1
2026-05-12,A,A01CN056,CN,12,95.0,91.07,91.07,3.93,0.0,0.0,586,586,0,0,0,1
2026-05-12,A,A01CN057,CN,12,55.95,48.14,42.68,7.81,5.47,0.0,328,328,0,0,0,1
2026-05-12,A,A01CN058,CN,12,55.95,54.22,54.22,1.73,0.0,0.0,380,380,0,0,0,1
2026-05-12,A,A01CN059,CN,12,55.95,54.22,54.22,1.73,0.0,0.0,390,390,0,0,0,1
2026-05-12,A,A01CN060,CN,12,55.95,52.05,52.05,3.9,0.0,0.0,401,401,0,0,0,1
2026-05-12,A,A01CN061,CN,12,129.0,123.0,113.6,6.0,9.4,0.0,142,142,0,0,0,1
2026-05-12,A,A01CN069,CN,12,80.27,80.27,80.27,0.0,0.0,0.0,176,176,0,0,0,1
2026-05-12,A,A01CN072,CN,12,55.95,55.52,50.36,0.43,5.16,0.0,387,387,0,0,0,1
2026-05-12,A,A01CN073,CN,12,79.64,74.93,49.95,4.71,24.98,0.0,318,318,0,0,0,1
2026-05-12,A,A01CN076,CN,12,55.95,55.52,55.04,0.43,0.48,0.0,423,423,0,0,0,1
2026-05-12,A,A01CN077,CN,12,79.64,61.26,35.77,18.38,25.5,0.0,253,253,0,0,0,1
2026-05-12,A,A01HB001,HB,12,77.8,77.8,69.78,0.0,8.02,0.0,330,330,0,0,0,1
2026-05-12,A,A01HB002,HB,12,77.8,77.8,69.85,0.0,7.95,0.0,288,288,0,0,0,1
2026-05-12,A,A01HB003,HB,12,77.8,77.8,77.8,0.0,0.0,0.0,416,416,0,0,0,1
2026-05-12,A,A01HB004,HB,12,47.99,47.99,47.99,0.0,0.0,0.0,376,376,0,0,0,1
2026-05-12,A,A01HB005,HB,12,47.99,45.23,38.42,2.76,6.8,0.0,318,318,0,0,0,1
2026-05-12,A,A01HB006,HB,12,77.8,77.8,69.57,0.0,8.23,0.0,330,330,0,0,0,1
2026-05-12,A,A01HB007,HB,12,77.8,77.8,59.44,0.0,18.36,0.0,295,295,0,0,0,1
2026-05-12,A,A01HB008,HB,12,47.99,47.99,37.01,0.0,10.98,0.11,336,335,1,0,1,1
2026-05-12,A,A01HB009,HB,12,89.48,89.48,80.47,0.0,9.01,0.0,360,360,0,0,0,1
2026-05-12,A,A01HB010,HB,12,95.23,95.23,91.52,0.0,3.71,0.0,360,360,0,0,0,1
2026-05-12,A,A01HB011,HB,12,89.48,79.83,77.9,9.66,1.93,0.0,660,660,0,0,0,1
2026-05-12,A,A01HB012,HB,12,77.8,21.83,21.83,55.97,0.0,0.0,380,380,0,0,0,1
2026-05-12,A,A01HB015,HB,12,139.0,0.0,0.0,139.0,0.0,0.0,0,0,0,0,0,1
2026-05-12,A,A01HB017,HB,12,89.48,89.48,89.48,0.0,0.0,0.0,336,336,0,0,0,1
2026-05-12,A,A01HB018,HB,12,85.8,85.8,85.8,0.0,0.0,0.0,238,238,0,0,0,1
2026-05-12,A,A01HB020,HB,12,85.8,85.8,82.38,0.0,3.43,0.0,357,357,0,0,0,1
2026-05-12,A,A01CN103,CN,12,104.19,97.6,97.6,6.59,0.0,0.0,604,604,0,0,0,1
2026-05-12,A,A01TMC04,TM,12,111.87,111.4,108.72,0.47,2.68,0.0,268,268,0,0,0,1
2026-05-12,A,A01CN007,CN,12,103.59,37.16,35.66,66.43,1.5,0.0,190,190,0,0,0,1
2026-05-12,A,A01CN016,CN,12,97.64,90.55,90.55,7.09,0.0,0.0,314,314,0,0,0,1
2026-05-12,A,A01CN021,CN,12,101.93,70.11,58.07,31.82,12.04,0.0,323,323,0,0,0,1
2026-05-12,A,A01CN025,CN,12,112.84,108.3,108.3,4.54,0.0,0.0,762,762,0,0,0,1
2026-05-12,A,A01BR007,BR,12,30.0,5.51,5.51,24.49,0.0,0.0,754,754,0,0,0,1
2026-05-12,A,A01TAP14,TA,12,30.0,6.73,6.73,23.27,0.0,0.0,148,148,0,0,0,1
2026-05-12,A,A01CN031,CN,14,168.12,155.0,155.0,13.12,0.0,0.0,1044,1044,0,0,0,1
2026-05-12,A,A01CN123,CN,14,224.0,218.0,195.0,6.0,23.0,0.0,150,150,0,0,0,1
2026-05-12,A,A01CN098,CN,14,240.0,175.0,87.0,65.0,88.0,0.0,87,87,0,0,0,1
2026-05-12,A,A01CN064,CN,15,319.0,211.0,149.0,108.0,62.0,0.0,149,149,0,0,0,1
2026-05-12,A,A01CN111,CN,15,319.0,232.0,201.0,87.0,31.0,0.0,201,201,0,0,0,1
2026-05-12,A,A01CN079,CN,16,273.81,222.76,206.06,51.05,16.71,0.0,888,888,0,0,0,1
2026-05-12,A,A01CN013,CN,16,157.49,150.93,144.04,6.56,6.89,0.0,1317,1317,0,0,0,1
2026-05-12,A,A01CN024,CN,16,171.28,164.1,87.85,7.17,76.25,0.0,357,357,0,0,0,1
2026-05-12,A,A01CN002,CN,16,389.0,381.0,381.0,8.0,0.0,0.0,1260,1260,0,0,0,1
2026-05-12,A,A01CN004,CN,16,160.6,126.33,126.33,34.27,0.0,0.0,1282,1282,0,0,0,1
2026-05-12,A,A01CN008,CN,16,160.6,125.09,119.72,35.5,5.37,0.0,290,290,0,0,0,1
2026-05-12,A,A01CN038,CN,16,389.0,351.0,346.0,38.0,5.0,0.0,1038,1038,0,0,0,1
2026-05-12,A,A01CN039,CN,16,389.0,367.0,367.0,22.0,0.0,0.0,1167,1167,0,0,0,1
2026-05-12,A,A01CN090,CN,16,160.6,159.77,159.77,0.83,0.0,0.0,1560,1560,0,0,0,1
2026-05-12,A,A01CN091,CN,16,160.6,142.02,123.85,18.58,18.17,0.0,1125,1125,0,0,0,1
2026-05-12,A,A01CN093,CN,16,160.6,156.88,156.88,3.72,0.0,0.0,1449,1449,0,0,0,1
2026-05-12,A,A01CN094,CN,16,160.6,156.06,156.06,4.54,0.0,0.0,1040,1040,0,0,0,1
2026-05-12,A,A01CN096,CN,16,160.6,157.29,157.29,3.3,0.0,0.0,1396,1396,0,0,0,1
2026-05-12,A,A01CN097,CN,16,160.6,151.51,151.51,9.08,0.0,0.0,1174,1174,0,0,0,1
2026-05-12,A,A01CN101,CN,16,160.6,141.19,124.13,19.4,17.06,0.0,440,440,0,0,0,1
2026-05-12,A,A01CN102,CN,16,160.6,106.51,92.53,54.08,13.98,0.0,328,328,0,0,0,1
2026-05-12,A,A01CN104,CN,16,389.0,375.0,375.0,14.0,0.0,0.0,780,780,0,0,0,1
2026-05-12,A,A01CN027,CN,16,189.28,189.28,189.28,0.0,0.0,0.0,840,840,0,0,0,1
2026-05-12,A,A01CN028,CN,16,177.7,174.65,174.65,3.05,0.0,0.0,756,756,0,0,0,1
2026-05-12,A,A01TMC07,TM,16,193.2,158.95,157.47,34.25,1.48,0.0,742,742,0,0,0,1
2026-05-12,A,A01TMC08,TM,16,193.2,180.9,180.9,12.29,0.0,0.0,853,853,0,0,0,1
2026-05-12,A,A01CN118,CN,16,409.0,404.0,404.0,5.0,0.0,0.0,538,538,0,0,0,1
2026-05-12,A,A01CN137,CN,16,424.0,237.0,219.6,187.0,17.4,0.0,366,366,0,0,0,1
2026-05-12,A,A01CN108,CN,16,374.0,289.0,168.0,85.0,121.0,0.0,168,168,0,0,0,1
2026-05-12,A,A01CN017,CN,16,182.15,169.23,113.03,12.92,56.19,0.0,350,350,0,0,0,1
2026-05-12,A,A01CN045,CN,16,439.0,364.0,325.27,75.0,38.73,0.0,574,574,0,0,0,1
2026-05-12,A,A01CN046,CN,16,439.0,378.0,333.3,61.0,44.7,0.0,606,606,0,0,0,1
2026-05-12,A,A01CN047,CN,16,346.28,337.61,336.14,8.68,1.47,0.0,752,752,0,0,0,1
2026-05-12,A,A01CN048,CN,16,335.03,316.24,313.16,18.79,3.08,0.0,706,706,0,0,0,1
2026-05-12,A,A01CN050,CN,16,346.73,330.93,309.71,15.8,21.22,0.0,692,692,0,0,0,1
2026-05-12,A,A01CN051,CN,16,335.46,313.51,313.51,21.95,0.0,0.0,736,736,0,0,0,1
2026-05-12,A,A01CN062,CN,16,160.0,126.0,126.0,34.0,0.0,0.0,224,224,0,0,0,1
2026-05-12,A,A01CN075,CN,16,185.38,112.18,51.85,73.2,60.33,0.3,171,170,0,1,1,1
2026-05-12,A,A01HB013,HB,16,435.0,411.0,355.25,24.0,55.75,0.0,525,525,0,0,0,1
2026-05-12,A,A01HB016,HB,16,434.0,409.0,338.23,25.0,70.77,0.0,1112,1112,0,0,0,1
2026-05-12,A,A01VMC09,VM,16,367.87,350.83,311.45,17.03,39.38,0.0,1155,1155,0,0,0,1
2026-05-12,A,A01VMC11,VM,16,182.15,176.98,161.58,5.17,15.39,0.0,1185,1185,0,0,0,1
2026-05-12,A,A01VMC12,VM,16,364.74,338.8,321.11,25.94,17.69,0.0,1290,1290,0,0,0,1
2026-05-12,A,A01VMC15,VM,16,366.83,350.12,327.14,16.71,22.98,0.0,1305,1305,0,0,0,1
2026-05-12,A,A01HB023,HB,16,149.97,149.97,149.97,0.0,0.0,0.0,462,462,0,0,0,1
2026-05-12,A,A01HB024,HB,16,149.97,149.97,133.03,0.0,16.94,0.0,440,440,0,0,0,1
2026-05-12,A,A01CN128,CN,16,394.0,390.0,390.0,4.0,0.0,0.0,678,678,0,0,0,1
2026-05-12,A,A01CN003,CN,16,275.01,268.28,268.28,6.72,0.0,0.0,1508,1508,0,0,0,1
2026-05-12,A,A01TMC03,TM,17,230.8,227.08,227.08,3.72,0.0,0.0,1178,1178,0,0,0,1
2026-05-12,A,A01TMC10,TM,17,231.49,227.3,227.3,4.19,0.0,0.0,496,496,0,0,0,1
2026-05-12,A,A01TMC05,TM,17,232.87,229.13,229.13,3.73,0.0,0.0,624,624,0,0,0,1
2026-05-12,A,A01TMC01,TM,17,236.32,232.1,232.1,4.22,0.0,0.0,475,475,0,0,0,1
2026-05-12,A,A01CN018,CN,17,223.96,208.29,131.34,15.67,76.96,0.0,380,380,0,0,0,1
2026-05-12,A,A01CN083,CN,17,222.6,208.34,193.93,14.26,14.41,0.0,2530,2530,0,0,0,1
2026-05-12,A,A01CN085,CN,17,222.6,207.42,194.27,15.18,13.15,0.0,396,396,0,0,0,1
2026-05-12,A,A01CN001,CN,17,238.39,225.7,191.37,12.7,34.32,0.0,407,407,0,0,0,1
2026-05-12,A,A01CN014,CN,18,231.38,211.58,211.58,19.81,0.0,0.0,1724,1724,0,0,0,1
2026-05-12,A,A01CN023,CN,18,229.94,205.2,205.2,24.74,0.0,0.0,1385,1385,0,0,0,1
2026-05-12,A,A01CN026,CN,18,229.94,213.45,213.45,16.49,0.0,0.0,1461,1461,0,0,0,1
2026-05-12,A,A01CN042,CN,18,239.78,175.24,155.97,64.54,19.27,0.0,602,602,0,0,0,1
2026-05-12,A,A01CN052,CN,18,407.76,398.26,398.26,9.5,0.0,0.0,459,459,0,0,0,1
2026-05-12,A,A01CN071,CN,18,229.64,133.48,124.0,96.16,9.47,0.0,864,864,0,0,0,1
2026-05-12,A,A01CN080,CN,18,474.0,431.0,431.0,43.0,0.0,0.0,1323,1323,0,0,0,1
2026-05-12,A,A01CN086,CN,18,236.32,212.87,158.91,23.44,53.96,0.0,490,490,0,0,0,1
2026-05-12,A,A01CN087,CN,18,238.41,219.01,188.3,19.39,30.72,0.0,853,853,0,0,0,1
2026-05-12,A,A01CN089,CN,18,221.87,195.19,184.99,26.68,10.2,0.0,456,456,0,0,0,1
2026-05-12,A,A01HB025,HB,18,145.69,145.69,145.69,0.0,0.0,0.0,663,663,0,0,0,1
2026-05-12,A,A01HB014,HB,18,250.94,238.99,228.19,11.95,10.8,0.0,798,798,0,0,0,1
2026-05-12,A,A01BR005,BR,18,469.0,379.0,379.0,90.0,0.0,0.0,4560,4560,0,0,0,1
2026-05-12,A,A01CN041,CN,18,248.14,206.22,195.75,41.91,10.48,0.0,548,548,0,0,0,1
2026-05-12,A,A01CN065,CN,18,248.14,49.53,41.44,198.6,8.1,0.0,116,116,0,0,0,1
2026-05-12,A,A01CN005,CN,18,222.13,202.07,139.37,20.06,62.7,0.0,389,389,0,0,0,1
2026-05-12,A,A01CN030,CN,18,255.16,245.06,239.3,10.09,5.77,0.0,498,498,0,0,0,1
2026-05-12,A,A01CN099,CN,18,222.13,205.89,188.21,16.24,17.67,0.0,394,394,0,0,0,1
2026-05-12,A,A01CN020,CN,18,484.0,388.0,204.5,96.0,183.5,0.0,409,409,0,0,0,1
2026-05-12,A,A01CN112,CN,18,484.0,322.0,241.0,162.0,81.0,0.0,241,241,0,0,0,1
2026-05-12,A,A01CN070,CN,18,255.86,242.88,189.97,12.99,52.9,0.0,395,395,0,0,0,1
2026-05-12,A,A01CN124,CN,18,559.0,326.0,180.7,233.0,145.3,0.0,417,417,0,0,0,1
2026-05-12,A,A01CN125,CN,18,559.0,412.0,229.6,147.0,182.4,0.0,574,574,0,0,0,1
2026-05-12,A,A01CN130,CN,18,559.0,554.0,519.23,5.0,34.77,0.0,842,842,0,0,0,1
2026-05-12,A,A01CN131,CN,18,519.0,479.0,478.53,40.0,0.47,0.0,776,776,0,0,0,1
2026-05-12,A,A01CN132,CN,18,559.0,556.0,514.3,3.0,41.7,0.0,834,834,0,0,0,1
2026-05-12,A,A01CN015,CN,18,415.35,165.64,165.64,249.7,0.0,0.0,825,825,0,0,0,1
2026-05-12,A,A01CN044,CN,18,124.0,114.0,89.1,10.0,24.9,0.0,162,162,0,0,0,1
2026-05-12,A,A01CN088,CN,18,349.48,212.91,183.78,136.57,29.14,0.0,328,328,0,0,0,1
2026-05-12,A,A01VMC03,VM,18,390.44,149.56,149.56,240.88,0.0,0.0,840,840,0,0,0,1
2026-05-12,A,A01VMC05,VM,18,402.09,351.46,313.3,50.63,38.15,0.0,420,420,0,0,0,1
2026-05-12,A,A01VMC16,VM,18,423.08,383.46,338.7,39.61,44.76,0.0,1425,1425,0,0,0,1
2026-05-12,A,A01CN107,CN,18,354.89,276.73,248.42,78.16,28.31,0.0,441,441,0,0,0,1
2026-05-12,A,A01HB022,HB,18,475.0,419.0,396.82,56.0,22.18,0.0,348,348,0,0,0,1
2026-05-12,A,A01CN113,CN,18,354.89,287.99,266.99,66.89,21.01,0.0,455,455,0,0,0,1
2026-05-12,A,A01CN114,CN,18,354.89,185.89,173.01,168.99,12.89,0.0,702,702,0,0,0,1
2026-05-12,A,A01CN127,CN,18,524.0,490.0,421.6,34.0,68.4,0.0,527,527,0,0,0,1
2026-05-12,B,A01CN027,CN,20,47.0,41.0,35.0,6.0,6.0,0.0,60,60,0,0,0,1
2026-05-12,B,A01CN028,CN,20,47.0,47.0,47.0,0.0,0.0,0.0,111,111,0,0,0,1
2026-05-12,B,A01CN066,CN,20,30.0,30.0,30.0,0.0,0.0,0.0,237,237,0,0,0,1
2026-05-12,B,A01CN100,CN,20,49.0,40.0,40.0,9.0,0.0,0.0,64,64,0,0,0,1
2026-05-12,B,A01TAP14,TA,20,49.0,6.0,6.0,43.0,0.0,0.0,263,263,0,0,0,1
2026-05-12,B,A01CN066,CN,20,30.0,30.0,30.0,0.0,0.0,0.0,237,237,0,0,0,1
2026-05-12,B,A01CN116,CN,20,49.0,49.0,49.0,0.0,0.0,0.0,62,62,0,0,0,1
2026-05-12,B,A01CN053,CN,20,49.0,49.0,49.0,0.0,0.0,0.0,187,187,0,0,0,1
2026-05-12,B,A01CN055,CN,20,49.0,49.0,49.0,0.0,0.0,0.0,168,168,0,0,0,1
2026-05-12,B,A01CN057,CN,20,49.0,49.0,49.0,0.0,0.0,0.0,188,188,0,0,0,1
2026-05-12,B,A01CN058,CN,20,49.0,49.0,49.0,0.0,0.0,0.0,175,175,0,0,0,1
2026-05-12,B,A01CN059,CN,20,49.0,44.0,44.0,5.0,0.0,0.0,143,143,0,0,0,1
2026-05-12,B,A01CN060,CN,20,49.0,49.0,49.0,0.0,0.0,0.0,189,189,0,0,0,1
2026-05-12,B,A01CN072,CN,20,49.0,49.0,49.0,0.0,0.0,0.0,168,168,0,0,0,1
2026-05-12,B,A01CN076,CN,20,49.0,47.0,42.9,2.0,4.1,0.0,143,143,0,0,0,1
2026-05-12,B,A01CN077,CN,20,49.0,34.0,32.7,15.0,1.3,0.0,109,109,0,0,0,1
2026-05-12,B,A01CN049,CN,21,49.0,49.0,49.0,0.0,0.0,0.0,66,66,0,0,0,1
2026-05-12,B,A01CN052,CN,21,49.0,0.0,0.0,49.0,0.0,0.0,0,0,0,0,0,1
2026-05-12,B,A01CN061,CN,21,49.0,49.0,48.0,0.0,1.0,0.0,60,60,0,0,0,1
2026-05-12,B,A01CN069,CN,21,49.0,49.0,49.0,0.0,0.0,0.0,74,74,0,0,0,1
2026-05-12,B,A01CN124,CN,21,49.0,27.0,18.63,22.0,8.37,0.0,43,43,0,0,0,1
2026-05-12,B,A01CN130,CN,21,49.0,49.0,49.0,0.0,0.0,0.0,100,100,0,0,0,1
2026-05-12,B,A01CN132,CN,21,49.0,49.0,49.0,0.0,0.0,0.0,100,100,0,0,0,1
2026-05-12,B,A01CN126,CN,21,49.0,0.0,0.0,49.0,0.0,0.0,0,0,0,0,0,1
2026-05-12,B,A01CN127,CN,21,49.0,28.0,17.6,21.0,10.4,0.0,22,22,0,0,0,1
2026-05-12,B,A01CN131,CN,21,49.0,0.0,0.0,49.0,0.0,0.0,0,0,0,0,0,1
2026-05-12,B,A01CN041,CN,21,157.0,155.0,155.0,2.0,0.0,0.0,238,238,0,0,0,1
2026-05-12,B,A01CN065,CN,21,157.0,149.0,149.0,8.0,0.0,0.0,205,205,0,0,0,1
2026-05-12,B,A01HB001,HB,21,49.0,40.0,38.53,9.0,1.47,0.0,102,102,0,0,0,1
2026-05-12,B,A01HB002,HB,21,49.0,49.0,49.0,0.0,0.0,0.0,114,114,0,0,0,1
2026-05-12,B,A01HB003,HB,21,49.0,49.0,49.0,0.0,0.0,0.0,144,144,0,0,0,1
2026-05-12,B,A01HB004,HB,21,49.0,38.0,30.83,11.0,7.17,0.0,80,80,0,0,0,1
2026-05-12,B,A01HB005,HB,21,49.0,41.0,37.8,8.0,3.2,0.0,108,108,0,0,0,1
2026-05-12,B,A01HB006,HB,21,49.0,49.0,47.08,0.0,1.92,0.0,125,125,0,0,0,1
2026-05-12,B,A01HB007,HB,21,37.22,0.0,0.0,37.22,0.0,0.0,0,0,0,0,0,1
2026-05-12,B,A01HB008,HB,21,49.0,49.0,42.43,0.0,6.57,0.0,133,133,0,0,0,1
2026-05-12,B,A01HB009,HB,21,49.0,49.0,49.0,0.0,0.0,0.0,168,168,0,0,0,1
2026-05-12,B,A01HB010,HB,21,49.0,49.0,49.0,0.0,0.0,0.0,150,150,0,0,0,1
2026-05-12,B,A01HB011,HB,21,49.0,49.0,49.0,0.0,0.0,0.16,300,299,0,1,1,1
2026-05-12,B,A01HB012,HB,21,49.0,19.0,19.0,30.0,0.0,0.0,90,90,0,0,0,1
2026-05-12,B,A01HB017,HB,21,3.92,3.92,3.92,0.0,0.0,0.0,126,126,0,0,0,1
2026-05-12,B,A01HB018,HB,21,49.0,49.0,49.0,0.0,0.0,0.0,91,91,0,0,0,1
2026-05-12,B,A01HB019,HB,21,37.22,37.22,37.22,0.0,0.0,0.0,54,54,0,0,0,1
2026-05-12,B,A01HB020,HB,21,49.0,49.0,44.48,0.0,4.52,0.0,119,119,0,0,0,1
2026-05-12,B,A01TMC04,TM,21,187.0,187.0,187.0,0.0,0.0,0.0,216,216,0,0,0,1
2026-05-12,B,A01TMC06,TM,21,187.0,186.0,181.77,1.0,4.23,0.0,266,266,0,0,0,1
2026-05-12,B,A01CN092,CN,22,149.0,20.0,5.5,129.0,14.5,0.0,11,11,0,0,0,1
2026-05-12,B,A01CN095,CN,22,94.84,72.77,72.77,22.07,0.0,0.0,557,557,0,0,0,1
2026-05-12,B,A01CN138,CN,22,98.34,80.85,75.22,17.5,5.63,0.0,187,187,0,0,0,1
2026-05-12,B,A01CN139,CN,22,98.34,74.81,69.99,23.53,4.83,0.0,174,174,0,0,0,1
2026-05-12,B,A01CN137,CN,22,104.0,53.0,43.2,51.0,9.8,0.0,72,72,0,0,0,1
2026-05-12,B,A01CN123,CN,22,126.0,126.0,126.0,0.0,0.0,0.0,110,110,0,0,0,1
2026-05-12,B,A01CN064,CN,22,159.0,134.0,101.0,25.0,33.0,0.0,101,101,0,0,0,1
2026-05-12,B,A01CN108,CN,22,159.0,110.0,89.0,49.0,21.0,0.0,89,89,0,0,0,1
2026-05-12,B,A01CN111,CN,22,159.0,144.0,144.0,15.0,0.0,0.0,216,216,0,0,0,1
2026-05-12,B,A01CN112,CN,22,158.0,140.0,109.0,18.0,31.0,0.0,109,109,0,0,0,1
2026-05-12,B,A01CN075,CN,1,143.0,108.0,63.0,35.0,45.0,0.0,90,90,0,0,0,1
2026-05-12,B,A01CN004,CN,2,389.0,371.0,371.0,18.0,0.0,0.0,2004,2004,0,0,0,1
2026-05-12,B,A01CN006,CN,2,389.0,353.0,353.0,36.0,0.0,0.0,1132,1132,0,0,0,1
2026-05-12,B,A01CN008,CN,2,389.0,343.0,343.0,46.0,0.0,0.0,412,412,0,0,0,1
2026-05-12,B,A01CN025,CN,2,399.0,327.0,327.0,72.0,0.0,0.0,1290,1290,0,0,0,1
2026-05-12,B,A01CN120,CN,2,192.0,158.0,158.0,34.0,0.0,0.0,191,191,0,0,0,1
2026-05-12,B,A01CN134,CN,2,211.0,211.0,211.0,0.0,0.0,2.81,150,148,2,0,2,1
2026-05-12,B,A01CN086,CN,2,422.0,324.0,307.1,98.0,16.9,0.0,444,444,0,0,0,1
2026-05-12,B,A01CN002,CN,3,399.0,372.0,372.0,27.0,0.0,0.0,1326,1326,0,0,0,1
2026-05-12,B,A01CN007,CN,3,239.38,84.92,46.77,154.46,38.15,0.0,228,228,0,0,0,1
2026-05-12,B,A01CN013,CN,3,246.0,238.0,238.0,8.0,0.0,0.0,945,945,0,0,0,1
2026-05-12,B,A01CN022,CN,3,179.0,160.0,160.0,19.0,0.0,0.0,595,595,0,0,0,1
2026-05-12,B,A01CN031,CN,3,399.0,377.0,377.0,22.0,0.0,0.0,1695,1695,0,0,0,1
2026-05-12,B,A01CN038,CN,3,399.0,341.0,341.0,58.0,0.0,0.0,1100,1100,0,0,0,1
2026-05-12,B,A01CN039,CN,3,397.0,375.0,375.0,22.0,0.0,0.0,1368,1368,0,0,0,1
2026-05-12,B,A01CN084,CN,3,129.0,116.0,74.4,13.0,41.6,0.0,124,124,0,0,0,1
2026-05-12,B,A01CN091,CN,3,399.0,350.0,350.0,49.0,0.0,0.0,1500,1500,0,0,0,1
2026-05-12,B,A01CN093,CN,3,399.0,375.0,375.0,24.0,0.0,0.0,1617,1617,0,0,0,1
2026-05-12,B,A01CN096,CN,3,397.0,355.0,355.0,42.0,0.0,0.0,1428,1428,0,0,0,1
2026-05-12,B,A01CN097,CN,3,407.0,401.0,401.0,6.0,0.0,0.0,1362,1362,0,0,0,1
2026-05-12,B,A01VMC01,VM,3,434.0,407.0,407.0,27.0,0.0,0.0,1275,1275,0,0,0,1
2026-05-12,B,A01CN101,CN,3,407.0,368.0,368.0,39.0,0.0,0.0,614,614,0,0,0,1
2026-05-12,B,A01CN102,CN,3,407.0,336.0,336.0,71.0,0.0,0.0,497,497,0,0,0,1
2026-05-12,B,A01CN103,CN,3,397.0,104.0,104.0,293.0,0.0,0.0,396,396,0,0,0,1
2026-05-12,B,A01CN104,CN,3,407.0,212.0,189.5,195.0,22.5,0.0,379,379,0,0,0,1
2026-05-12,B,A01HB021,HB,3,254.14,151.71,90.58,102.43,61.13,0.0,144,144,0,0,0,1
2026-05-12,B,A01CN087,CN,3,219.0,173.0,163.33,46.0,9.67,0.0,350,350,0,0,0,1
2026-05-12,B,A01CN090,CN,3,459.0,441.0,441.0,18.0,0.0,0.24,1857,1856,0,1,1,1
2026-05-12,B,A01CN078,CN,4,284.99,92.04,66.33,192.96,25.71,0.0,209,209,0,0,0,1
2026-05-12,B,A01CN080,CN,4,454.0,383.0,375.33,71.0,7.67,0.0,1126,1126,0,0,0,1
2026-05-12,B,A01CN114,CN,4,457.0,435.0,435.0,22.0,0.0,0.0,1344,1344,0,0,0,1
2026-05-12,B,A01CN020,CN,4,209.0,196.0,141.0,13.0,55.0,0.0,282,282,0,0,0,1
2026-05-12,B,A01BR007,BR,4,49.0,41.0,41.0,8.0,0.0,0.0,292,292,0,0,0,1
2026-05-12,B,A01TMC01,TM,4,526.0,517.0,517.0,9.0,0.0,0.0,519,519,0,0,0,1
2026-05-12,B,A01TMC03,TM,4,526.0,508.0,508.0,18.0,0.0,0.0,1228,1228,0,0,0,1
2026-05-12,B,A01TMC07,TM,4,534.0,526.0,526.0,8.0,0.0,0.0,1148,1148,0,0,0,1
2026-05-12,B,A01TMC09,TM,4,534.0,517.0,517.0,17.0,0.0,0.0,1217,1217,0,0,0,1
2026-05-12,B,A01TMC10,TM,4,527.0,272.0,272.0,255.0,0.0,0.0,303,303,0,0,0,1
2026-05-12,B,A01TMC08,TM,4,534.0,527.0,527.0,7.0,0.0,0.0,1118,1118,0,0,0,1
2026-05-12,B,A01VMC11,VM,4,555.0,0.0,0.0,555.0,0.0,0.0,0,0,0,0,0,1
2026-05-12,B,A01VMC15,VM,4,294.17,257.24,177.65,36.93,79.59,0.0,930,930,0,0,0,1
2026-05-12,B,A01CN014,CN,5,517.0,503.0,503.0,14.0,0.0,0.0,1832,1832,0,0,0,1
2026-05-12,B,A01CN015,CN,5,304.31,101.24,101.24,203.07,0.0,0.0,593,593,0,0,0,1
2026-05-12,B,A01CN016,CN,5,507.0,432.0,432.0,75.0,0.0,0.0,936,936,0,0,0,1
2026-05-12,B,A01CN021,CN,5,516.0,327.0,288.33,189.0,38.67,0.0,865,865,0,0,0,1
2026-05-12,B,A01CN023,CN,5,516.0,479.0,479.0,37.0,0.0,0.0,1627,1627,0,0,0,1
2026-05-12,B,A01CN026,CN,5,514.0,508.0,508.0,6.0,0.0,0.0,1633,1633,0,0,0,1
2026-05-12,B,A01CN029,CN,5,513.0,345.0,273.7,168.0,71.3,0.0,966,966,0,0,0,1
2026-05-12,B,A01CN044,CN,5,284.27,155.0,116.59,129.27,38.41,0.0,346,346,0,0,0,1
2026-05-12,B,A01CN067,CN,5,491.0,377.0,332.8,114.0,44.2,0.0,512,512,0,0,0,1
2026-05-12,B,A01CN071,CN,5,514.0,477.0,477.0,37.0,0.0,0.0,1627,1627,0,0,0,1
2026-05-12,B,A01CN079,CN,5,509.0,210.0,171.3,299.0,38.7,0.0,571,571,0,0,0,1
2026-05-12,B,A01CN088,CN,5,303.51,172.45,155.52,131.06,16.93,0.0,310,310,0,0,0,1
2026-05-12,B,A01CN089,CN,5,514.0,436.0,428.13,78.0,7.87,0.0,494,494,0,0,0,1
2026-05-12,B,A01CN105,CN,5,509.0,276.0,276.0,233.0,0.0,0.0,707,707,0,0,0,1
2026-05-12,B,A01CN106,CN,5,509.0,298.0,275.2,211.0,22.8,0.0,258,258,0,0,0,1
2026-05-12,B,A01CN107,CN,5,517.0,318.0,303.2,199.0,14.8,0.0,379,379,0,0,0,1
2026-05-12,B,A01BR005,BR,5,300.58,138.1,138.1,162.48,0.0,0.0,2656,2656,0,0,0,1
2026-05-12,B,A01CN113,CN,5,304.62,180.89,155.16,123.73,25.73,0.0,316,316,0,0,0,1
2026-05-12,B,A01CN083,CN,5,593.0,552.0,552.0,41.0,0.0,0.0,3370,3370,0,0,0,1
2026-05-12,B,A01CN121,CN,5,593.0,481.0,360.0,112.0,121.0,0.0,540,540,0,0,0,1
2026-05-12,B,A01CN001,CN,6,614.0,529.0,510.0,85.0,19.0,0.0,510,510,0,0,0,1
2026-05-12,B,A01CN024,CN,6,429.0,338.0,271.25,91.0,66.75,0.0,465,465,0,0,0,1
2026-05-12,B,A01CN030,CN,6,614.0,490.0,490.0,124.0,0.0,0.0,501,501,0,0,0,1
2026-05-12,B,A01CN070,CN,6,345.0,274.0,251.0,71.0,23.0,0.0,251,251,0,0,0,1
2026-05-12,B,A01CN081,CN,6,309.0,288.0,243.0,21.0,45.0,0.0,243,243,0,0,0,1
2026-05-12,B,A01CN098,CN,6,346.82,190.36,141.78,156.46,48.58,0.0,251,251,0,0,0,1
2026-05-12,B,A01CN005,CN,6,459.0,344.0,344.0,115.0,0.0,0.0,534,534,0,0,0,1
2026-05-12,B,A01CN018,CN,6,643.0,563.0,558.75,80.0,4.25,0.0,745,745,0,0,0,1
2026-05-12,B,A01CN085,CN,6,654.0,584.0,584.0,70.0,0.0,0.0,557,557,0,0,0,1
2026-05-12,B,A01CN099,CN,6,654.0,540.0,538.0,114.0,2.0,0.0,538,538,0,0,0,1
2026-05-12,B,A01CN042,CN,6,575.0,537.0,470.8,38.0,66.2,0.0,856,856,0,0,0,1
2026-05-12,B,A01CN047,CN,6,361.98,317.22,317.22,44.76,0.0,0.0,1048,1048,0,0,0,1
2026-05-12,B,A01CN048,CN,6,370.11,318.44,318.44,51.67,0.0,0.0,1040,1040,0,0,0,1
2026-05-12,B,A01CN050,CN,6,364.85,318.04,316.99,46.8,1.05,0.0,992,992,0,0,0,1
2026-05-12,B,A01CN051,CN,6,370.11,312.26,312.26,57.85,0.0,0.0,1054,1054,0,0,0,1
2026-05-12,B,A01TMC05,TM,6,687.0,579.0,579.0,108.0,0.0,0.0,751,751,0,0,0,1
2026-05-12,B,A01CN045,CN,6,360.51,315.02,308.69,45.49,6.33,0.64,958,956,2,0,2,1
2026-05-12,B,A01CN046,CN,6,360.51,337.76,297.73,22.75,40.03,0.0,952,952,0,0,0,1
2026-05-12,B,A01CN062,CN,6,365.31,326.03,326.03,39.28,0.0,0.31,1060,1059,0,1,1,1
2026-05-12,B,A01CN068,CN,6,365.35,326.02,326.02,39.33,0.0,0.0,1042,1042,0,0,0,1
2026-05-12,B,A01VMC05,VM,6,665.0,339.0,122.0,326.0,217.0,0.0,120,120,0,0,0,1
2026-05-12,B,A01VMC09,VM,6,404.67,272.18,250.59,132.49,21.58,0.0,1320,1320,0,0,0,1
2026-05-12,B,A01VMC12,VM,6,411.46,324.9,309.81,86.56,15.09,0.0,1605,1605,0,0,0,1
2026-05-12,B,A01VMC16,VM,6,375.46,297.99,259.54,77.47,38.45,0.0,1530,1530,0,0,0,1
2026-05-12,B,A01HB016,HB,6,676.0,612.0,588.87,64.0,23.13,0.0,1936,1936,0,0,0,1
2026-05-12,B,A01HB025,HB,7,688.0,647.0,629.0,41.0,18.0,0.0,867,867,0,0,0,1
2026-05-12,B,A01HB013,HB,7,679.0,622.0,595.47,57.0,26.53,0.0,880,880,0,0,0,1
2026-05-12,B,A01HB014,HB,7,678.0,607.0,607.0,71.0,0.0,0.0,1026,1026,0,0,0,1
2026-05-12,B,A01HB022,HB,7,688.0,636.0,602.07,52.0,33.93,0.0,528,528,0,0,0,1
2026-05-12,B,A01HB023,HB,7,688.0,635.0,618.92,53.0,16.08,0.0,770,770,0,0,0,1
2026-05-12,B,A01HB024,HB,7,688.0,688.0,526.9,0.0,161.1,0.0,726,726,0,0,0,1
2026-05-13,A,A01CN126,CN,11,109.0,76.0,71.67,33.0,4.33,0.0,215,215,0,0,0,1
2026-05-12,A,A01CN081,CN,11,148.0,129.0,118.0,19.0,11.0,0.0,118,118,0,0,0,1
2026-05-12,A,A01CN084,CN,11,148.0,130.0,100.2,18.0,29.8,0.0,167,167,0,0,0,1
2026-05-12,A,A01CN052,CN,12,72.24,64.63,46.57,7.6,18.06,0.0,49,49,0,0,0,1
2026-05-12,A,A01TMC09,TM,12,97.71,97.71,97.71,0.0,0.0,0.0,397,397,0,0,0,1
2026-05-12,A,A01CN120,CN,12,81.27,59.19,59.19,22.09,0.0,0.0,79,79,0,0,0,1
2026-05-12,A,A01CN121,CN,12,85.13,56.45,27.14,28.69,29.3,0.0,44,44,0,0,0,1
2026-05-12,A,A01CN056,CN,12,95.0,91.07,91.07,3.93,0.0,0.0,586,586,0,0,0,1
2026-05-12,A,A01CN069,CN,12,59.73,59.73,59.73,0.0,0.0,0.0,122,122,0,0,0,1
2026-05-12,A,A01HB001,HB,12,72.2,72.2,68.51,0.0,3.69,0.0,324,324,0,0,0,1
2026-05-12,A,A01HB002,HB,12,72.2,72.2,69.85,0.0,2.35,0.0,288,288,0,0,0,1
2026-05-12,A,A01HB003,HB,12,72.2,68.28,68.28,3.92,0.0,0.0,368,368,0,0,0,1
2026-05-12,A,A01HB006,HB,12,72.2,72.2,64.3,0.0,7.9,0.0,305,305,0,0,0,1
2026-05-12,A,A01HB007,HB,12,72.2,72.2,60.45,0.0,11.75,0.0,300,300,0,0,0,1
2026-05-12,A,A01HB009,HB,12,60.52,60.52,53.65,0.0,6.87,0.0,240,240,0,0,0,1
2026-05-12,A,A01HB010,HB,12,79.77,79.77,76.27,0.0,3.5,0.0,300,300,0,0,0,1
2026-05-12,A,A01HB011,HB,12,60.52,60.52,60.52,0.0,0.0,0.11,540,539,0,1,1,1
2026-05-12,A,A01HB012,HB,12,72.2,21.83,21.83,50.37,0.0,0.0,350,350,0,0,0,1
2026-05-12,A,A01HB017,HB,12,60.52,54.08,49.89,6.44,4.18,0.0,180,180,0,0,0,1
2026-05-12,A,A01HB018,HB,12,64.2,64.2,64.2,0.0,0.0,0.0,182,182,0,0,0,1
2026-05-12,A,A01HB020,HB,12,64.2,58.02,46.84,6.17,11.18,0.0,203,203,0,0,0,1
2026-05-12,A,A01CN103,CN,12,95.81,7.19,2.74,88.62,4.44,0.0,11,11,0,0,0,1
2026-05-12,A,A01CN007,CN,12,106.41,67.0,63.81,39.41,3.19,0.0,340,340,0,0,0,1
2026-05-12,A,A01CN015,CN,12,179.65,62.63,62.63,117.02,0.0,0.0,259,259,0,0,0,1
2026-05-12,A,A01CN025,CN,12,107.16,100.93,100.93,6.24,0.0,0.0,705,705,0,0,0,1
2026-05-12,A,A01CN067,CN,12,49.0,25.0,20.8,24.0,4.2,0.0,32,32,0,0,0,1
2026-05-12,A,A01CN078,CN,12,189.0,168.0,142.5,21.0,25.5,0.0,285,285,0,0,0,1
2026-05-12,A,A01CN079,CN,12,146.19,107.51,80.29,38.67,27.23,0.0,346,346,0,0,0,1
2026-05-12,A,A01BR005,BR,12,49.0,8.0,8.0,41.0,0.0,0.0,976,976,0,0,0,1
2026-05-12,A,A01BR007,BR,12,30.0,4.29,4.29,25.71,0.0,0.0,506,506,0,0,0,1
2026-05-12,A,A01TAP14,TA,12,30.0,8.57,8.57,21.43,0.0,0.0,336,336,0,0,0,1
2026-05-12,A,A01CN031,CN,14,161.88,143.75,143.75,18.12,0.0,0.0,933,933,0,0,0,1
2026-05-12,A,A01CN003,CN,16,194.99,184.91,184.91,10.09,0.0,0.34,1080,1078,1,1,2,1
2026-05-13,A,A01CN125,CN,18,366.0,250.0,140.0,116.0,110.0,0.0,350,350,0,0,0,1
2026-05-13,A,A01CN130,CN,18,366.0,351.0,351.0,15.0,0.0,0.0,588,588,0,0,0,1
2026-05-13,A,A01CN131,CN,18,327.0,323.0,323.0,4.0,0.0,0.0,540,540,0,0,0,1
2026-05-12,A,A01CN044,CN,18,282.0,240.0,195.8,42.0,44.2,0.0,356,356,0,0,0,1
2026-05-12,A,A01CN062,CN,18,297.0,274.0,274.0,23.0,0.0,0.0,516,516,0,0,0,1
2026-05-12,A,A01CN068,CN,18,297.0,282.0,282.0,15.0,0.0,1.1,514,512,2,0,2,1
2026-05-12,A,A01CN088,CN,18,225.52,159.68,132.23,65.83,27.45,0.0,236,236,0,0,0,1
2026-05-12,A,A01VMC03,VM,18,213.56,199.18,199.18,14.38,0.0,0.0,1280,1280,0,0,0,1
2026-05-12,A,A01VMC05,VM,18,206.91,176.83,143.23,30.08,33.61,0.0,192,192,0,0,0,1
2026-05-12,A,A01VMC07,VM,18,282.0,217.0,217.0,65.0,0.0,0.0,944,944,0,0,0,1
2026-05-12,A,A01VMC09,VM,18,240.13,227.36,222.46,12.77,4.9,0.0,825,825,0,0,0,1
2026-05-12,A,A01VMC12,VM,18,245.26,217.74,217.74,27.51,0.0,0.0,885,885,0,0,0,1
2026-05-12,A,A01VMC15,VM,18,248.17,233.13,233.13,15.04,0.0,0.0,1005,1005,0,0,0,1
2026-05-12,A,A01VMC16,VM,18,171.92,156.08,149.74,15.85,6.34,0.0,630,630,0,0,0,1
2026-05-12,A,A01CN107,CN,18,240.11,199.98,163.36,40.14,36.62,0.0,290,290,0,0,0,1
2026-05-12,A,A01CN113,CN,18,240.11,197.16,176.04,42.95,21.12,0.0,300,300,0,0,0,1
2026-05-12,A,A01CN114,CN,18,240.11,202.79,202.79,37.32,0.0,0.0,864,864,0,0,0,1
2026-05-12,A,A01CN047,CN,18,273.72,249.26,247.63,24.45,1.63,0.0,554,554,0,0,0,1
2026-05-12,A,A01CN048,CN,18,273.97,253.62,241.3,20.35,12.32,0.0,544,544,0,0,0,1
2026-05-12,A,A01CN050,CN,18,273.27,256.69,246.16,16.59,10.53,0.9,550,548,0,2,2,1
2026-05-12,A,A01CN051,CN,18,273.54,227.3,212.95,46.24,14.34,0.0,494,494,0,0,0,1
2026-05-13,B,A01CN124,CN,21,30.0,11.0,11.0,19.0,0.0,0.0,33,33,0,0,0,1
2026-05-13,B,A01CN130,CN,21,30.0,24.0,24.0,6.0,0.0,0.0,56,56,0,0,0,1
2026-05-13,B,A01CN132,CN,21,30.0,0.0,0.0,30.0,0.0,0.0,0,0,0,0,0,1
2026-05-13,B,A01CN126,CN,21,30.0,0.0,0.0,30.0,0.0,0.0,0,0,0,0,0,1
2026-05-13,B,A01CN127,CN,21,30.0,16.0,16.0,14.0,0.0,0.0,32,32,0,0,0,1
2026-05-13,B,A01CN131,CN,21,30.0,28.0,28.0,2.0,0.0,0.0,60,60,0,0,0,1
2026-05-12,B,A01CN052,CN,21,30.0,8.0,3.0,22.0,5.0,0.0,3,3,0,0,0,1
2026-05-12,B,A01CN056,CN,21,30.0,30.0,30.0,0.0,0.0,0.21,144,143,1,0,1,1
2026-05-12,B,A01HB007,HB,21,22.78,0.0,0.0,22.78,0.0,0.0,0,0,0,0,0,1
2026-05-12,B,A01HB019,HB,21,22.78,0.0,0.0,22.78,0.0,0.0,0,0,0,0,0,1
2026-05-13,B,A01CN125,CN,21,30.0,27.0,23.2,3.0,3.8,0.0,58,58,0,0,0,1
2026-05-12,B,A01CN095,CN,22,75.16,59.65,59.65,15.51,0.0,0.0,460,460,0,0,0,1
2026-05-12,B,A01VMC03,VM,22,143.0,123.0,123.0,20.0,0.0,0.0,560,560,0,0,0,1
2026-05-12,B,A01CN138,CN,22,82.66,73.0,72.8,9.65,0.2,0.0,181,181,0,0,0,1
2026-05-12,B,A01CN139,CN,22,82.66,71.8,71.8,10.86,0.0,0.0,179,179,0,0,0,1
2026-05-12,A,A01CN071,CN,1,335.36,276.52,276.52,58.84,0.0,0.0,1995,1995,0,0,0,1
2026-05-12,A,A01CN014,CN,1,338.62,319.3,319.3,19.32,0.0,0.0,2453,2453,0,0,0,1
2026-05-12,A,A01CN021,CN,1,378.07,228.67,195.24,149.39,33.44,0.0,1086,1086,0,0,0,1
2026-05-12,A,A01CN022,CN,1,570.0,413.07,413.07,156.93,0.0,0.0,1794,1794,0,0,0,1
2026-05-12,A,A01CN023,CN,1,340.06,317.26,317.26,22.8,0.0,0.0,2211,2211,0,0,0,1
2026-05-12,A,A01CN026,CN,1,340.06,323.57,323.57,16.49,0.0,0.0,2185,2185,0,0,0,1
2026-05-12,A,A01CN087,CN,1,331.59,127.72,86.75,203.88,40.96,0.0,393,393,0,0,0,1
2026-05-13,A,A01CN020,CN,1,539.0,394.45,261.81,144.55,132.64,0.0,681,681,0,0,0,1
2026-05-13,A,A01CN112,CN,1,529.0,350.91,236.96,178.09,113.95,0.0,314,314,0,0,0,1
2026-05-12,A,A01TMC01,TM,1,328.68,315.09,315.09,13.6,0.0,5.78,654,642,6,6,12,1
2026-05-12,A,A01TMC03,TM,1,326.2,300.14,300.14,26.06,0.0,0.0,1574,1574,0,0,0,1
2026-05-12,A,A01CN086,CN,1,328.68,134.1,90.81,194.59,43.29,0.0,280,280,0,0,0,1
2026-05-12,A,A01CN017,CN,1,301.85,271.71,238.99,30.14,32.73,0.0,740,740,0,0,0,1
2026-05-12,A,A01CN016,CN,1,382.36,160.36,160.36,222.0,0.0,0.0,542,542,0,0,0,1
2026-05-13,A,A01CN128,CN,1,435.0,421.35,421.35,13.65,0.0,0.0,1110,1110,0,0,0,1
2026-05-12,A,A01CN089,CN,1,328.13,276.17,258.01,51.96,18.16,0.0,636,636,0,0,0,1
2026-05-12,B,A01CN087,CN,2,0.0,0.0,0.0,0.0,0.0,0.0,6,6,0,0,0,0
2026-05-12,A,A01CN013,CN,2,287.51,248.95,243.79,38.55,5.17,0.98,2229,2220,9,0,9,1
2026-05-12,A,A01CN083,CN,2,322.4,271.81,271.81,50.59,0.0,0.0,3730,3730,0,0,0,1
2026-05-12,A,A01CN085,CN,2,322.4,233.64,233.02,88.76,0.61,0.0,475,475,0,0,0,1
2026-05-12,A,A01CN099,CN,2,334.87,289.49,284.23,45.38,5.25,0.0,595,595,0,0,0,1
2026-05-12,A,A01CN070,CN,2,337.14,199.59,148.61,137.55,50.98,0.0,309,309,0,0,0,1
2026-05-12,A,A01CN027,CN,2,305.72,118.63,118.63,187.1,0.0,0.0,531,531,0,0,0,1
2026-05-12,A,A01CN028,CN,2,305.3,110.19,110.19,195.12,0.0,0.0,513,513,0,0,0,1
2026-05-12,A,A01CN029,CN,2,420.0,376.26,293.34,43.74,82.92,0.0,1728,1728,0,0,0,1
2026-05-12,A,A01CN097,CN,2,289.4,119.72,119.72,169.68,0.0,0.0,918,918,0,0,0,1
2026-05-12,A,A01TMC04,TM,2,328.13,316.89,316.89,11.23,0.0,0.0,801,801,0,0,0,1
2026-05-12,A,A01TMC05,TM,2,327.13,190.87,190.87,136.27,0.0,0.0,556,556,0,0,0,1
2026-05-12,A,A01TMC06,TM,2,381.33,365.01,365.01,16.32,0.0,0.0,1008,1008,0,0,0,1
2026-05-12,A,A01TMC07,TM,2,307.8,132.6,132.6,175.2,0.0,0.0,660,660,0,0,0,1
2026-05-12,A,A01CN101,CN,2,289.4,253.07,253.07,36.33,0.0,0.0,964,964,0,0,0,1
2026-05-12,A,A01CN105,CN,2,540.0,217.23,217.23,322.77,0.0,0.0,716,716,0,0,0,1
2026-05-12,A,A01CN106,CN,2,540.0,185.65,165.16,354.35,20.49,0.0,201,201,0,0,0,1
2026-05-12,A,A01TMC08,TM,2,307.8,129.97,129.97,177.83,0.0,0.0,637,637,0,0,0,1
2026-05-12,A,A01CN066,CN,2,500.0,217.55,217.55,282.45,0.0,0.0,1266,1266,0,0,0,1
2026-05-12,A,A01CN090,CN,2,289.4,258.44,258.44,30.96,0.0,0.0,2508,2508,0,0,0,1
2026-05-12,A,A01CN001,CN,2,329.61,280.24,267.07,49.37,13.17,0.0,568,568,0,0,0,1
2026-05-12,A,A01CN018,CN,2,323.04,290.78,264.4,32.26,26.38,0.0,765,765,0,0,0,1
2026-05-12,A,A01CN030,CN,2,336.84,287.35,287.35,49.49,0.0,0.0,618,618,0,0,0,1
2026-05-12,A,A01CN005,CN,2,334.87,292.83,271.22,42.04,21.62,0.0,757,757,0,0,0,1
2026-05-12,A,A01HB023,HB,2,292.03,275.78,275.78,16.25,0.0,0.0,902,902,0,0,0,1
2026-05-12,A,A01HB024,HB,2,292.03,277.45,252.76,14.58,24.69,0.0,836,836,0,0,0,1
2026-05-12,A,A01CN024,CN,2,295.72,248.05,172.51,47.67,75.55,0.0,701,701,0,0,0,1
2026-05-12,A,A01CN041,CN,2,333.86,302.43,266.11,31.43,36.32,0.0,745,745,0,0,0,1
2026-05-12,A,A01CN006,CN,2,440.0,395.44,395.44,44.56,0.0,0.0,1986,1986,0,0,0,1
2026-05-12,A,A01CN008,CN,2,289.4,220.05,220.05,69.36,0.0,0.0,653,653,0,0,0,1
2026-05-12,A,A01CN065,CN,2,333.86,300.05,272.9,33.82,27.15,0.0,764,764,0,0,0,1
2026-05-12,A,A01CN091,CN,2,289.4,268.35,268.35,21.06,0.0,0.0,2625,2625,0,0,0,1
2026-05-12,A,A01CN093,CN,2,289.4,242.75,242.75,46.65,0.0,0.0,2397,2397,0,0,0,1
2026-05-12,A,A01CN096,CN,2,289.4,251.42,251.42,37.98,0.0,0.0,2428,2428,0,0,0,1
2026-05-12,A,A01VMC11,VM,2,301.85,149.85,118.63,152.0,31.22,0.0,870,870,0,0,0,1
2026-05-12,A,A01CN074,CN,2,435.0,331.37,205.03,103.63,126.34,1.99,413,409,0,4,4,1
2026-05-12,A,A01HB014,HB,2,335.06,317.38,315.11,17.69,2.26,0.0,1102,1102,0,0,0,1
2026-05-12,A,A01CN042,CN,2,330.22,273.22,264.79,57.0,8.43,0.0,1022,1022,0,0,0,1
2026-05-12,A,A01CN004,CN,2,289.4,108.99,108.99,180.41,0.0,0.0,1176,1176,0,0,0,1
2026-05-12,A,A01CN094,CN,2,289.4,104.04,104.04,185.37,0.0,0.0,684,684,0,0,0,1
2026-05-12,B,A01CN007,CN,3,200.62,80.0,47.59,120.62,32.41,0.0,232,232,0,0,0,1
2026-05-12,B,A01CN078,CN,3,245.01,100.92,79.98,144.08,20.95,0.0,252,252,0,0,0,1
2026-05-12,B,A01HB021,HB,3,235.86,25.47,0.0,210.4,25.47,0.0,0,0,0,0,0,1
2026-05-12,A,A01CN053,CN,3,304.05,280.63,279.76,23.42,0.87,0.0,2150,2150,0,0,0,1
2026-05-12,A,A01CN054,CN,3,330.36,312.45,312.45,17.91,0.0,0.0,2077,2077,0,0,0,1
2026-05-12,A,A01CN055,CN,3,304.05,238.55,221.64,65.49,16.92,0.0,1533,1533,0,0,0,1
2026-05-12,A,A01CN057,CN,3,304.05,261.11,245.02,42.94,16.09,0.0,1883,1883,0,0,0,1
2026-05-12,A,A01CN058,CN,3,304.05,268.48,268.48,35.57,0.0,0.14,1905,1904,0,1,1,1
2026-05-12,A,A01CN059,CN,3,304.05,288.87,288.87,15.18,0.0,0.0,2052,2052,0,0,0,1
2026-05-12,A,A01CN060,CN,3,304.05,263.71,263.62,40.34,0.09,0.0,2026,2026,0,0,0,1
2026-05-12,A,A01CN072,CN,3,304.05,257.64,234.09,46.41,23.55,0.52,1799,1795,4,0,4,1
2026-05-12,A,A01CN073,CN,3,330.36,121.59,118.13,208.77,3.46,0.0,752,752,0,0,0,1
2026-05-12,A,A01CN076,CN,3,304.05,247.23,224.85,56.82,22.38,0.0,1728,1728,0,0,0,1
2026-05-12,A,A01CN077,CN,3,330.36,106.51,102.64,223.85,3.86,0.57,726,722,0,4,4,1
2026-05-12,A,A01CN075,CN,3,303.62,248.61,140.38,55.01,108.24,0.0,463,463,0,0,0,1
2026-05-12,A,A01TMC10,TM,3,326.51,314.4,314.4,12.11,0.0,0.0,707,707,0,0,0,1
2026-05-12,A,A01CN102,CN,4,289.4,236.15,234.43,53.26,1.71,0.0,831,831,0,0,0,1
2026-05-12,B,A01VMC12,VM,4,314.54,309.05,309.05,5.49,0.0,0.0,1680,1680,0,0,0,1
2026-05-12,B,A01CN015,CN,5,263.69,110.66,110.66,153.04,0.0,0.0,663,663,0,0,0,1
2026-05-12,B,A01CN044,CN,5,316.73,305.71,265.52,11.03,40.19,0.0,788,788,0,0,0,1
2026-05-12,B,A01CN088,CN,5,261.49,203.8,203.8,57.69,0.0,0.0,408,408,0,0,0,1
2026-05-12,B,A01BR005,BR,5,299.42,235.01,235.01,64.41,0.0,0.0,5520,5520,0,0,0,1
2026-05-12,B,A01CN113,CN,5,263.38,199.74,176.27,63.63,23.47,0.0,359,359,0,0,0,1
2026-05-12,A,A01HB004,HB,5,242.01,198.86,159.67,43.15,39.18,0.13,1200,1199,1,0,1,1
2026-05-12,A,A01HB005,HB,5,242.01,211.63,131.95,30.38,79.68,0.0,1092,1092,0,0,0,1
2026-05-12,A,A01HB008,HB,5,242.01,221.99,212.03,20.02,9.95,0.22,1925,1923,2,0,2,1
2026-05-12,A,A01CN100,CN,5,271.99,59.75,59.75,212.24,0.0,0.0,298,298,0,0,0,1
2026-05-12,A,A01CN116,CN,5,180.0,48.53,48.53,131.47,0.0,0.0,197,197,0,0,0,1
2026-05-12,B,A01CN098,CN,6,328.18,256.44,217.47,71.74,38.97,0.0,385,385,0,0,0,1
2026-05-13,B,A01CN108,CN,6,439.0,373.0,271.0,66.0,102.0,0.0,271,271,0,0,0,1
2026-05-12,B,A01CN047,CN,6,353.02,308.27,308.27,44.76,0.0,0.0,1004,1004,0,0,0,1
2026-05-12,B,A01CN048,CN,6,349.89,304.96,304.96,44.93,0.0,0.0,980,980,0,0,0,1
2026-05-12,B,A01CN051,CN,6,349.89,288.11,288.11,61.78,0.0,0.0,964,964,0,0,0,1
2026-05-12,B,A01CN062,CN,6,359.69,325.46,325.46,34.23,0.0,0.0,1030,1030,0,0,0,1
2026-05-12,B,A01CN068,CN,6,359.65,324.31,311.6,35.34,12.71,0.63,994,992,2,0,2,1
2026-05-12,B,A01VMC09,VM,6,321.33,278.77,278.77,42.56,0.0,0.0,1605,1605,0,0,0,1
2026-05-12,B,A01CN045,CN,7,364.49,344.02,317.71,20.47,26.31,0.0,986,986,0,0,0,1
2026-05-12,B,A01CN046,CN,7,364.49,333.22,324.63,31.27,8.59,0.0,1038,1038,0,0,0,1
2026-05-12,B,A01CN050,CN,7,363.15,314.09,314.09,49.06,0.0,1.55,1014,1009,0,5,5,1
2026-05-12,B,A01VMC15,VM,7,343.83,290.35,290.35,53.49,0.0,0.0,1560,1560,0,0,0,1
2026-05-12,B,A01VMC16,VM,7,354.54,292.34,292.34,62.2,0.0,0.0,1785,1785,0,0,0,1
2026-05-12,A,A01HB025,HB,7,438.31,402.05,402.05,36.27,0.0,0.0,1190,1190,0,0,0,1
2026-05-14,A,A01CN053,CN,11,119.0,99.0,99.0,20.0,0.0,0.0,343,343,0,0,0,1
2026-05-14,A,A01CN054,CN,11,119.0,115.0,115.0,4.0,0.0,0.0,398,398,0,0,0,1
2026-05-14,A,A01CN055,CN,11,119.0,118.0,118.0,1.0,0.0,0.3,398,397,0,1,1,1
2026-05-14,A,A01CN056,CN,11,119.0,106.0,106.0,13.0,0.0,0.0,381,381,0,0,0,1
2026-05-14,A,A01CN057,CN,11,119.0,114.0,114.0,5.0,0.0,0.0,398,398,0,0,0,1
2026-05-14,A,A01CN058,CN,11,119.0,114.0,114.0,5.0,0.0,0.0,394,394,0,0,0,1
2026-05-14,A,A01CN059,CN,11,119.0,93.0,93.0,26.0,0.0,0.0,290,290,0,0,0,1
2026-05-14,A,A01CN060,CN,11,119.0,113.0,113.0,6.0,0.0,0.0,422,422,0,0,0,1
2026-05-14,A,A01CN072,CN,11,119.0,118.0,114.3,1.0,3.7,1.5,381,376,5,0,5,1
2026-05-14,A,A01CN073,CN,11,119.0,115.0,115.0,4.0,0.0,0.0,378,378,0,0,0,1
2026-05-14,A,A01CN076,CN,11,119.0,118.0,118.0,1.0,0.0,0.0,399,399,0,0,0,1
2026-05-14,A,A01CN077,CN,11,119.0,91.0,90.3,28.0,0.7,0.3,301,300,0,1,1,1
2026-05-14,A,A01CN126,CN,11,109.0,84.0,69.0,25.0,15.0,0.0,207,207,0,0,0,1
2026-05-14,A,A01CN120,CN,12,79.0,68.0,68.0,11.0,0.0,0.0,121,121,0,0,0,1
2026-05-14,A,A01CN121,CN,12,79.0,50.0,38.67,29.0,11.33,0.0,58,58,0,0,0,1
2026-05-14,A,A01CN049,CN,12,101.0,93.0,93.0,8.0,0.0,0.0,103,103,0,0,0,1
2026-05-14,A,A01CN061,CN,12,101.0,97.0,96.0,4.0,1.0,0.0,120,120,0,0,0,1
2026-05-14,A,A01CN069,CN,12,101.0,98.0,98.0,3.0,0.0,0.0,140,140,0,0,0,1
2026-05-14,A,A01HB001,HB,12,56.0,49.0,49.0,7.0,0.0,0.0,150,150,0,0,0,1
2026-05-14,A,A01HB002,HB,12,126.0,118.0,118.0,8.0,0.0,0.86,276,274,0,2,2,1
2026-05-14,A,A01HB003,HB,12,56.0,50.0,50.0,6.0,0.0,0.0,168,168,0,0,0,1
2026-05-14,A,A01HB004,HB,12,126.0,119.0,119.0,7.0,0.0,0.0,328,328,0,0,0,1
2026-05-14,A,A01HB006,HB,12,126.0,103.0,77.22,23.0,25.78,0.0,205,205,0,0,0,1
2026-05-14,A,A01HB007,HB,12,126.0,65.0,52.8,61.0,12.2,0.0,128,128,0,0,0,1
2026-05-14,A,A01HB009,HB,12,81.0,57.0,47.92,24.0,9.08,0.0,138,138,0,0,0,1
2026-05-14,A,A01HB010,HB,12,126.0,117.0,106.07,9.0,10.93,0.82,258,256,0,2,2,1
2026-05-14,A,A01HB011,HB,12,126.0,120.0,120.0,6.0,0.0,0.0,710,710,0,0,0,1
2026-05-14,A,A01HB017,HB,12,126.0,119.0,119.0,7.0,0.0,0.0,294,294,0,0,0,1
2026-05-14,A,A01HB018,HB,12,126.0,116.0,116.0,10.0,0.0,0.0,217,217,0,0,0,1
2026-05-14,A,A01HB020,HB,12,126.0,117.0,117.0,9.0,0.0,0.0,322,322,0,0,0,1
2026-05-14,A,A01CN103,CN,12,166.0,94.0,62.5,72.0,31.5,0.0,150,150,0,0,0,1
2026-05-14,A,A01CN007,CN,12,186.0,101.0,101.0,85.0,0.0,0.0,316,316,0,0,0,1
2026-05-14,A,A01CN025,CN,12,176.0,160.0,160.0,16.0,0.0,0.0,645,645,0,0,0,1
2026-05-14,A,A01CN050,CN,12,216.0,199.0,179.07,17.0,19.93,0.0,316,316,0,0,0,1
2026-05-14,A,A01CN052,CN,12,111.0,105.0,105.0,6.0,0.0,0.0,111,111,0,0,0,1
2026-05-14,A,A01CN078,CN,12,186.0,173.0,173.0,13.0,0.0,0.0,375,375,0,0,0,1
2026-05-14,A,A01CN080,CN,12,186.0,62.0,60.0,124.0,2.0,0.0,180,180,0,0,0,1
2026-05-14,A,A01BR007,BR,12,38.0,12.0,12.0,26.0,0.0,0.0,178,178,0,0,0,1
2026-05-14,A,A01TAP14,TA,12,38.0,13.0,13.0,25.0,0.0,0.0,127,127,0,0,0,1
2026-05-14,A,A01CN127,CN,13,701.0,400.0,342.4,301.0,57.6,0.0,428,428,0,0,0,1
2026-05-14,A,A01CN132,CN,13,701.0,272.0,251.6,429.0,20.4,0.0,408,408,0,0,0,1
2026-05-14,A,A01CN031,CN,14,246.0,190.0,188.1,56.0,1.9,0.0,627,627,0,0,0,1
2026-05-14,A,A01VMC04,VM,14,39.0,39.0,39.0,0.0,0.0,0.0,120,120,0,0,0,1
2026-05-14,A,A01CN098,CN,14,171.0,114.0,89.0,57.0,25.0,0.0,89,89,0,0,0,1
2026-05-14,A,A01TMC09,TM,15,84.0,84.0,84.0,0.0,0.0,0.0,219,219,0,0,0,1
2026-05-14,A,A01CN015,CN,16,366.0,283.0,283.0,83.0,0.0,0.0,1242,1242,0,0,0,1
2026-05-14,A,A01CN029,CN,16,346.0,316.0,288.43,30.0,27.57,0.0,1018,1018,0,0,0,1
2026-05-14,A,A01CN122,CN,16,99.0,55.0,45.5,44.0,9.5,0.0,105,105,0,0,0,1
2026-05-14,A,A01CN086,CN,16,371.0,326.0,251.77,45.0,74.23,0.0,364,364,0,0,0,1
2026-05-14,A,A01HB005,HB,16,129.0,129.0,117.6,0.0,11.4,0.0,336,336,0,0,0,1
2026-05-14,A,A01HB008,HB,16,306.0,267.0,214.4,39.0,52.6,0.0,672,672,0,0,0,1
2026-05-14,A,A01VMC06,VM,16,94.0,57.0,57.0,37.0,0.0,0.0,56,56,0,0,0,1
2026-05-14,A,A01BR005,BR,16,346.0,265.0,215.6,81.0,49.4,0.0,1848,1848,0,0,0,1
2026-05-14,A,A01CN013,CN,16,361.0,259.0,259.0,102.0,0.0,0.74,696,694,2,0,2,1
2026-05-14,A,A01CN024,CN,16,362.0,325.0,176.75,37.0,148.25,0.0,303,303,0,0,0,1
2026-05-14,A,A01CN002,CN,16,150.0,150.0,150.0,0.0,0.0,0.0,161,161,0,0,0,1
2026-05-14,A,A01CN004,CN,16,336.0,20.0,5.33,316.0,14.67,0.0,16,16,0,0,0,1
2026-05-14,A,A01CN006,CN,16,366.0,346.0,346.0,20.0,0.0,0.0,1068,1068,0,0,0,1
2026-05-14,A,A01CN008,CN,16,366.0,298.0,298.0,68.0,0.0,0.0,300,300,0,0,0,1
2026-05-14,A,A01CN133,CN,16,366.0,351.0,351.0,15.0,0.0,0.0,255,255,0,0,0,1
2026-05-14,A,A01CN090,CN,16,371.0,358.0,358.0,13.0,0.0,0.0,1461,1461,0,0,0,1
2026-05-14,A,A01CN091,CN,16,366.0,311.0,220.8,55.0,90.2,0.0,828,828,0,0,0,1
2026-05-14,A,A01CN093,CN,16,366.0,348.0,348.0,18.0,0.0,0.0,1359,1359,0,0,0,1
2026-05-14,A,A01CN094,CN,16,366.0,289.0,265.27,77.0,23.73,0.0,692,692,0,0,0,1
2026-05-14,A,A01CN096,CN,16,366.0,143.0,143.0,223.0,0.0,0.0,544,544,0,0,0,1
2026-05-14,A,A01CN097,CN,16,366.0,253.0,232.07,113.0,20.93,0.0,708,708,0,0,0,1
2026-05-14,A,A01CN100,CN,16,366.0,254.0,254.0,112.0,0.0,0.0,498,498,0,0,0,1
2026-05-14,A,A01CN101,CN,16,366.0,340.0,318.43,26.0,21.57,0.0,466,466,0,0,0,1
2026-05-14,A,A01CN102,CN,16,366.0,312.0,291.78,54.0,20.22,0.0,427,427,0,0,0,1
2026-05-14,A,A01CN116,CN,16,366.0,352.0,350.9,14.0,1.1,0.0,363,363,0,0,0,1
2026-05-14,A,A01CN027,CN,16,159.0,159.0,159.0,0.0,0.0,0.0,327,327,0,0,0,1
2026-05-14,A,A01CN028,CN,16,159.0,156.0,156.0,3.0,0.0,0.0,324,324,0,0,0,1
2026-05-14,A,A01TMC04,TM,16,426.0,405.0,403.87,21.0,1.13,0.0,466,466,0,0,0,1
2026-05-14,A,A01TMC07,TM,16,426.0,419.0,419.0,7.0,0.0,0.0,880,880,0,0,0,1
2026-05-14,A,A01TMC08,TM,16,426.0,418.0,416.15,8.0,1.85,0.0,861,861,0,0,0,1
2026-05-14,A,A01CN117,CN,16,411.0,399.0,399.0,12.0,0.0,0.0,555,555,0,0,0,1
2026-05-14,A,A01CN118,CN,16,411.0,389.0,350.37,22.0,38.63,0.0,457,457,0,0,0,1
2026-05-14,A,A01CN137,CN,16,137.0,137.0,137.0,0.0,0.0,0.0,240,240,0,0,0,1
2026-05-14,A,A01CN123,CN,16,124.0,86.0,79.3,38.0,6.7,0.0,61,61,0,0,0,1
2026-05-14,A,A01CN016,CN,16,406.0,22.0,22.0,384.0,0.0,0.0,78,78,0,0,0,1
2026-05-14,A,A01CN017,CN,16,410.0,380.0,320.25,30.0,59.75,0.0,427,427,0,0,0,1
2026-05-14,A,A01CN021,CN,16,406.0,319.0,302.67,87.0,16.33,0.0,908,908,0,0,0,1
2026-05-14,A,A01HB013,HB,16,409.0,269.0,199.62,140.0,69.38,0.0,295,295,0,0,0,1
2026-05-14,A,A01HB016,HB,16,409.0,104.0,85.17,305.0,18.83,0.0,280,280,0,0,0,1
2026-05-14,A,A01HB023,HB,16,408.0,246.0,246.0,162.0,0.0,0.0,308,308,0,0,0,1
2026-05-14,A,A01HB024,HB,16,368.0,290.0,239.5,78.0,50.5,0.0,330,330,0,0,0,1
2026-05-14,A,A01CN139,CN,16,416.0,396.0,396.0,20.0,0.0,0.0,595,595,0,0,0,1
2026-05-14,A,A01CN128,CN,16,382.0,379.0,379.0,3.0,0.0,0.0,640,640,0,0,0,1
2026-05-14,A,A01CN003,CN,16,386.0,346.0,346.0,40.0,0.0,1.57,884,880,2,2,4,1
2026-05-14,A,A01TMC03,TM,17,484.0,443.0,443.0,41.0,0.0,0.0,1065,1065,0,0,0,1
2026-05-14,A,A01TMC10,TM,17,484.0,442.0,432.0,42.0,10.0,0.0,432,432,0,0,0,1
2026-05-14,A,A01CN066,CN,17,431.0,420.0,409.5,11.0,10.5,0.0,1638,1638,0,0,0,1
2026-05-14,A,A01TMC05,TM,17,486.0,474.0,474.0,12.0,0.0,0.0,605,605,0,0,0,1
2026-05-14,A,A01TMC06,TM,17,486.0,477.0,469.45,9.0,7.55,0.0,687,687,0,0,0,1
2026-05-14,A,A01TMC01,TM,17,491.0,451.0,451.0,40.0,0.0,4.18,432,428,2,2,4,1
2026-05-14,A,A01CN018,CN,17,439.0,390.0,354.0,49.0,36.0,0.0,472,472,0,0,0,1
2026-05-14,A,A01CN083,CN,17,439.0,371.0,371.0,68.0,0.0,0.0,2510,2510,0,0,0,1
2026-05-14,A,A01CN085,CN,17,438.0,408.0,363.73,30.0,44.27,0.0,341,341,0,0,0,1
2026-05-14,A,A01CN001,CN,17,459.0,426.0,351.0,33.0,75.0,0.0,351,351,0,0,0,1
2026-05-14,A,A01CN112,CN,17,476.0,426.0,393.0,50.0,33.0,0.0,393,393,0,0,0,1
2026-05-14,A,A01CN005,CN,18,468.0,430.0,341.25,38.0,88.75,0.0,455,455,0,0,0,1
2026-05-14,A,A01CN014,CN,18,496.0,287.0,224.4,209.0,62.6,0.0,748,748,0,0,0,1
2026-05-14,A,A01CN022,CN,18,496.0,8.0,8.0,488.0,0.0,0.0,30,30,0,0,0,1
2026-05-14,A,A01CN023,CN,18,496.0,268.0,268.0,228.0,0.0,0.0,832,832,0,0,0,1
2026-05-14,A,A01CN026,CN,18,496.0,291.0,291.0,205.0,0.0,0.0,971,971,0,0,0,1
2026-05-14,A,A01CN042,CN,18,501.0,423.0,404.8,78.0,18.2,0.0,736,736,0,0,0,1
2026-05-14,A,A01CN045,CN,18,516.0,502.0,469.2,14.0,32.8,0.0,828,828,0,0,0,1
2026-05-14,A,A01CN046,CN,18,516.0,445.0,421.3,71.0,23.7,0.0,766,766,0,0,0,1
2026-05-14,A,A01CN070,CN,18,467.0,0.0,0.0,467.0,0.0,0.0,0,0,0,0,0,1
2026-05-14,A,A01CN071,CN,18,521.0,275.0,264.3,246.0,10.7,0.0,881,881,0,0,0,1
2026-05-14,A,A01CN087,CN,18,496.0,336.0,271.13,160.0,64.87,0.0,581,581,0,0,0,1
2026-05-14,A,A01CN089,CN,18,476.0,424.0,358.8,52.0,65.2,0.0,414,414,0,0,0,1
2026-05-14,A,A01HB025,HB,18,168.0,122.0,122.0,46.0,0.0,0.0,561,561,0,0,0,1
2026-05-14,A,A01HB014,HB,18,499.0,474.0,474.0,25.0,0.0,0.0,817,817,0,0,0,1
2026-05-14,A,A01CN105,CN,18,466.0,396.0,396.0,70.0,0.0,0.0,979,979,0,0,0,1
2026-05-14,A,A01CN106,CN,18,466.0,326.0,326.0,140.0,0.0,0.0,322,322,0,0,0,1
2026-05-14,A,A01CN020,CN,18,486.0,0.0,0.0,486.0,0.0,0.0,3,3,0,0,0,1
2026-05-14,A,A01CN041,CN,18,477.0,465.0,426.75,12.0,38.25,0.0,569,569,0,0,0,1
2026-05-14,A,A01CN065,CN,18,476.0,454.0,364.5,22.0,89.5,0.0,486,486,0,0,0,1
2026-05-14,A,A01CN030,CN,18,484.0,459.0,452.0,25.0,7.0,0.0,452,452,0,0,0,1
2026-05-14,A,A01CN099,CN,18,483.0,400.0,372.0,83.0,28.0,0.0,372,372,0,0,0,1
2026-05-14,A,A01VMC10,VM,18,114.0,93.0,66.67,21.0,26.33,0.0,400,400,0,0,0,1
2026-05-14,A,A01CN124,CN,18,507.0,352.0,206.7,155.0,145.3,0.0,477,477,0,0,0,1
2026-05-14,A,A01CN125,CN,18,507.0,323.0,187.6,184.0,135.4,0.0,469,469,0,0,0,1
2026-05-14,A,A01CN130,CN,18,547.0,244.0,230.63,303.0,13.37,0.0,374,374,0,0,0,1
2026-05-14,A,A01CN131,CN,18,507.0,480.0,479.77,27.0,0.23,0.0,778,778,0,0,0,1
2026-05-14,A,A01CN044,CN,18,523.0,454.0,398.2,69.0,55.8,0.0,724,724,0,0,0,1
2026-05-14,A,A01CN062,CN,18,541.0,498.0,495.27,43.0,2.73,0.0,874,874,0,0,0,1
2026-05-14,A,A01CN068,CN,18,541.0,408.0,398.2,133.0,9.8,1.1,724,722,2,0,2,1
2026-05-14,A,A01CN074,CN,18,90.0,56.0,54.4,34.0,1.6,0.0,96,96,0,0,0,1
2026-05-14,A,A01CN075,CN,18,531.0,492.0,456.73,39.0,35.27,0.0,806,806,0,0,0,1
2026-05-14,A,A01CN088,CN,18,501.0,281.0,208.8,220.0,72.2,0.0,261,261,0,0,0,1
2026-05-14,A,A01VMC07,VM,18,119.0,47.0,47.0,72.0,0.0,0.0,192,192,0,0,0,1
2026-05-14,A,A01VMC09,VM,18,526.0,506.0,446.5,20.0,59.5,0.0,1410,1410,0,0,0,1
2026-05-14,A,A01VMC11,VM,18,526.0,495.0,465.5,31.0,29.5,0.0,1470,1470,0,0,0,1
2026-05-14,A,A01VMC12,VM,18,571.0,376.0,361.0,195.0,15.0,0.0,1140,1140,0,0,0,1
2026-05-14,A,A01VMC15,VM,18,541.0,530.0,468.0,11.0,62.0,0.0,1560,1560,0,0,0,1
2026-05-14,A,A01VMC16,VM,18,541.0,520.0,481.5,21.0,38.5,0.0,1605,1605,0,0,0,1
2026-05-14,A,A01CN107,CN,18,521.0,474.0,407.2,47.0,66.8,0.0,509,509,0,0,0,1
2026-05-14,A,A01HB022,HB,18,523.0,467.0,467.0,56.0,0.0,0.0,456,456,0,0,0,1
2026-05-14,A,A01CN113,CN,18,511.0,392.0,296.67,119.0,95.33,0.0,356,356,0,0,0,1
2026-05-14,A,A01CN114,CN,18,511.0,420.0,420.0,91.0,0.0,0.0,1248,1248,0,0,0,1
2026-05-14,A,A01CN047,CN,18,536.0,481.0,426.13,55.0,54.87,0.0,752,752,0,0,0,1
2026-05-14,A,A01CN048,CN,18,546.0,502.0,479.4,44.0,22.6,0.0,846,846,0,0,0,1
2026-05-14,A,A01CN051,CN,18,546.0,492.0,457.6,54.0,34.4,0.0,832,832,0,0,0,1
2026-05-14,B,A01CN075,CN,21,53.0,47.0,46.47,6.0,0.53,0.0,82,82,0,0,0,1
2026-05-14,B,A01CN124,CN,21,49.0,49.0,43.33,0.0,5.67,0.0,100,100,0,0,0,1
2026-05-14,B,A01CN130,CN,21,49.0,0.0,0.0,49.0,0.0,0.0,0,0,0,0,0,1
2026-05-14,B,A01CN132,CN,21,49.0,0.0,0.0,49.0,0.0,0.0,0,0,0,0,0,1
2026-05-14,B,A01CN126,CN,21,49.0,0.0,0.0,49.0,0.0,0.0,0,0,0,0,0,1
2026-05-14,B,A01CN127,CN,21,49.0,41.0,41.0,8.0,0.0,0.0,55,55,0,0,0,1
2026-05-14,B,A01CN131,CN,21,49.0,0.0,0.0,49.0,0.0,0.0,0,0,0,0,0,1
2026-05-14,B,A01HB019,HB,21,49.0,0.0,0.0,49.0,0.0,0.0,0,0,0,0,0,1
2026-05-14,B,A01CN125,CN,21,49.0,46.0,45.6,3.0,0.4,0.0,114,114,0,0,0,1
2026-05-14,B,A01CN049,CN,21,49.0,49.0,49.0,0.0,0.0,0.0,57,57,0,0,0,1
2026-05-14,B,A01CN053,CN,21,49.0,49.0,49.0,0.0,0.0,0.0,183,183,0,0,0,1
2026-05-14,B,A01CN054,CN,21,49.0,48.0,48.0,1.0,0.0,0.0,166,166,0,0,0,1
2026-05-14,B,A01CN055,CN,21,49.0,48.0,48.0,1.0,0.0,0.0,171,171,0,0,0,1
2026-05-14,B,A01CN056,CN,21,49.0,43.0,43.0,6.0,0.0,0.0,177,177,0,0,0,1
2026-05-14,B,A01CN057,CN,21,49.0,47.0,47.0,2.0,0.0,0.0,178,178,0,0,0,1
2026-05-14,B,A01CN058,CN,21,49.0,48.0,48.0,1.0,0.0,0.0,169,169,0,0,0,1
2026-05-14,B,A01CN059,CN,21,49.0,47.0,47.0,2.0,0.0,0.0,166,166,0,0,0,1
2026-05-14,B,A01CN060,CN,21,49.0,43.0,43.0,6.0,0.0,0.0,163,163,0,0,0,1
2026-05-14,B,A01CN072,CN,21,49.0,47.0,47.0,2.0,0.0,0.0,162,162,0,0,0,1
2026-05-14,B,A01CN076,CN,21,49.0,44.0,44.0,5.0,0.0,0.0,152,152,0,0,0,1
2026-05-14,A,A01CN081,CN,21,169.0,153.57,137.18,15.43,16.39,0.0,569,569,0,0,0,1
2026-05-14,A,A01CN084,CN,21,169.0,141.76,115.87,27.24,25.89,0.29,801,799,2,0,2,1
2026-05-14,B,A01HB001,HB,21,49.0,49.0,49.0,0.0,0.0,0.0,150,150,0,0,0,1
2026-05-14,B,A01HB002,HB,21,49.0,49.0,49.0,0.0,0.0,0.0,126,126,0,0,0,1
2026-05-14,B,A01HB003,HB,21,49.0,49.0,49.0,0.0,0.0,0.0,152,152,0,0,0,1
2026-05-14,B,A01HB005,HB,21,49.0,49.0,49.0,0.0,0.0,0.0,156,156,0,0,0,1
2026-05-14,B,A01HB006,HB,21,49.0,49.0,49.0,0.0,0.0,0.0,150,150,0,0,0,1
2026-05-14,B,A01HB007,HB,21,49.0,49.0,49.0,0.0,0.0,0.0,124,124,0,0,0,1
2026-05-14,B,A01HB008,HB,21,49.0,49.0,49.0,0.0,0.0,0.0,161,161,0,0,0,1
2026-05-14,B,A01HB009,HB,21,49.0,49.0,49.0,0.0,0.0,0.0,156,156,0,0,0,1
2026-05-14,B,A01HB010,HB,21,49.0,49.0,49.0,0.0,0.0,0.0,126,126,0,0,0,1
2026-05-14,B,A01HB011,HB,21,49.0,49.0,49.0,0.0,0.0,0.0,290,290,0,0,0,1
2026-05-14,B,A01HB012,HB,21,49.0,26.0,26.0,23.0,0.0,0.0,90,90,0,0,0,1
2026-05-14,B,A01HB017,HB,21,49.0,49.0,49.0,0.0,0.0,0.0,144,144,0,0,0,1
2026-05-14,B,A01HB018,HB,21,49.0,49.0,49.0,0.0,0.0,0.0,91,91,0,0,0,1
2026-05-14,B,A01HB020,HB,21,49.0,49.0,41.87,0.0,7.13,0.0,112,112,0,0,0,1
2026-05-14,B,A01CN031,CN,22,162.0,100.0,81.0,62.0,19.0,0.0,270,270,0,0,0,1
2026-05-14,B,A01CN063,CN,22,81.0,62.0,62.0,19.0,0.0,0.0,134,134,0,0,0,1
2026-05-14,B,A01CN120,CN,22,137.0,120.0,120.0,17.0,0.0,0.0,173,173,0,0,0,1
2026-05-14,B,A01CN121,CN,22,136.0,114.0,84.67,22.0,29.33,0.0,127,127,0,0,0,1
2026-05-14,B,A01CN094,CN,22,159.0,0.0,0.0,159.0,0.0,0.0,4,4,0,0,0,1
2026-05-14,B,A01CN095,CN,22,159.0,82.0,82.0,77.0,0.0,0.0,370,370,0,0,0,1
2026-05-14,B,A01HB013,HB,22,169.0,169.0,155.63,0.0,13.37,0.0,230,230,0,0,0,1
2026-05-14,B,A01CN138,CN,22,167.0,137.0,129.33,30.0,7.67,0.0,194,194,0,0,0,1
2026-05-14,B,A01CN139,CN,22,170.0,139.0,128.67,31.0,10.33,0.0,193,193,0,0,0,1
2026-05-14,B,A01CN118,CN,22,172.0,154.0,141.83,18.0,12.17,0.0,185,185,0,0,0,1
2026-05-14,B,A01CN115,CN,22,134.0,125.0,125.0,9.0,0.0,0.0,132,132,0,0,0,1
2026-05-14,B,A01CN108,CN,22,179.0,156.0,122.0,23.0,34.0,0.0,122,122,0,0,0,1
2026-05-14,B,A01CN086,CN,1,252.0,0.0,0.0,252.0,0.0,0.0,0,0,0,0,0,1
2026-05-14,B,A01TAP14,TA,1,170.0,130.0,115.2,40.0,14.8,0.0,576,576,0,0,0,1
2026-05-14,B,A01CN002,CN,3,184.0,161.0,161.0,23.0,0.0,0.0,286,286,0,0,0,1
2026-05-14,B,A01CN003,CN,3,64.0,59.0,59.0,5.0,0.0,0.62,190,188,1,1,2,1
2026-05-14,B,A01CN013,CN,3,319.0,308.0,308.0,11.0,0.0,1.19,774,771,3,0,3,1
2026-05-14,B,A01CN078,CN,3,236.0,4.0,4.0,232.0,0.0,0.0,24,24,0,0,0,1
2026-05-14,B,A01CN087,CN,3,5.0,0.0,0.0,5.0,0.0,0.0,0,0,0,0,0,1
2026-05-14,B,A01CN091,CN,3,179.0,153.0,153.0,26.0,0.0,0.0,1146,1146,0,0,0,1
2026-05-14,B,A01CN092,CN,3,129.0,106.0,61.33,23.0,44.67,0.0,160,160,0,0,0,1
2026-05-14,B,A01CN093,CN,3,179.0,153.0,153.0,26.0,0.0,0.0,1215,1215,0,0,0,1
2026-05-14,B,A01CN096,CN,3,179.0,0.0,0.0,179.0,0.0,0.0,304,304,0,0,0,1
2026-05-14,B,A01HB016,HB,3,92.0,68.0,68.0,24.0,0.0,0.0,624,624,0,0,0,1
2026-05-14,B,A01VMC10,VM,3,338.0,102.0,53.33,236.0,48.67,0.0,320,320,0,0,0,1
2026-05-14,B,A01CN101,CN,3,314.0,290.0,290.0,24.0,0.0,0.0,514,514,0,0,0,1
2026-05-14,B,A01CN102,CN,3,314.0,259.0,258.98,55.0,0.02,0.0,379,379,0,0,0,1
2026-05-14,B,A01CN103,CN,3,179.0,149.0,149.0,30.0,0.0,0.0,421,421,0,0,0,1
2026-05-14,B,A01CN104,CN,3,314.0,302.0,302.0,12.0,0.0,0.0,709,709,0,0,0,1
2026-05-14,B,A01CN107,CN,3,237.0,190.0,190.0,47.0,0.0,0.0,242,242,0,0,0,1
2026-05-14,B,A01CN090,CN,3,179.0,156.0,156.0,23.0,0.0,0.0,1407,1407,0,0,0,1
2026-05-14,B,A01TMC07,TM,4,463.0,458.0,458.0,5.0,0.0,0.0,1012,1012,0,0,0,1
2026-05-14,B,A01TMC10,TM,4,463.0,460.0,460.0,3.0,0.0,0.0,496,496,0,0,0,1
2026-05-14,B,A01TMC08,TM,4,463.0,462.0,462.0,1.0,0.0,0.0,999,999,0,0,0,1
2026-05-14,B,A01CN042,CN,4,237.0,235.0,217.8,2.0,17.2,0.0,396,396,0,0,0,1
2026-05-14,B,A01VMC12,VM,4,449.0,438.0,438.0,11.0,0.0,0.61,1440,1438,2,0,2,1
2026-05-14,B,A01VMC11,VM,4,109.0,82.0,47.5,27.0,34.5,0.0,150,150,0,0,0,1
2026-05-14,B,A01VMC04,VM,4,109.0,109.0,100.0,0.0,9.0,0.0,300,300,0,0,0,1
2026-05-14,B,A01CN015,CN,5,357.0,242.0,242.0,115.0,0.0,0.0,932,932,0,0,0,1
2026-05-14,B,A01CN021,CN,5,357.0,286.0,286.0,71.0,0.0,0.0,905,905,0,0,0,1
2026-05-14,B,A01CN029,CN,5,357.0,343.0,303.17,14.0,39.83,0.0,1070,1070,0,0,0,1
2026-05-14,B,A01CN088,CN,5,80.0,35.0,35.0,45.0,0.0,0.0,174,174,0,0,0,1
2026-05-14,B,A01CN105,CN,5,355.0,275.0,275.0,80.0,0.0,0.0,723,723,0,0,0,1
2026-05-14,B,A01CN106,CN,5,355.0,267.0,262.4,88.0,4.6,0.0,246,246,0,0,0,1
2026-05-14,B,A01CN113,CN,5,357.0,235.0,229.17,122.0,5.83,0.0,275,275,0,0,0,1
2026-05-14,B,A01CN001,CN,6,194.0,167.0,167.0,27.0,0.0,0.0,434,434,0,0,0,1
2026-05-14,B,A01CN024,CN,6,189.0,152.0,152.0,37.0,0.0,0.0,560,560,0,0,0,1
2026-05-14,B,A01CN030,CN,6,194.0,172.0,172.0,22.0,0.0,0.0,430,430,0,0,0,1
2026-05-14,B,A01CN070,CN,6,286.0,273.0,216.0,13.0,57.0,0.0,216,216,0,0,0,1
2026-05-14,B,A01CN098,CN,6,189.0,167.0,167.0,22.0,0.0,0.0,335,335,0,0,0,1
2026-05-14,B,A01CN112,CN,6,534.0,516.0,444.0,18.0,72.0,0.0,444,444,0,0,0,1
2026-05-14,B,A01CN005,CN,6,189.0,156.0,156.0,33.0,0.0,0.0,599,599,0,0,0,1
2026-05-14,B,A01CN017,CN,6,189.0,168.0,168.0,21.0,0.0,0.0,556,556,0,0,0,1
2026-05-14,B,A01CN018,CN,6,194.0,173.0,173.0,21.0,0.0,0.0,633,633,0,0,0,1
2026-05-14,B,A01CN041,CN,6,189.0,167.0,167.0,22.0,0.0,0.0,553,553,0,0,0,1
2026-05-14,B,A01CN065,CN,6,189.0,165.0,165.0,24.0,0.0,0.0,563,563,0,0,0,1
2026-05-14,B,A01CN083,CN,6,534.0,369.0,369.0,165.0,0.0,0.0,2620,2620,0,0,0,1
2026-05-14,B,A01CN085,CN,6,534.0,455.0,455.0,79.0,0.0,0.0,447,447,0,0,0,1
2026-05-14,B,A01CN099,CN,6,534.0,395.0,395.0,139.0,0.0,0.0,409,409,0,0,0,1
2026-05-14,B,A01CN020,CN,6,554.0,482.0,337.0,72.0,145.0,0.0,674,674,0,0,0,1
2026-05-14,B,A01CN047,CN,6,499.0,417.0,417.0,82.0,0.0,0.0,740,740,0,0,0,1
2026-05-14,B,A01CN051,CN,6,179.0,175.0,175.0,4.0,0.0,0.0,814,814,0,0,0,1
2026-05-14,B,A01TMC05,TM,6,582.0,537.0,537.0,45.0,0.0,0.0,690,690,0,0,0,1
2026-05-14,B,A01TMC06,TM,6,582.0,552.0,552.0,30.0,0.0,0.0,810,810,0,0,0,1
2026-05-14,B,A01CN062,CN,6,549.0,463.0,463.0,86.0,0.0,0.0,842,842,0,0,0,1
2026-05-14,B,A01CN068,CN,6,179.0,170.0,170.0,9.0,0.0,0.62,828,825,3,0,3,1
2026-05-14,B,A01VMC03,VM,6,569.0,326.0,326.0,243.0,0.0,0.0,3720,3720,0,0,0,1
2026-05-14,B,A01VMC09,VM,6,346.0,235.0,235.0,111.0,0.0,0.0,900,900,0,0,0,1
2026-05-14,B,A01CN045,CN,7,559.0,486.0,452.2,73.0,33.8,0.0,798,798,0,0,0,1
2026-05-14,B,A01CN046,CN,7,559.0,483.0,473.0,76.0,10.0,0.0,860,860,0,0,0,1
2026-05-14,B,A01CN048,CN,7,179.0,179.0,179.0,0.0,0.0,0.0,808,808,0,0,0,1
2026-05-14,B,A01CN050,CN,7,509.0,411.0,411.0,98.0,0.0,0.54,764,763,0,1,1,1
2026-05-14,B,A01HB025,HB,7,569.0,507.0,505.67,62.0,1.33,0.0,697,697,0,0,0,1
2026-05-14,B,A01HB014,HB,7,194.0,194.0,194.0,0.0,0.0,0.0,836,836,0,0,0,1
2026-05-14,B,A01VMC15,VM,7,574.0,485.0,468.0,89.0,17.0,0.0,1560,1560,0,0,0,1
2026-05-14,B,A01VMC16,VM,7,199.0,183.0,183.0,16.0,0.0,0.0,1635,1635,0,0,0,1
2026-05-14,B,A01HB022,HB,7,569.0,426.0,426.0,143.0,0.0,0.0,444,444,0,0,0,1
2026-05-14,B,A01HB023,HB,7,569.0,465.0,459.77,104.0,5.23,0.0,572,572,0,0,0,1
2026-05-14,B,A01HB024,HB,7,569.0,478.0,415.13,91.0,62.87,0.0,572,572,0,0,0,1
2026-05-15,B,A01TMC04,TM,8,304.62,168.17,168.17,136.45,0.0,0.0,476,476,0,0,0,1
2026-05-15,B,A01CN134,CN,9,285.36,190.92,190.92,94.44,0.0,0.57,334,333,1,0,1,1
2026-05-15,B,A01CN025,CN,9,465.0,352.23,352.23,112.77,0.0,0.0,2142,2142,0,0,0,1
2026-05-15,A,A01CN053,CN,10,59.0,56.0,56.0,3.0,0.0,0.0,238,238,0,0,0,1
2026-05-15,A,A01CN054,CN,10,59.0,44.0,44.0,15.0,0.0,0.0,182,182,0,0,0,1
2026-05-15,A,A01CN055,CN,10,59.0,58.0,58.0,1.0,0.0,0.0,210,210,0,0,0,1
2026-05-15,A,A01CN056,CN,10,59.0,48.0,48.0,11.0,0.0,0.0,219,219,0,0,0,1
2026-05-15,A,A01CN057,CN,10,59.0,35.0,35.0,24.0,0.0,0.0,121,121,0,0,0,1
2026-05-15,A,A01CN058,CN,10,59.0,28.0,28.0,31.0,0.0,0.24,117,116,0,1,1,1
2026-05-15,A,A01CN059,CN,10,59.0,54.0,54.0,5.0,0.0,0.0,202,202,0,0,0,1
2026-05-15,A,A01CN060,CN,10,59.0,22.0,22.0,37.0,0.0,0.0,100,100,0,0,0,1
2026-05-15,A,A01CN072,CN,10,59.0,58.0,58.0,1.0,0.0,0.0,218,218,0,0,0,1
2026-05-15,A,A01CN073,CN,10,59.0,56.0,56.0,3.0,0.0,0.0,209,209,0,0,0,1
2026-05-15,A,A01CN076,CN,10,59.0,53.0,49.2,6.0,3.8,0.0,164,164,0,0,0,1
2026-05-15,A,A01CN077,CN,10,59.0,56.0,56.0,3.0,0.0,0.0,215,215,0,0,0,1
2026-05-15,A,A01CN049,CN,11,104.0,69.0,69.0,35.0,0.0,0.0,85,85,0,0,0,1
2026-05-15,A,A01CN052,CN,11,104.0,43.0,36.0,61.0,7.0,0.0,36,36,0,0,0,1
2026-05-15,A,A01CN061,CN,11,104.0,94.0,94.0,10.0,0.0,0.0,118,118,0,0,0,1
2026-05-15,A,A01CN069,CN,11,54.0,54.0,54.0,0.0,0.0,0.0,78,78,0,0,0,1
2026-05-15,A,A01TMC03,TM,11,97.0,91.0,91.0,6.0,0.0,0.0,244,244,0,0,0,1
2026-05-15,A,A01HB001,HB,11,99.0,99.0,99.0,0.0,0.0,0.0,300,300,0,0,0,1
2026-05-15,A,A01HB003,HB,11,99.0,99.0,99.0,0.0,0.0,0.0,328,328,0,0,0,1
2026-05-15,A,A01HB006,HB,11,99.0,99.0,99.0,0.0,0.0,0.0,280,280,0,0,0,1
2026-05-15,A,A01VMC07,VM,11,84.0,58.0,58.0,26.0,0.0,0.0,208,208,0,0,0,1
2026-05-15,A,A01CN137,CN,11,144.0,144.0,144.0,0.0,0.0,0.0,267,267,0,0,0,1
2026-05-15,A,A01CN126,CN,11,109.0,93.0,87.67,16.0,5.33,0.0,263,263,0,0,0,1
2026-05-15,A,A01HB002,HB,12,139.0,133.0,114.4,6.0,18.6,0.0,264,264,0,0,0,1
2026-05-15,A,A01HB004,HB,12,149.0,149.0,148.0,0.0,1.0,0.0,384,384,0,0,0,1
2026-05-15,A,A01HB007,HB,12,149.0,145.0,105.6,4.0,39.4,0.0,256,256,0,0,0,1
2026-05-15,A,A01HB008,HB,12,179.0,174.0,151.87,5.0,22.13,0.0,476,476,0,0,0,1
2026-05-15,A,A01HB009,HB,12,94.0,94.0,68.75,0.0,25.25,0.0,198,198,0,0,0,1
2026-05-15,A,A01HB010,HB,12,179.0,179.0,177.6,0.0,1.4,0.0,432,432,0,0,0,1
2026-05-15,A,A01HB011,HB,12,139.0,6.0,0.0,133.0,6.0,0.0,0,0,0,0,0,1
2026-05-15,A,A01HB012,HB,12,149.0,50.0,50.0,99.0,0.0,0.0,215,215,0,0,0,1
2026-05-15,A,A01HB017,HB,12,179.0,172.0,172.0,7.0,0.0,0.0,402,402,0,0,0,1
2026-05-15,A,A01HB018,HB,12,179.0,170.0,170.0,9.0,0.0,0.0,294,294,0,0,0,1
2026-05-15,A,A01HB020,HB,12,179.0,69.0,36.63,110.0,32.37,0.0,98,98,0,0,0,1
2026-05-15,A,A01CN103,CN,12,164.0,108.0,52.5,56.0,55.5,0.0,126,126,0,0,0,1
2026-05-15,A,A01CN022,CN,12,49.0,35.0,34.2,14.0,0.8,0.0,114,114,0,0,0,1
2026-05-15,A,A01CN023,CN,12,42.0,39.0,39.0,3.0,0.0,0.0,121,121,0,0,0,1
2026-05-15,A,A01CN025,CN,12,104.0,93.0,93.0,11.0,0.0,0.0,393,393,0,0,0,1
2026-05-15,A,A01CN044,CN,12,219.0,205.0,185.9,14.0,19.1,0.0,338,338,0,0,0,1
2026-05-15,A,A01CN067,CN,12,184.0,11.0,11.0,173.0,0.0,0.0,34,34,0,0,0,1
2026-05-15,A,A01CN071,CN,12,49.0,43.0,43.0,6.0,0.0,0.0,144,144,0,0,0,1
2026-05-15,A,A01CN078,CN,12,49.0,27.0,27.0,22.0,0.0,0.0,56,56,0,0,0,1
2026-05-15,A,A01CN079,CN,12,39.0,28.0,28.0,11.0,0.0,0.0,109,109,0,0,0,1
2026-05-15,A,A01TMC09,TM,12,157.0,155.0,155.0,2.0,0.0,0.0,356,356,0,0,0,1
2026-05-15,A,A01BR005,BR,12,49.0,2.0,2.0,47.0,0.0,0.0,512,512,0,0,0,1
2026-05-15,A,A01BR007,BR,12,49.0,8.0,8.0,41.0,0.0,0.0,562,562,0,0,0,1
2026-05-15,A,A01TAP14,TA,12,49.0,42.0,34.6,7.0,7.4,0.0,173,173,0,0,0,1
2026-05-15,A,A01VMC04,VM,13,61.0,42.0,42.0,19.0,0.0,0.0,150,150,0,0,0,1
2026-05-15,A,A01CN031,CN,14,259.0,192.0,139.5,67.0,52.5,0.0,465,465,0,0,0,1
2026-05-15,A,A01CN127,CN,14,701.0,116.0,115.2,585.0,0.8,0.0,144,144,0,0,0,1
2026-05-15,A,A01CN132,CN,14,701.0,219.0,198.57,482.0,20.43,0.0,322,322,0,0,0,1
2026-05-15,A,A01CN063,CN,14,144.0,136.0,136.0,8.0,0.0,0.0,393,393,0,0,0,1
2026-05-15,B,A01CN008,CN,14,359.76,192.45,192.45,167.31,0.0,0.0,413,413,0,0,0,1
2026-05-15,A,A01CN098,CN,14,274.0,243.0,156.0,31.0,87.0,0.0,156,156,0,0,0,1
2026-05-15,A,A01CN024,CN,16,305.0,284.0,192.5,21.0,91.5,0.0,330,330,0,0,0,1
2026-05-15,A,A01CN002,CN,16,309.0,292.0,292.0,17.0,0.0,0.0,307,307,0,0,0,1
2026-05-15,A,A01CN090,CN,16,309.0,300.0,300.0,9.0,0.0,0.0,1209,1209,0,0,0,1
2026-05-15,A,A01CN091,CN,16,309.0,153.0,116.8,156.0,36.2,0.0,438,438,0,0,0,1
2026-05-15,A,A01CN092,CN,16,309.0,232.0,124.97,77.0,107.03,0.0,326,326,0,0,0,1
2026-05-15,A,A01CN093,CN,16,309.0,285.0,284.8,24.0,0.2,0.0,1068,1068,0,0,0,1
2026-05-15,A,A01TMC01,TM,16,224.0,213.0,213.0,11.0,0.0,2.0,213,211,1,1,2,1
2026-05-15,A,A01CN134,CN,16,254.0,211.0,205.5,43.0,5.5,0.0,137,137,0,0,0,1
2026-05-15,A,A01CN100,CN,16,339.0,110.0,110.0,229.0,0.0,0.0,161,161,0,0,0,1
2026-05-15,A,A01CN101,CN,16,294.0,207.0,160.58,87.0,46.42,0.0,235,235,0,0,0,1
2026-05-15,A,A01CN102,CN,16,294.0,86.0,86.0,208.0,0.0,0.0,144,144,0,0,0,1
2026-05-15,A,A01CN027,CN,16,354.0,342.0,342.0,12.0,0.0,0.0,621,621,0,0,0,1
2026-05-15,A,A01CN028,CN,16,354.0,349.0,349.0,5.0,0.0,0.0,663,663,0,0,0,1
2026-05-15,A,A01TMC04,TM,16,219.0,202.0,202.0,17.0,0.0,0.0,244,244,0,0,0,1
2026-05-15,A,A01TMC07,TM,16,359.0,340.0,340.0,19.0,0.0,0.0,730,730,0,0,0,1
2026-05-15,A,A01TMC08,TM,16,359.0,350.0,350.0,9.0,0.0,0.0,727,727,0,0,0,1
2026-05-15,A,A01CN117,CN,16,359.0,350.0,350.0,9.0,0.0,0.0,478,478,0,0,0,1
2026-05-15,A,A01CN118,CN,16,348.0,326.0,314.33,22.0,11.67,0.0,410,410,0,0,0,1
2026-05-15,A,A01CN123,CN,16,124.0,114.0,92.3,10.0,21.7,0.0,71,71,0,0,0,1
2026-05-15,A,A01CN108,CN,16,329.0,299.0,261.0,30.0,38.0,0.0,261,261,0,0,0,1
2026-05-15,A,A01CN016,CN,16,319.0,306.0,306.0,13.0,0.0,0.0,663,663,0,0,0,1
2026-05-15,A,A01CN017,CN,16,321.0,305.0,263.25,16.0,41.75,0.0,351,351,0,0,0,1
2026-05-15,A,A01CN021,CN,16,319.0,219.0,168.0,100.0,51.0,0.0,504,504,0,0,0,1
2026-05-15,A,A01CN081,CN,16,324.0,308.0,268.0,16.0,40.0,0.0,268,268,0,0,0,1
2026-05-15,A,A01CN084,CN,16,324.0,258.0,170.4,66.0,87.6,0.0,284,284,0,0,0,1
2026-05-15,A,A01CN086,CN,16,309.0,289.0,224.1,20.0,64.9,0.0,324,324,0,0,0,1
2026-05-15,A,A01CN087,CN,16,293.0,242.0,173.6,51.0,68.4,0.0,372,372,0,0,0,1
2026-05-15,A,A01VMC15,VM,16,369.0,359.0,346.5,10.0,12.5,0.0,1155,1155,0,0,0,1
2026-05-15,A,A01HB023,HB,16,314.0,0.0,0.0,314.0,0.0,0.0,0,0,0,0,0,1
2026-05-15,A,A01CN139,CN,16,364.0,341.0,322.0,23.0,19.0,0.0,483,483,0,0,0,1
2026-05-15,A,A01CN128,CN,16,324.0,319.0,319.0,5.0,0.0,0.0,536,536,0,0,0,1
2026-05-15,A,A01CN003,CN,16,328.0,299.0,299.0,29.0,0.0,1.41,846,842,2,2,4,1
2026-05-15,A,A01CN122,CN,16,138.0,90.0,61.53,48.0,28.47,0.0,142,142,0,0,0,1
2026-05-15,A,A01TMC10,TM,17,426.0,417.0,411.0,9.0,6.0,0.0,411,411,0,0,0,1
2026-05-15,A,A01CN066,CN,17,403.0,392.0,375.75,11.0,16.25,0.0,1503,1503,0,0,0,1
2026-05-15,A,A01TMC05,TM,17,428.0,417.0,417.0,11.0,0.0,0.0,528,528,0,0,0,1
2026-05-15,A,A01TMC06,TM,17,428.0,396.0,385.4,32.0,10.6,0.0,564,564,0,0,0,1
2026-05-15,A,A01CN018,CN,17,379.0,347.0,303.75,32.0,43.25,0.0,405,405,0,0,0,1
2026-05-15,A,A01CN083,CN,17,383.0,368.0,368.0,15.0,0.0,0.0,2270,2270,0,0,0,1
2026-05-15,A,A01CN085,CN,17,383.0,365.0,349.87,18.0,15.13,0.0,328,328,0,0,0,1
2026-05-15,A,A01CN001,CN,17,403.0,387.0,337.0,16.0,50.0,0.0,337,337,0,0,0,1
2026-05-15,A,A01CN112,CN,17,413.0,243.0,173.0,170.0,70.0,0.0,173,173,0,0,0,1
2026-05-15,A,A01CN005,CN,18,409.0,155.0,114.75,254.0,40.25,0.0,153,153,0,0,0,1
2026-05-15,A,A01CN007,CN,18,403.0,283.0,198.33,120.0,84.67,0.0,595,595,0,0,0,1
2026-05-15,A,A01CN014,CN,18,408.0,315.0,260.7,93.0,54.3,0.0,869,869,0,0,0,1
2026-05-15,A,A01CN015,CN,18,408.0,163.0,163.0,245.0,0.0,0.0,717,717,0,0,0,1
2026-05-15,A,A01CN042,CN,18,458.0,379.0,372.9,79.0,6.1,0.0,678,678,0,0,0,1
2026-05-15,A,A01CN045,CN,18,458.0,445.0,423.87,13.0,21.13,0.0,748,748,0,0,0,1
2026-05-15,A,A01CN046,CN,18,458.0,437.0,418.0,21.0,19.0,0.0,760,760,0,0,0,1
2026-05-15,A,A01CN089,CN,18,403.0,312.0,279.07,91.0,32.93,0.0,322,322,0,0,0,1
2026-05-15,A,A01HB025,HB,18,224.0,224.0,224.0,0.0,0.0,0.0,578,578,0,0,0,1
2026-05-15,A,A01HB014,HB,18,444.0,414.0,414.0,30.0,0.0,0.0,703,703,0,0,0,1
2026-05-15,A,A01CN105,CN,18,403.0,316.0,316.0,87.0,0.0,0.0,802,802,0,0,0,1
2026-05-15,A,A01CN106,CN,18,403.0,342.0,342.0,61.0,0.0,0.0,326,326,0,0,0,1
2026-05-15,A,A01HB024,HB,18,442.0,405.0,399.17,37.0,5.83,0.0,550,550,0,0,0,1
2026-05-15,A,A01CN030,CN,18,423.0,384.0,285.0,39.0,99.0,0.0,285,285,0,0,0,1
2026-05-15,A,A01CN041,CN,18,420.0,409.0,378.75,11.0,30.25,0.0,505,505,0,0,0,1
2026-05-15,A,A01CN065,CN,18,420.0,408.0,348.0,12.0,60.0,0.0,464,464,0,0,0,1
2026-05-15,A,A01CN099,CN,18,428.0,389.0,291.0,39.0,98.0,0.0,291,291,0,0,0,1
2026-05-15,A,A01CN124,CN,18,448.0,351.0,276.03,97.0,74.97,0.0,637,637,0,0,0,1
2026-05-15,A,A01CN125,CN,18,448.0,327.0,230.4,121.0,96.6,0.0,576,576,0,0,0,1
2026-05-15,A,A01CN130,CN,18,488.0,395.0,361.37,93.0,33.63,0.0,586,586,0,0,0,1
2026-05-15,A,A01CN131,CN,18,448.0,423.0,418.1,25.0,4.9,0.0,678,678,0,0,0,1
2026-05-15,A,A01CN062,CN,18,483.0,413.0,413.0,70.0,0.0,0.0,744,744,0,0,0,1
2026-05-15,A,A01CN068,CN,18,483.0,423.0,411.4,60.0,11.6,1.1,748,746,2,0,2,1
2026-05-15,A,A01CN074,CN,18,273.0,154.0,154.0,119.0,0.0,1.08,284,282,0,2,2,1
2026-05-15,A,A01CN075,CN,18,273.0,110.0,39.67,163.0,70.33,0.0,70,70,0,0,0,1
2026-05-15,A,A01CN088,CN,18,434.0,363.0,292.0,71.0,71.0,0.0,365,365,0,0,0,1
2026-05-15,A,A01VMC03,VM,18,463.0,178.0,178.0,285.0,0.0,0.0,720,720,0,0,0,1
2026-05-15,A,A01VMC09,VM,18,463.0,377.0,275.5,86.0,101.5,0.0,870,870,0,0,0,1
2026-05-15,A,A01VMC11,VM,18,463.0,442.0,413.25,21.0,28.75,0.0,1305,1305,0,0,0,1
2026-05-15,A,A01VMC12,VM,18,493.0,460.0,408.5,33.0,51.5,0.0,1290,1290,0,0,0,1
2026-05-15,A,A01VMC16,VM,18,483.0,454.0,391.5,29.0,62.5,0.0,1305,1305,0,0,0,1
2026-05-15,A,A01HB022,HB,18,468.0,413.0,413.0,55.0,0.0,0.0,408,408,0,0,0,1
2026-05-15,A,A01CN113,CN,18,433.0,367.0,300.83,66.0,66.17,0.0,361,361,0,0,0,1
2026-05-15,A,A01CN114,CN,18,433.0,313.0,313.0,120.0,0.0,0.0,900,900,0,0,0,1
2026-05-15,A,A01CN047,CN,18,278.0,208.0,185.87,70.0,22.13,0.0,328,328,0,0,0,1
2026-05-15,A,A01CN048,CN,18,470.0,420.0,401.2,50.0,18.8,0.0,708,708,0,0,0,1
2026-05-15,A,A01CN051,CN,18,470.0,417.0,390.5,53.0,26.5,0.0,710,710,0,0,0,1
2026-05-15,B,A01TMC03,TM,19,29.0,29.0,29.0,0.0,0.0,0.0,88,88,0,0,0,1
2026-05-15,B,A01CN124,CN,21,49.0,45.0,36.83,4.0,8.17,0.0,85,85,0,0,0,1
2026-05-15,B,A01CN130,CN,21,49.0,49.0,49.0,0.0,0.0,0.0,84,84,0,0,0,1
2026-05-15,B,A01CN132,CN,21,49.0,49.0,49.0,0.0,0.0,0.0,80,80,0,0,0,1
2026-05-15,B,A01CN126,CN,21,49.0,0.0,0.0,49.0,0.0,0.0,0,0,0,0,0,1
2026-05-15,B,A01CN127,CN,21,49.0,0.0,0.0,49.0,0.0,0.0,0,0,0,0,0,1
2026-05-15,B,A01CN131,CN,21,49.0,49.0,49.0,0.0,0.0,0.0,96,96,0,0,0,1
2026-05-15,B,A01HB019,HB,21,49.0,0.0,0.0,49.0,0.0,0.0,0,0,0,0,0,1
2026-05-15,B,A01VMC07,VM,21,93.0,61.0,61.0,32.0,0.0,0.0,256,256,0,0,0,1
2026-05-15,B,A01CN125,CN,21,49.0,45.0,35.2,4.0,9.8,0.0,88,88,0,0,0,1
2026-05-15,B,A01CN047,CN,22,169.0,112.0,83.87,57.0,28.13,0.0,148,148,0,0,0,1
2026-05-15,B,A01CN050,CN,22,169.0,166.0,163.2,3.0,2.8,0.0,288,288,0,0,0,1
2026-05-15,B,A01CN120,CN,22,149.0,130.0,130.0,19.0,0.0,0.0,195,195,0,0,0,1
2026-05-15,B,A01CN121,CN,22,136.0,114.0,73.33,22.0,40.67,0.0,110,110,0,0,0,1
2026-05-15,B,A01CN094,CN,22,159.0,125.0,115.0,34.0,10.0,0.0,300,300,0,0,0,1
2026-05-15,B,A01CN095,CN,22,159.0,0.0,0.0,159.0,0.0,0.0,0,0,0,0,0,1
2026-05-15,B,A01CN138,CN,22,174.0,164.0,164.0,10.0,0.0,0.0,283,283,0,0,0,1
2026-05-15,B,A01CN139,CN,22,174.0,139.0,139.0,35.0,0.0,0.0,228,228,0,0,0,1
2026-05-15,B,A01CN118,CN,22,174.0,163.0,163.0,11.0,0.0,0.0,225,225,0,0,0,1
2026-05-15,B,A01CN115,CN,22,117.0,99.0,99.0,18.0,0.0,0.0,104,104,0,0,0,1
2026-05-15,A,A01CN013,CN,23,430.0,234.94,227.7,195.06,7.24,0.59,768,766,2,0,2,1
2026-05-15,A,A01CN107,CN,23,420.0,262.43,212.82,157.57,49.61,0.0,444,444,0,0,0,1
2026-05-15,A,A01CN029,CN,23,415.0,212.53,153.65,202.47,58.89,0.0,916,916,0,0,0,1
2026-05-15,B,A01CN004,CN,23,465.0,129.35,129.35,335.65,0.0,0.0,1930,1930,0,0,0,1
2026-05-15,B,A01CN006,CN,23,465.0,405.3,405.3,59.7,0.0,0.0,3596,3596,0,0,0,1
2026-05-15,B,A01CN133,CN,23,504.26,431.61,431.61,72.65,0.0,0.0,782,782,0,0,0,1
2026-05-15,B,A01CN067,CN,1,227.0,157.0,148.85,70.0,8.15,0.0,229,229,0,0,0,1
2026-05-15,B,A01BR007,BR,1,227.0,180.0,180.0,47.0,0.0,0.0,1494,1494,0,0,0,1
2026-05-15,B,A01CN054,CN,1,74.0,57.0,57.0,17.0,0.0,0.0,228,228,0,0,0,1
2026-05-15,B,A01CN056,CN,1,74.0,56.0,56.0,18.0,0.0,0.0,231,231,0,0,0,1
2026-05-15,B,A01CN073,CN,1,74.0,51.0,51.0,23.0,0.0,0.0,185,185,0,0,0,1
2026-05-15,B,A01CN077,CN,1,74.0,55.0,55.0,19.0,0.0,0.0,225,225,0,0,0,1
2026-05-15,B,A01TMC10,TM,2,34.0,34.0,34.0,0.0,0.0,0.0,43,43,0,0,0,1
2026-05-15,B,A01CN008,CN,2,184.24,110.85,73.39,73.39,37.46,0.0,143,143,0,0,0,1
2026-05-15,B,A01CN133,CN,2,64.74,62.58,62.58,2.16,0.0,0.0,75,75,0,0,0,1
2026-05-15,B,A01TMC01,TM,2,434.0,360.0,360.0,74.0,0.0,0.0,374,374,0,0,0,1
2026-05-15,B,A01TMC04,TM,2,193.38,168.61,168.61,24.77,0.0,0.0,472,472,0,0,0,1
2026-05-15,B,A01TMC06,TM,2,447.0,403.0,403.0,44.0,0.0,0.0,601,601,0,0,0,1
2026-05-15,B,A01CN134,CN,2,174.64,153.88,153.88,20.76,0.0,0.0,273,273,0,0,0,1
2026-05-15,B,A01VMC06,VM,2,311.0,115.0,102.0,196.0,13.0,0.0,90,90,0,0,0,1
2026-05-15,B,A01CN002,CN,3,319.0,250.0,238.0,69.0,12.0,0.0,238,238,0,0,0,1
2026-05-15,B,A01CN003,CN,3,379.0,292.0,292.0,87.0,0.0,0.0,828,828,0,0,0,1
2026-05-15,B,A01CN022,CN,3,334.0,226.0,226.0,108.0,0.0,0.0,775,775,0,0,0,1
2026-05-15,B,A01CN029,CN,3,163.0,148.0,115.6,15.0,32.4,0.0,408,408,0,0,0,1
2026-05-15,B,A01CN048,CN,3,297.0,278.0,278.0,19.0,0.0,0.0,516,516,0,0,0,1
2026-05-15,B,A01CN049,CN,3,121.0,0.0,0.0,121.0,0.0,0.0,0,0,0,0,0,1
2026-05-15,B,A01CN051,CN,3,374.0,349.0,334.4,25.0,14.6,0.0,608,608,0,0,0,1
2026-05-15,B,A01CN052,CN,3,120.0,112.0,112.0,8.0,0.0,0.0,114,114,0,0,0,1
2026-05-15,B,A01CN053,CN,3,133.0,130.0,130.0,3.0,0.0,0.0,460,460,0,0,0,1
2026-05-15,B,A01CN057,CN,3,79.0,77.0,77.0,2.0,0.0,0.0,273,273,0,0,0,1
2026-05-15,B,A01CN058,CN,3,79.0,77.0,77.0,2.0,0.0,0.0,247,247,0,0,0,1
2026-05-15,B,A01CN059,CN,3,79.0,78.0,78.0,1.0,0.0,0.0,264,264,0,0,0,1
2026-05-15,B,A01CN060,CN,3,79.0,64.0,64.0,15.0,0.0,0.0,235,235,0,0,0,1
2026-05-15,B,A01CN069,CN,3,79.0,9.0,0.0,70.0,9.0,0.0,0,0,0,0,0,1
2026-05-15,B,A01CN072,CN,3,79.0,42.0,42.0,37.0,0.0,0.0,147,147,0,0,0,1
2026-05-15,B,A01CN076,CN,3,79.0,67.0,67.0,12.0,0.0,0.0,229,229,0,0,0,1
2026-05-15,B,A01CN084,CN,3,349.0,270.0,198.0,79.0,72.0,0.0,330,330,0,0,0,1
2026-05-15,B,A01CN091,CN,3,369.0,302.0,295.2,67.0,6.8,0.0,1107,1107,0,0,0,1
2026-05-15,B,A01CN092,CN,3,379.0,235.0,138.77,144.0,96.23,0.38,362,361,1,0,1,1
2026-05-15,B,A01CN093,CN,3,369.0,337.0,337.0,32.0,0.0,0.0,1428,1428,0,0,0,1
2026-05-15,B,A01CN096,CN,3,409.0,294.0,290.13,115.0,3.87,0.0,1024,1024,0,0,0,1
2026-05-15,B,A01HB001,HB,3,124.0,124.0,113.33,0.0,10.67,0.0,300,300,0,0,0,1
2026-05-15,B,A01HB002,HB,3,124.0,124.0,124.0,0.0,0.0,0.0,312,312,0,0,0,1
2026-05-15,B,A01HB003,HB,3,124.0,124.0,124.0,0.0,0.0,0.0,392,392,0,0,0,1
2026-05-15,B,A01HB004,HB,3,79.0,0.0,0.0,79.0,0.0,0.0,0,0,0,0,0,1
2026-05-15,B,A01HB006,HB,3,124.0,124.0,116.77,0.0,7.23,0.0,310,310,0,0,0,1
2026-05-15,B,A01HB007,HB,3,79.0,68.0,62.7,11.0,5.3,0.0,152,152,0,0,0,1
2026-05-15,B,A01HB008,HB,3,124.0,107.0,87.1,17.0,19.9,0.0,273,273,0,0,0,1
2026-05-15,B,A01HB009,HB,3,124.0,124.0,124.0,0.0,0.0,0.0,396,396,0,0,0,1
2026-05-15,B,A01HB010,HB,3,124.0,124.0,124.0,0.0,0.0,0.0,354,354,0,0,0,1
2026-05-15,B,A01HB011,HB,3,79.0,79.0,79.0,0.0,0.0,0.0,490,490,0,0,0,1
2026-05-15,B,A01HB017,HB,3,121.0,121.0,121.0,0.0,0.0,0.0,294,294,0,0,0,1
2026-05-15,B,A01HB018,HB,3,121.0,121.0,121.0,0.0,0.0,0.0,238,238,0,0,0,1
2026-05-15,B,A01HB020,HB,3,124.0,124.0,124.0,0.0,0.0,0.0,329,329,0,0,0,1
2026-05-15,B,A01CN101,CN,3,379.0,355.0,355.0,24.0,0.0,0.0,565,565,0,0,0,1
2026-05-15,B,A01CN102,CN,3,379.0,359.0,351.92,20.0,7.08,0.0,515,515,0,0,0,1
2026-05-15,B,A01CN103,CN,3,369.0,335.0,211.25,34.0,123.75,0.0,507,507,0,0,0,1
2026-05-15,B,A01CN104,CN,3,379.0,373.0,373.0,6.0,0.0,0.0,838,838,0,0,0,1
2026-05-15,B,A01BR005,BR,3,204.0,138.0,138.0,66.0,0.0,0.0,1332,1332,0,0,0,1
2026-05-15,B,A01CN127,CN,3,131.0,0.0,0.0,131.0,0.0,0.0,0,0,0,0,0,1
2026-05-15,B,A01CN130,CN,3,129.0,126.0,126.0,3.0,0.0,0.0,220,220,0,0,0,1
2026-05-15,B,A01CN131,CN,3,131.0,126.0,126.0,5.0,0.0,0.0,218,218,0,0,0,1
2026-05-15,B,A01CN132,CN,3,131.0,126.0,126.0,5.0,0.0,0.0,228,228,0,0,0,1
2026-05-15,A,A01HB005,HB,3,140.0,109.84,69.2,30.16,40.64,0.0,990,990,0,0,0,1
2026-05-15,B,A01VMC05,VM,4,513.0,470.0,470.0,43.0,0.0,0.0,852,852,0,0,0,1
2026-05-15,B,A01VMC12,VM,4,550.0,537.0,508.25,13.0,28.75,0.0,1605,1605,0,0,0,1
2026-05-15,B,A01VMC11,VM,4,104.0,94.0,76.0,10.0,18.0,0.0,240,240,0,0,0,1
2026-05-15,B,A01CN014,CN,5,457.0,433.0,433.0,24.0,0.0,0.0,1580,1580,0,0,0,1
2026-05-15,B,A01CN015,CN,5,457.0,175.0,175.0,282.0,0.0,0.0,547,547,0,0,0,1
2026-05-15,B,A01CN021,CN,5,457.0,237.0,205.67,220.0,31.33,0.0,617,617,0,0,0,1
2026-05-15,B,A01CN023,CN,5,449.0,348.0,348.0,101.0,0.0,0.0,1109,1109,0,0,0,1
2026-05-15,B,A01CN026,CN,5,456.0,441.0,441.0,15.0,0.0,0.0,1439,1439,0,0,0,1
2026-05-15,B,A01HB013,HB,5,406.0,380.0,380.0,26.0,0.0,0.0,605,605,0,0,0,1
2026-05-15,B,A01CN107,CN,5,284.0,203.0,178.4,81.0,24.6,0.0,223,223,0,0,0,1
2026-05-15,B,A01CN113,CN,5,456.0,364.0,289.17,92.0,74.83,0.0,347,347,0,0,0,1
2026-05-15,B,A01CN108,CN,5,493.0,410.0,302.0,83.0,108.0,0.0,302,302,0,0,0,1
2026-05-15,B,A01CN001,CN,6,529.0,477.0,447.0,52.0,30.0,0.0,447,447,0,0,0,1
2026-05-15,B,A01CN024,CN,6,524.0,426.0,344.75,98.0,81.25,0.0,591,591,0,0,0,1
2026-05-15,B,A01CN030,CN,6,529.0,403.0,403.0,126.0,0.0,0.0,419,419,0,0,0,1
2026-05-15,B,A01CN070,CN,6,537.0,508.0,424.0,29.0,84.0,0.0,424,424,0,0,0,1
2026-05-15,B,A01CN081,CN,6,529.0,457.0,436.0,72.0,21.0,0.0,436,436,0,0,0,1
2026-05-15,B,A01CN098,CN,6,529.0,382.0,336.0,147.0,46.0,0.0,336,336,0,0,0,1
2026-05-15,B,A01CN112,CN,6,642.0,617.0,530.0,25.0,87.0,0.0,530,530,0,0,0,1
2026-05-15,B,A01CN005,CN,6,559.0,466.0,466.0,93.0,0.0,0.0,691,691,0,0,0,1
2026-05-15,B,A01CN017,CN,6,557.0,443.0,438.75,114.0,4.25,0.0,585,585,0,0,0,1
2026-05-15,B,A01CN018,CN,6,559.0,487.0,487.0,72.0,0.0,0.0,653,653,0,0,0,1
2026-05-15,B,A01CN041,CN,6,557.0,416.0,416.0,141.0,0.0,0.0,572,572,0,0,0,1
2026-05-15,B,A01CN065,CN,6,554.0,448.0,448.0,106.0,0.0,0.0,619,619,0,0,0,1
2026-05-15,B,A01CN083,CN,6,569.0,376.0,376.0,193.0,0.0,0.0,2700,2700,0,0,0,1
2026-05-15,B,A01CN085,CN,6,569.0,482.0,482.0,87.0,0.0,1.05,461,460,1,0,1,1
2026-05-15,B,A01CN099,CN,6,569.0,451.0,451.0,118.0,0.0,0.0,456,456,0,0,0,1
2026-05-15,B,A01CN020,CN,6,658.0,589.0,433.5,69.0,155.5,0.0,867,867,0,0,0,1
2026-05-15,B,A01CN047,CN,6,449.0,362.0,335.47,87.0,26.53,0.0,592,592,0,0,0,1
2026-05-15,B,A01CN050,CN,6,449.0,369.0,351.33,80.0,17.67,0.0,620,620,0,0,0,1
2026-05-15,B,A01TMC05,TM,6,687.0,602.0,602.0,85.0,0.0,0.0,750,750,0,0,0,1
2026-05-15,B,A01CN062,CN,6,664.0,579.0,579.0,85.0,0.0,0.0,1044,1044,0,0,0,1
2026-05-15,B,A01CN068,CN,6,654.0,588.0,557.7,66.0,30.3,2.75,1014,1009,5,0,5,1
2026-05-15,B,A01VMC03,VM,6,664.0,417.0,417.0,247.0,0.0,0.0,3480,3480,0,0,0,1
2026-05-15,B,A01VMC09,VM,6,654.0,561.0,561.0,93.0,0.0,0.0,1920,1920,0,0,0,1
2026-05-15,B,A01CN042,CN,7,659.0,566.0,528.0,93.0,38.0,0.0,960,960,0,0,0,1
2026-05-15,B,A01CN045,CN,7,669.0,619.0,585.93,50.0,33.07,0.0,1034,1034,0,0,0,1
2026-05-15,B,A01CN046,CN,7,670.0,615.0,573.1,55.0,41.9,0.0,1042,1042,0,0,0,1
2026-05-15,B,A01HB025,HB,7,684.0,641.0,629.0,43.0,12.0,0.0,867,867,0,0,0,1
2026-05-15,B,A01HB014,HB,7,674.0,608.0,608.0,66.0,0.0,0.0,1026,1026,0,0,0,1
2026-05-15,B,A01VMC15,VM,7,679.0,0.0,0.0,679.0,0.0,0.0,0,0,0,0,0,1
2026-05-15,B,A01VMC16,VM,7,664.0,564.0,459.0,100.0,105.0,0.0,1530,1530,0,0,0,1
2026-05-15,B,A01HB022,HB,7,684.0,610.0,602.07,74.0,7.93,0.0,528,528,0,0,0,1
2026-05-15,B,A01HB023,HB,7,684.0,591.0,591.0,93.0,0.0,0.0,770,770,0,0,0,1
2026-05-15,B,A01HB024,HB,7,684.0,450.0,383.2,234.0,66.8,0.0,528,528,0,0,0,1
2026-05-16,A,A01TMC09,TM,10,59.0,53.0,53.0,6.0,0.0,0.0,137,137,0,0,0,1
2026-05-16,B,A01HB019,HB,10,701.0,135.0,135.0,566.0,0.0,0.0,144,144,0,0,0,1
2026-05-16,A,A01CN049,CN,11,104.0,104.0,104.0,0.0,0.0,0.0,127,127,0,0,0,1
2026-05-16,A,A01CN053,CN,11,109.0,104.0,104.0,5.0,0.0,0.0,391,391,0,0,0,1
2026-05-16,A,A01CN054,CN,11,104.0,102.0,102.0,2.0,0.0,0.0,353,353,0,0,0,1
2026-05-16,A,A01CN055,CN,11,104.0,100.0,100.0,4.0,0.0,0.0,330,330,0,0,0,1
2026-05-16,A,A01CN056,CN,11,104.0,95.0,95.0,9.0,0.0,0.0,365,365,0,0,0,1
2026-05-16,A,A01CN057,CN,11,104.0,102.0,102.0,2.0,0.0,0.0,382,382,0,0,0,1
2026-05-16,A,A01CN058,CN,11,104.0,72.0,72.0,32.0,0.0,0.0,262,262,0,0,0,1
2026-05-16,A,A01CN059,CN,11,104.0,98.0,98.0,6.0,0.0,0.0,339,339,0,0,0,1
2026-05-16,A,A01CN060,CN,11,104.0,103.0,103.0,1.0,0.0,0.0,399,399,0,0,0,1
2026-05-16,A,A01CN061,CN,11,104.0,104.0,104.0,0.0,0.0,0.0,146,146,0,0,0,1
2026-05-16,A,A01CN072,CN,11,104.0,100.0,99.3,4.0,0.7,0.0,331,331,0,0,0,1
2026-05-16,A,A01CN073,CN,11,99.0,91.0,91.0,8.0,0.0,0.0,325,325,0,0,0,1
2026-05-16,A,A01CN076,CN,11,104.0,101.0,100.2,3.0,0.8,0.0,334,334,0,0,0,1
2026-05-16,A,A01CN077,CN,11,104.0,99.0,99.0,5.0,0.0,0.0,387,387,0,0,0,1
2026-05-16,A,A01TMC03,TM,11,99.0,88.0,88.0,11.0,0.0,0.0,242,242,0,0,0,1
2026-05-16,A,A01HB002,HB,11,109.0,109.0,109.0,0.0,0.0,0.0,276,276,0,0,0,1
2026-05-16,A,A01HB003,HB,11,109.0,109.0,109.0,0.0,0.0,0.0,368,368,0,0,0,1
2026-05-16,A,A01HB005,HB,11,99.0,94.0,94.0,5.0,0.0,0.0,276,276,0,0,0,1
2026-05-16,A,A01HB006,HB,11,109.0,109.0,109.0,0.0,0.0,0.0,305,305,0,0,0,1
2026-05-16,A,A01HB009,HB,11,79.0,79.0,79.0,0.0,0.0,0.0,252,252,0,0,0,1
2026-05-16,A,A01CN126,CN,11,109.0,90.0,85.0,19.0,5.0,0.0,255,255,0,0,0,1
2026-05-16,A,A01HB001,HB,12,94.0,88.0,88.0,6.0,0.0,0.0,246,246,0,0,0,1
2026-05-16,A,A01TRP35,TR,12,109.0,1.0,0.0,108.0,1.0,0.0,0,0,0,0,0,1
2026-05-16,A,A01CN052,CN,12,109.0,107.0,105.0,2.0,2.0,0.0,105,105,0,0,0,1
2026-05-16,A,A01CN069,CN,12,109.0,109.0,109.0,0.0,0.0,0.0,148,148,0,0,0,1
2026-05-16,A,A01HB008,HB,12,189.0,189.0,183.13,0.0,5.87,0.0,574,574,0,0,0,1
2026-05-16,A,A01HB010,HB,12,189.0,189.0,185.0,0.0,4.0,0.0,450,450,0,0,0,1
2026-05-16,A,A01HB011,HB,12,189.0,185.0,185.0,4.0,0.0,0.0,1170,1170,0,0,0,1
2026-05-16,A,A01CN103,CN,12,184.0,180.0,120.42,4.0,59.58,0.0,289,289,0,0,0,1
2026-05-16,A,A01CN007,CN,12,199.0,163.0,122.67,36.0,40.33,0.0,368,368,0,0,0,1
2026-05-16,A,A01CN023,CN,12,199.0,195.0,195.0,4.0,0.0,0.0,652,652,0,0,0,1
2026-05-16,A,A01CN025,CN,12,199.0,23.0,23.0,176.0,0.0,0.0,111,111,0,0,0,1
2026-05-16,A,A01HB025,HB,14,118.0,90.0,90.0,28.0,0.0,0.0,153,153,0,0,0,1
2026-05-16,A,A01HB014,HB,14,168.0,119.0,90.93,49.0,28.07,0.0,152,152,0,0,0,1
2026-05-16,A,A01CN031,CN,14,269.0,225.0,179.1,44.0,45.9,0.0,597,597,0,0,0,1
2026-05-16,A,A01TMC04,TM,14,319.0,297.0,297.0,22.0,0.0,0.0,353,353,0,0,0,1
2026-05-16,A,A01TMC06,TM,14,319.0,313.0,313.0,6.0,0.0,0.0,467,467,0,0,0,1
2026-05-16,A,A01CN098,CN,14,240.0,176.0,140.0,64.0,36.0,0.0,140,140,0,0,0,1
2026-05-16,A,A01CN064,CN,15,304.0,185.0,98.0,119.0,87.0,0.0,98,98,0,0,0,1
2026-05-16,A,A01CN111,CN,15,304.0,188.0,110.0,116.0,78.0,0.0,110,110,0,0,0,1
2026-05-16,A,A01CN022,CN,16,369.0,276.0,276.0,93.0,0.0,0.0,955,955,0,0,0,1
2026-05-16,A,A01CN107,CN,16,369.0,331.0,311.2,38.0,19.8,0.0,389,389,0,0,0,1
2026-05-16,A,A01CN013,CN,16,369.0,325.0,310.3,44.0,14.7,0.0,642,642,0,0,0,1
2026-05-16,A,A01CN024,CN,16,344.0,84.0,34.42,260.0,49.58,0.0,59,59,0,0,0,1
2026-05-16,A,A01CN002,CN,16,389.0,193.0,193.0,196.0,0.0,0.0,197,197,0,0,0,1
2026-05-16,A,A01CN004,CN,16,389.0,305.0,305.0,84.0,0.0,0.0,1105,1105,0,0,0,1
2026-05-16,A,A01CN006,CN,16,389.0,364.0,364.0,25.0,0.0,0.0,1164,1164,0,0,0,1
2026-05-16,A,A01CN008,CN,16,389.0,328.0,307.0,61.0,21.0,0.0,307,307,0,0,0,1
2026-05-16,A,A01CN038,CN,16,299.0,106.0,104.67,193.0,1.33,0.0,314,314,0,0,0,1
2026-05-16,A,A01CN039,CN,16,354.0,348.0,348.0,6.0,0.0,0.0,1167,1167,0,0,0,1
2026-05-16,A,A01CN133,CN,16,389.0,352.0,345.0,37.0,7.0,0.0,230,230,0,0,0,1
2026-05-16,A,A01CN090,CN,16,389.0,361.0,361.0,28.0,0.0,0.0,1368,1368,0,0,0,1
2026-05-16,A,A01CN091,CN,16,389.0,379.0,368.0,10.0,11.0,0.0,1380,1380,0,0,0,1
2026-05-16,A,A01CN092,CN,16,150.0,140.0,94.3,10.0,45.7,1.53,246,242,4,0,4,1
2026-05-16,A,A01CN093,CN,16,389.0,362.0,356.8,27.0,5.2,0.0,1338,1338,0,0,0,1
2026-05-16,A,A01CN094,CN,16,389.0,382.0,382.0,7.0,0.0,0.0,1060,1060,0,0,0,1
2026-05-16,A,A01CN095,CN,16,150.0,10.0,0.0,140.0,10.0,0.0,0,0,0,0,0,1
2026-05-16,A,A01CN096,CN,16,389.0,369.0,369.0,20.0,0.0,0.0,1372,1372,0,0,0,1
2026-05-16,A,A01TMC01,TM,16,437.0,403.0,403.0,34.0,0.0,0.0,393,393,0,0,0,1
2026-05-16,A,A01CN134,CN,16,419.0,348.0,337.5,71.0,10.5,0.0,225,225,0,0,0,1
2026-05-16,A,A01CN101,CN,16,384.0,337.0,328.0,47.0,9.0,0.0,480,480,0,0,0,1
2026-05-16,A,A01CN102,CN,16,384.0,347.0,306.13,37.0,40.87,0.0,448,448,0,0,0,1
2026-05-16,A,A01CN138,CN,16,419.0,335.0,300.0,84.0,35.0,0.0,450,450,0,0,0,1
2026-05-16,A,A01CN137,CN,16,399.0,391.0,391.0,8.0,0.0,0.0,666,666,0,0,0,1
2026-05-16,A,A01CN027,CN,16,434.0,368.0,311.5,66.0,56.5,0.0,534,534,0,0,0,1
2026-05-16,A,A01CN028,CN,16,434.0,411.0,411.0,23.0,0.0,0.0,792,792,0,0,0,1
2026-05-16,A,A01TMC05,TM,16,439.0,396.0,396.0,43.0,0.0,0.0,497,497,0,0,0,1
2026-05-16,A,A01TMC07,TM,16,439.0,407.0,407.0,32.0,0.0,0.0,860,860,0,0,0,1
2026-05-16,A,A01VMC01,VM,16,354.0,337.0,309.17,17.0,27.83,0.0,795,795,0,0,0,1
2026-05-16,A,A01TMC08,TM,16,439.0,414.0,414.0,25.0,0.0,0.0,861,861,0,0,0,1
2026-05-16,A,A01CN117,CN,16,424.0,401.0,401.0,23.0,0.0,0.0,555,555,0,0,0,1
2026-05-16,A,A01CN118,CN,16,424.0,380.0,354.97,44.0,25.03,0.0,463,463,0,0,0,1
2026-05-16,A,A01CN108,CN,16,359.0,188.0,90.0,171.0,98.0,0.0,90,90,0,0,0,1
2026-05-16,A,A01CN017,CN,16,360.0,328.0,281.25,32.0,46.75,0.0,375,375,0,0,0,1
2026-05-16,A,A01CN021,CN,16,399.0,116.0,87.33,283.0,28.67,0.0,262,262,0,0,0,1
2026-05-16,A,A01CN081,CN,16,360.0,334.0,262.0,26.0,72.0,0.0,262,262,0,0,0,1
2026-05-16,A,A01CN084,CN,16,360.0,6.0,0.0,354.0,6.0,0.0,0,0,0,0,0,1
2026-05-16,A,A01CN086,CN,16,379.0,317.0,233.78,62.0,83.22,0.0,338,338,0,0,0,1
2026-05-16,A,A01CN087,CN,16,389.0,245.0,209.07,144.0,35.93,0.0,448,448,0,0,0,1
2026-05-16,A,A01HB023,HB,16,427.0,427.0,406.72,0.0,20.28,0.0,506,506,0,0,0,1
2026-05-16,A,A01CN139,CN,16,429.0,392.0,376.67,37.0,15.33,0.0,565,565,0,0,0,1
2026-05-16,A,A01CN128,CN,16,394.0,370.0,347.8,24.0,22.2,0.0,564,564,0,0,0,1
2026-05-16,A,A01CN003,CN,16,409.0,401.0,401.0,8.0,0.0,0.0,1088,1088,0,0,0,1
2026-05-16,A,A01CN066,CN,17,472.0,461.0,442.5,11.0,18.5,0.0,1770,1770,0,0,0,1
2026-05-16,A,A01CN018,CN,17,420.0,370.0,312.0,50.0,58.0,0.0,416,416,0,0,0,1
2026-05-16,A,A01CN083,CN,17,420.0,351.0,351.0,69.0,0.0,0.0,2530,2530,0,0,0,1
2026-05-16,A,A01CN085,CN,17,420.0,164.0,142.93,256.0,21.07,0.0,134,134,0,0,0,1
2026-05-16,A,A01CN124,CN,18,486.0,346.0,199.77,140.0,146.23,0.0,461,461,0,0,0,1
2026-05-16,A,A01CN125,CN,18,486.0,242.0,150.4,244.0,91.6,0.0,376,376,0,0,0,1
2026-05-16,A,A01CN044,CN,18,491.0,176.0,154.0,315.0,22.0,0.0,280,280,0,0,0,1
2026-05-16,A,A01CN050,CN,18,501.0,485.0,485.0,16.0,0.0,2.33,832,828,0,4,4,1
2026-05-16,A,A01CN062,CN,18,517.0,401.0,401.0,116.0,0.0,0.0,710,710,0,0,0,1
2026-05-16,A,A01CN068,CN,18,517.0,356.0,347.67,161.0,8.33,2.33,596,592,4,0,4,1
2026-05-16,A,A01CN088,CN,18,481.0,375.0,263.2,106.0,111.8,0.0,329,329,0,0,0,1
2026-05-16,A,A01VMC03,VM,18,496.0,287.0,250.0,209.0,37.0,0.0,1000,1000,0,0,0,1
2026-05-16,A,A01VMC05,VM,18,496.0,288.0,100.8,208.0,187.2,0.0,336,336,0,0,0,1
2026-05-16,A,A01VMC09,VM,18,76.0,65.0,33.25,11.0,31.75,0.0,105,105,0,0,0,1
2026-05-16,A,A01VMC11,VM,18,496.0,484.0,422.75,12.0,61.25,0.32,1335,1334,1,0,1,1
2026-05-16,A,A01VMC12,VM,18,526.0,489.0,489.0,37.0,0.0,0.0,1560,1560,0,0,0,1
2026-05-16,A,A01VMC16,VM,18,521.0,331.0,247.5,190.0,83.5,0.0,825,825,0,0,0,1
2026-05-16,A,A01HB022,HB,18,509.0,439.0,439.0,70.0,0.0,0.0,432,432,0,0,0,1
2026-05-16,A,A01CN113,CN,18,481.0,390.0,339.17,91.0,50.83,0.0,407,407,0,0,0,1
2026-05-16,A,A01CN114,CN,18,481.0,437.0,437.0,44.0,0.0,0.0,1314,1314,0,0,0,1
2026-05-16,A,A01CN047,CN,18,91.0,69.0,69.0,22.0,0.0,0.0,122,122,0,0,0,1
2026-05-16,A,A01CN048,CN,18,364.0,318.0,303.33,46.0,14.67,0.0,520,520,0,0,0,1
2026-05-16,A,A01CN051,CN,18,364.0,317.0,312.67,47.0,4.33,0.0,536,536,0,0,0,1
2026-05-16,B,A01CN100,CN,20,38.0,0.0,0.0,38.0,0.0,0.0,2,2,0,0,0,1
2026-05-16,B,A01CN116,CN,20,35.0,31.0,31.0,4.0,0.0,0.0,36,36,0,0,0,1
2026-05-16,B,A01CN124,CN,21,47.0,42.0,35.1,5.0,6.9,0.0,81,81,0,0,0,1
2026-05-16,B,A01CN053,CN,21,48.0,45.0,45.0,3.0,0.0,0.0,162,162,0,0,0,1
2026-05-16,B,A01CN054,CN,21,48.0,45.0,45.0,3.0,0.0,0.0,163,163,0,0,0,1
2026-05-16,B,A01CN055,CN,21,48.0,45.0,45.0,3.0,0.0,0.0,157,157,0,0,0,1
2026-05-16,B,A01CN056,CN,21,48.0,44.0,44.0,4.0,0.0,0.25,178,177,1,0,1,1
2026-05-16,B,A01CN057,CN,21,48.0,44.0,44.0,4.0,0.0,0.0,169,169,0,0,0,1
2026-05-16,B,A01CN058,CN,21,48.0,46.0,46.0,2.0,0.0,0.0,165,165,0,0,0,1
2026-05-16,B,A01CN059,CN,21,48.0,42.0,42.0,6.0,0.0,0.0,140,140,0,0,0,1
2026-05-16,B,A01CN060,CN,21,48.0,46.0,46.0,2.0,0.0,0.0,181,181,0,0,0,1
2026-05-16,B,A01CN072,CN,21,48.0,44.0,40.8,4.0,3.2,0.0,136,136,0,0,0,1
2026-05-16,B,A01CN076,CN,21,48.0,41.0,41.0,7.0,0.0,0.0,150,150,0,0,0,1
2026-05-16,B,A01CN126,CN,21,48.0,0.0,0.0,48.0,0.0,0.0,0,0,0,0,0,1
2026-05-16,B,A01CN125,CN,21,48.0,40.0,0.0,8.0,40.0,0.0,0,0,0,0,0,1
2026-05-16,B,A01TMC04,TM,21,150.0,146.0,146.0,4.0,0.0,0.0,169,169,0,0,0,1
2026-05-16,B,A01CN095,CN,22,63.0,31.0,31.0,32.0,0.0,0.0,161,161,0,0,0,1
2026-05-16,B,A01CN118,CN,22,115.0,109.0,109.0,6.0,0.0,0.0,161,161,0,0,0,1
2026-05-16,B,A01CN115,CN,22,117.0,0.0,0.0,117.0,0.0,0.0,0,0,0,0,0,1
2026-05-16,A,A01CN042,CN,22,590.0,492.37,448.1,97.63,44.27,0.0,968,968,0,0,0,1
2026-05-16,A,A01CN045,CN,22,590.0,457.02,397.68,132.98,59.34,0.0,810,810,0,0,0,1
2026-05-16,A,A01CN014,CN,23,550.0,508.42,508.42,41.58,0.0,0.0,2284,2284,0,0,0,1
2026-05-16,A,A01CN015,CN,23,550.0,218.9,208.44,331.1,10.46,0.0,797,797,0,0,0,1
2026-05-16,A,A01CN026,CN,23,550.0,511.55,511.55,38.45,0.0,0.0,2116,2116,0,0,0,1
2026-05-16,A,A01CN089,CN,23,550.0,307.56,270.63,242.44,36.93,0.0,398,398,0,0,0,1
2026-05-16,A,A01CN105,CN,23,550.0,173.4,173.4,376.6,0.0,0.0,549,549,0,0,0,1
2026-05-16,A,A01CN106,CN,23,550.0,223.61,223.61,326.39,0.0,0.0,412,412,0,0,0,1
2026-05-16,B,A01CN050,CN,23,177.0,169.0,169.0,8.0,0.0,0.0,346,346,0,0,0,1
2026-05-16,B,A01CN047,CN,23,180.0,169.0,169.0,11.0,0.0,0.0,350,350,0,0,0,1
2026-05-16,A,A01CN020,CN,23,495.0,360.83,209.37,134.17,151.47,0.0,593,593,0,0,0,1
2026-05-16,A,A01CN112,CN,23,484.0,268.58,142.92,215.42,125.66,0.0,207,207,0,0,0,1
2026-05-16,A,A01CN001,CN,0,495.0,148.29,136.28,346.71,12.0,0.0,193,193,0,0,0,1
2026-05-16,A,A01CN005,CN,0,502.0,412.49,342.13,89.51,70.36,0.0,637,637,0,0,0,1
2026-05-16,A,A01CN030,CN,0,515.0,460.63,439.33,54.37,21.31,0.0,598,598,0,0,0,1
2026-05-16,A,A01CN041,CN,0,512.0,469.64,447.0,42.36,22.64,0.0,816,816,0,0,0,1
2026-05-16,A,A01CN065,CN,0,512.0,463.79,414.13,48.21,49.67,0.0,756,756,0,0,0,1
2026-05-16,B,A01CN064,CN,0,94.0,75.0,53.0,19.0,22.0,0.0,53,53,0,0,0,1
2026-05-16,B,A01CN111,CN,0,94.0,71.0,71.0,23.0,0.0,0.0,82,82,0,0,0,1
2026-05-16,B,A01HB001,HB,0,49.0,49.0,47.6,0.0,1.4,0.0,126,126,0,0,0,1
2026-05-16,B,A01HB002,HB,0,49.0,49.0,46.8,0.0,2.2,0.0,108,108,0,0,0,1
2026-05-16,B,A01HB005,HB,0,49.0,28.0,16.8,21.0,11.2,0.0,48,48,0,0,0,1
2026-05-16,B,A01HB006,HB,0,49.0,49.0,49.0,0.0,0.0,0.0,145,145,0,0,0,1
2026-05-16,B,A01HB007,HB,0,49.0,0.0,0.0,49.0,0.0,0.0,0,0,0,0,0,1
2026-05-16,B,A01HB008,HB,0,49.0,44.0,40.2,5.0,3.8,0.0,126,126,0,0,0,1
2026-05-16,B,A01HB009,HB,0,49.0,49.0,49.0,0.0,0.0,0.0,144,144,0,0,0,1
2026-05-16,B,A01HB010,HB,0,49.0,49.0,49.0,0.0,0.0,0.0,120,120,0,0,0,1
2026-05-16,B,A01HB011,HB,0,49.0,49.0,49.0,0.0,0.0,0.0,330,330,0,0,0,1
2026-05-16,B,A01HB015,HB,0,49.0,0.0,0.0,49.0,0.0,0.0,0,0,0,0,0,1
2026-05-16,B,A01HB017,HB,0,49.0,44.0,44.0,5.0,0.0,0.0,126,126,0,0,0,1
2026-05-16,B,A01HB018,HB,0,49.0,49.0,49.0,0.0,0.0,0.0,105,105,0,0,0,1
2026-05-16,B,A01HB020,HB,0,49.0,49.0,47.03,0.0,1.97,0.0,119,119,0,0,0,1
2026-05-16,B,A01BR007,BR,1,287.0,107.0,107.0,180.0,0.0,0.0,792,792,0,0,0,1
2026-05-16,B,A01TAP14,TA,1,117.0,102.0,102.0,15.0,0.0,0.0,635,635,0,0,0,1
2026-05-16,B,A01CN114,CN,1,117.0,98.0,98.0,19.0,0.0,0.0,314,314,0,0,0,1
2026-05-16,B,A01CN138,CN,1,207.0,160.0,160.0,47.0,0.0,0.0,245,245,0,0,0,1
2026-05-16,B,A01CN139,CN,1,209.0,67.0,55.33,142.0,11.67,0.0,83,83,0,0,0,1
2026-05-16,B,A01CN008,CN,2,303.0,282.0,282.0,21.0,0.0,0.0,421,421,0,0,0,1
2026-05-16,B,A01CN133,CN,2,301.0,277.0,277.0,24.0,0.0,0.0,227,227,0,0,0,1
2026-05-16,B,A01CN121,CN,2,254.0,0.0,0.0,254.0,0.0,0.0,0,0,0,0,0,1
2026-05-16,B,A01TMC04,TM,2,193.0,183.0,183.0,10.0,0.0,0.0,218,218,0,0,0,1
2026-05-16,B,A01TMC06,TM,2,410.0,392.0,392.0,18.0,0.0,0.0,588,588,0,0,0,1
2026-05-16,B,A01CN134,CN,2,331.0,307.0,307.0,24.0,0.0,0.0,230,230,0,0,0,1
2026-05-16,B,A01VMC06,VM,2,293.0,236.0,207.0,57.0,29.0,0.0,207,207,0,0,0,1
2026-05-16,B,A01CN117,CN,2,271.0,220.0,185.53,51.0,34.47,0.0,253,253,0,0,0,1
2026-05-16,B,A01HB012,HB,2,701.0,143.0,143.0,558.0,0.0,0.6,480,478,2,0,2,1
2026-05-16,B,A01CN062,CN,2,376.0,365.0,365.0,11.0,0.0,0.0,676,676,0,0,0,1
2026-05-16,B,A01CN068,CN,2,366.0,354.0,354.0,12.0,0.0,1.05,676,674,2,0,2,1
2026-05-16,B,A01CN075,CN,2,90.0,71.0,71.0,19.0,0.0,0.0,124,124,0,0,0,1
2026-05-16,B,A01CN002,CN,3,313.0,236.0,205.0,77.0,31.0,0.0,205,205,0,0,0,1
2026-05-16,B,A01CN003,CN,3,323.0,318.0,318.0,5.0,0.0,0.69,916,914,1,1,2,1
2026-05-16,B,A01CN013,CN,3,323.0,312.0,312.0,11.0,0.0,0.41,765,764,1,0,1,1
2026-05-16,B,A01CN022,CN,3,229.0,209.0,209.0,20.0,0.0,0.0,787,787,0,0,0,1
2026-05-16,B,A01CN029,CN,3,227.0,56.0,31.17,171.0,24.83,0.0,110,110,0,0,0,1
2026-05-16,B,A01CN038,CN,3,311.0,54.0,50.67,257.0,3.33,0.0,152,152,0,0,0,1
2026-05-16,B,A01CN039,CN,3,311.0,87.0,85.5,224.0,1.5,0.0,270,270,0,0,0,1
2026-05-16,B,A01CN078,CN,3,227.0,168.0,163.0,59.0,5.0,0.0,326,326,0,0,0,1
2026-05-16,B,A01CN083,CN,3,333.0,264.0,264.0,69.0,0.0,0.0,2030,2030,0,0,0,1
2026-05-16,B,A01CN084,CN,3,323.0,6.0,1.67,317.0,4.33,0.17,10,9,1,0,1,1
2026-05-16,B,A01CN091,CN,3,313.0,302.0,302.0,11.0,0.0,0.0,1296,1296,0,0,0,1
2026-05-16,B,A01CN092,CN,3,323.0,295.0,205.47,28.0,89.53,0.38,536,535,1,0,1,1
2026-05-16,B,A01CN093,CN,3,313.0,294.0,294.0,19.0,0.0,0.0,1344,1344,0,0,0,1
2026-05-16,B,A01CN096,CN,3,312.0,246.0,246.0,66.0,0.0,0.0,1024,1024,0,0,0,1
2026-05-16,B,A01HB004,HB,3,79.0,0.0,0.0,79.0,0.0,0.0,0,0,0,0,0,1
2026-05-16,B,A01CN101,CN,3,321.0,297.0,297.0,24.0,0.0,0.0,465,465,0,0,0,1
2026-05-16,B,A01CN103,CN,3,310.0,286.0,193.33,24.0,92.67,0.0,464,464,0,0,0,1
2026-05-16,B,A01CN104,CN,3,321.0,310.0,310.0,11.0,0.0,0.0,757,757,0,0,0,1
2026-05-16,B,A01BR005,BR,3,229.0,165.0,165.0,64.0,0.0,0.0,2040,2040,0,0,0,1
2026-05-16,B,A01CN127,CN,3,131.0,0.0,0.0,131.0,0.0,0.0,0,0,0,0,0,1
2026-05-16,B,A01CN130,CN,3,129.0,129.0,129.0,0.0,0.0,0.0,234,234,0,0,0,1
2026-05-16,B,A01CN131,CN,3,131.0,131.0,131.0,0.0,0.0,0.0,232,232,0,0,0,1
2026-05-16,B,A01CN132,CN,3,131.0,129.0,129.0,2.0,0.0,0.0,228,228,0,0,0,1
2026-05-16,B,A01CN090,CN,3,363.0,333.0,333.0,30.0,0.0,0.0,1425,1425,0,0,0,1
2026-05-16,B,A01CN074,CN,4,231.0,192.0,179.67,39.0,12.33,0.0,308,308,0,0,0,1
2026-05-16,B,A01TMC05,TM,4,530.0,522.0,522.0,8.0,0.0,0.0,665,665,0,0,0,1
2026-05-16,B,A01TMC07,TM,4,517.0,505.0,505.0,12.0,0.0,0.0,1084,1084,0,0,0,1
2026-05-16,B,A01CN100,CN,4,384.0,0.0,0.0,384.0,0.0,0.0,1,1,0,0,0,1
2026-05-16,B,A01TMC08,TM,4,517.0,510.0,510.0,7.0,0.0,0.0,1084,1084,0,0,0,1
2026-05-16,B,A01CN045,CN,4,287.0,199.0,173.83,88.0,25.17,0.0,298,298,0,0,0,1
2026-05-16,B,A01CN046,CN,4,287.0,270.0,270.0,17.0,0.0,0.0,470,470,0,0,0,1
2026-05-16,B,A01VMC11,VM,4,110.0,110.0,28.5,0.0,81.5,0.0,90,90,0,0,0,1
2026-05-16,B,A01CN014,CN,5,253.0,252.0,252.0,1.0,0.0,0.0,899,899,0,0,0,1
2026-05-16,B,A01CN015,CN,5,253.0,64.0,64.0,189.0,0.0,0.0,206,206,0,0,0,1
2026-05-16,B,A01CN021,CN,5,349.0,169.0,148.33,180.0,20.67,0.0,445,445,0,0,0,1
2026-05-16,B,A01CN023,CN,5,349.0,264.0,264.0,85.0,0.0,0.0,851,851,0,0,0,1
2026-05-16,B,A01CN026,CN,5,252.0,251.0,251.0,1.0,0.0,0.0,844,844,0,0,0,1
2026-05-16,B,A01CN044,CN,5,499.0,450.0,358.6,49.0,91.4,0.0,652,652,0,0,0,1
2026-05-16,B,A01CN088,CN,5,344.0,227.0,161.6,117.0,65.4,0.0,202,202,0,0,0,1
2026-05-16,B,A01HB013,HB,5,443.0,414.0,414.0,29.0,0.0,0.0,645,645,0,0,0,1
2026-05-16,B,A01CN107,CN,5,347.0,318.0,303.2,29.0,14.8,0.0,379,379,0,0,0,1
2026-05-16,B,A01CN113,CN,5,516.0,366.0,230.83,150.0,135.17,0.0,277,277,0,0,0,1
2026-05-16,B,A01CN108,CN,5,394.0,292.0,205.0,102.0,87.0,0.0,205,205,0,0,0,1
2026-05-16,B,A01CN024,CN,6,434.0,316.0,286.42,118.0,29.58,0.0,491,491,0,0,0,1
2026-05-16,B,A01CN070,CN,6,535.0,465.0,354.0,70.0,111.0,0.0,354,354,0,0,0,1
2026-05-16,B,A01CN081,CN,6,434.0,357.0,357.0,77.0,0.0,0.0,377,377,0,0,0,1
2026-05-16,B,A01CN098,CN,6,434.0,347.0,347.0,87.0,0.0,0.0,401,401,0,0,0,1
2026-05-16,B,A01CN018,CN,6,464.0,376.0,376.0,88.0,0.0,0.0,524,524,0,0,0,1
2026-05-16,B,A01CN085,CN,6,474.0,355.0,355.0,119.0,0.0,0.0,355,355,0,0,0,1
2026-05-16,B,A01CN099,CN,6,567.0,453.0,453.0,114.0,0.0,0.0,466,466,0,0,0,1
2026-05-16,B,A01CN048,CN,6,377.0,262.0,262.0,115.0,0.0,0.0,450,450,0,0,0,1
2026-05-16,B,A01CN051,CN,6,377.0,262.0,261.33,115.0,0.67,0.0,448,448,0,0,0,1
2026-05-16,B,A01VMC03,VM,6,610.0,540.0,540.0,70.0,0.0,0.0,3880,3880,0,0,0,1
2026-05-16,B,A01VMC05,VM,6,632.0,449.0,449.0,183.0,0.0,0.0,1520,1520,0,0,0,1
2026-05-16,B,A01VMC12,VM,6,631.0,546.0,546.0,85.0,0.0,0.0,1920,1920,0,0,0,1
2026-05-16,B,A01HB025,HB,7,646.0,578.0,578.0,68.0,0.0,0.0,816,816,0,0,0,1
2026-05-16,B,A01HB014,HB,7,637.0,561.0,561.0,76.0,0.0,0.0,950,950,0,0,0,1
2026-05-16,B,A01VMC16,VM,7,627.0,541.0,490.5,86.0,50.5,0.0,1635,1635,0,0,0,1
2026-05-16,B,A01HB022,HB,7,645.0,552.0,552.0,93.0,0.0,0.0,516,516,0,0,0,1
2026-05-16,B,A01HB023,HB,7,646.0,599.0,599.0,47.0,0.0,0.0,748,748,0,0,0,1
2026-05-16,B,A01VMC15,VM,7,691.0,581.0,576.0,110.0,5.0,0.0,1920,1920,0,0,0,1
2026-05-17,B,A01CN086,CN,9,67.07,11.0,10.19,56.07,0.81,0.0,154,154,0,0,0,1
2026-05-17,B,A01CN087,CN,9,62.04,7.88,6.77,54.17,1.1,0.0,164,164,0,0,0,1
2026-05-17,A,A01CN049,CN,11,104.0,0.0,0.0,104.0,0.0,0.0,0,0,0,0,0,1
2026-05-17,A,A01CN053,CN,11,109.0,0.0,0.0,109.0,0.0,0.0,0,0,0,0,0,1
2026-05-17,A,A01CN054,CN,11,104.0,0.0,0.0,104.0,0.0,0.0,0,0,0,0,0,1
2026-05-17,A,A01CN056,CN,11,104.0,0.0,0.0,104.0,0.0,0.0,0,0,0,0,0,1
2026-05-17,A,A01CN059,CN,11,104.0,0.0,0.0,104.0,0.0,0.0,0,0,0,0,0,1
2026-05-17,A,A01CN060,CN,11,104.0,0.0,0.0,104.0,0.0,0.0,0,0,0,0,0,1
2026-05-17,A,A01CN061,CN,11,104.0,0.0,0.0,104.0,0.0,0.0,0,0,0,0,0,1
2026-05-17,A,A01CN072,CN,11,104.0,0.0,0.0,104.0,0.0,0.0,0,0,0,0,0,1
2026-05-17,A,A01CN073,CN,11,99.0,0.0,0.0,99.0,0.0,0.0,0,0,0,0,0,1
2026-05-17,A,A01CN077,CN,11,104.0,0.0,0.0,104.0,0.0,0.0,0,0,0,0,0,1
2026-05-17,A,A01TMC03,TM,11,99.0,0.0,0.0,99.0,0.0,0.0,0,0,0,0,0,1
2026-05-17,A,A01HB002,HB,11,109.0,0.0,0.0,109.0,0.0,0.0,0,0,0,0,0,1
2026-05-17,A,A01HB003,HB,11,109.0,0.0,0.0,109.0,0.0,0.0,0,0,0,0,0,1
2026-05-17,A,A01HB005,HB,11,99.0,0.0,0.0,99.0,0.0,0.0,0,0,0,0,0,1
2026-05-17,A,A01HB009,HB,11,79.0,0.0,0.0,79.0,0.0,0.0,0,0,0,0,0,1
2026-05-17,A,A01CN126,CN,11,109.0,0.0,0.0,109.0,0.0,0.0,0,0,0,0,0,1
2026-05-17,B,A01HB019,HB,11,701.0,354.0,346.0,347.0,8.0,0.0,360,360,0,0,0,1
2026-05-17,A,A01HB001,HB,12,94.0,0.0,0.0,94.0,0.0,0.0,0,0,0,0,0,1
2026-05-17,A,A01TRP35,TR,12,109.0,1.0,0.0,108.0,1.0,0.0,0,0,0,0,0,1
2026-05-17,A,A01CN052,CN,12,109.0,0.0,0.0,109.0,0.0,0.0,0,0,0,0,0,1
2026-05-17,A,A01CN069,CN,12,109.0,0.0,0.0,109.0,0.0,0.0,0,0,0,0,0,1
2026-05-17,A,A01HB010,HB,12,189.0,0.0,0.0,189.0,0.0,0.0,0,0,0,0,0,1
2026-05-17,A,A01HB011,HB,12,189.0,0.0,0.0,189.0,0.0,0.0,0,0,0,0,0,1
2026-05-17,A,A01CN007,CN,12,199.0,0.0,0.0,199.0,0.0,0.0,1,1,0,0,0,1
2026-05-17,A,A01CN067,CN,12,199.0,0.0,0.0,199.0,0.0,0.0,0,0,0,0,0,1
2026-05-17,A,A01HB015,HB,12,79.0,0.0,0.0,79.0,0.0,0.0,0,0,0,0,0,1
2026-05-17,A,A01HB017,HB,12,79.0,0.0,0.0,79.0,0.0,0.0,0,0,0,0,0,1
2026-05-17,A,A01HB020,HB,12,79.0,0.0,0.0,79.0,0.0,0.0,0,0,0,0,0,1
2026-05-17,A,A01CN031,CN,14,266.0,0.0,0.0,266.0,0.0,0.0,0,0,0,0,0,1
2026-05-17,A,A01CN027,CN,16,392.0,0.0,0.0,392.0,0.0,0.0,0,0,0,0,0,1
2026-05-17,A,A01TMC07,TM,16,397.0,0.0,0.0,397.0,0.0,0.0,0,0,0,0,0,1
2026-05-17,A,A01VMC01,VM,16,351.0,0.0,0.0,351.0,0.0,0.0,45,45,0,0,0,1
2026-05-17,A,A01TMC08,TM,16,397.0,0.0,0.0,397.0,0.0,0.0,0,0,0,0,0,1
2026-05-17,A,A01CN017,CN,16,357.0,100.0,53.25,257.0,46.75,0.0,71,71,0,0,0,1
2026-05-17,A,A01CN128,CN,16,392.0,0.0,0.0,392.0,0.0,0.0,0,0,0,0,0,1
2026-05-17,A,A01CN001,CN,17,437.0,0.0,0.0,437.0,0.0,0.0,0,0,0,0,0,1
2026-05-17,A,A01CN112,CN,17,441.0,171.0,147.0,270.0,24.0,0.0,147,147,0,0,0,1
2026-05-17,A,A01CN005,CN,18,447.0,112.0,90.0,335.0,22.0,0.0,120,120,0,0,0,1
2026-05-17,A,A01CN089,CN,18,486.0,0.0,0.0,486.0,0.0,0.0,0,0,0,0,0,1
2026-05-17,A,A01CN105,CN,18,486.0,0.0,0.0,486.0,0.0,0.0,3,3,0,0,0,1
2026-05-17,A,A01CN106,CN,18,486.0,0.0,0.0,486.0,0.0,0.0,2,2,0,0,0,1
2026-05-17,A,A01CN020,CN,18,452.0,0.0,0.0,452.0,0.0,0.0,4,4,0,0,0,1
2026-05-17,A,A01CN030,CN,18,457.0,175.0,153.0,282.0,22.0,0.0,153,153,0,0,0,1
2026-05-17,A,A01CN041,CN,18,457.0,121.0,110.25,336.0,10.75,0.0,147,147,0,0,0,1
2026-05-17,A,A01CN065,CN,18,457.0,119.0,98.25,338.0,20.75,0.0,131,131,0,0,0,1
2026-05-17,A,A01CN124,CN,18,517.0,0.0,0.0,517.0,0.0,0.0,0,0,0,0,0,1
2026-05-17,A,A01CN125,CN,18,517.0,127.0,38.8,390.0,88.2,0.0,97,97,0,0,0,1
2026-05-17,B,A01CN086,CN,21,5.93,0.0,0.0,5.93,0.0,0.0,0,0,0,0,0,1
2026-05-17,B,A01CN087,CN,21,4.96,0.0,0.0,4.96,0.0,0.0,0,0,0,0,0,1
2026-05-17,B,A01CN124,CN,21,49.0,0.0,0.0,49.0,0.0,0.0,0,0,0,0,0,1
2026-05-17,B,A01CN053,CN,21,49.0,0.0,0.0,49.0,0.0,0.0,0,0,0,0,0,1
2026-05-17,B,A01CN054,CN,21,49.0,0.0,0.0,49.0,0.0,0.0,0,0,0,0,0,1
2026-05-17,B,A01CN055,CN,21,49.0,0.0,0.0,49.0,0.0,0.0,0,0,0,0,0,1
2026-05-17,B,A01CN056,CN,21,49.0,0.0,0.0,49.0,0.0,0.0,0,0,0,0,0,1
2026-05-17,B,A01CN057,CN,21,49.0,0.0,0.0,49.0,0.0,0.0,0,0,0,0,0,1
2026-05-17,B,A01CN058,CN,21,49.0,0.0,0.0,49.0,0.0,0.0,0,0,0,0,0,1
2026-05-17,B,A01CN059,CN,21,49.0,0.0,0.0,49.0,0.0,0.0,0,0,0,0,0,1
2026-05-17,B,A01CN060,CN,21,49.0,0.0,0.0,49.0,0.0,0.0,0,0,0,0,0,1
2026-05-17,B,A01CN072,CN,21,49.0,0.0,0.0,49.0,0.0,0.0,0,0,0,0,0,1
2026-05-17,B,A01CN076,CN,21,49.0,0.0,0.0,49.0,0.0,0.0,0,0,0,0,0,1
2026-05-17,B,A01CN126,CN,21,49.0,0.0,0.0,49.0,0.0,0.0,0,0,0,0,0,1
2026-05-17,B,A01CN125,CN,21,49.0,0.0,0.0,49.0,0.0,0.0,0,0,0,0,0,1
2026-05-17,B,A01CN095,CN,22,64.0,0.0,0.0,64.0,0.0,0.0,0,0,0,0,0,1
2026-05-17,B,A01CN118,CN,22,117.0,0.0,0.0,117.0,0.0,0.0,0,0,0,0,0,1
2026-05-17,B,A01CN115,CN,22,119.0,0.0,0.0,119.0,0.0,0.0,0,0,0,0,0,1
2026-05-17,B,A01CN064,CN,0,94.0,0.0,0.0,94.0,0.0,0.0,0,0,0,0,0,1
2026-05-17,B,A01CN111,CN,0,93.0,0.0,0.0,93.0,0.0,0.0,0,0,0,0,0,1
2026-05-17,B,A01HB001,HB,0,49.0,0.0,0.0,49.0,0.0,0.0,0,0,0,0,0,1
2026-05-17,B,A01HB002,HB,0,49.0,0.0,0.0,49.0,0.0,0.0,0,0,0,0,0,1
2026-05-17,B,A01HB005,HB,0,49.0,0.0,0.0,49.0,0.0,0.0,0,0,0,0,0,1
2026-05-17,B,A01HB006,HB,0,49.0,0.0,0.0,49.0,0.0,0.0,0,0,0,0,0,1
2026-05-17,B,A01HB007,HB,0,49.0,0.0,0.0,49.0,0.0,0.0,0,0,0,0,0,1
2026-05-17,B,A01HB008,HB,0,49.0,0.0,0.0,49.0,0.0,0.0,0,0,0,0,0,1
2026-05-17,B,A01HB009,HB,0,49.0,0.0,0.0,49.0,0.0,0.0,0,0,0,0,0,1
2026-05-17,B,A01HB010,HB,0,49.0,0.0,0.0,49.0,0.0,0.0,0,0,0,0,0,1
2026-05-17,B,A01HB011,HB,0,49.0,0.0,0.0,49.0,0.0,0.0,0,0,0,0,0,1
2026-05-17,B,A01HB015,HB,0,49.0,0.0,0.0,49.0,0.0,0.0,0,0,0,0,0,1
2026-05-17,B,A01HB017,HB,0,49.0,0.0,0.0,49.0,0.0,0.0,0,0,0,0,0,1
2026-05-17,B,A01HB018,HB,0,49.0,0.0,0.0,49.0,0.0,0.0,0,0,0,0,0,1
2026-05-17,B,A01HB020,HB,0,49.0,0.0,0.0,49.0,0.0,0.0,0,0,0,0,0,1
2026-05-17,B,A01BR007,BR,1,324.0,1.0,0.0,323.0,1.0,0.0,0,0,0,0,0,1
2026-05-17,B,A01TAP14,TA,1,117.0,1.0,0.2,116.0,0.8,0.0,1,1,0,0,0,1
2026-05-17,B,A01CN114,CN,1,117.0,0.0,0.0,117.0,0.0,0.0,0,0,0,0,0,1
2026-05-17,B,A01HB012,HB,1,701.0,0.0,0.0,701.0,0.0,0.0,0,0,0,0,0,1
2026-05-17,B,A01CN138,CN,1,207.0,0.0,0.0,207.0,0.0,0.0,0,0,0,0,0,1
2026-05-17,B,A01CN139,CN,1,209.0,0.0,0.0,209.0,0.0,0.0,0,0,0,0,0,1
2026-05-17,B,A01CN008,CN,2,304.0,0.0,0.0,304.0,0.0,0.0,1,1,0,0,0,1
2026-05-17,B,A01CN133,CN,2,302.0,0.0,0.0,302.0,0.0,0.0,0,0,0,0,0,1
2026-05-17,B,A01CN121,CN,2,254.0,0.0,0.0,254.0,0.0,0.0,0,0,0,0,0,1
2026-05-17,B,A01TMC04,TM,2,193.0,0.0,0.0,193.0,0.0,0.0,0,0,0,0,0,1
2026-05-17,B,A01TMC06,TM,2,447.0,0.0,0.0,447.0,0.0,0.0,0,0,0,0,0,1
2026-05-17,B,A01CN134,CN,2,332.0,0.0,0.0,332.0,0.0,0.0,0,0,0,0,0,1
2026-05-17,B,A01VMC06,VM,2,363.0,0.0,0.0,363.0,0.0,0.0,0,0,0,0,0,1
2026-05-17,B,A01CN117,CN,2,271.0,0.0,0.0,271.0,0.0,0.0,0,0,0,0,0,1
2026-05-17,B,A01CN002,CN,3,314.0,0.0,0.0,314.0,0.0,0.0,1,1,0,0,0,1
2026-05-17,B,A01CN003,CN,3,324.0,0.0,0.0,324.0,0.0,0.0,0,0,0,0,0,1
2026-05-17,B,A01CN013,CN,3,324.0,0.0,0.0,324.0,0.0,0.0,0,0,0,0,0,1
2026-05-17,B,A01CN022,CN,3,229.0,0.0,0.0,229.0,0.0,0.0,0,0,0,0,0,1
2026-05-17,B,A01CN029,CN,3,227.0,0.0,0.0,227.0,0.0,0.0,0,0,0,0,0,1
2026-05-17,B,A01CN038,CN,3,312.0,0.0,0.0,312.0,0.0,0.0,0,0,0,0,0,1
2026-05-17,B,A01CN039,CN,3,312.0,0.0,0.0,312.0,0.0,0.0,0,0,0,0,0,1
2026-05-17,B,A01CN078,CN,3,227.0,0.0,0.0,227.0,0.0,0.0,0,0,0,0,0,1
2026-05-17,B,A01CN083,CN,3,334.0,0.0,0.0,334.0,0.0,0.0,0,0,0,0,0,1
2026-05-17,B,A01CN084,CN,3,324.0,0.0,0.0,324.0,0.0,0.0,0,0,0,0,0,1
2026-05-17,B,A01CN091,CN,3,314.0,0.0,0.0,314.0,0.0,0.0,0,0,0,0,0,1
2026-05-17,B,A01CN092,CN,3,324.0,0.0,0.0,324.0,0.0,0.0,0,0,0,0,0,1
2026-05-17,B,A01CN093,CN,3,314.0,0.0,0.0,314.0,0.0,0.0,0,0,0,0,0,1
2026-05-17,B,A01CN096,CN,3,313.0,0.0,0.0,313.0,0.0,0.0,0,0,0,0,0,1
2026-05-17,B,A01HB004,HB,3,79.0,0.0,0.0,79.0,0.0,0.0,0,0,0,0,0,1
2026-05-17,B,A01CN101,CN,3,322.0,0.0,0.0,322.0,0.0,0.0,1,1,0,0,0,1
2026-05-17,B,A01CN103,CN,3,311.0,0.0,0.0,311.0,0.0,0.0,0,0,0,0,0,1
2026-05-17,B,A01CN104,CN,3,322.0,0.0,0.0,322.0,0.0,0.0,1,1,0,0,0,1
2026-05-17,B,A01BR005,BR,3,229.0,1.0,0.0,228.0,1.0,0.0,0,0,0,0,0,1
2026-05-17,B,A01CN127,CN,3,131.0,0.0,0.0,131.0,0.0,0.0,0,0,0,0,0,1
2026-05-17,B,A01CN130,CN,3,129.0,0.0,0.0,129.0,0.0,0.0,0,0,0,0,0,1
2026-05-17,B,A01CN131,CN,3,131.0,0.0,0.0,131.0,0.0,0.0,0,0,0,0,0,1
2026-05-17,B,A01CN132,CN,3,131.0,0.0,0.0,131.0,0.0,0.0,0,0,0,0,0,1
2026-05-17,B,A01CN090,CN,3,364.0,0.0,0.0,364.0,0.0,0.0,0,0,0,0,0,1
2026-05-17,B,A01TMC05,TM,4,567.0,0.0,0.0,567.0,0.0,0.0,0,0,0,0,0,1
2026-05-17,B,A01TMC07,TM,4,554.0,0.0,0.0,554.0,0.0,0.0,0,0,0,0,0,1
2026-05-17,B,A01CN100,CN,4,384.0,0.0,0.0,384.0,0.0,0.0,1,1,0,0,0,1
2026-05-17,B,A01TMC08,TM,4,554.0,0.0,0.0,554.0,0.0,0.0,0,0,0,0,0,1
2026-05-17,B,A01CN014,CN,5,253.0,0.0,0.0,253.0,0.0,0.0,0,0,0,0,0,1
2026-05-17,B,A01CN015,CN,5,253.0,0.0,0.0,253.0,0.0,0.0,0,0,0,0,0,1
2026-05-17,B,A01CN021,CN,5,349.0,0.0,0.0,349.0,0.0,0.0,1,1,0,0,0,1
2026-05-17,B,A01CN023,CN,5,349.0,0.0,0.0,349.0,0.0,0.0,0,0,0,0,0,1
2026-05-17,B,A01CN026,CN,5,252.0,0.0,0.0,252.0,0.0,0.0,0,0,0,0,0,1
2026-05-17,B,A01CN088,CN,5,344.0,0.0,0.0,344.0,0.0,0.0,0,0,0,0,0,1
2026-05-17,B,A01HB013,HB,5,444.0,0.0,0.0,444.0,0.0,0.0,0,0,0,0,0,1
2026-05-17,B,A01CN107,CN,5,347.0,0.0,0.0,347.0,0.0,0.0,0,0,0,0,0,1
2026-05-17,B,A01CN113,CN,5,553.0,0.0,0.0,553.0,0.0,0.0,0,0,0,0,0,1
2026-05-17,B,A01CN108,CN,5,393.0,0.0,0.0,393.0,0.0,0.0,0,0,0,0,0,1
2026-05-17,B,A01VMC15,VM,7,594.0,1.0,0.0,593.0,1.0,0.0,0,0,0,0,0,1
2026-05-18,B,A01HB025,HB,9,377.5,36.08,36.08,341.42,0.0,0.0,102,102,0,0,0,1
2026-05-18,B,A01HB023,HB,9,377.5,36.62,36.62,340.88,0.0,0.0,88,88,0,0,0,1
2026-05-18,B,A01HB014,HB,9,380.53,41.8,41.8,338.73,0.0,0.0,133,133,0,0,0,1
2026-05-18,A,A01TMC02,TM,10,37.0,13.0,13.0,24.0,0.0,0.0,14,14,0,0,0,1
2026-05-18,A,A01CN049,CN,11,104.0,91.0,88.93,13.0,2.07,0.0,92,92,0,0,0,1
2026-05-18,A,A01CN053,CN,11,109.0,108.0,108.0,1.0,0.0,0.0,366,366,0,0,0,1
2026-05-18,A,A01CN054,CN,11,104.0,101.0,101.0,3.0,0.0,0.0,348,348,0,0,0,1
2026-05-18,A,A01CN055,CN,11,89.0,85.0,85.0,4.0,0.0,0.0,301,301,0,0,0,1
2026-05-18,A,A01CN056,CN,11,104.0,102.0,102.0,2.0,0.0,0.0,361,361,0,0,0,1
2026-05-18,A,A01CN057,CN,11,89.0,80.0,80.0,9.0,0.0,0.0,303,303,0,0,0,1
2026-05-18,A,A01CN058,CN,11,89.0,88.0,88.0,1.0,0.0,0.0,289,289,0,0,0,1
2026-05-18,A,A01CN059,CN,11,104.0,100.0,100.0,4.0,0.0,0.0,352,352,0,0,0,1
2026-05-18,A,A01CN060,CN,11,104.0,25.0,25.0,79.0,0.0,0.0,118,118,0,0,0,1
2026-05-18,A,A01CN061,CN,11,104.0,94.0,67.2,10.0,26.8,0.0,84,84,0,0,0,1
2026-05-18,A,A01CN072,CN,11,104.0,103.0,103.0,1.0,0.0,0.0,346,346,0,0,0,1
2026-05-18,A,A01CN073,CN,11,99.0,98.0,98.0,1.0,0.0,0.0,345,345,0,0,0,1
2026-05-18,A,A01CN076,CN,11,89.0,87.0,87.0,2.0,0.0,0.0,311,311,0,0,0,1
2026-05-18,A,A01CN077,CN,11,104.0,91.0,90.9,13.0,0.1,0.0,303,303,0,0,0,1
2026-05-18,A,A01HB002,HB,11,109.0,109.0,109.0,0.0,0.0,0.0,252,252,0,0,0,1
2026-05-18,A,A01HB003,HB,11,109.0,109.0,109.0,0.0,0.0,0.0,320,320,0,0,0,1
2026-05-18,A,A01HB005,HB,11,99.0,99.0,99.0,0.0,0.0,0.0,306,306,0,0,0,1
2026-05-18,A,A01HB006,HB,11,74.0,70.0,64.03,4.0,5.97,0.0,170,170,0,0,0,1
2026-05-18,A,A01HB009,HB,11,79.0,79.0,79.0,0.0,0.0,0.0,264,264,0,0,0,1
2026-05-18,A,A01CN126,CN,11,109.0,16.0,11.0,93.0,5.0,0.0,33,33,0,0,0,1
2026-05-18,B,A01CN099,CN,11,345.02,68.91,58.08,276.12,10.83,0.0,118,118,0,0,0,1
2026-05-18,B,A01CN070,CN,11,345.02,0.0,0.0,345.02,0.0,0.0,0,0,0,0,0,1
2026-05-18,A,A01HB015,HB,11,100.0,0.0,0.0,100.0,0.0,0.0,0,0,0,0,0,1
2026-05-18,A,A01HB017,HB,11,100.0,82.0,46.5,18.0,35.5,0.0,108,108,0,0,0,1
2026-05-18,A,A01CN120,CN,11,64.0,48.0,48.0,16.0,0.0,0.0,76,76,0,0,0,1
2026-05-18,A,A01TMC04,TM,12,158.0,158.0,158.0,0.0,0.0,0.0,191,191,0,0,0,1
2026-05-18,A,A01HB001,HB,12,144.0,144.0,142.8,0.0,1.2,0.0,378,378,0,0,0,1
2026-05-18,A,A01CN100,CN,12,84.0,0.0,0.0,84.0,0.0,0.0,1,1,0,0,0,1
2026-05-18,A,A01TRP35,TR,12,109.0,1.0,0.0,108.0,1.0,0.0,0,0,0,0,0,1
2026-05-18,A,A01CN116,CN,12,83.0,78.0,66.67,5.0,11.33,0.0,160,160,0,0,0,1
2026-05-18,A,A01CN139,CN,12,204.0,165.0,138.67,39.0,26.33,0.0,208,208,0,0,0,1
2026-05-18,A,A01CN052,CN,12,107.0,57.0,56.0,50.0,1.0,0.0,56,56,0,0,0,1
2026-05-18,A,A01CN069,CN,12,107.0,101.0,101.0,6.0,0.0,0.0,136,136,0,0,0,1
2026-05-18,A,A01HB004,HB,12,152.0,152.0,127.4,0.0,24.6,0.0,312,312,0,0,0,1
2026-05-18,A,A01HB008,HB,12,152.0,142.0,127.3,10.0,14.7,0.0,399,399,0,0,0,1
2026-05-18,A,A01HB010,HB,12,187.0,18.0,7.4,169.0,10.6,0.0,18,18,0,0,0,1
2026-05-18,A,A01HB011,HB,12,187.0,187.0,187.0,0.0,0.0,0.0,1030,1030,0,0,0,1
2026-05-18,A,A01HB018,HB,12,152.0,152.0,151.7,0.0,0.3,0.0,259,259,0,0,0,1
2026-05-18,A,A01CN103,CN,12,107.0,100.0,60.42,7.0,39.58,0.0,145,145,0,0,0,1
2026-05-18,A,A01CN007,CN,12,196.0,122.0,80.33,74.0,41.67,0.0,241,241,0,0,0,1
2026-05-18,A,A01CN015,CN,12,157.0,7.0,5.33,150.0,1.67,0.0,16,16,0,0,0,1
2026-05-18,A,A01CN067,CN,12,196.0,0.0,0.0,196.0,0.0,0.0,0,0,0,0,0,1
2026-05-18,A,A01HB020,HB,12,157.0,151.0,102.37,6.0,48.63,0.0,259,259,0,0,0,1
2026-05-18,A,A01CN101,CN,12,116.0,79.0,76.53,37.0,2.47,0.0,112,112,0,0,0,1
2026-05-18,A,A01TAP14,TA,12,157.0,123.0,95.0,34.0,28.0,0.0,475,475,0,0,0,1
2026-05-18,A,A01CN046,CN,12,211.0,88.0,63.0,123.0,25.0,0.0,108,108,0,0,0,1
2026-05-18,A,A01CN047,CN,12,211.0,136.0,136.0,75.0,0.0,0.0,246,246,0,0,0,1
2026-05-18,A,A01CN050,CN,12,211.0,153.0,150.5,58.0,2.5,0.58,258,257,0,1,1,1
2026-05-18,A,A01VMC12,VM,12,211.0,196.0,196.0,15.0,0.0,0.0,630,630,0,0,0,1
2026-05-18,A,A01BR005,BR,13,168.0,110.0,110.0,58.0,0.0,0.0,1200,1200,0,0,0,1
2026-05-18,B,A01CN085,CN,13,345.02,72.35,59.32,272.67,13.03,0.0,113,113,0,0,0,1
2026-05-18,B,A01CN018,CN,13,349.13,71.22,41.09,277.91,30.13,0.0,110,110,0,0,0,1
2026-05-18,B,A01CN024,CN,13,347.74,110.13,67.42,237.61,42.7,0.0,233,233,0,0,0,1
2026-05-18,B,A01CN081,CN,13,349.13,0.0,0.0,349.13,0.0,0.0,0,0,0,0,0,1
2026-05-18,B,A01CN098,CN,13,347.74,113.6,84.83,234.14,28.77,0.0,171,171,0,0,0,1
2026-05-18,B,A01HB019,HB,13,701.0,263.0,242.2,438.0,20.8,0.0,252,252,0,0,0,1
2026-05-18,A,A01TMC06,TM,14,235.0,223.0,223.0,12.0,0.0,0.0,333,333,0,0,0,1
2026-05-18,A,A01CN031,CN,14,266.0,226.0,162.9,40.0,63.1,0.0,543,543,0,0,0,1
2026-05-18,A,A01VMC09,VM,15,51.0,51.0,38.0,0.0,13.0,0.0,120,120,0,0,0,1
2026-05-18,A,A01CN019,CN,15,274.0,274.0,0.0,0.0,274.0,0.0,0,0,0,0,0,1
2026-05-18,A,A01CN022,CN,16,201.0,176.0,176.0,25.0,0.0,0.0,644,644,0,0,0,1
2026-05-18,A,A01CN029,CN,16,327.0,269.0,152.43,58.0,116.57,0.0,538,538,0,0,0,1
2026-05-18,A,A01CN107,CN,16,327.0,263.0,180.8,64.0,82.2,0.0,226,226,0,0,0,1
2026-05-18,A,A01CN002,CN,16,310.0,248.0,187.0,62.0,61.0,0.0,187,187,0,0,0,1
2026-05-18,A,A01CN008,CN,16,306.0,295.0,295.0,11.0,0.0,0.0,350,350,0,0,0,1
2026-05-18,A,A01CN013,CN,16,150.0,139.0,139.0,11.0,0.0,0.0,354,354,0,0,0,1
2026-05-18,A,A01CN025,CN,16,306.0,298.0,298.0,8.0,0.0,0.0,1212,1212,0,0,0,1
2026-05-18,A,A01CN038,CN,16,306.0,236.0,196.0,70.0,40.0,0.33,588,587,0,1,1,1
2026-05-18,A,A01CN039,CN,16,306.0,86.0,43.7,220.0,42.3,0.0,138,138,0,0,0,1
2026-05-18,A,A01CN133,CN,16,306.0,288.0,288.0,18.0,0.0,0.0,204,204,0,0,0,1
2026-05-18,A,A01CN090,CN,16,306.0,282.0,282.0,24.0,0.0,0.0,1068,1068,0,0,0,1
2026-05-18,A,A01CN091,CN,16,306.0,257.0,257.0,49.0,0.0,0.0,1023,1023,0,0,0,1
2026-05-18,A,A01CN092,CN,16,306.0,267.0,161.77,39.0,105.23,0.0,422,422,0,0,0,1
2026-05-18,A,A01CN093,CN,16,306.0,289.0,289.0,17.0,0.0,0.0,1143,1143,0,0,0,1
2026-05-18,A,A01CN094,CN,16,306.0,232.0,232.0,74.0,0.0,0.0,620,620,0,0,0,1
2026-05-18,A,A01CN095,CN,16,306.0,208.0,176.53,98.0,31.47,0.0,662,662,0,0,0,1
2026-05-18,A,A01CN096,CN,16,306.0,298.0,298.0,8.0,0.0,0.0,1068,1068,0,0,0,1
2026-05-18,A,A01CN097,CN,16,306.0,301.0,296.97,5.0,4.03,0.0,906,906,0,0,0,1
2026-05-18,A,A01CN134,CN,16,336.0,288.0,288.0,48.0,0.0,0.0,212,212,0,0,0,1
2026-05-18,A,A01CN102,CN,16,306.0,294.0,294.0,12.0,0.0,0.0,735,735,0,0,0,1
2026-05-18,A,A01CN138,CN,16,188.0,125.0,90.67,63.0,34.33,0.0,136,136,0,0,0,1
2026-05-18,A,A01CN137,CN,16,396.0,387.0,387.0,9.0,0.0,0.0,687,687,0,0,0,1
2026-05-18,A,A01CN027,CN,16,431.0,421.0,421.0,10.0,0.0,0.0,789,789,0,0,0,1
2026-05-18,A,A01CN028,CN,16,236.0,231.0,231.0,5.0,0.0,0.0,483,483,0,0,0,1
2026-05-18,A,A01TMC07,TM,16,436.0,424.0,424.0,12.0,0.0,0.0,914,914,0,0,0,1
2026-05-18,A,A01TMC10,TM,16,391.0,353.0,353.0,38.0,0.0,0.0,359,359,0,0,0,1
2026-05-18,A,A01VMC01,VM,16,351.0,0.0,0.0,351.0,0.0,0.0,15,15,0,0,0,1
2026-05-18,A,A01TMC08,TM,16,436.0,432.0,432.0,4.0,0.0,0.0,913,913,0,0,0,1
2026-05-18,A,A01CN117,CN,16,426.0,392.0,387.93,34.0,4.07,0.0,529,529,0,0,0,1
2026-05-18,A,A01CN016,CN,16,357.0,314.0,314.0,43.0,0.0,0.0,557,557,0,0,0,1
2026-05-18,A,A01CN017,CN,16,357.0,329.0,216.75,28.0,112.25,0.0,289,289,0,0,0,1
2026-05-18,A,A01CN021,CN,16,357.0,174.0,132.0,183.0,42.0,0.0,396,396,0,0,0,1
2026-05-18,A,A01CN023,CN,16,357.0,346.0,346.0,11.0,0.0,0.0,1149,1149,0,0,0,1
2026-05-18,A,A01CN086,CN,16,357.0,317.0,242.08,40.0,74.92,0.0,350,350,0,0,0,1
2026-05-18,A,A01CN087,CN,16,376.0,311.0,220.27,65.0,90.73,0.0,472,472,0,0,0,1
2026-05-18,A,A01HB013,HB,16,311.0,137.0,137.0,174.0,0.0,0.0,205,205,0,0,0,1
2026-05-18,A,A01HB016,HB,16,306.0,280.0,208.6,26.0,71.4,0.0,252,252,0,0,0,1
2026-05-18,A,A01HB023,HB,16,306.0,306.0,300.62,0.0,5.38,0.0,374,374,0,0,0,1
2026-05-18,A,A01VMC15,VM,16,411.0,375.0,342.0,36.0,33.0,0.0,1140,1140,0,0,0,1
2026-05-18,A,A01CN128,CN,16,394.0,390.0,390.0,4.0,0.0,0.0,670,670,0,0,0,1
2026-05-18,A,A01CN003,CN,16,330.0,305.0,305.0,25.0,0.0,0.0,750,750,0,0,0,1
2026-05-18,A,A01CN066,CN,17,469.0,185.0,171.75,284.0,13.25,0.0,687,687,0,0,0,1
2026-05-18,A,A01CN080,CN,17,114.0,113.0,113.0,1.0,0.0,0.0,347,347,0,0,0,1
2026-05-18,A,A01CN083,CN,17,378.0,197.0,150.0,181.0,47.0,0.0,900,900,0,0,0,1
2026-05-18,A,A01CN001,CN,17,437.0,401.0,310.0,36.0,91.0,0.0,310,310,0,0,0,1
2026-05-18,A,A01CN112,CN,17,443.0,20.0,9.0,423.0,11.0,0.0,9,9,0,0,0,1
2026-05-18,A,A01CN005,CN,18,447.0,435.0,402.75,12.0,32.25,0.0,537,537,0,0,0,1
2026-05-18,A,A01CN014,CN,18,447.0,391.0,391.0,56.0,0.0,0.0,1346,1346,0,0,0,1
2026-05-18,A,A01CN026,CN,18,447.0,370.0,370.0,77.0,0.0,0.0,1129,1129,0,0,0,1
2026-05-18,A,A01CN089,CN,18,486.0,421.0,360.53,65.0,60.47,0.0,416,416,0,0,0,1
2026-05-18,A,A01CN105,CN,18,486.0,454.0,454.0,32.0,0.0,0.0,1103,1103,0,0,0,1
2026-05-18,A,A01CN106,CN,18,486.0,347.0,278.4,139.0,68.6,0.0,261,261,0,0,0,1
2026-05-18,A,A01CN113,CN,18,447.0,406.0,377.5,41.0,28.5,0.0,453,453,0,0,0,1
2026-05-18,A,A01CN020,CN,18,454.0,375.0,211.5,79.0,163.5,0.0,423,423,0,0,0,1
2026-05-18,A,A01CN030,CN,18,457.0,440.0,416.0,17.0,24.0,0.0,416,416,0,0,0,1
2026-05-18,A,A01CN041,CN,18,457.0,384.0,210.0,73.0,174.0,0.0,280,280,0,0,0,1
2026-05-18,A,A01CN065,CN,18,457.0,370.0,207.0,87.0,163.0,0.0,276,276,0,0,0,1
2026-05-18,A,A01CN124,CN,18,519.0,353.0,263.03,166.0,89.97,0.0,607,607,0,0,0,1
2026-05-18,A,A01CN125,CN,18,519.0,419.0,136.8,100.0,282.2,0.0,342,342,0,0,0,1
2026-05-18,A,A01CN042,CN,18,529.0,440.0,401.5,89.0,38.5,0.0,730,730,0,0,0,1
2026-05-18,A,A01CN062,CN,18,526.0,506.0,506.0,20.0,0.0,0.0,880,880,0,0,0,1
2026-05-18,A,A01CN068,CN,18,526.0,477.0,477.0,49.0,0.0,2.23,854,850,1,3,4,1
2026-05-18,A,A01CN074,CN,18,244.0,46.0,46.0,198.0,0.0,0.0,88,88,0,0,0,1
2026-05-18,A,A01CN075,CN,18,526.0,446.0,383.83,80.0,62.17,0.58,658,657,0,1,1,1
2026-05-18,A,A01CN088,CN,18,491.0,344.0,240.8,147.0,103.2,0.0,301,301,0,0,0,1
2026-05-18,A,A01TMC05,TM,18,556.0,394.0,394.0,162.0,0.0,0.0,484,484,0,0,0,1
2026-05-18,A,A01VMC03,VM,18,526.0,342.0,340.0,184.0,2.0,0.0,1360,1360,0,0,0,1
2026-05-18,A,A01VMC04,VM,18,503.0,337.0,152.0,166.0,185.0,0.63,480,478,2,0,2,1
2026-05-18,A,A01VMC05,VM,18,526.0,461.0,196.8,65.0,264.2,0.6,656,654,0,2,2,1
2026-05-18,A,A01VMC11,VM,18,322.0,292.0,270.75,30.0,21.25,0.0,855,855,0,0,0,1
2026-05-18,A,A01HB022,HB,18,421.0,374.0,374.0,47.0,0.0,0.0,336,336,0,0,0,1
2026-05-18,A,A01VMC16,VM,18,526.0,432.0,319.5,94.0,112.5,0.0,1065,1065,0,0,0,1
2026-05-18,A,A01VMC18,VM,18,239.0,189.0,189.0,50.0,0.0,0.0,468,468,0,0,0,1
2026-05-18,A,A01CN048,CN,18,305.0,279.0,276.5,26.0,2.5,0.0,474,474,0,0,0,1
2026-05-18,A,A01CN051,CN,18,305.0,110.0,72.33,195.0,37.67,0.0,124,124,0,0,0,1
2026-05-18,A,A01HB025,HB,18,111.0,85.0,85.0,26.0,0.0,0.0,561,561,0,0,0,1
2026-05-18,A,A01HB014,HB,18,431.0,431.0,386.47,0.0,44.53,0.0,646,646,0,0,0,1
2026-05-18,B,A01CN086,CN,21,62.0,46.0,44.27,16.0,1.73,0.0,64,64,0,0,0,1
2026-05-18,B,A01CN087,CN,21,56.0,24.0,24.0,32.0,0.0,0.0,52,52,0,0,0,1
2026-05-18,B,A01CN124,CN,21,49.0,35.0,34.67,14.0,0.33,0.0,80,80,0,0,0,1
2026-05-18,B,A01VMC11,VM,21,109.0,93.0,76.0,16.0,17.0,0.0,240,240,0,0,0,1
2026-05-18,B,A01CN053,CN,21,49.0,48.0,48.0,1.0,0.0,0.0,183,183,0,0,0,1
2026-05-18,B,A01CN054,CN,21,49.0,47.0,47.0,2.0,0.0,0.0,164,164,0,0,0,1
2026-05-18,B,A01CN055,CN,21,49.0,49.0,49.0,0.0,0.0,0.0,171,171,0,0,0,1
2026-05-18,B,A01CN056,CN,21,49.0,43.0,43.0,6.0,0.0,0.0,173,173,0,0,0,1
2026-05-18,B,A01CN057,CN,21,49.0,49.0,49.0,0.0,0.0,0.0,181,181,0,0,0,1
2026-05-18,B,A01CN058,CN,21,49.0,49.0,49.0,0.0,0.0,0.0,170,170,0,0,0,1
2026-05-18,B,A01CN059,CN,21,49.0,47.0,47.0,2.0,0.0,0.0,155,155,0,0,0,1
2026-05-18,B,A01CN060,CN,21,49.0,33.0,24.0,16.0,9.0,0.0,80,80,0,0,0,1
2026-05-18,B,A01CN072,CN,21,49.0,49.0,48.6,0.0,0.4,0.0,162,162,0,0,0,1
2026-05-18,B,A01CN073,CN,21,49.0,33.0,32.0,16.0,1.0,0.0,96,96,0,0,0,1
2026-05-18,B,A01CN076,CN,21,49.0,49.0,49.0,0.0,0.0,0.0,177,177,0,0,0,1
2026-05-18,B,A01CN077,CN,21,49.0,36.0,36.0,13.0,0.0,0.0,122,122,0,0,0,1
2026-05-18,B,A01HB001,HB,21,49.0,49.0,45.33,0.0,3.67,0.0,120,120,0,0,0,1
2026-05-18,B,A01HB002,HB,21,49.0,49.0,46.8,0.0,2.2,0.0,108,108,0,0,0,1
2026-05-18,B,A01HB003,HB,21,49.0,49.0,49.0,0.0,0.0,0.0,144,144,0,0,0,1
2026-05-18,B,A01HB004,HB,21,49.0,49.0,42.47,0.0,6.53,0.0,104,104,0,0,0,1
2026-05-18,B,A01HB005,HB,21,49.0,44.0,44.0,5.0,0.0,0.0,132,132,0,0,0,1
2026-05-18,B,A01HB006,HB,21,49.0,49.0,48.97,0.0,0.03,0.0,130,130,0,0,0,1
2026-05-18,B,A01HB007,HB,21,49.0,49.0,37.95,0.0,11.05,0.0,92,92,0,0,0,1
2026-05-18,B,A01HB008,HB,21,49.0,49.0,49.0,0.0,0.0,0.0,168,168,0,0,0,1
2026-05-18,B,A01HB009,HB,21,49.0,49.0,49.0,0.0,0.0,0.0,156,156,0,0,0,1
2026-05-18,B,A01HB010,HB,21,49.0,49.0,46.87,0.0,2.13,0.0,114,114,0,0,0,1
2026-05-18,B,A01HB015,HB,21,49.0,0.0,0.0,49.0,0.0,0.0,0,0,0,0,0,1
2026-05-18,B,A01HB017,HB,21,49.0,49.0,49.0,0.0,0.0,0.0,120,120,0,0,0,1
2026-05-18,B,A01HB018,HB,21,49.0,49.0,49.0,0.0,0.0,0.0,98,98,0,0,0,1
2026-05-18,B,A01HB019,HB,21,49.0,49.0,49.0,0.0,0.0,0.0,72,72,0,0,0,1
2026-05-18,B,A01HB020,HB,21,49.0,49.0,47.03,0.0,1.97,0.0,119,119,0,0,0,1
2026-05-18,B,A01CN126,CN,21,49.0,0.0,0.0,49.0,0.0,0.0,0,0,0,0,0,1
2026-05-18,B,A01CN127,CN,21,49.0,0.0,0.0,49.0,0.0,0.0,0,0,0,0,0,1
2026-05-18,B,A01CN130,CN,21,49.0,0.0,0.0,49.0,0.0,0.0,0,0,0,0,0,1
2026-05-18,B,A01CN131,CN,21,49.0,31.0,12.33,18.0,18.67,0.0,20,20,0,0,0,1
2026-05-18,B,A01CN132,CN,21,49.0,0.0,0.0,49.0,0.0,0.0,0,0,0,0,0,1
2026-05-18,B,A01CN125,CN,21,49.0,38.0,0.8,11.0,37.2,0.0,2,2,0,0,0,1
2026-05-18,A,A01TMC01,TM,21,210.0,95.56,94.58,114.44,0.98,0.0,296,296,0,0,0,1
2026-05-18,B,A01CN007,CN,22,49.0,16.0,11.33,33.0,4.67,0.0,34,34,0,0,0,1
2026-05-18,B,A01CN021,CN,22,159.0,123.0,123.0,36.0,0.0,0.0,377,377,0,0,0,1
2026-05-18,B,A01CN022,CN,22,159.0,1.0,0.0,158.0,1.0,0.0,0,0,0,0,0,1
2026-05-18,B,A01CN027,CN,22,146.0,30.0,28.0,116.0,2.0,0.0,48,48,0,0,0,1
2026-05-18,B,A01CN029,CN,22,49.0,24.0,13.6,25.0,10.4,0.0,48,48,0,0,0,1
2026-05-18,B,A01CN031,CN,22,139.0,23.0,12.6,116.0,10.4,0.0,42,42,0,0,0,1
2026-05-18,B,A01CN066,CN,22,144.0,135.0,135.0,9.0,0.0,0.0,606,606,0,0,0,1
2026-05-18,B,A01CN080,CN,22,159.0,143.0,134.67,16.0,8.33,0.0,404,404,0,0,0,1
2026-05-18,B,A01CN100,CN,22,147.0,0.0,0.0,147.0,0.0,0.0,1,1,0,0,0,1
2026-05-18,B,A01BR007,BR,22,159.0,139.0,139.0,20.0,0.0,0.0,1344,1344,0,0,0,1
2026-05-18,B,A01TAP14,TA,22,49.0,42.0,42.0,7.0,0.0,0.0,271,271,0,0,0,1
2026-05-18,B,A01CN116,CN,22,147.0,138.0,133.33,9.0,4.67,0.0,320,320,0,0,0,1
2026-05-18,B,A01CN137,CN,22,144.0,124.0,120.6,20.0,3.4,0.0,201,201,0,0,0,1
2026-05-18,B,A01TMC04,TM,22,195.0,188.0,188.0,7.0,0.0,0.0,234,234,0,0,0,1
2026-05-18,B,A01CN013,CN,23,219.0,219.0,219.0,0.0,0.0,0.0,609,609,0,0,0,1
2026-05-18,B,A01CN090,CN,23,209.0,178.0,178.0,31.0,0.0,0.0,771,771,0,0,0,1
2026-05-18,B,A01CN094,CN,23,219.0,0.0,0.0,219.0,0.0,0.0,4,4,0,0,0,1
2026-05-18,B,A01CN102,CN,23,219.0,186.0,186.0,33.0,0.0,0.0,394,394,0,0,0,1
2026-05-18,B,A01CN104,CN,23,219.0,187.0,187.0,32.0,0.0,0.0,388,388,0,0,0,1
2026-05-18,B,A01BR005,BR,0,144.0,8.0,8.0,136.0,0.0,0.0,952,952,0,0,0,1
2026-05-18,B,A01HB012,HB,1,701.0,189.0,189.0,512.0,0.0,0.0,1015,1015,0,0,0,1
2026-05-18,B,A01CN004,CN,2,319.0,204.0,82.5,115.0,121.5,0.0,275,275,0,0,0,1
2026-05-18,B,A01CN006,CN,2,379.0,358.0,358.0,21.0,0.0,0.0,1186,1186,0,0,0,1
2026-05-18,B,A01CN008,CN,2,379.0,352.0,285.0,27.0,67.0,0.0,285,285,0,0,0,1
2026-05-18,B,A01CN025,CN,2,389.0,384.0,384.0,5.0,0.0,0.0,1506,1506,0,0,0,1
2026-05-18,B,A01CN120,CN,2,404.0,307.0,307.0,97.0,0.0,0.0,405,405,0,0,0,1
2026-05-18,B,A01CN121,CN,2,254.0,11.0,7.33,243.0,3.67,0.0,11,11,0,0,0,1
2026-05-18,B,A01CN122,CN,2,398.0,340.0,276.9,58.0,63.1,0.0,639,639,0,0,0,1
2026-05-18,B,A01TMC02,TM,2,446.0,338.0,280.6,108.0,57.4,0.0,244,244,0,0,0,1
2026-05-18,B,A01TMC09,TM,2,339.0,336.0,336.0,3.0,0.0,0.0,850,850,0,0,0,1
2026-05-18,B,A01VMC02,VM,2,344.0,0.0,0.0,344.0,0.0,0.0,0,0,0,0,0,1
2026-05-18,B,A01VMC06,VM,2,399.0,373.0,373.0,26.0,0.0,0.0,408,408,0,0,0,1
2026-05-18,B,A01CN138,CN,2,405.0,261.0,200.0,144.0,61.0,0.0,300,300,0,0,0,1
2026-05-18,B,A01CN139,CN,2,405.0,277.0,228.67,128.0,48.33,0.0,343,343,0,0,0,1
2026-05-18,B,A01CN117,CN,2,414.0,391.0,352.73,23.0,38.27,0.0,481,481,0,0,0,1
2026-05-18,B,A01CN118,CN,2,414.0,267.0,227.7,147.0,39.3,0.0,297,297,0,0,0,1
2026-05-18,B,A01CN115,CN,2,414.0,410.0,410.0,4.0,0.0,0.0,404,404,0,0,0,1
2026-05-18,B,A01CN123,CN,2,397.0,381.0,332.8,16.0,48.2,0.0,256,256,0,0,0,1
2026-05-18,B,A01CN002,CN,3,389.0,179.0,179.0,210.0,0.0,0.0,225,225,0,0,0,1
2026-05-18,B,A01CN003,CN,3,399.0,390.0,390.0,9.0,0.0,0.0,1052,1052,0,0,0,1
2026-05-18,B,A01CN038,CN,3,389.0,371.0,313.33,18.0,57.67,0.67,940,938,0,2,2,1
2026-05-18,B,A01CN039,CN,3,389.0,358.0,358.0,31.0,0.0,0.0,1344,1344,0,0,0,1
2026-05-18,B,A01CN083,CN,3,369.0,252.0,201.67,117.0,50.33,0.0,1210,1210,0,0,0,1
2026-05-18,B,A01CN084,CN,3,359.0,0.0,0.0,359.0,0.0,0.0,0,0,0,0,0,1
2026-05-18,B,A01CN091,CN,3,389.0,362.0,362.0,27.0,0.0,0.0,1413,1413,0,0,0,1
2026-05-18,B,A01CN092,CN,3,399.0,240.0,125.73,159.0,114.27,0.0,328,328,0,0,0,1
2026-05-18,B,A01CN093,CN,3,391.0,370.0,370.0,21.0,0.0,0.0,1539,1539,0,0,0,1
2026-05-18,B,A01CN096,CN,3,389.0,376.0,376.0,13.0,0.0,0.0,1524,1524,0,0,0,1
2026-05-18,B,A01CN097,CN,3,339.0,325.0,308.77,14.0,16.23,0.0,942,942,0,0,0,1
2026-05-18,B,A01VMC01,VM,3,359.0,205.0,205.0,154.0,0.0,0.0,615,615,0,0,0,1
2026-05-18,B,A01CN101,CN,3,399.0,362.0,347.82,37.0,14.18,0.0,509,509,0,0,0,1
2026-05-18,B,A01CN103,CN,3,389.0,285.0,198.33,104.0,86.67,0.0,476,476,0,0,0,1
2026-05-18,B,A01TMC06,TM,4,565.0,545.0,541.2,20.0,3.8,0.0,792,792,0,0,0,1
2026-05-18,B,A01TMC07,TM,4,565.0,546.0,546.0,19.0,0.0,0.0,1171,1171,0,0,0,1
2026-05-18,B,A01TMC08,TM,4,565.0,538.0,538.0,27.0,0.0,0.0,1152,1152,0,0,0,1
2026-05-18,B,A01CN014,CN,5,539.0,496.0,496.0,43.0,0.0,0.0,1828,1828,0,0,0,1
2026-05-18,B,A01CN015,CN,5,539.0,305.0,305.0,234.0,0.0,0.0,945,945,0,0,0,1
2026-05-18,B,A01CN023,CN,5,539.0,518.0,518.0,21.0,0.0,0.0,1665,1665,0,0,0,1
2026-05-18,B,A01CN026,CN,5,539.0,535.0,535.0,4.0,0.0,0.0,1754,1754,0,0,0,1
2026-05-18,B,A01CN048,CN,5,487.0,437.0,422.33,50.0,14.67,0.0,724,724,0,0,0,1
2026-05-18,B,A01CN051,CN,5,487.0,441.0,441.0,46.0,0.0,0.0,772,772,0,0,0,1
2026-05-18,B,A01CN071,CN,5,539.0,436.0,409.8,103.0,26.2,0.0,1366,1366,0,0,0,1
2026-05-18,B,A01CN088,CN,5,509.0,347.0,311.2,162.0,35.8,0.0,389,389,0,0,0,1
2026-05-18,B,A01CN089,CN,5,539.0,105.0,69.33,434.0,35.67,0.0,80,80,0,0,0,1
2026-05-18,B,A01CN105,CN,5,534.0,478.0,478.0,56.0,0.0,0.0,1156,1156,0,0,0,1
2026-05-18,B,A01CN106,CN,5,534.0,500.0,481.07,34.0,18.93,0.0,451,451,0,0,0,1
2026-05-18,B,A01CN107,CN,5,539.0,461.0,461.0,78.0,0.0,0.0,613,613,0,0,0,1
2026-05-18,B,A01CN113,CN,5,539.0,506.0,506.0,33.0,0.0,0.0,647,647,0,0,0,1
2026-05-18,B,A01TMC10,TM,5,597.0,491.0,491.0,106.0,0.0,0.0,512,512,0,0,0,1
2026-05-18,B,A01CN045,CN,6,581.0,517.0,517.0,64.0,0.0,0.0,910,910,0,0,0,1
2026-05-18,B,A01CN046,CN,6,581.0,490.0,483.0,91.0,7.0,0.0,828,828,0,0,0,1
2026-05-18,B,A01CN001,CN,6,574.0,489.0,465.0,85.0,24.0,0.0,465,465,0,0,0,1
2026-05-18,B,A01CN005,CN,6,569.0,481.0,481.0,88.0,0.0,0.0,681,681,0,0,0,1
2026-05-18,B,A01CN017,CN,6,569.0,504.0,504.0,65.0,0.0,0.0,678,678,0,0,0,1
2026-05-18,B,A01CN018,CN,6,285.87,237.56,230.09,48.31,7.47,0.0,616,616,0,0,0,1
2026-05-18,B,A01CN024,CN,6,282.26,220.75,181.72,61.51,39.02,0.0,628,628,0,0,0,1
2026-05-18,B,A01CN030,CN,6,574.0,409.0,409.0,165.0,0.0,0.0,425,425,0,0,0,1
2026-05-18,B,A01CN041,CN,6,569.0,467.0,377.25,102.0,89.75,0.0,503,503,0,0,0,1
2026-05-18,B,A01CN065,CN,6,569.0,461.0,387.0,108.0,74.0,0.0,516,516,0,0,0,1
2026-05-18,B,A01CN070,CN,6,284.98,232.31,184.08,52.66,48.23,0.0,374,374,0,0,0,1
2026-05-18,B,A01CN081,CN,6,285.87,249.02,233.08,36.85,15.94,0.0,468,468,0,0,0,1
2026-05-18,B,A01CN085,CN,6,284.98,259.38,258.82,25.59,0.56,0.0,493,493,0,0,0,1
2026-05-18,B,A01CN098,CN,6,282.26,237.12,236.13,45.14,0.99,0.0,476,476,0,0,0,1
2026-05-18,B,A01CN099,CN,6,284.98,232.8,231.82,52.17,0.98,0.0,471,471,0,0,0,1
2026-05-18,B,A01HB013,HB,6,623.0,601.0,504.12,22.0,96.88,0.0,745,745,0,0,0,1
2026-05-18,B,A01HB016,HB,6,623.0,454.0,310.42,169.0,143.58,0.0,375,375,0,0,0,1
2026-05-18,B,A01CN020,CN,6,584.0,488.0,333.0,96.0,155.0,0.0,666,666,0,0,0,1
2026-05-18,B,A01CN064,CN,6,584.0,486.0,359.0,98.0,127.0,0.0,359,359,0,0,0,1
2026-05-18,B,A01CN108,CN,6,584.0,425.0,258.0,159.0,167.0,0.0,258,258,0,0,0,1
2026-05-18,B,A01CN111,CN,6,584.0,396.0,360.0,188.0,36.0,0.0,360,360,0,0,0,1
2026-05-18,B,A01CN112,CN,6,584.0,403.0,360.0,181.0,43.0,0.0,360,360,0,0,0,1
2026-05-18,B,A01CN042,CN,6,611.0,553.0,502.7,58.0,50.3,0.0,914,914,0,0,0,1
2026-05-18,B,A01CN074,CN,6,648.0,544.0,544.0,104.0,0.0,0.0,998,998,0,0,0,1
2026-05-18,B,A01CN075,CN,6,648.0,542.0,542.0,106.0,0.0,0.0,998,998,0,0,0,1
2026-05-18,B,A01VMC03,VM,6,669.0,583.0,583.0,86.0,0.0,0.0,3640,3640,0,0,0,1
2026-05-18,B,A01VMC05,VM,6,671.0,435.0,432.0,236.0,3.0,0.0,1440,1440,0,0,0,1
2026-05-18,B,A01VMC09,VM,6,669.0,5.0,4.75,664.0,0.25,0.0,15,15,0,0,0,1
2026-05-18,B,A01VMC11,VM,6,459.0,197.0,197.0,262.0,0.0,0.0,645,645,0,0,0,1
2026-05-18,B,A01VMC12,VM,6,672.0,623.0,612.75,49.0,10.25,0.0,1935,1935,0,0,0,1
2026-05-18,B,A01VMC15,VM,6,681.0,588.0,580.5,93.0,7.5,0.0,1935,1935,0,0,0,1
2026-05-18,B,A01VMC18,VM,6,674.0,461.0,461.0,213.0,0.0,0.0,1540,1540,0,0,0,1
2026-05-18,B,A01HB025,HB,7,356.5,334.42,332.09,22.08,2.33,0.0,850,850,0,0,0,1
2026-05-18,B,A01HB014,HB,7,354.47,323.53,323.53,30.94,0.0,0.0,1007,1007,0,0,0,1
2026-05-18,B,A01HB022,HB,7,662.0,606.0,588.38,56.0,17.62,0.0,516,516,0,0,0,1
2026-05-18,B,A01HB023,HB,7,356.5,310.72,310.72,45.77,0.0,0.0,748,748,0,0,0,1
2026-05-18,B,A01HB024,HB,7,682.0,0.0,0.0,682.0,0.0,0.0,0,0,0,0,0,1
2026-05-18,B,A01VMC16,VM,7,635.0,513.0,508.5,122.0,4.5,0.0,1695,1695,0,0,0,1
2026-05-19,A,A01CN049,CN,11,104.0,100.0,100.0,4.0,0.0,0.0,114,114,0,0,0,1
2026-05-19,A,A01CN054,CN,11,89.0,54.0,54.0,35.0,0.0,0.0,188,188,0,0,0,1
2026-05-19,A,A01CN056,CN,11,89.0,0.0,0.0,89.0,0.0,0.0,18,18,0,0,0,1
2026-05-19,A,A01CN061,CN,11,104.0,104.0,104.0,0.0,0.0,0.0,140,140,0,0,0,1
2026-05-19,A,A01CN072,CN,11,89.0,2.0,1.2,87.0,0.8,0.0,4,4,0,0,0,1
2026-05-19,A,A01CN076,CN,11,89.0,1.0,0.0,88.0,1.0,0.0,0,0,0,0,0,1
2026-05-19,A,A01CN126,CN,11,109.0,77.0,77.0,32.0,0.0,0.0,247,247,0,0,0,1
2026-05-19,A,A01HB001,HB,12,139.0,133.0,117.87,6.0,15.13,0.0,312,312,0,0,0,1
2026-05-19,A,A01TRP35,TR,12,109.0,1.0,0.0,108.0,1.0,0.0,0,0,0,0,0,1
2026-05-19,A,A01CN116,CN,12,68.0,65.0,64.17,3.0,0.83,0.0,154,154,0,0,0,1
2026-05-19,A,A01CN052,CN,12,109.0,104.0,104.0,5.0,0.0,0.0,106,106,0,0,0,1
2026-05-19,A,A01CN069,CN,12,109.0,0.0,0.0,109.0,0.0,0.0,0,0,0,0,0,1
2026-05-19,A,A01HB002,HB,12,159.0,159.0,145.6,0.0,13.4,0.0,336,336,0,0,0,1
2026-05-19,A,A01HB003,HB,12,159.0,159.0,159.0,0.0,0.0,0.0,472,472,0,0,0,1
2026-05-19,A,A01HB004,HB,12,159.0,159.0,140.47,0.0,18.53,0.0,344,344,0,0,0,1
2026-05-19,A,A01HB005,HB,12,159.0,135.0,123.9,24.0,11.1,0.0,354,354,0,0,0,1
2026-05-19,A,A01HB006,HB,12,159.0,154.0,129.95,5.0,24.05,0.0,345,345,0,0,0,1
2026-05-19,A,A01HB008,HB,12,159.0,159.0,145.17,0.0,13.83,0.0,455,455,0,0,0,1
2026-05-19,A,A01HB009,HB,12,159.0,159.0,159.0,0.0,0.0,0.0,468,468,0,0,0,1
2026-05-19,A,A01HB010,HB,12,159.0,159.0,140.6,0.0,18.4,0.0,342,342,0,0,0,1
2026-05-19,A,A01HB011,HB,12,189.0,189.0,189.0,0.0,0.0,0.0,1070,1070,0,0,0,1
2026-05-19,A,A01HB017,HB,12,159.0,159.0,142.08,0.0,16.92,0.0,330,330,0,0,0,1
2026-05-19,A,A01HB018,HB,12,159.0,159.0,159.0,0.0,0.0,0.0,287,287,0,0,0,1
2026-05-19,A,A01CN100,CN,12,89.0,0.0,0.0,89.0,0.0,0.0,1,1,0,0,0,1
2026-05-19,A,A01TMC01,TM,12,218.0,56.0,56.0,162.0,0.0,2.07,54,52,1,1,2,1
2026-05-19,A,A01CN014,CN,12,160.0,159.0,159.0,1.0,0.0,0.0,552,552,0,0,0,1
2026-05-19,A,A01CN023,CN,12,160.0,151.0,151.0,9.0,0.0,0.0,503,503,0,0,0,1
2026-05-19,A,A01CN026,CN,12,160.0,146.0,146.0,14.0,0.0,0.0,461,461,0,0,0,1
2026-05-19,A,A01CN071,CN,12,159.0,144.0,141.9,15.0,2.1,0.0,473,473,0,0,0,1
2026-05-19,A,A01CN078,CN,12,160.0,125.0,75.0,35.0,50.0,0.0,150,150,0,0,0,1
2026-05-19,A,A01CN080,CN,12,160.0,156.0,155.67,4.0,0.33,0.0,467,467,0,0,0,1
2026-05-19,A,A01BR005,BR,13,169.0,137.0,137.0,32.0,0.0,0.0,1256,1256,0,0,0,1
2026-05-19,A,A01CN120,CN,13,90.0,67.0,67.0,23.0,0.0,0.0,108,108,0,0,0,1
2026-05-19,A,A01CN121,CN,13,90.0,66.0,66.0,24.0,0.0,0.0,117,117,0,0,0,1
2026-05-19,A,A01CN031,CN,14,250.0,152.0,106.2,98.0,45.8,0.0,354,354,0,0,0,1
2026-05-19,A,A01CN063,CN,14,130.0,111.0,111.0,19.0,0.0,0.63,352,350,2,0,2,1
2026-05-19,A,A01CN115,CN,14,130.0,115.0,115.0,15.0,0.0,0.0,105,105,0,0,0,1
2026-05-19,A,A01CN098,CN,14,100.0,75.0,63.0,25.0,12.0,0.0,63,63,0,0,0,1
2026-05-19,A,A01TMC04,TM,14,264.0,250.0,250.0,14.0,0.0,0.0,301,301,0,0,0,1
2026-05-19,A,A01HB021,HB,14,70.0,0.0,0.0,70.0,0.0,0.0,0,0,0,0,0,1
2026-05-19,A,A01VMC09,VM,15,51.0,0.0,0.0,51.0,0.0,0.0,0,0,0,0,0,1
2026-05-19,A,A01CN064,CN,15,140.0,93.0,54.0,47.0,39.0,0.0,54,54,0,0,0,1
2026-05-19,A,A01CN111,CN,15,140.0,93.0,59.0,47.0,34.0,0.0,59,59,0,0,0,1
2026-05-19,A,A01CN019,CN,15,270.0,269.0,0.0,1.0,269.0,0.0,0,0,0,0,0,1
2026-05-19,A,A01CN029,CN,16,220.0,187.0,166.5,33.0,20.5,0.0,185,185,0,0,0,1
2026-05-19,A,A01VMC06,VM,16,220.0,159.0,159.0,61.0,0.0,0.0,231,231,0,0,0,1
2026-05-19,A,A01CN107,CN,16,326.0,251.0,174.4,75.0,76.6,0.0,218,218,0,0,0,1
2026-05-19,A,A01CN024,CN,16,205.0,190.0,133.0,15.0,57.0,0.0,228,228,0,0,0,1
2026-05-19,A,A01CN002,CN,16,129.0,119.0,88.0,10.0,31.0,0.0,88,88,0,0,0,1
2026-05-19,A,A01CN004,CN,16,370.0,177.0,128.33,193.0,48.67,0.0,220,220,0,0,0,1
2026-05-19,A,A01CN008,CN,16,370.0,356.0,356.0,14.0,0.0,0.0,369,369,0,0,0,1
2026-05-19,A,A01CN013,CN,16,320.0,309.0,309.0,11.0,0.0,0.0,702,702,0,0,0,1
2026-05-19,A,A01CN025,CN,16,370.0,322.0,322.0,48.0,0.0,0.0,1287,1287,0,0,0,1
2026-05-19,A,A01CN038,CN,16,368.0,361.0,357.2,7.0,3.8,0.0,1128,1128,0,0,0,1
2026-05-19,A,A01CN039,CN,16,368.0,326.0,285.95,42.0,40.05,0.0,903,903,0,0,0,1
2026-05-19,A,A01CN133,CN,16,366.0,344.0,328.5,22.0,15.5,0.0,219,219,0,0,0,1
2026-05-19,A,A01CN090,CN,16,370.0,362.0,362.0,8.0,0.0,0.26,1410,1409,0,1,1,1
2026-05-19,A,A01CN091,CN,16,370.0,340.0,340.0,30.0,0.0,0.0,1380,1380,0,0,0,1
2026-05-19,A,A01CN092,CN,16,370.0,344.0,344.0,26.0,0.0,0.0,828,828,0,0,0,1
2026-05-19,A,A01CN093,CN,16,370.0,351.0,348.0,19.0,3.0,0.0,1305,1305,0,0,0,1
2026-05-19,A,A01CN094,CN,16,368.0,356.0,356.0,12.0,0.0,0.0,1468,1468,0,0,0,1
2026-05-19,A,A01CN095,CN,16,368.0,244.0,244.0,124.0,0.0,0.0,1009,1009,0,0,0,1
2026-05-19,A,A01CN096,CN,16,368.0,357.0,357.0,11.0,0.0,0.0,1328,1328,0,0,0,1
2026-05-19,A,A01CN097,CN,16,368.0,357.0,330.4,11.0,26.6,0.0,1008,1008,0,0,0,1
2026-05-19,A,A01CN134,CN,16,395.0,343.0,334.5,52.0,8.5,3.0,223,221,2,0,2,1
2026-05-19,A,A01CN103,CN,16,368.0,182.0,182.0,186.0,0.0,0.0,582,582,0,0,0,1
2026-05-19,A,A01CN027,CN,16,238.0,224.0,205.33,14.0,18.67,0.0,224,224,0,0,0,1
2026-05-19,A,A01CN028,CN,16,240.0,234.0,234.0,6.0,0.0,0.0,459,459,0,0,0,1
2026-05-19,A,A01TMC07,TM,16,438.0,389.0,384.73,49.0,4.27,0.0,796,796,0,0,0,1
2026-05-19,A,A01TMC09,TM,16,438.0,429.0,429.0,9.0,0.0,0.0,1001,1001,0,0,0,1
2026-05-19,A,A01TMC10,TM,16,413.0,384.0,383.0,29.0,1.0,0.0,383,383,0,0,0,1
2026-05-19,A,A01VMC03,VM,16,405.0,384.0,384.0,21.0,0.0,0.0,1840,1840,0,0,0,1
2026-05-19,A,A01TMC08,TM,16,438.0,418.0,418.0,20.0,0.0,0.0,877,877,0,0,0,1
2026-05-19,A,A01CN117,CN,16,425.0,404.0,390.87,21.0,13.13,0.0,533,533,0,0,0,1
2026-05-19,A,A01CN118,CN,16,425.0,390.0,335.8,35.0,54.2,0.0,438,438,0,0,0,1
2026-05-19,A,A01CN123,CN,16,99.0,99.0,91.0,0.0,8.0,0.0,70,70,0,0,0,1
2026-05-19,A,A01CN108,CN,16,195.0,157.0,93.0,38.0,64.0,0.0,93,93,0,0,0,1
2026-05-19,A,A01CN015,CN,16,356.0,172.0,172.0,184.0,0.0,0.0,539,539,0,0,0,1
2026-05-19,A,A01CN016,CN,16,356.0,311.0,311.0,45.0,0.0,0.0,552,552,0,0,0,1
2026-05-19,A,A01CN017,CN,16,220.0,192.0,153.0,28.0,39.0,0.0,204,204,0,0,0,1
2026-05-19,A,A01CN081,CN,16,330.0,223.0,146.0,107.0,77.0,2.0,146,144,2,0,2,1
2026-05-19,A,A01CN084,CN,16,330.0,6.0,3.33,324.0,2.67,0.0,20,20,0,0,0,1
2026-05-19,A,A01CN086,CN,16,356.0,294.0,236.55,62.0,57.45,0.0,342,342,0,0,0,1
2026-05-19,A,A01CN087,CN,16,375.0,286.0,235.67,89.0,50.33,0.0,505,505,0,0,0,1
2026-05-19,A,A01TAP14,TA,16,354.0,303.0,303.0,51.0,0.0,0.0,1538,1538,0,0,0,1
2026-05-19,A,A01CN139,CN,16,356.0,163.0,140.67,193.0,22.33,0.0,211,211,0,0,0,1
2026-05-19,A,A01CN128,CN,16,390.0,376.0,376.0,14.0,0.0,0.0,630,630,0,0,0,1
2026-05-19,A,A01CN003,CN,16,390.0,366.0,366.0,24.0,0.0,1.48,988,984,2,2,4,1
2026-05-19,A,A01CN122,CN,16,114.0,56.0,50.27,58.0,5.73,0.0,116,116,0,0,0,1
2026-05-19,A,A01CN066,CN,17,465.0,457.0,448.5,8.0,8.5,0.0,1794,1794,0,0,0,1
2026-05-19,A,A01CN018,CN,17,280.0,248.0,199.5,32.0,48.5,0.0,266,266,0,0,0,1
2026-05-19,A,A01CN083,CN,17,280.0,167.0,167.0,113.0,0.0,0.0,1230,1230,0,0,0,1
2026-05-19,A,A01CN085,CN,17,415.0,231.0,150.4,184.0,80.6,0.0,141,141,0,0,0,1
2026-05-19,A,A01HB016,HB,17,490.0,437.0,342.7,53.0,94.3,0.0,414,414,0,0,0,1
2026-05-19,A,A01CN001,CN,17,435.0,286.0,157.0,149.0,129.0,0.0,157,157,0,0,0,1
2026-05-19,A,A01CN112,CN,17,280.0,217.0,121.0,63.0,96.0,0.0,121,121,0,0,0,1
2026-05-19,A,A01CN005,CN,18,310.0,295.0,255.0,15.0,40.0,0.0,340,340,0,0,0,1
2026-05-19,A,A01CN070,CN,18,307.0,264.0,196.0,43.0,68.0,0.0,196,196,0,0,0,1
2026-05-19,A,A01CN089,CN,18,446.0,390.0,329.33,56.0,60.67,0.0,380,380,0,0,0,1
2026-05-19,A,A01CN105,CN,18,446.0,389.0,382.92,57.0,6.08,0.0,919,919,0,0,0,1
2026-05-19,A,A01CN106,CN,18,446.0,324.0,292.27,122.0,31.73,0.0,274,274,0,0,0,1
2026-05-19,A,A01HB024,HB,18,355.0,315.0,287.4,40.0,27.6,0.0,396,396,0,0,0,1
2026-05-19,A,A01CN113,CN,18,446.0,388.0,344.17,58.0,43.83,0.0,413,413,0,0,0,1
2026-05-19,A,A01CN020,CN,18,290.0,222.0,154.5,68.0,67.5,0.0,309,309,0,0,0,1
2026-05-19,A,A01CN030,CN,18,320.0,255.0,239.0,65.0,16.0,0.0,239,239,0,0,0,1
2026-05-19,A,A01CN041,CN,18,320.0,207.0,140.25,113.0,66.75,0.0,187,187,0,0,0,1
2026-05-19,A,A01CN065,CN,18,320.0,200.0,132.75,120.0,67.25,0.0,177,177,0,0,0,1
2026-05-19,A,A01CN099,CN,18,325.0,301.0,279.0,24.0,22.0,0.0,279,279,0,0,0,1
2026-05-19,A,A01CN124,CN,18,515.0,331.0,274.73,184.0,56.27,0.0,634,634,0,0,0,1
2026-05-19,A,A01CN125,CN,18,515.0,392.0,86.8,123.0,305.2,0.0,217,217,0,0,0,1
2026-05-19,A,A01CN042,CN,18,525.0,214.0,163.9,311.0,50.1,0.0,298,298,0,0,0,1
2026-05-19,A,A01CN046,CN,18,525.0,363.0,325.5,162.0,37.5,0.0,558,558,0,0,0,1
2026-05-19,A,A01CN047,CN,18,532.0,476.0,456.17,56.0,19.83,0.0,782,782,0,0,0,1
2026-05-19,A,A01CN050,CN,18,530.0,492.0,472.5,38.0,19.5,1.17,810,808,0,2,2,1
2026-05-19,A,A01CN062,CN,18,525.0,343.0,341.83,182.0,1.17,0.0,586,586,0,0,0,1
2026-05-19,A,A01CN068,CN,18,525.0,316.0,316.0,209.0,0.0,2.27,556,552,2,2,4,1
2026-05-19,A,A01CN074,CN,18,530.0,410.0,375.67,120.0,34.33,1.17,644,642,0,2,2,1
2026-05-19,A,A01CN075,CN,18,525.0,422.0,410.67,103.0,11.33,0.0,704,704,0,0,0,1
2026-05-19,A,A01CN088,CN,18,471.0,265.0,168.0,206.0,97.0,0.0,210,210,0,0,0,1
2026-05-19,A,A01TMC06,TM,18,558.0,484.0,461.25,74.0,22.75,0.0,675,675,0,0,0,1
2026-05-19,A,A01VMC04,VM,18,502.0,51.0,4.75,451.0,46.25,0.0,15,15,0,0,0,1
2026-05-19,A,A01VMC05,VM,18,525.0,457.0,206.4,68.0,250.6,0.3,688,687,1,0,1,1
2026-05-19,A,A01VMC11,VM,18,540.0,477.0,418.0,63.0,59.0,0.0,1320,1320,0,0,0,1
2026-05-19,A,A01VMC12,VM,18,570.0,529.0,508.25,41.0,20.75,0.0,1605,1605,0,0,0,1
2026-05-19,A,A01HB022,HB,18,513.0,427.0,427.0,86.0,0.0,0.0,420,420,0,0,0,1
2026-05-19,A,A01HB023,HB,18,513.0,469.0,469.0,44.0,0.0,0.0,616,616,0,0,0,1
2026-05-19,A,A01VMC15,VM,18,540.0,520.0,486.0,20.0,34.0,0.0,1620,1620,0,0,0,1
2026-05-19,A,A01VMC16,VM,18,525.0,507.0,486.0,18.0,21.0,0.0,1620,1620,0,0,0,1
2026-05-19,A,A01CN114,CN,18,471.0,320.0,320.0,151.0,0.0,0.0,617,617,0,0,0,1
2026-05-19,A,A01CN048,CN,18,535.0,487.0,476.0,48.0,11.0,0.0,816,816,0,0,0,1
2026-05-19,A,A01CN051,CN,18,535.0,386.0,375.67,149.0,10.33,0.0,644,644,0,0,0,1
2026-05-19,A,A01HB025,HB,18,234.0,234.0,234.0,0.0,0.0,0.0,714,714,0,0,0,1
2026-05-19,A,A01HB013,HB,18,550.0,529.0,507.5,21.0,21.5,0.0,750,750,0,0,0,1
2026-05-19,A,A01HB014,HB,18,550.0,523.0,488.77,27.0,34.23,0.0,817,817,0,0,0,1
2026-05-19,B,A01CN086,CN,21,55.0,44.0,40.12,11.0,3.88,0.0,58,58,0,0,0,1
2026-05-19,B,A01CN087,CN,21,49.0,28.0,25.67,21.0,2.33,0.0,55,55,0,0,0,1
2026-05-19,B,A01CN124,CN,21,49.0,40.0,31.63,9.0,8.37,0.0,73,73,0,0,0,1
2026-05-19,B,A01CN053,CN,21,49.0,0.0,0.0,49.0,0.0,0.0,0,0,0,0,0,1
2026-05-19,B,A01CN055,CN,21,49.0,0.0,0.0,49.0,0.0,0.0,0,0,0,0,0,1
2026-05-19,B,A01CN057,CN,21,49.0,0.0,0.0,49.0,0.0,0.0,0,0,0,0,0,1
2026-05-19,B,A01CN058,CN,21,49.0,0.0,0.0,49.0,0.0,0.0,0,0,0,0,0,1
2026-05-19,B,A01CN059,CN,21,49.0,0.0,0.0,49.0,0.0,0.0,0,0,0,0,0,1
2026-05-19,B,A01CN060,CN,21,49.0,10.0,9.3,39.0,0.7,0.0,31,31,0,0,0,1
2026-05-19,B,A01CN073,CN,21,49.0,0.0,0.0,49.0,0.0,0.0,0,0,0,0,0,1
2026-05-19,B,A01CN077,CN,21,49.0,0.0,0.0,49.0,0.0,0.0,0,0,0,0,0,1
2026-05-19,B,A01HB007,HB,21,49.0,0.0,0.0,49.0,0.0,0.0,0,0,0,0,0,1
2026-05-19,B,A01HB015,HB,21,49.0,0.0,0.0,49.0,0.0,0.0,0,0,0,0,0,1
2026-05-19,B,A01HB019,HB,21,49.0,0.0,0.0,49.0,0.0,0.0,0,0,0,0,0,1
2026-05-19,B,A01HB020,HB,21,49.0,49.0,49.0,0.0,0.0,0.0,126,126,0,0,0,1
2026-05-19,B,A01CN126,CN,21,49.0,0.0,0.0,49.0,0.0,0.0,0,0,0,0,0,1
2026-05-19,B,A01CN127,CN,21,49.0,45.0,45.0,4.0,0.0,0.0,63,63,0,0,0,1
2026-05-19,B,A01CN130,CN,21,49.0,49.0,49.0,0.0,0.0,0.0,88,88,0,0,0,1
2026-05-19,B,A01CN131,CN,21,49.0,49.0,49.0,0.0,0.0,0.0,86,86,0,0,0,1
2026-05-19,B,A01CN132,CN,21,49.0,0.0,0.0,49.0,0.0,0.0,0,0,0,0,0,1
2026-05-19,B,A01TMC05,TM,21,102.0,96.0,94.9,6.0,1.1,0.0,219,219,0,0,0,1
2026-05-19,B,A01CN125,CN,21,49.0,46.0,13.6,3.0,32.4,0.0,34,34,0,0,0,1
2026-05-19,B,A01CN029,CN,22,122.0,59.0,48.6,63.0,10.4,0.0,54,54,0,0,0,1
2026-05-19,B,A01CN031,CN,22,117.0,54.0,38.7,63.0,15.3,0.0,129,129,0,0,0,1
2026-05-19,B,A01CN063,CN,22,102.0,96.0,96.0,6.0,0.0,0.34,281,280,1,0,1,1
2026-05-19,B,A01CN078,CN,22,122.0,4.0,1.5,118.0,2.5,0.0,3,3,0,0,0,1
2026-05-19,B,A01CN100,CN,22,131.0,0.0,0.0,131.0,0.0,0.0,2,2,0,0,0,1
2026-05-19,B,A01BR005,BR,22,49.0,7.0,7.0,42.0,0.0,0.0,704,704,0,0,0,1
2026-05-19,B,A01BR007,BR,22,152.0,70.0,70.0,82.0,0.0,0.0,1346,1346,0,0,0,1
2026-05-19,B,A01TAP14,TA,22,49.0,41.0,41.0,8.0,0.0,0.0,216,216,0,0,0,1
2026-05-19,B,A01CN137,CN,22,167.0,146.0,122.4,21.0,23.6,0.0,204,204,0,0,0,1
2026-05-19,B,A01CN013,CN,23,122.0,118.0,118.0,4.0,0.0,0.0,522,522,0,0,0,1
2026-05-19,B,A01CN090,CN,23,187.0,184.0,184.0,3.0,0.0,0.0,768,768,0,0,0,1
2026-05-19,B,A01CN094,CN,23,122.0,111.0,111.0,11.0,0.0,0.0,672,672,0,0,0,1
2026-05-19,B,A01CN102,CN,23,117.0,106.0,106.0,11.0,0.0,0.0,425,425,0,0,0,1
2026-05-19,B,A01CN104,CN,23,117.0,111.0,111.0,6.0,0.0,0.0,358,358,0,0,0,1
2026-05-19,B,A01TMC05,TM,23,4.0,4.0,4.0,0.0,0.0,0.0,188,188,0,0,0,1
2026-05-19,B,A01CN014,CN,0,19.0,15.0,15.0,4.0,0.0,0.0,242,242,0,0,0,1
2026-05-19,B,A01CN067,CN,1,122.0,91.0,91.0,31.0,0.0,0.0,289,289,0,0,0,1
2026-05-19,B,A01CN028,CN,2,154.0,145.0,141.17,9.0,3.83,0.0,154,154,0,0,0,1
2026-05-19,B,A01CN004,CN,2,357.0,328.0,233.33,29.0,94.67,0.0,400,400,0,0,0,1
2026-05-19,B,A01CN006,CN,2,204.0,135.0,111.33,69.0,23.67,0.0,334,334,0,0,0,1
2026-05-19,B,A01CN008,CN,2,357.0,336.0,285.0,21.0,51.0,0.0,285,285,0,0,0,1
2026-05-19,B,A01CN025,CN,2,122.0,118.0,118.0,4.0,0.0,0.0,1407,1407,0,0,0,1
2026-05-19,B,A01CN120,CN,2,177.0,144.0,144.0,33.0,0.0,0.0,474,474,0,0,0,1
2026-05-19,B,A01CN122,CN,2,74.0,0.0,0.0,74.0,0.0,0.0,0,0,0,0,0,1
2026-05-19,B,A01TMC02,TM,2,190.0,188.0,188.0,2.0,0.0,0.0,382,382,0,0,0,1
2026-05-19,B,A01TMC06,TM,2,177.0,166.0,166.0,11.0,0.0,0.0,581,581,0,0,0,1
2026-05-19,B,A01TMC10,TM,2,157.0,152.0,152.0,5.0,0.0,0.0,398,398,0,0,0,1
2026-05-19,B,A01VMC06,VM,2,167.0,139.0,139.0,28.0,0.0,0.0,327,327,0,0,0,1
2026-05-19,B,A01CN100,CN,2,169.0,0.0,0.0,169.0,0.0,0.0,1,1,0,0,0,1
2026-05-19,B,A01CN138,CN,2,96.0,93.0,93.0,3.0,0.0,0.0,434,434,0,0,0,1
2026-05-19,B,A01CN139,CN,2,77.0,58.0,58.0,19.0,0.0,0.0,167,167,0,0,0,1
2026-05-19,B,A01CN117,CN,2,76.0,45.0,45.0,31.0,0.0,0.0,183,183,0,0,0,1
2026-05-19,B,A01CN118,CN,2,76.0,36.0,36.0,40.0,0.0,0.0,201,201,0,0,0,1
2026-05-19,B,A01VMC04,VM,2,17.0,17.0,17.0,0.0,0.0,0.0,465,465,0,0,0,1
2026-05-19,B,A01CN002,CN,3,367.0,346.0,346.0,21.0,0.0,0.0,361,361,0,0,0,1
2026-05-19,B,A01CN003,CN,3,122.0,117.0,117.0,5.0,0.0,0.34,1384,1380,2,2,4,1
2026-05-19,B,A01CN038,CN,3,362.0,353.0,353.0,9.0,0.0,0.0,1245,1245,0,0,0,1
2026-05-19,B,A01CN039,CN,3,362.0,316.0,316.0,46.0,0.0,0.0,1155,1155,0,0,0,1
2026-05-19,B,A01CN091,CN,3,367.0,356.0,356.0,11.0,0.0,0.0,1356,1356,0,0,0,1
2026-05-19,B,A01CN092,CN,3,122.0,92.0,92.0,30.0,0.0,0.13,732,731,1,0,1,1
2026-05-19,B,A01CN093,CN,3,367.0,357.0,357.0,10.0,0.0,0.0,1395,1395,0,0,0,1
2026-05-19,B,A01CN096,CN,3,367.0,360.0,360.0,7.0,0.0,0.0,1428,1428,0,0,0,1
2026-05-19,B,A01CN097,CN,3,122.0,118.0,118.0,4.0,0.0,0.0,1032,1032,0,0,0,1
2026-05-19,B,A01HB012,HB,3,508.0,170.0,170.0,338.0,0.0,0.0,915,915,0,0,0,1
2026-05-19,B,A01CN101,CN,3,117.0,93.0,93.0,24.0,0.0,0.0,417,417,0,0,0,1
2026-05-19,B,A01CN103,CN,3,362.0,235.0,235.0,127.0,0.0,0.0,562,562,0,0,0,1
2026-05-19,B,A01CN027,CN,3,147.0,140.0,140.0,7.0,0.0,0.0,428,428,0,0,0,1
2026-05-19,B,A01TMC07,TM,4,190.0,177.0,177.0,13.0,0.0,0.0,1098,1098,0,0,0,1
2026-05-19,B,A01TMC09,TM,4,190.0,161.0,161.0,29.0,0.0,0.0,1059,1059,0,0,0,1
2026-05-19,B,A01TMC08,TM,4,190.0,183.0,183.0,7.0,0.0,0.0,1091,1091,0,0,0,1
2026-05-19,B,A01CN016,CN,5,492.0,350.0,350.0,142.0,0.0,0.0,590,590,0,0,0,1
2026-05-19,B,A01CN048,CN,5,475.0,452.0,427.0,23.0,25.0,0.0,732,732,0,0,0,1
2026-05-19,B,A01CN071,CN,5,127.0,103.0,103.0,24.0,0.0,0.0,1560,1560,0,0,0,1
2026-05-19,B,A01CN088,CN,5,477.0,392.0,375.2,85.0,16.8,0.0,469,469,0,0,0,1
2026-05-19,B,A01CN089,CN,5,122.0,106.0,106.0,16.0,0.0,0.0,478,478,0,0,0,1
2026-05-19,B,A01CN105,CN,5,122.0,100.0,100.0,22.0,0.0,0.0,1053,1053,0,0,0,1
2026-05-19,B,A01CN106,CN,5,122.0,100.0,100.0,22.0,0.0,0.0,392,392,0,0,0,1
2026-05-19,B,A01CN107,CN,5,132.0,81.0,81.0,51.0,0.0,0.0,553,553,0,0,0,1
2026-05-19,B,A01CN113,CN,5,132.0,89.0,89.0,43.0,0.0,0.0,527,527,0,0,0,1
2026-05-19,B,A01CN114,CN,5,132.0,106.0,106.0,26.0,0.0,0.0,305,305,0,0,0,1
2026-05-19,B,A01CN045,CN,6,148.0,121.0,121.0,27.0,0.0,0.0,788,788,0,0,0,1
2026-05-19,B,A01CN046,CN,6,148.0,145.0,145.0,3.0,0.0,0.0,876,876,0,0,0,1
2026-05-19,B,A01CN001,CN,6,582.0,462.0,442.0,120.0,20.0,0.0,442,442,0,0,0,1
2026-05-19,B,A01CN005,CN,6,582.0,383.0,365.25,199.0,17.75,0.0,487,487,0,0,0,1
2026-05-19,B,A01CN017,CN,6,572.0,514.0,505.5,58.0,8.5,0.0,674,674,0,0,0,1
2026-05-19,B,A01CN018,CN,6,582.0,486.0,466.5,96.0,19.5,0.0,622,622,0,0,0,1
2026-05-19,B,A01CN024,CN,6,572.0,435.0,320.25,137.0,114.75,0.0,549,549,0,0,0,1
2026-05-19,B,A01CN030,CN,6,582.0,474.0,429.0,108.0,45.0,0.0,429,429,0,0,0,1
2026-05-19,B,A01CN041,CN,6,572.0,387.0,387.0,185.0,0.0,0.0,554,554,0,0,0,1
2026-05-19,B,A01CN065,CN,6,572.0,361.0,309.75,211.0,51.25,0.0,413,413,0,0,0,1
2026-05-19,B,A01CN070,CN,6,117.0,110.0,110.0,7.0,0.0,0.0,399,399,0,0,0,1
2026-05-19,B,A01CN081,CN,6,582.0,504.0,495.0,78.0,9.0,3.0,495,492,3,0,3,1
2026-05-19,B,A01CN085,CN,6,127.0,121.0,121.0,6.0,0.0,0.28,425,424,0,1,1,1
2026-05-19,B,A01CN098,CN,6,582.0,533.0,487.0,49.0,46.0,0.0,487,487,0,0,0,1
2026-05-19,B,A01CN099,CN,6,127.0,118.0,118.0,9.0,0.0,0.0,487,487,0,0,0,1
2026-05-19,B,A01HB013,HB,6,585.0,522.0,419.53,63.0,102.47,0.0,620,620,0,0,0,1
2026-05-19,B,A01HB016,HB,6,584.0,453.0,302.97,131.0,150.03,0.0,366,366,0,0,0,1
2026-05-19,B,A01CN020,CN,6,109.0,92.0,92.0,17.0,0.0,0.0,590,590,0,0,0,1
2026-05-19,B,A01CN064,CN,6,109.0,99.0,99.0,10.0,0.0,0.0,362,362,0,0,0,1
2026-05-19,B,A01CN108,CN,6,109.0,93.0,93.0,16.0,0.0,0.0,311,311,0,0,0,1
2026-05-19,B,A01CN111,CN,6,112.0,75.0,75.0,37.0,0.0,0.0,277,277,0,0,0,1
2026-05-19,B,A01CN112,CN,6,112.0,79.0,79.0,33.0,0.0,0.0,370,370,0,0,0,1
2026-05-19,B,A01CN042,CN,6,109.0,106.0,106.0,3.0,0.0,0.0,862,862,0,0,0,1
2026-05-19,B,A01CN062,CN,6,422.0,389.0,372.17,33.0,16.83,0.0,638,638,0,0,0,1
2026-05-19,B,A01CN068,CN,6,422.0,372.0,333.67,50.0,38.33,0.0,572,572,0,0,0,1
2026-05-19,B,A01CN074,CN,6,150.0,148.0,148.0,2.0,0.0,0.35,852,850,0,2,2,1
2026-05-19,B,A01CN075,CN,6,150.0,147.0,147.0,3.0,0.0,0.0,936,936,0,0,0,1
2026-05-19,B,A01VMC03,VM,6,167.0,143.0,143.0,24.0,0.0,0.0,3120,3120,0,0,0,1
2026-05-19,B,A01VMC05,VM,6,179.0,165.0,165.0,14.0,0.0,0.0,1424,1424,0,0,0,1
2026-05-19,B,A01VMC09,VM,6,167.0,153.0,153.0,14.0,0.0,0.0,1605,1605,0,0,0,1
2026-05-19,B,A01VMC12,VM,6,170.0,155.0,155.0,15.0,0.0,0.0,1875,1875,0,0,0,1
2026-05-19,B,A01VMC15,VM,6,179.0,164.0,164.0,15.0,0.0,0.0,1740,1740,0,0,0,1
2026-05-19,B,A01VMC18,VM,6,632.0,452.0,452.0,180.0,0.0,0.0,1464,1464,0,0,0,1
2026-05-19,B,A01HB025,HB,7,479.0,376.0,376.0,103.0,0.0,0.0,612,612,0,0,0,1
2026-05-19,B,A01HB014,HB,7,614.0,505.0,477.4,109.0,27.6,0.0,798,798,0,0,0,1
2026-05-19,B,A01HB022,HB,7,127.0,83.0,83.0,44.0,0.0,0.0,384,384,0,0,0,1
2026-05-19,B,A01HB023,HB,7,127.0,89.0,89.0,38.0,0.0,0.0,616,616,0,0,0,1
2026-05-19,B,A01HB024,HB,7,127.0,92.0,92.0,35.0,0.0,0.0,594,594,0,0,0,1
2026-05-19,B,A01VMC16,VM,7,662.0,594.0,522.0,68.0,72.0,0.0,1740,1740,0,0,0,1
2026-05-20,A,A01CN049,CN,11,101.0,91.0,91.0,10.0,0.0,0.0,116,116,0,0,0,1
2026-05-20,A,A01CN054,CN,11,86.0,0.0,0.0,86.0,0.0,0.0,0,0,0,0,0,1
2026-05-20,A,A01CN056,CN,11,86.0,0.0,0.0,86.0,0.0,0.0,0,0,0,0,0,1
2026-05-20,A,A01CN061,CN,11,101.0,92.0,92.0,9.0,0.0,0.0,130,130,0,0,0,1
2026-05-20,A,A01CN072,CN,11,86.0,0.0,0.0,86.0,0.0,0.0,0,0,0,0,0,1
2026-05-20,A,A01CN076,CN,11,86.0,0.0,0.0,86.0,0.0,0.0,0,0,0,0,0,1
2026-05-20,A,A01CN126,CN,11,106.0,0.0,0.0,106.0,0.0,0.0,0,0,0,0,0,1
2026-05-20,A,A01TMC02,TM,12,120.0,118.0,118.0,2.0,0.0,0.0,110,110,0,0,0,1
2026-05-20,A,A01TRP35,TR,12,93.0,1.0,0.0,92.0,1.0,0.0,0,0,0,0,0,1
2026-05-20,A,A01CN138,CN,12,112.0,86.0,80.67,26.0,5.33,0.0,121,121,0,0,0,1
2026-05-20,A,A01CN069,CN,12,93.0,90.0,90.0,3.0,0.0,0.0,130,130,0,0,0,1
2026-05-20,A,A01HB011,HB,12,171.0,154.0,154.0,17.0,0.0,0.0,890,890,0,0,0,1
2026-05-20,A,A01CN014,CN,12,119.0,38.0,29.7,81.0,8.3,0.0,99,99,0,0,0,1
2026-05-20,A,A01CN023,CN,12,143.0,78.0,78.0,65.0,0.0,0.0,283,283,0,0,0,1
2026-05-20,A,A01CN026,CN,12,143.0,13.0,2.67,130.0,10.33,0.0,8,8,0,0,0,1
2026-05-20,A,A01CN053,CN,12,43.0,42.0,39.0,1.0,3.0,0.0,130,130,0,0,0,1
2026-05-20,A,A01CN057,CN,12,43.0,41.0,31.8,2.0,9.2,0.0,106,106,0,0,0,1
2026-05-20,A,A01CN067,CN,12,119.0,91.0,81.9,28.0,9.1,0.0,126,126,0,0,0,1
2026-05-20,A,A01CN078,CN,12,119.0,0.0,0.0,119.0,0.0,0.0,0,0,0,0,0,1
2026-05-20,A,A01HB001,HB,12,63.0,57.0,52.13,6.0,4.87,0.0,138,138,0,0,0,1
2026-05-20,A,A01HB002,HB,12,63.0,58.0,57.2,5.0,0.8,0.43,132,131,0,1,1,1
2026-05-20,A,A01HB003,HB,12,63.0,57.0,57.0,6.0,0.0,0.0,200,200,0,0,0,1
2026-05-20,A,A01HB004,HB,12,63.0,56.0,56.0,7.0,0.0,0.0,144,144,0,0,0,1
2026-05-20,A,A01HB005,HB,12,63.0,59.0,59.0,4.0,0.0,0.0,186,186,0,0,0,1
2026-05-20,A,A01HB006,HB,12,63.0,59.0,59.0,4.0,0.0,0.0,180,180,0,0,0,1
2026-05-20,A,A01HB007,HB,12,63.0,9.0,9.0,54.0,0.0,0.0,36,36,0,0,0,1
2026-05-20,A,A01HB008,HB,12,63.0,10.0,2.23,53.0,7.77,0.0,7,7,0,0,0,1
2026-05-20,A,A01HB009,HB,12,63.0,59.0,59.0,4.0,0.0,0.0,204,204,0,0,0,1
2026-05-20,A,A01HB010,HB,12,63.0,58.0,58.0,5.0,0.0,0.0,150,150,0,0,0,1
2026-05-20,A,A01HB012,HB,12,63.0,21.0,21.0,42.0,0.0,0.0,185,185,0,0,0,1
2026-05-20,A,A01HB015,HB,12,53.0,0.0,0.0,53.0,0.0,0.0,0,0,0,0,0,1
2026-05-20,A,A01HB017,HB,12,53.0,48.0,48.0,5.0,0.0,0.0,114,114,0,0,0,1
2026-05-20,A,A01HB018,HB,12,53.0,45.0,45.0,8.0,0.0,0.0,98,98,0,0,0,1
2026-05-20,A,A01HB019,HB,12,53.0,18.0,18.0,35.0,0.0,0.0,72,72,0,0,0,1
2026-05-20,A,A01HB020,HB,12,53.0,48.0,36.17,5.0,11.83,0.0,84,84,0,0,0,1
2026-05-20,A,A01VMC09,VM,12,98.0,82.0,71.25,16.0,10.75,0.0,225,225,0,0,0,1
2026-05-20,A,A01BR007,BR,12,122.0,45.0,45.0,77.0,0.0,0.0,352,352,0,0,0,1
2026-05-20,A,A01CN098,CN,14,94.0,79.0,73.0,15.0,6.0,0.0,73,73,0,0,0,1
2026-05-20,A,A01HB021,HB,14,74.0,0.0,0.0,74.0,0.0,0.0,0,0,0,0,0,1
2026-05-20,A,A01CN064,CN,15,155.0,41.0,26.0,114.0,15.0,0.0,26,26,0,0,0,1
2026-05-20,A,A01CN111,CN,15,155.0,95.0,82.8,60.0,12.2,0.0,138,138,0,0,0,1
2026-05-20,A,A01CN019,CN,15,255.0,254.0,0.0,1.0,254.0,0.0,0,0,0,0,0,1
2026-05-20,A,A01CN107,CN,16,289.0,268.0,268.0,21.0,0.0,0.0,356,356,0,0,0,1
2026-05-20,A,A01CN139,CN,16,145.0,99.0,99.0,46.0,0.0,0.0,154,154,0,0,0,1
2026-05-20,A,A01CN024,CN,16,190.0,175.0,146.42,15.0,28.58,0.0,251,251,0,0,0,1
2026-05-20,A,A01CN004,CN,16,347.0,318.0,263.08,29.0,54.92,0.0,451,451,0,0,0,1
2026-05-20,A,A01CN006,CN,16,347.0,209.0,131.67,138.0,77.33,0.0,158,158,0,0,0,1
2026-05-20,A,A01CN008,CN,16,345.0,322.0,322.0,23.0,0.0,0.0,358,358,0,0,0,1
2026-05-20,A,A01CN013,CN,16,345.0,337.0,337.0,8.0,0.0,0.0,777,777,0,0,0,1
2026-05-20,A,A01CN090,CN,16,345.0,337.0,337.0,8.0,0.0,0.0,1335,1335,0,0,0,1
2026-05-20,A,A01CN091,CN,16,344.0,299.0,299.0,45.0,0.0,0.0,1173,1173,0,0,0,1
2026-05-20,A,A01CN092,CN,16,344.0,294.0,205.2,50.0,88.8,0.95,648,645,3,0,3,1
2026-05-20,A,A01CN093,CN,16,342.0,312.0,312.0,30.0,0.0,0.0,1242,1242,0,0,0,1
2026-05-20,A,A01CN094,CN,16,342.0,303.0,255.0,39.0,48.0,0.0,612,612,0,0,0,1
2026-05-20,A,A01CN095,CN,16,125.0,68.0,44.8,57.0,23.2,0.0,168,168,0,0,0,1
2026-05-20,A,A01CN096,CN,16,145.0,139.0,139.0,6.0,0.0,0.0,544,544,0,0,0,1
2026-05-20,A,A01CN097,CN,16,145.0,140.0,131.77,5.0,8.23,0.0,402,402,0,0,0,1
2026-05-20,A,A01CN027,CN,16,390.0,371.0,340.08,19.0,30.92,0.0,371,371,0,0,0,1
2026-05-20,A,A01CN028,CN,16,390.0,357.0,339.17,33.0,17.83,0.0,370,370,0,0,0,1
2026-05-20,A,A01TMC07,TM,16,420.0,388.0,388.0,32.0,0.0,0.0,803,803,0,0,0,1
2026-05-20,A,A01TMC09,TM,16,419.0,378.0,378.0,41.0,0.0,0.0,863,863,0,0,0,1
2026-05-20,A,A01VMC03,VM,16,387.0,363.0,363.0,24.0,0.0,0.0,1560,1560,0,0,0,1
2026-05-20,A,A01CN117,CN,16,407.0,122.0,74.07,285.0,47.93,0.0,101,101,0,0,0,1
2026-05-20,A,A01CN118,CN,16,407.0,375.0,375.0,32.0,0.0,0.0,494,494,0,0,0,1
2026-05-20,A,A01CN108,CN,16,210.0,178.0,123.0,32.0,55.0,0.0,123,123,0,0,0,1
2026-05-20,A,A01CN016,CN,16,270.0,133.0,131.73,137.0,1.27,0.0,208,208,0,0,0,1
2026-05-20,A,A01CN017,CN,16,205.0,153.0,126.0,52.0,27.0,0.0,168,168,0,0,0,1
2026-05-20,A,A01CN053,CN,16,156.0,106.0,99.3,50.0,6.7,0.0,331,331,0,0,0,1
2026-05-20,A,A01CN055,CN,16,156.0,142.0,142.0,14.0,0.0,0.0,429,429,0,0,0,1
2026-05-20,A,A01CN057,CN,16,156.0,142.0,138.0,14.0,4.0,0.0,460,460,0,0,0,1
2026-05-20,A,A01CN058,CN,16,156.0,124.0,119.33,32.0,4.67,0.0,358,358,0,0,0,1
2026-05-20,A,A01CN059,CN,16,156.0,121.0,99.33,35.0,21.67,0.0,298,298,0,0,0,1
2026-05-20,A,A01CN060,CN,16,156.0,141.0,135.3,15.0,5.7,0.0,451,451,0,0,0,1
2026-05-20,A,A01CN072,CN,16,156.0,129.0,111.9,27.0,17.1,0.0,373,373,0,0,0,1
2026-05-20,A,A01CN073,CN,16,156.0,139.0,132.33,17.0,6.67,0.0,397,397,0,0,0,1
2026-05-20,A,A01CN076,CN,16,156.0,120.0,107.7,36.0,12.3,0.0,359,359,0,0,0,1
2026-05-20,A,A01CN077,CN,16,156.0,124.0,119.1,32.0,4.9,0.0,397,397,0,0,0,1
2026-05-20,A,A01CN081,CN,16,210.0,168.0,134.0,42.0,34.0,3.0,134,131,3,0,3,1
2026-05-20,A,A01CN084,CN,16,210.0,17.0,5.0,193.0,12.0,0.0,30,30,0,0,0,1
2026-05-20,A,A01CN086,CN,16,340.0,270.0,218.57,70.0,51.43,0.0,316,316,0,0,0,1
2026-05-20,A,A01CN087,CN,16,357.0,274.0,208.13,83.0,65.87,0.0,446,446,0,0,0,1
2026-05-20,A,A01HB016,HB,16,410.0,47.0,44.7,363.0,2.3,0.0,54,54,0,0,0,1
2026-05-20,A,A01TAP14,TA,16,315.0,36.0,26.6,279.0,9.4,0.0,133,133,0,0,0,1
2026-05-20,A,A01CN128,CN,16,373.0,362.0,362.0,11.0,0.0,0.0,616,616,0,0,0,1
2026-05-20,A,A01CN003,CN,16,367.0,344.0,344.0,23.0,0.0,3.43,1204,1192,6,6,12,1
2026-05-20,A,A01CN002,CN,17,185.0,162.0,121.0,23.0,41.0,0.0,121,121,0,0,0,1
2026-05-20,A,A01CN066,CN,17,394.0,376.0,364.5,18.0,11.5,0.0,1458,1458,0,0,0,1
2026-05-20,A,A01CN018,CN,17,265.0,190.0,149.25,75.0,40.75,0.0,199,199,0,0,0,1
2026-05-20,A,A01CN085,CN,17,270.0,178.0,139.73,92.0,38.27,0.0,131,131,0,0,0,1
2026-05-20,A,A01CN001,CN,17,290.0,204.0,142.0,86.0,62.0,0.0,142,142,0,0,0,1
2026-05-20,A,A01CN005,CN,18,295.0,273.0,243.75,22.0,29.25,0.0,325,325,0,0,0,1
2026-05-20,A,A01CN070,CN,18,295.0,244.0,194.0,51.0,50.0,0.0,194,194,0,0,0,1
2026-05-20,A,A01CN088,CN,18,409.0,303.0,240.0,106.0,63.0,0.0,300,300,0,0,0,1
2026-05-20,A,A01CN089,CN,18,409.0,365.0,299.87,44.0,65.13,0.0,346,346,0,0,0,1
2026-05-20,A,A01CN105,CN,18,406.0,221.0,221.0,185.0,0.0,0.0,563,563,0,0,0,1
2026-05-20,A,A01CN106,CN,18,406.0,265.0,253.87,141.0,11.13,0.0,238,238,0,0,0,1
2026-05-20,A,A01HB024,HB,18,499.0,453.0,383.2,46.0,69.8,0.0,528,528,0,0,0,1
2026-05-20,A,A01CN113,CN,18,424.0,359.0,332.5,65.0,26.5,0.0,399,399,0,0,0,1
2026-05-20,A,A01CN114,CN,18,411.0,366.0,366.0,45.0,0.0,0.0,846,846,0,0,0,1
2026-05-20,A,A01CN020,CN,18,305.0,276.0,198.5,29.0,77.5,0.0,397,397,0,0,0,1
2026-05-20,A,A01CN030,CN,18,310.0,266.0,251.0,44.0,15.0,0.0,251,251,0,0,0,1
2026-05-20,A,A01CN041,CN,18,310.0,284.0,225.0,26.0,59.0,0.0,300,300,0,0,0,1
2026-05-20,A,A01CN065,CN,18,310.0,258.0,189.0,52.0,69.0,0.0,252,252,0,0,0,1
2026-05-20,A,A01CN099,CN,18,315.0,282.0,267.0,33.0,15.0,0.0,267,267,0,0,0,1
2026-05-20,A,A01CN124,CN,18,498.0,226.0,140.83,272.0,85.17,0.0,325,325,0,0,0,1
2026-05-20,A,A01CN125,CN,18,498.0,405.0,116.0,93.0,289.0,0.0,290,290,0,0,0,1
2026-05-20,A,A01CN042,CN,18,506.0,438.0,438.0,68.0,0.0,0.0,798,798,0,0,0,1
2026-05-20,A,A01CN045,CN,18,522.0,235.0,163.33,287.0,71.67,1.17,280,278,1,1,2,1
2026-05-20,A,A01CN046,CN,18,522.0,311.0,218.17,211.0,92.83,0.0,374,374,0,0,0,1
2026-05-20,A,A01CN047,CN,18,514.0,459.0,448.0,55.0,11.0,0.0,768,768,0,0,0,1
2026-05-20,A,A01CN050,CN,18,512.0,467.0,463.17,45.0,3.83,5.25,794,785,0,9,9,1
2026-05-20,A,A01CN062,CN,18,507.0,471.0,471.0,36.0,0.0,0.0,852,852,0,0,0,1
2026-05-20,A,A01CN068,CN,18,507.0,490.0,490.0,17.0,0.0,2.89,848,843,5,0,5,1
2026-05-20,A,A01CN074,CN,18,512.0,465.0,458.5,47.0,6.5,3.5,786,780,0,6,6,1
2026-05-20,A,A01CN075,CN,18,507.0,480.0,421.17,27.0,58.83,0.0,722,722,0,0,0,1
2026-05-20,A,A01TMC05,TM,18,502.0,439.0,439.0,63.0,0.0,0.0,1000,1000,0,0,0,1
2026-05-20,A,A01TMC06,TM,18,540.0,324.0,271.28,216.0,52.72,0.0,397,397,0,0,0,1
2026-05-20,A,A01VMC04,VM,18,484.0,239.0,156.75,245.0,82.25,0.0,495,495,0,0,0,1
2026-05-20,A,A01VMC05,VM,18,507.0,454.0,230.4,53.0,223.6,0.0,768,768,0,0,0,1
2026-05-20,A,A01VMC11,VM,18,522.0,467.0,394.25,55.0,72.75,0.0,1245,1245,0,0,0,1
2026-05-20,A,A01VMC12,VM,18,551.0,499.0,499.0,52.0,0.0,0.0,1590,1590,0,0,0,1
2026-05-20,A,A01HB022,HB,18,524.0,427.0,427.0,97.0,0.0,0.0,456,456,0,0,0,1
2026-05-20,A,A01HB023,HB,18,524.0,473.0,459.77,51.0,13.23,0.0,572,572,0,0,0,1
2026-05-20,A,A01VMC15,VM,18,522.0,509.0,490.5,13.0,18.5,0.0,1635,1635,0,0,0,1
2026-05-20,A,A01VMC16,VM,18,507.0,359.0,265.5,148.0,93.5,0.0,885,885,0,0,0,1
2026-05-20,A,A01VMC18,VM,18,335.0,309.0,309.0,26.0,0.0,0.0,904,904,0,0,0,1
2026-05-20,A,A01CN048,CN,18,517.0,471.0,460.83,46.0,10.17,0.0,790,790,0,0,0,1
2026-05-20,A,A01CN051,CN,18,517.0,447.0,447.0,70.0,0.0,0.0,794,794,0,0,0,1
2026-05-20,A,A01HB025,HB,18,214.0,183.0,183.0,31.0,0.0,0.0,680,680,0,0,0,1
2026-05-20,A,A01HB013,HB,18,531.0,499.0,487.2,32.0,11.8,0.68,720,719,1,0,1,1
2026-05-20,A,A01HB014,HB,18,531.0,503.0,500.13,28.0,2.87,0.0,836,836,0,0,0,1
2026-05-20,B,A01VMC11,VM,19,49.0,49.0,49.0,0.0,0.0,0.0,180,180,0,0,0,1
2026-05-20,B,A01CN086,CN,21,62.0,0.0,0.0,62.0,0.0,0.0,0,0,0,0,0,1
2026-05-20,B,A01CN087,CN,21,56.0,0.0,0.0,56.0,0.0,0.0,0,0,0,0,0,1
2026-05-20,B,A01CN124,CN,21,49.0,31.0,28.17,18.0,2.83,0.0,65,65,0,0,0,1
2026-05-20,B,A01CN053,CN,21,49.0,47.0,47.0,2.0,0.0,0.0,181,181,0,0,0,1
2026-05-20,B,A01CN058,CN,21,49.0,49.0,49.0,0.0,0.0,0.0,174,174,0,0,0,1
2026-05-20,B,A01CN059,CN,21,49.0,48.0,48.0,1.0,0.0,0.0,172,172,0,0,0,1
2026-05-20,B,A01CN060,CN,21,49.0,49.0,49.0,0.0,0.0,0.0,185,185,0,0,0,1
2026-05-20,B,A01CN072,CN,21,49.0,49.0,49.0,0.0,0.0,0.0,168,168,0,0,0,1
2026-05-20,B,A01CN073,CN,21,49.0,47.0,47.0,2.0,0.0,0.0,161,161,0,0,0,1
2026-05-20,B,A01CN076,CN,21,49.0,49.0,49.0,0.0,0.0,0.0,177,177,0,0,0,1
2026-05-20,B,A01CN077,CN,21,49.0,47.0,47.0,2.0,0.0,0.0,160,160,0,0,0,1
2026-05-20,B,A01CN126,CN,21,49.0,0.0,0.0,49.0,0.0,0.0,0,0,0,0,0,1
2026-05-20,B,A01CN127,CN,21,49.0,49.0,49.0,0.0,0.0,0.0,77,77,0,0,0,1
2026-05-20,B,A01CN130,CN,21,49.0,49.0,49.0,0.0,0.0,0.0,94,94,0,0,0,1
2026-05-20,B,A01CN131,CN,21,49.0,49.0,49.0,0.0,0.0,0.0,96,96,0,0,0,1
2026-05-20,B,A01CN132,CN,21,49.0,49.0,0.0,0.0,49.0,0.0,0,0,0,0,0,1
2026-05-20,B,A01CN135,CN,21,49.0,0.0,0.0,49.0,0.0,0.0,0,0,0,0,0,1
2026-05-20,B,A01HB004,HB,21,49.0,49.0,39.2,0.0,9.8,0.0,96,96,0,0,0,1
2026-05-20,B,A01HB005,HB,21,49.0,49.0,49.0,0.0,0.0,0.0,150,150,0,0,0,1
2026-05-20,B,A01HB006,HB,21,49.0,49.0,49.0,0.0,0.0,0.0,145,145,0,0,0,1
2026-05-20,B,A01HB007,HB,21,49.0,49.0,49.0,0.0,0.0,0.0,152,152,0,0,0,1
2026-05-20,B,A01HB008,HB,21,49.0,43.0,39.97,6.0,3.03,0.0,66,66,0,0,0,1
2026-05-20,B,A01HB010,HB,21,49.0,49.0,41.93,0.0,7.07,0.0,102,102,0,0,0,1
2026-05-20,B,A01HB011,HB,21,49.0,49.0,49.0,0.0,0.0,0.0,320,320,0,0,0,1
2026-05-20,B,A01HB012,HB,21,49.0,15.0,15.0,34.0,0.0,0.0,160,160,0,0,0,1
2026-05-20,B,A01HB018,HB,21,49.0,49.0,49.0,0.0,0.0,0.0,98,98,0,0,0,1
2026-05-20,B,A01HB019,HB,21,49.0,49.0,49.0,0.0,0.0,0.0,72,72,0,0,0,1
2026-05-20,B,A01CN125,CN,21,49.0,46.0,16.0,3.0,30.0,0.0,40,40,0,0,0,1
2026-05-20,B,A01TMC04,TM,21,225.0,172.68,172.68,52.32,0.0,0.0,723,723,0,0,0,1
2026-05-20,B,A01CN016,CN,22,79.0,54.0,50.67,25.0,3.33,0.0,80,80,0,0,0,1
2026-05-20,B,A01CN031,CN,22,149.0,139.0,139.0,10.0,0.0,0.0,567,567,0,0,0,1
2026-05-20,B,A01CN074,CN,22,44.0,44.0,44.0,0.0,0.0,0.0,90,90,0,0,0,1
2026-05-20,B,A01CN078,CN,22,79.0,67.0,66.5,12.0,0.5,0.0,133,133,0,0,0,1
2026-05-20,B,A01CN079,CN,22,79.0,59.0,59.0,20.0,0.0,0.0,219,219,0,0,0,1
2026-05-20,B,A01CN084,CN,22,139.0,0.0,0.0,139.0,0.0,0.0,0,0,0,0,0,1
2026-05-20,B,A01CN095,CN,22,149.0,127.0,127.0,22.0,0.0,0.0,619,619,0,0,0,1
2026-05-20,B,A01BR005,BR,22,49.0,7.0,7.0,42.0,0.0,0.0,412,412,0,0,0,1
2026-05-20,B,A01BR007,BR,22,49.0,28.0,28.0,21.0,0.0,0.0,302,302,0,0,0,1
2026-05-20,B,A01TAP14,TA,22,49.0,38.0,38.0,11.0,0.0,0.0,216,216,0,0,0,1
2026-05-20,B,A01CN042,CN,22,71.0,51.0,50.6,20.0,0.4,0.0,92,92,0,0,0,1
2026-05-20,B,A01CN013,CN,23,229.0,183.0,183.0,46.0,0.0,0.0,510,510,0,0,0,1
2026-05-20,B,A01CN090,CN,23,219.0,182.0,182.0,37.0,0.0,0.0,897,897,0,0,0,1
2026-05-20,B,A01CN102,CN,23,229.0,219.0,219.0,10.0,0.0,0.0,541,541,0,0,0,1
2026-05-20,B,A01CN104,CN,23,99.0,98.0,98.0,1.0,0.0,0.0,242,242,0,0,0,1
2026-05-20,B,A01CN004,CN,2,389.0,290.0,194.83,99.0,95.17,0.0,334,334,0,0,0,1
2026-05-20,B,A01CN006,CN,2,339.0,277.0,277.0,62.0,0.0,0.0,403,403,0,0,0,1
2026-05-20,B,A01CN008,CN,2,389.0,366.0,363.0,23.0,3.0,0.0,363,363,0,0,0,1
2026-05-20,B,A01CN025,CN,2,399.0,249.0,249.0,150.0,0.0,0.0,1206,1206,0,0,0,1
2026-05-20,B,A01CN133,CN,2,389.0,375.0,375.0,14.0,0.0,0.0,287,287,0,0,0,1
2026-05-20,B,A01CN120,CN,2,429.0,284.0,284.0,145.0,0.0,0.0,408,408,0,0,0,1
2026-05-20,B,A01TMC02,TM,2,447.0,440.0,440.0,7.0,0.0,0.0,403,403,0,0,0,1
2026-05-20,B,A01CN134,CN,2,419.0,405.0,405.0,14.0,0.0,1.44,281,280,1,0,1,1
2026-05-20,B,A01VMC06,VM,2,414.0,387.0,387.0,27.0,0.0,0.0,427,427,0,0,0,1
2026-05-20,B,A01CN100,CN,2,258.0,127.0,127.0,131.0,0.0,0.0,278,278,0,0,0,1
2026-05-20,B,A01CN116,CN,2,407.0,364.0,305.83,43.0,58.17,0.0,734,734,0,0,0,1
2026-05-20,B,A01CN138,CN,2,422.0,396.0,396.0,26.0,0.0,0.0,687,687,0,0,0,1
2026-05-20,B,A01CN139,CN,2,424.0,405.0,405.0,19.0,0.0,0.0,634,634,0,0,0,1
2026-05-20,B,A01CN117,CN,2,424.0,371.0,325.6,53.0,45.4,0.0,444,444,0,0,0,1
2026-05-20,B,A01CN118,CN,2,424.0,401.0,341.93,23.0,59.07,0.0,446,446,0,0,0,1
2026-05-20,B,A01CN123,CN,2,317.0,312.0,312.0,5.0,0.0,0.0,275,275,0,0,0,1
2026-05-20,B,A01TMC06,TM,2,224.0,220.0,220.0,4.0,0.0,0.0,539,539,0,0,0,1
2026-05-20,B,A01CN002,CN,3,399.0,376.0,376.0,23.0,0.0,0.0,425,425,0,0,0,1
2026-05-20,B,A01CN038,CN,3,399.0,374.0,374.0,25.0,0.0,0.0,1236,1236,0,0,0,1
2026-05-20,B,A01CN039,CN,3,399.0,295.0,271.7,104.0,23.3,0.0,858,858,0,0,0,1
2026-05-20,B,A01CN050,CN,3,181.0,175.0,175.0,6.0,0.0,0.56,314,313,0,1,1,1
2026-05-20,B,A01CN091,CN,3,399.0,377.0,377.0,22.0,0.0,0.0,1596,1596,0,0,0,1
2026-05-20,B,A01CN093,CN,3,399.0,368.0,368.0,31.0,0.0,0.0,1557,1557,0,0,0,1
2026-05-20,B,A01CN096,CN,3,399.0,399.0,399.0,0.0,0.0,0.0,1632,1632,0,0,0,1
2026-05-20,B,A01CN097,CN,3,409.0,403.0,399.23,6.0,3.77,0.0,1218,1218,0,0,0,1
2026-05-20,B,A01CN101,CN,3,279.0,244.0,235.75,35.0,8.25,0.0,345,345,0,0,0,1
2026-05-20,B,A01CN103,CN,3,354.0,293.0,293.0,61.0,0.0,0.0,953,953,0,0,0,1
2026-05-20,B,A01CN075,CN,3,52.0,41.0,41.0,11.0,0.0,0.0,74,74,0,0,0,1
2026-05-20,B,A01CN027,CN,3,479.0,462.0,419.83,17.0,42.17,0.0,458,458,0,0,0,1
2026-05-20,B,A01CN028,CN,4,489.0,475.0,435.42,14.0,39.58,0.0,475,475,0,0,0,1
2026-05-20,B,A01TMC05,TM,4,564.0,553.0,553.0,11.0,0.0,0.0,1303,1303,0,0,0,1
2026-05-20,B,A01TMC07,TM,4,567.0,555.0,555.0,12.0,0.0,0.0,1197,1197,0,0,0,1
2026-05-20,B,A01TMC09,TM,4,567.0,560.0,560.0,7.0,0.0,0.0,1351,1351,0,0,0,1
2026-05-20,B,A01TMC10,TM,4,566.0,566.0,566.0,0.0,0.0,0.0,600,600,0,0,0,1
2026-05-20,B,A01TMC08,TM,4,567.0,555.0,555.0,12.0,0.0,0.0,1342,1342,0,0,0,1
2026-05-20,B,A01CN007,CN,5,459.0,46.0,46.0,413.0,0.0,0.0,425,425,0,0,0,1
2026-05-20,B,A01CN067,CN,5,459.0,322.0,322.0,137.0,0.0,0.0,537,537,0,0,0,1
2026-05-20,B,A01CN088,CN,5,429.0,341.0,332.0,88.0,9.0,0.0,415,415,0,0,0,1
2026-05-20,B,A01CN089,CN,5,459.0,442.0,426.4,17.0,15.6,0.0,492,492,0,0,0,1
2026-05-20,B,A01CN105,CN,5,459.0,413.0,413.0,46.0,0.0,0.0,1033,1033,0,0,0,1
2026-05-20,B,A01CN106,CN,5,459.0,410.0,410.0,49.0,0.0,0.0,385,385,0,0,0,1
2026-05-20,B,A01CN107,CN,5,459.0,386.0,386.0,73.0,0.0,0.0,521,521,0,0,0,1
2026-05-20,B,A01CN113,CN,5,459.0,321.0,275.0,138.0,46.0,0.0,330,330,0,0,0,1
2026-05-20,B,A01CN114,CN,5,459.0,319.0,319.0,140.0,0.0,0.0,722,722,0,0,0,1
2026-05-20,B,A01CN001,CN,6,588.0,534.0,514.0,54.0,20.0,0.0,514,514,0,0,0,1
2026-05-20,B,A01CN005,CN,6,586.0,432.0,408.0,154.0,24.0,0.0,544,544,0,0,0,1
2026-05-20,B,A01CN017,CN,6,586.0,527.0,507.75,59.0,19.25,0.0,677,677,0,0,0,1
2026-05-20,B,A01CN018,CN,6,588.0,557.0,557.0,31.0,0.0,0.0,746,746,0,0,0,1
2026-05-20,B,A01CN024,CN,6,503.0,434.0,305.67,69.0,128.33,0.0,524,524,0,0,0,1
2026-05-20,B,A01CN030,CN,6,588.0,537.0,516.0,51.0,21.0,0.0,516,516,0,0,0,1
2026-05-20,B,A01CN041,CN,6,584.0,504.0,504.0,80.0,0.0,0.0,749,749,0,0,0,1
2026-05-20,B,A01CN065,CN,6,584.0,487.0,487.0,97.0,0.0,0.0,656,656,0,0,0,1
2026-05-20,B,A01CN070,CN,6,363.0,328.0,287.0,35.0,41.0,0.0,287,287,0,0,0,1
2026-05-20,B,A01CN081,CN,6,588.0,529.0,516.0,59.0,13.0,1.0,516,515,1,0,1,1
2026-05-20,B,A01CN085,CN,6,598.0,542.0,542.0,56.0,0.0,0.0,510,510,0,0,0,1
2026-05-20,B,A01CN098,CN,6,588.0,536.0,536.0,52.0,0.0,0.0,571,571,0,0,0,1
2026-05-20,B,A01CN099,CN,6,362.0,295.0,295.0,67.0,0.0,0.0,297,297,0,0,0,1
2026-05-20,B,A01HB013,HB,6,590.0,109.0,108.27,481.0,0.73,0.0,160,160,0,0,0,1
2026-05-20,B,A01CN108,CN,6,567.0,476.0,337.0,91.0,139.0,0.0,337,337,0,0,0,1
2026-05-20,B,A01CN112,CN,6,583.0,520.0,519.0,63.0,1.0,0.0,519,519,0,0,0,1
2026-05-20,B,A01CN048,CN,6,608.0,535.0,535.0,73.0,0.0,0.0,954,954,0,0,0,1
2026-05-20,B,A01CN051,CN,6,608.0,524.0,524.0,84.0,0.0,0.0,952,952,0,0,0,1
2026-05-20,B,A01CN062,CN,6,603.0,558.0,558.0,45.0,0.0,0.0,962,962,0,0,0,1
2026-05-20,B,A01CN068,CN,6,598.0,555.0,555.0,43.0,0.0,0.0,976,976,0,0,0,1
2026-05-20,B,A01VMC03,VM,6,619.0,588.0,588.0,31.0,0.0,0.0,2800,2800,0,0,0,1
2026-05-20,B,A01VMC05,VM,6,630.0,429.0,216.0,201.0,213.0,0.0,720,720,0,0,0,1
2026-05-20,B,A01VMC07,VM,6,613.0,448.0,448.0,165.0,0.0,0.0,1856,1856,0,0,0,1
2026-05-20,B,A01VMC09,VM,6,618.0,475.0,441.75,143.0,33.25,0.0,1395,1395,0,0,0,1
2026-05-20,B,A01VMC12,VM,6,563.0,549.0,460.75,14.0,88.25,0.0,1455,1455,0,0,0,1
2026-05-20,B,A01VMC15,VM,6,625.0,582.0,513.0,43.0,69.0,0.0,1710,1710,0,0,0,1
2026-05-20,B,A01HB025,HB,7,630.0,583.0,583.0,47.0,0.0,0.0,816,816,0,0,0,1
2026-05-20,B,A01HB014,HB,7,620.0,583.0,579.7,37.0,3.3,0.0,969,969,0,0,0,1
2026-05-20,B,A01HB022,HB,7,629.0,544.0,544.0,85.0,0.0,0.0,540,540,0,0,0,1
2026-05-20,B,A01HB023,HB,7,629.0,535.0,535.0,94.0,0.0,0.0,748,748,0,0,0,1
2026-05-20,B,A01HB024,HB,7,629.0,539.0,494.97,90.0,44.03,0.0,682,682,0,0,0,1
2026-05-20,B,A01VMC16,VM,7,623.0,531.0,450.0,92.0,81.0,0.0,1500,1500,0,0,0,1
2026-05-21,B,A01CN045,CN,8,532.18,390.97,379.08,141.21,11.89,0.0,856,856,0,0,0,1
2026-05-21,B,A01CN046,CN,8,532.18,403.88,403.88,128.3,0.0,0.0,960,960,0,0,0,1
2026-05-21,U,A01CN064,CN,8,0.0,0.0,0.0,0.0,0.0,0.0,4,4,0,0,0,0
2026-05-21,B,A01CN111,CN,8,593.0,389.13,243.12,203.87,146.01,0.0,479,479,0,0,0,1
2026-05-21,A,A01CN049,CN,11,104.0,101.0,101.0,3.0,0.0,0.0,123,123,0,0,0,1
2026-05-21,A,A01CN056,CN,11,89.0,0.0,0.0,89.0,0.0,0.0,0,0,0,0,0,1
2026-05-21,A,A01HB020,HB,11,109.0,101.0,80.23,8.0,20.77,0.0,203,203,0,0,0,1
2026-05-21,A,A01CN069,CN,12,130.0,130.0,130.0,0.0,0.0,0.0,176,176,0,0,0,1
2026-05-21,A,A01TRP35,TR,12,109.0,1.0,0.0,108.0,1.0,0.0,0,0,0,0,0,1
2026-05-21,A,A01CN138,CN,12,129.0,115.0,104.67,14.0,10.33,0.0,157,157,0,0,0,1
2026-05-21,A,A01HB011,HB,12,164.0,164.0,164.0,0.0,0.0,0.17,960,959,0,1,1,1
2026-05-21,A,A01CN014,CN,12,160.0,71.0,65.4,89.0,5.6,0.0,218,218,0,0,0,1
2026-05-21,A,A01CN026,CN,12,160.0,93.0,60.67,67.0,32.33,0.0,182,182,0,0,0,1
2026-05-21,A,A01CN071,CN,12,160.0,126.0,126.0,34.0,0.0,0.0,432,432,0,0,0,1
2026-05-21,A,A01CN078,CN,12,160.0,103.0,100.5,57.0,2.5,0.0,201,201,0,0,0,1
2026-05-21,A,A01HB001,HB,12,174.0,174.0,174.0,0.0,0.0,0.0,468,468,0,0,0,1
2026-05-21,A,A01HB003,HB,12,174.0,174.0,174.0,0.0,0.0,0.0,504,504,0,0,0,1
2026-05-21,A,A01HB005,HB,12,174.0,170.0,170.0,4.0,0.0,0.0,528,528,0,0,0,1
2026-05-21,A,A01HB006,HB,12,174.0,169.0,156.32,5.0,12.68,0.0,415,415,0,0,0,1
2026-05-21,A,A01HB007,HB,12,174.0,0.0,0.0,174.0,0.0,0.0,0,0,0,0,0,1
2026-05-21,A,A01HB008,HB,12,174.0,163.0,161.68,11.0,1.32,0.0,267,267,0,0,0,1
2026-05-21,A,A01HB009,HB,12,79.0,0.0,0.0,79.0,0.0,0.0,0,0,0,0,0,1
2026-05-21,A,A01HB010,HB,12,174.0,174.0,145.53,0.0,28.47,0.0,354,354,0,0,0,1
2026-05-21,A,A01HB012,HB,12,174.0,51.0,51.0,123.0,0.0,0.0,455,455,0,0,0,1
2026-05-21,A,A01HB015,HB,12,69.0,0.0,0.0,69.0,0.0,0.0,0,0,0,0,0,1
2026-05-21,A,A01HB017,HB,12,174.0,164.0,136.92,10.0,27.08,0.0,318,318,0,0,0,1
2026-05-21,A,A01HB019,HB,12,174.0,174.0,174.0,0.0,0.0,0.0,198,198,0,0,0,1
2026-05-21,A,A01VMC04,VM,12,219.0,22.0,4.75,197.0,17.25,0.0,15,15,0,0,0,1
2026-05-21,A,A01CN101,CN,12,169.0,147.0,119.58,22.0,27.42,0.0,175,175,0,0,0,1
2026-05-21,A,A01BR005,BR,13,170.0,90.0,90.0,80.0,0.0,0.0,996,996,0,0,0,1
2026-05-21,A,A01CN139,CN,14,159.0,121.0,114.67,38.0,6.33,0.0,172,172,0,0,0,1
2026-05-21,A,A01CN098,CN,14,109.0,107.0,106.0,2.0,1.0,0.0,106,106,0,0,0,1
2026-05-21,A,A01TMC04,TM,14,219.0,102.0,81.47,117.0,20.53,0.0,94,94,0,0,0,1
2026-05-21,A,A01CN064,CN,15,174.0,151.0,108.0,23.0,43.0,0.0,108,108,0,0,0,1
2026-05-21,A,A01CN111,CN,15,174.0,143.0,73.8,31.0,69.2,0.0,123,123,0,0,0,1
2026-05-21,A,A01CN019,CN,15,274.0,274.0,0.65,0.0,273.35,0.0,1,1,0,0,0,1
2026-05-21,A,A01CN024,CN,16,214.0,187.0,153.42,27.0,33.58,0.0,263,263,0,0,0,1
2026-05-21,A,A01CN006,CN,16,359.0,301.0,300.83,58.0,0.17,0.0,361,361,0,0,0,1
2026-05-21,A,A01CN008,CN,16,359.0,356.0,356.0,3.0,0.0,0.0,399,399,0,0,0,1
2026-05-21,A,A01CN025,CN,16,229.0,0.0,0.0,229.0,0.0,0.0,0,0,0,0,0,1
2026-05-21,A,A01CN031,CN,16,229.0,0.0,0.0,229.0,0.0,0.0,0,0,0,0,0,1
2026-05-21,A,A01CN038,CN,16,359.0,256.0,231.8,103.0,24.2,0.0,732,732,0,0,0,1
2026-05-21,A,A01CN039,CN,16,359.0,60.0,44.65,299.0,15.35,0.0,141,141,0,0,0,1
2026-05-21,A,A01CN133,CN,16,359.0,332.0,316.5,27.0,15.5,0.0,211,211,0,0,0,1
2026-05-21,A,A01CN090,CN,16,359.0,356.0,356.0,3.0,0.0,0.0,1407,1407,0,0,0,1
2026-05-21,A,A01CN091,CN,16,359.0,339.0,339.0,20.0,0.0,0.0,1338,1338,0,0,0,1
2026-05-21,A,A01CN092,CN,16,359.0,255.0,240.35,104.0,14.65,0.0,759,759,0,0,0,1
2026-05-21,A,A01CN093,CN,16,359.0,344.0,344.0,15.0,0.0,0.0,1389,1389,0,0,0,1
2026-05-21,A,A01CN096,CN,16,359.0,351.0,346.8,8.0,4.2,0.0,1224,1224,0,0,0,1
2026-05-21,A,A01CN097,CN,16,359.0,346.0,305.82,13.0,40.18,0.0,933,933,0,0,0,1
2026-05-21,A,A01CN134,CN,16,389.0,354.0,324.0,35.0,30.0,6.0,216,212,4,0,4,1
2026-05-21,A,A01CN102,CN,16,359.0,262.0,250.5,97.0,11.5,0.0,501,501,0,0,0,1
2026-05-21,A,A01CN027,CN,16,356.0,346.0,346.0,10.0,0.0,0.0,380,380,0,0,0,1
2026-05-21,A,A01CN028,CN,16,356.0,327.0,327.0,29.0,0.0,0.0,358,358,0,0,0,1
2026-05-21,A,A01CN117,CN,16,354.0,345.0,327.8,9.0,17.2,0.0,447,447,0,0,0,1
2026-05-21,A,A01CN118,CN,16,354.0,319.0,318.17,35.0,0.83,0.0,415,415,0,0,0,1
2026-05-21,A,A01CN108,CN,16,229.0,215.0,167.0,14.0,48.0,0.0,167,167,0,0,0,1
2026-05-21,A,A01CN126,CN,16,434.0,302.0,259.0,132.0,43.0,0.0,777,777,0,0,0,1
2026-05-21,A,A01CN016,CN,16,360.0,157.0,157.0,203.0,0.0,0.0,267,267,0,0,0,1
2026-05-21,A,A01CN017,CN,16,229.0,219.0,201.75,10.0,17.25,0.0,269,269,0,0,0,1
2026-05-21,A,A01CN044,CN,16,419.0,339.0,258.5,80.0,80.5,0.0,470,470,0,0,0,1
2026-05-21,A,A01CN057,CN,16,369.0,296.0,271.5,73.0,24.5,0.0,905,905,0,0,0,1
2026-05-21,A,A01CN058,CN,16,369.0,334.0,334.0,35.0,0.0,0.0,1021,1021,0,0,0,1
2026-05-21,A,A01CN059,CN,16,369.0,354.0,354.0,15.0,0.0,0.0,1086,1086,0,0,0,1
2026-05-21,A,A01CN060,CN,16,369.0,325.0,323.7,44.0,1.3,0.0,1079,1079,0,0,0,1
2026-05-21,A,A01CN063,CN,16,64.0,64.0,64.0,0.0,0.0,0.0,152,152,0,0,0,1
2026-05-21,A,A01CN072,CN,16,369.0,1.0,1.0,368.0,0.0,0.09,47,43,2,2,4,1
2026-05-21,A,A01CN073,CN,16,369.0,345.0,326.33,24.0,18.67,0.0,979,979,0,0,0,1
2026-05-21,A,A01CN076,CN,16,369.0,7.0,7.0,362.0,0.0,0.0,62,62,0,0,0,1
2026-05-21,A,A01CN077,CN,16,369.0,306.0,299.1,63.0,6.9,0.0,997,997,0,0,0,1
2026-05-21,A,A01CN081,CN,16,229.0,222.0,195.0,7.0,27.0,0.0,195,195,0,0,0,1
2026-05-21,A,A01CN086,CN,16,360.0,324.0,265.6,36.0,58.4,0.0,384,384,0,0,0,1
2026-05-21,A,A01CN087,CN,16,379.0,318.0,241.73,61.0,76.27,0.0,518,518,0,0,0,1
2026-05-21,A,A01CN128,CN,16,394.0,390.0,390.0,4.0,0.0,0.0,666,666,0,0,0,1
2026-05-21,A,A01CN053,CN,17,399.0,388.0,388.0,11.0,0.0,0.0,1298,1298,0,0,0,1
2026-05-21,A,A01CN055,CN,17,399.0,320.0,320.0,79.0,0.0,0.0,979,979,0,0,0,1
2026-05-21,A,A01CN122,CN,17,94.0,50.0,45.93,44.0,4.07,0.0,106,106,0,0,0,1
2026-05-21,A,A01VMC06,VM,17,94.0,57.0,30.0,37.0,27.0,0.0,30,30,0,0,0,1
2026-05-21,A,A01CN123,CN,17,94.0,94.0,89.7,0.0,4.3,0.0,69,69,0,0,0,1
2026-05-21,A,A01CN002,CN,17,419.0,373.0,220.0,46.0,153.0,0.0,220,220,0,0,0,1
2026-05-21,A,A01CN066,CN,17,464.0,0.0,0.0,464.0,0.0,0.0,0,0,0,0,0,1
2026-05-21,A,A01TMC10,TM,17,489.0,468.0,461.0,21.0,7.0,0.0,461,461,0,0,0,1
2026-05-21,A,A01CN018,CN,17,286.0,253.0,226.5,33.0,26.5,0.0,302,302,0,0,0,1
2026-05-21,A,A01CN001,CN,17,306.0,287.0,237.0,19.0,50.0,0.0,237,237,0,0,0,1
2026-05-21,A,A01CN112,CN,17,311.0,295.0,232.0,16.0,63.0,0.0,232,232,0,0,0,1
2026-05-21,A,A01CN005,CN,18,316.0,272.0,247.5,44.0,24.5,0.0,330,330,0,0,0,1
2026-05-21,A,A01CN070,CN,18,316.0,294.0,255.0,22.0,39.0,0.0,255,255,0,0,0,1
2026-05-21,A,A01CN088,CN,18,447.0,282.0,240.8,165.0,41.2,0.0,301,301,0,0,0,1
2026-05-21,A,A01CN089,CN,18,447.0,346.0,312.0,101.0,34.0,0.0,360,360,0,0,0,1
2026-05-21,A,A01CN105,CN,18,447.0,324.0,324.0,123.0,0.0,0.0,792,792,0,0,0,1
2026-05-21,A,A01HB024,HB,18,500.0,419.0,351.27,81.0,67.73,0.0,484,484,0,0,0,1
2026-05-21,A,A01CN113,CN,18,447.0,387.0,380.0,60.0,7.0,0.0,456,456,0,0,0,1
2026-05-21,A,A01CN114,CN,18,447.0,388.0,388.0,59.0,0.0,0.0,919,919,0,0,0,1
2026-05-21,A,A01CN020,CN,18,321.0,293.0,190.0,28.0,103.0,0.0,380,380,0,0,0,1
2026-05-21,A,A01CN030,CN,18,326.0,314.0,304.0,12.0,10.0,0.0,304,304,0,0,0,1
2026-05-21,A,A01CN041,CN,18,326.0,308.0,263.25,18.0,44.75,0.0,351,351,0,0,0,1
2026-05-21,A,A01CN065,CN,18,326.0,294.0,225.75,32.0,68.25,0.0,301,301,0,0,0,1
2026-05-21,A,A01CN099,CN,18,331.0,293.0,272.0,38.0,21.0,0.0,272,272,0,0,0,1
2026-05-21,B,A01TMC07,TM,18,550.0,481.0,481.0,69.0,0.0,0.0,1016,1016,0,0,0,1
2026-05-21,B,A01TMC07,TM,18,0.0,0.0,0.0,0.0,0.0,0.0,0,0,0,0,0,0
2026-05-21,A,A01CN124,CN,18,545.0,432.0,291.2,113.0,140.8,0.0,672,672,0,0,0,1
2026-05-21,A,A01CN125,CN,18,545.0,433.0,181.13,112.0,251.87,0.0,572,572,0,0,0,1
2026-05-21,A,A01CN130,CN,18,545.0,450.0,389.73,95.0,60.27,0.0,632,632,0,0,0,1
2026-05-21,A,A01CN131,CN,18,545.0,503.0,503.0,42.0,0.0,0.0,834,834,0,0,0,1
2026-05-21,A,A01CN132,CN,18,545.0,480.0,345.33,65.0,134.67,0.0,560,560,0,0,0,1
2026-05-21,A,A01CN042,CN,18,530.0,396.0,369.6,134.0,26.4,0.0,672,672,0,0,0,1
2026-05-21,A,A01CN045,CN,18,520.0,477.0,390.83,43.0,86.17,2.33,670,666,4,0,4,1
2026-05-21,A,A01CN046,CN,18,520.0,219.0,169.17,301.0,49.83,0.0,290,290,0,0,0,1
2026-05-21,A,A01CN047,CN,18,530.0,446.0,353.5,84.0,92.5,0.0,606,606,0,0,0,1
2026-05-21,A,A01CN050,CN,18,530.0,495.0,491.17,35.0,3.83,1.17,842,840,0,2,2,1
2026-05-21,A,A01CN062,CN,18,550.0,514.0,512.17,36.0,1.83,0.0,878,878,0,0,0,1
2026-05-21,A,A01CN068,CN,18,550.0,507.0,507.0,43.0,0.0,0.58,878,877,1,0,1,1
2026-05-21,A,A01CN074,CN,18,530.0,441.0,418.83,89.0,22.17,1.17,718,716,0,2,2,1
2026-05-21,A,A01CN075,CN,18,530.0,487.0,446.83,43.0,40.17,1.75,766,763,0,3,3,1
2026-05-21,A,A01TMC05,TM,18,555.0,201.0,201.0,354.0,0.0,0.0,463,463,0,0,0,1
2026-05-21,A,A01TMC06,TM,18,555.0,216.0,216.0,339.0,0.0,0.0,523,523,0,0,0,1
2026-05-21,A,A01VMC03,VM,18,530.0,474.0,410.0,56.0,64.0,0.0,1640,1640,0,0,0,1
2026-05-21,A,A01VMC05,VM,18,530.0,475.0,340.8,55.0,134.2,0.0,1136,1136,0,0,0,1
2026-05-21,A,A01VMC07,VM,18,530.0,172.0,172.0,358.0,0.0,0.24,720,719,0,1,1,1
2026-05-21,A,A01VMC09,VM,18,530.0,500.0,456.0,30.0,44.0,0.0,1440,1440,0,0,0,1
2026-05-21,A,A01VMC11,VM,18,530.0,415.0,356.25,115.0,58.75,0.0,1125,1125,0,0,0,1
2026-05-21,A,A01VMC12,VM,18,572.0,534.0,508.25,38.0,25.75,0.32,1605,1604,1,0,1,1
2026-05-21,A,A01HB022,HB,18,524.0,445.0,437.87,79.0,7.13,0.0,384,384,0,0,0,1
2026-05-21,A,A01HB023,HB,18,524.0,483.0,477.45,41.0,5.55,0.0,594,594,0,0,0,1
2026-05-21,A,A01VMC15,VM,18,540.0,527.0,495.0,13.0,32.0,0.0,1650,1650,0,0,0,1
2026-05-21,A,A01VMC16,VM,18,550.0,496.0,337.5,54.0,158.5,0.0,1125,1125,0,0,0,1
2026-05-21,A,A01CN129,CN,18,550.0,0.0,0.0,550.0,0.0,0.0,0,0,0,0,0,1
2026-05-21,A,A01CN135,CN,18,550.0,0.0,0.0,550.0,0.0,0.0,0,0,0,0,0,1
2026-05-21,A,A01CN048,CN,18,535.0,479.0,458.5,56.0,20.5,0.0,786,786,0,0,0,1
2026-05-21,A,A01CN051,CN,18,535.0,472.0,472.0,63.0,0.0,0.0,830,830,0,0,0,1
2026-05-21,A,A01HB025,HB,18,235.0,235.0,235.0,0.0,0.0,0.0,714,714,0,0,0,1
2026-05-21,A,A01HB014,HB,18,551.0,503.0,503.0,48.0,0.0,0.0,855,855,0,0,0,1
2026-05-21,B,A01TMC09,TM,20,701.0,606.0,606.0,95.0,0.0,0.0,1387,1387,0,0,0,1
2026-05-21,B,A01TMC08,TM,20,701.0,595.0,589.77,106.0,5.23,0.0,1361,1361,0,0,0,1
2026-05-21,B,A01HB004,HB,20,49.0,49.0,35.93,0.0,13.07,0.0,88,88,0,0,0,1
2026-05-21,B,A01CN086,CN,21,62.0,0.0,0.0,62.0,0.0,0.0,0,0,0,0,0,1
2026-05-21,B,A01CN087,CN,21,56.0,0.0,0.0,56.0,0.0,0.0,0,0,0,0,0,1
2026-05-21,B,A01CN053,CN,21,109.0,108.0,108.0,1.0,0.0,0.0,374,374,0,0,0,1
2026-05-21,B,A01CN055,CN,21,109.0,72.0,72.0,37.0,0.0,0.0,227,227,0,0,0,1
2026-05-21,B,A01CN057,CN,21,109.0,75.0,74.1,34.0,0.9,0.0,247,247,0,0,0,1
2026-05-21,B,A01CN059,CN,21,109.0,104.0,104.0,5.0,0.0,0.0,317,317,0,0,0,1
2026-05-21,B,A01CN072,CN,21,109.0,107.0,96.9,2.0,10.1,0.0,323,323,0,0,0,1
2026-05-21,B,A01CN073,CN,21,109.0,107.0,100.33,2.0,6.67,0.0,301,301,0,0,0,1
2026-05-21,B,A01CN076,CN,21,109.0,96.0,86.7,13.0,9.3,0.0,289,289,0,0,0,1
2026-05-21,B,A01CN077,CN,21,109.0,105.0,105.0,4.0,0.0,0.0,350,350,0,0,0,1
2026-05-21,B,A01CN058,CN,21,109.0,96.0,96.0,13.0,0.0,0.0,297,297,0,0,0,1
2026-05-21,B,A01CN060,CN,21,109.0,108.0,108.0,1.0,0.0,0.0,369,369,0,0,0,1
2026-05-21,B,A01HB001,HB,21,109.0,109.0,106.53,0.0,2.47,0.0,282,282,0,0,0,1
2026-05-21,B,A01HB002,HB,21,109.0,88.0,88.0,21.0,0.0,0.0,210,210,0,0,0,1
2026-05-21,B,A01HB003,HB,21,109.0,109.0,102.98,0.0,6.02,0.0,296,296,0,0,0,1
2026-05-21,B,A01HB005,HB,21,109.0,109.0,105.0,0.0,4.0,0.0,300,300,0,0,0,1
2026-05-21,B,A01HB006,HB,21,109.0,104.0,82.87,5.0,21.13,0.0,220,220,0,0,0,1
2026-05-21,B,A01HB007,HB,21,109.0,92.0,92.0,17.0,0.0,0.0,256,256,0,0,0,1
2026-05-21,B,A01HB008,HB,21,109.0,109.0,107.18,0.0,1.82,0.0,177,177,0,0,0,1
2026-05-21,B,A01HB009,HB,21,109.0,109.0,109.0,0.0,0.0,0.0,276,276,0,0,0,1
2026-05-21,B,A01HB010,HB,21,109.0,109.0,96.2,0.0,12.8,0.0,234,234,0,0,0,1
2026-05-21,B,A01HB011,HB,21,109.0,64.0,62.33,45.0,1.67,0.0,340,340,0,0,0,1
2026-05-21,B,A01HB012,HB,21,109.0,22.0,22.0,87.0,0.0,0.0,285,285,0,0,0,1
2026-05-21,B,A01HB015,HB,21,109.0,0.0,0.0,109.0,0.0,0.0,0,0,0,0,0,1
2026-05-21,B,A01HB017,HB,21,109.0,109.0,109.0,0.0,0.0,0.0,276,276,0,0,0,1
2026-05-21,B,A01HB018,HB,21,109.0,109.0,109.0,0.0,0.0,0.0,203,203,0,0,0,1
2026-05-21,B,A01HB019,HB,21,109.0,109.0,109.0,0.0,0.0,0.0,180,180,0,0,0,1
2026-05-21,B,A01HB020,HB,21,109.0,103.0,94.07,6.0,8.93,0.0,238,238,0,0,0,1
2026-05-21,B,A01CN002,CN,22,124.0,66.0,66.0,58.0,0.0,0.0,69,69,0,0,0,1
2026-05-21,B,A01CN016,CN,22,109.0,97.0,97.0,12.0,0.0,0.0,194,194,0,0,0,1
2026-05-21,B,A01CN021,CN,22,164.0,64.0,55.33,100.0,8.67,0.0,166,166,0,0,0,1
2026-05-21,B,A01CN022,CN,22,164.0,111.0,110.7,53.0,0.3,0.0,369,369,0,0,0,1
2026-05-21,B,A01CN045,CN,22,129.82,119.19,97.43,10.63,21.76,0.0,220,220,0,0,0,1
2026-05-21,B,A01CN046,CN,22,129.82,122.23,111.6,7.59,10.63,0.0,252,252,0,0,0,1
2026-05-21,B,A01CN062,CN,22,171.0,169.0,162.17,2.0,6.83,0.0,278,278,0,0,0,1
2026-05-21,B,A01CN068,CN,22,171.0,162.0,155.17,9.0,6.83,0.58,266,265,1,0,1,1
2026-05-21,B,A01CN079,CN,22,169.0,106.0,106.0,63.0,0.0,0.0,592,592,0,0,0,1
2026-05-21,B,A01CN080,CN,22,169.0,160.0,145.67,9.0,14.33,0.0,437,437,0,0,0,1
2026-05-21,B,A01CN083,CN,22,154.0,137.0,106.67,17.0,30.33,0.0,640,640,0,0,0,1
2026-05-21,B,A01CN084,CN,22,154.0,0.0,0.0,154.0,0.0,0.0,0,0,0,0,0,1
2026-05-21,B,A01CN095,CN,22,124.0,107.0,107.0,17.0,0.0,0.0,628,628,0,0,0,1
2026-05-21,B,A01BR005,BR,22,49.0,42.0,42.0,7.0,0.0,0.0,492,492,0,0,0,1
2026-05-21,B,A01BR007,BR,22,49.0,35.0,35.0,14.0,0.0,0.0,396,396,0,0,0,1
2026-05-21,B,A01TAP14,TA,22,49.0,21.0,21.0,28.0,0.0,0.0,307,307,0,0,0,1
2026-05-21,B,A01CN038,CN,23,154.0,112.0,112.0,42.0,0.0,0.0,450,450,0,0,0,1
2026-05-21,B,A01CN039,CN,23,154.0,142.0,142.0,12.0,0.0,0.0,594,594,0,0,0,1
2026-05-21,B,A01CN124,CN,23,139.0,44.0,19.5,95.0,24.5,0.0,45,45,0,0,0,1
2026-05-21,B,A01CN125,CN,23,139.0,128.0,60.17,11.0,67.83,0.0,190,190,0,0,0,1
2026-05-21,B,A01CN127,CN,23,139.0,0.0,0.0,139.0,0.0,0.0,0,0,0,0,0,1
2026-05-21,B,A01CN130,CN,23,139.0,136.0,136.0,3.0,0.0,0.0,280,280,0,0,0,1
2026-05-21,B,A01CN131,CN,23,139.0,129.0,129.0,10.0,0.0,0.0,276,276,0,0,0,1
2026-05-21,B,A01CN135,CN,23,169.0,0.0,0.0,169.0,0.0,0.0,0,0,0,0,0,1
2026-05-21,B,A01CN013,CN,23,209.0,143.0,143.0,66.0,0.0,0.0,372,372,0,0,0,1
2026-05-21,B,A01CN090,CN,23,194.0,133.0,133.0,61.0,0.0,0.0,570,570,0,0,0,1
2026-05-21,B,A01CN094,CN,23,204.0,176.0,140.83,28.0,35.17,0.0,338,338,0,0,0,1
2026-05-21,B,A01CN102,CN,23,204.0,196.0,196.0,8.0,0.0,0.0,485,485,0,0,0,1
2026-05-21,B,A01CN104,CN,23,204.0,196.0,196.0,8.0,0.0,0.0,475,475,0,0,0,1
2026-05-21,B,A01CN108,CN,0,244.0,220.0,188.0,24.0,32.0,0.0,188,188,0,0,0,1
2026-05-21,B,A01CN014,CN,0,294.0,289.0,289.0,5.0,0.0,0.0,1091,1091,0,0,0,1
2026-05-21,B,A01CN074,CN,2,380.0,263.0,238.0,117.0,25.0,0.0,408,408,0,0,0,1
2026-05-21,B,A01CN075,CN,2,380.0,236.0,225.17,144.0,10.83,1.17,386,384,0,2,2,1
2026-05-21,B,A01CN004,CN,2,364.0,302.0,256.67,62.0,45.33,0.0,440,440,0,0,0,1
2026-05-21,B,A01CN006,CN,2,364.0,283.0,244.17,81.0,38.83,0.0,293,293,0,0,0,1
2026-05-21,B,A01CN008,CN,2,364.0,340.0,340.0,24.0,0.0,0.0,346,346,0,0,0,1
2026-05-21,B,A01CN133,CN,2,364.0,134.0,134.0,230.0,0.0,0.0,122,122,0,0,0,1
2026-05-21,B,A01CN120,CN,2,367.0,298.0,298.0,69.0,0.0,0.0,410,410,0,0,0,1
2026-05-21,B,A01CN134,CN,2,394.0,366.0,366.0,28.0,0.0,2.8,261,259,2,0,2,1
2026-05-21,B,A01VMC06,VM,2,367.0,312.0,209.0,55.0,103.0,0.0,209,209,0,0,0,1
2026-05-21,B,A01CN138,CN,2,314.0,249.0,249.0,65.0,0.0,0.0,408,408,0,0,0,1
2026-05-21,B,A01CN139,CN,2,419.0,354.0,354.0,65.0,0.0,0.0,555,555,0,0,0,1
2026-05-21,B,A01CN117,CN,2,419.0,308.0,230.27,111.0,77.73,0.0,314,314,0,0,0,1
2026-05-21,B,A01CN118,CN,2,373.0,215.0,177.87,158.0,37.13,0.0,232,232,0,0,0,1
2026-05-21,B,A01CN003,CN,3,384.0,383.0,383.0,1.0,0.0,0.0,1108,1108,0,0,0,1
2026-05-21,B,A01CN047,CN,3,99.0,52.0,50.17,47.0,1.83,0.0,86,86,0,0,0,1
2026-05-21,B,A01CN050,CN,3,383.0,365.0,365.0,18.0,0.0,0.0,668,668,0,0,0,1
2026-05-21,B,A01CN091,CN,3,374.0,353.0,353.0,21.0,0.0,0.0,1464,1464,0,0,0,1
2026-05-21,B,A01CN092,CN,3,384.0,361.0,361.0,23.0,0.0,0.55,1317,1315,2,0,2,1
2026-05-21,B,A01CN093,CN,3,374.0,361.0,361.0,13.0,0.0,0.0,1590,1590,0,0,0,1
2026-05-21,B,A01CN096,CN,3,374.0,357.0,357.0,17.0,0.0,0.0,1448,1448,0,0,0,1
2026-05-21,B,A01CN097,CN,3,384.0,375.0,372.68,9.0,2.32,0.0,1137,1137,0,0,0,1
2026-05-21,B,A01VMC04,VM,3,383.0,360.0,270.75,23.0,89.25,0.0,855,855,0,0,0,1
2026-05-21,B,A01CN101,CN,3,384.0,320.0,306.13,64.0,13.87,0.0,448,448,0,0,0,1
2026-05-21,B,A01HB021,HB,3,429.0,177.0,81.8,252.0,95.2,0.0,72,72,0,0,0,1
2026-05-21,B,A01CN027,CN,3,467.0,452.0,411.58,15.0,40.42,0.0,449,449,0,0,0,1
2026-05-21,B,A01CN028,CN,4,477.0,459.0,419.83,18.0,39.17,0.0,458,458,0,0,0,1
2026-05-21,B,A01TMC05,TM,4,564.0,554.0,554.0,10.0,0.0,0.0,1316,1316,0,0,0,1
2026-05-21,B,A01TMC06,TM,4,564.0,555.0,555.0,9.0,0.0,0.0,1356,1356,0,0,0,1
2026-05-21,B,A01TMC07,TM,4,592.0,545.0,545.0,47.0,0.0,0.0,1152,1152,0,0,0,1
2026-05-21,B,A01CN042,CN,4,226.0,132.0,128.7,94.0,3.3,0.0,234,234,0,0,0,1
2026-05-21,B,A01CN015,CN,5,556.0,542.0,542.0,14.0,0.0,0.0,2007,2007,0,0,0,1
2026-05-21,B,A01CN023,CN,5,555.0,539.0,539.0,16.0,0.0,0.0,1721,1721,0,0,0,1
2026-05-21,B,A01CN026,CN,5,554.0,530.0,530.0,24.0,0.0,0.0,1770,1770,0,0,0,1
2026-05-21,B,A01CN067,CN,5,459.0,325.0,308.1,134.0,16.9,0.0,474,474,0,0,0,1
2026-05-21,B,A01CN088,CN,5,519.0,407.0,407.0,112.0,0.0,0.0,517,517,0,0,0,1
2026-05-21,B,A01CN089,CN,5,549.0,480.0,480.0,69.0,0.0,0.0,562,562,0,0,0,1
2026-05-21,B,A01CN105,CN,5,549.0,16.0,7.5,533.0,8.5,0.0,18,18,0,0,0,1
2026-05-21,B,A01CN106,CN,5,549.0,513.0,471.47,36.0,41.53,0.0,442,442,0,0,0,1
2026-05-21,B,A01CN107,CN,5,549.0,427.0,372.0,122.0,55.0,0.0,465,465,0,0,0,1
2026-05-21,B,A01CN113,CN,5,544.0,425.0,380.83,119.0,44.17,0.0,457,457,0,0,0,1
2026-05-21,B,A01CN114,CN,5,544.0,494.0,494.0,50.0,0.0,0.0,1163,1163,0,0,0,1
2026-05-21,B,A01CN048,CN,6,325.0,277.0,277.0,48.0,0.0,0.0,478,478,0,0,0,1
2026-05-21,B,A01CN051,CN,6,325.0,260.0,260.0,65.0,0.0,0.0,456,456,0,0,0,1
2026-05-21,B,A01CN001,CN,6,614.0,493.0,493.0,121.0,0.0,0.0,494,494,0,0,0,1
2026-05-21,B,A01CN005,CN,6,614.0,584.0,487.5,30.0,96.5,0.0,650,650,0,0,0,1
2026-05-21,B,A01CN017,CN,6,614.0,504.0,489.75,110.0,14.25,0.0,653,653,0,0,0,1
2026-05-21,B,A01CN018,CN,6,614.0,581.0,581.0,33.0,0.0,0.0,785,785,0,0,0,1
2026-05-21,B,A01CN024,CN,6,614.0,565.0,345.33,49.0,219.67,0.0,592,592,0,0,0,1
2026-05-21,B,A01CN030,CN,6,614.0,485.0,484.0,129.0,1.0,0.0,484,484,0,0,0,1
2026-05-21,B,A01CN041,CN,6,614.0,552.0,552.0,62.0,0.0,0.0,751,751,0,0,0,1
2026-05-21,B,A01CN065,CN,6,614.0,521.0,449.25,93.0,71.75,0.0,599,599,0,0,0,1
2026-05-21,B,A01CN070,CN,6,624.0,557.0,487.0,67.0,70.0,0.0,487,487,0,0,0,1
2026-05-21,B,A01CN081,CN,6,614.0,549.0,538.0,65.0,11.0,0.0,538,538,0,0,0,1
2026-05-21,B,A01CN085,CN,6,624.0,590.0,590.0,34.0,0.0,0.0,591,591,0,0,0,1
2026-05-21,B,A01CN098,CN,6,614.0,522.0,522.0,92.0,0.0,0.0,537,537,0,0,0,1
2026-05-21,B,A01CN099,CN,6,624.0,564.0,564.0,60.0,0.0,0.0,583,583,0,0,0,1
2026-05-21,B,A01CN020,CN,6,634.0,603.0,443.5,31.0,159.5,0.0,887,887,0,0,0,1
2026-05-21,B,A01CN112,CN,6,634.0,590.0,418.0,44.0,172.0,0.0,418,418,0,0,0,1
2026-05-21,B,A01VMC03,VM,6,648.0,580.0,580.0,68.0,0.0,0.0,2640,2640,0,0,0,1
2026-05-21,B,A01VMC05,VM,6,161.0,90.0,90.0,71.0,0.0,0.0,336,336,0,0,0,1
2026-05-21,B,A01VMC09,VM,6,665.0,465.0,465.0,200.0,0.0,0.0,1500,1500,0,0,0,1
2026-05-21,B,A01VMC12,VM,6,656.0,616.0,612.75,40.0,3.25,0.0,1935,1935,0,0,0,1
2026-05-21,B,A01VMC15,VM,6,648.0,558.0,450.0,90.0,108.0,0.0,1500,1500,0,0,0,1
2026-05-21,B,A01CN062,CN,7,339.0,310.0,298.67,29.0,11.33,0.0,512,512,0,0,0,1
2026-05-21,B,A01CN068,CN,7,339.0,310.0,294.0,29.0,16.0,0.58,504,503,1,0,1,1
2026-05-21,B,A01HB025,HB,7,673.0,608.0,608.0,65.0,0.0,0.0,867,867,0,0,0,1
2026-05-21,B,A01HB014,HB,7,663.0,614.0,602.43,49.0,11.57,0.0,1007,1007,0,0,0,1
2026-05-21,B,A01HB022,HB,7,679.0,595.0,595.0,84.0,0.0,0.0,540,540,0,0,0,1
2026-05-21,B,A01HB023,HB,7,679.0,598.0,598.0,81.0,0.0,0.0,770,770,0,0,0,1
2026-05-21,B,A01HB024,HB,7,679.0,608.0,526.9,71.0,81.1,0.0,726,726,0,0,0,1
2026-05-21,B,A01VMC16,VM,7,660.0,536.0,517.5,124.0,18.5,0.0,1725,1725,0,0,0,1
2026-05-21,B,A01TMC04,TM,7,701.0,210.0,206.27,491.0,3.73,0.0,238,238,0,0,0,1
2026-05-22,A,A01CN041,CN,10,49.0,23.0,21.75,26.0,1.25,0.0,29,29,0,0,0,1
2026-05-22,A,A01CN065,CN,10,49.0,19.0,19.0,30.0,0.0,0.0,29,29,0,0,0,1
2026-05-22,A,A01CN049,CN,11,104.0,10.0,10.0,94.0,0.0,0.0,23,23,0,0,0,1
2026-05-22,A,A01CN069,CN,12,130.0,0.0,0.0,130.0,0.0,0.0,0,0,0,0,0,1
2026-05-22,A,A01TRP35,TR,12,109.0,1.0,0.0,108.0,1.0,0.0,0,0,0,0,0,1
2026-05-22,A,A01CN138,CN,12,184.0,151.0,137.33,33.0,13.67,0.0,206,206,0,0,0,1
2026-05-22,A,A01TMC10,TM,12,550.0,533.52,533.52,16.48,0.0,0.0,682,682,0,0,0,1
2026-05-22,A,A01TMC01,TM,12,167.0,123.0,123.0,44.0,0.0,0.0,125,125,0,0,0,1
2026-05-22,A,A01CN014,CN,12,165.0,161.0,161.0,4.0,0.0,0.0,630,630,0,0,0,1
2026-05-22,A,A01CN015,CN,12,165.0,134.0,134.0,31.0,0.0,0.0,478,478,0,0,0,1
2026-05-22,A,A01CN021,CN,12,164.0,46.0,37.0,118.0,9.0,0.0,111,111,0,0,0,1
2026-05-22,A,A01CN022,CN,12,164.0,121.0,121.0,43.0,0.0,0.0,423,423,0,0,0,1
2026-05-22,A,A01CN023,CN,12,163.0,115.0,115.0,48.0,0.0,0.0,362,362,0,0,0,1
2026-05-22,A,A01CN026,CN,12,162.0,161.0,161.0,1.0,0.0,0.0,561,561,0,0,0,1
2026-05-22,A,A01CN067,CN,12,160.0,126.0,121.55,34.0,4.45,0.0,187,187,0,0,0,1
2026-05-22,A,A01CN071,CN,12,162.0,141.0,141.0,21.0,0.0,0.0,511,511,0,0,0,1
2026-05-22,A,A01CN078,CN,12,160.0,143.0,129.5,17.0,13.5,0.0,259,259,0,0,0,1
2026-05-22,A,A01CN080,CN,12,162.0,151.0,151.0,11.0,0.0,0.0,478,478,0,0,0,1
2026-05-22,A,A01CN094,CN,12,129.0,125.0,110.0,4.0,15.0,0.0,264,264,0,0,0,1
2026-05-22,A,A01CN101,CN,12,129.0,0.0,0.0,129.0,0.0,0.0,1,1,0,0,0,1
2026-05-22,A,A01BR005,BR,12,160.0,98.0,98.0,62.0,0.0,0.0,1072,1072,0,0,0,1
2026-05-22,A,A01CN139,CN,14,115.0,110.0,106.67,5.0,3.33,0.0,160,160,0,0,0,1
2026-05-22,A,A01TMC04,TM,14,204.0,195.0,175.07,9.0,19.93,0.0,202,202,0,0,0,1
2026-05-22,A,A01CN064,CN,15,315.0,272.0,216.0,43.0,56.0,0.0,216,216,0,0,0,1
2026-05-22,A,A01CN111,CN,15,314.0,148.0,86.4,166.0,61.6,0.0,144,144,0,0,0,1
2026-05-22,A,A01CN084,CN,16,98.0,72.0,58.33,26.0,13.67,0.0,350,350,0,0,0,1
2026-05-22,A,A01HB001,HB,16,324.0,318.0,249.33,6.0,68.67,0.0,660,660,0,0,0,1
2026-05-22,A,A01HB002,HB,16,324.0,307.0,273.0,17.0,34.0,2.6,630,624,0,6,6,1
2026-05-22,A,A01HB003,HB,16,324.0,315.0,308.95,9.0,6.05,0.0,888,888,0,0,0,1
2026-05-22,A,A01HB007,HB,16,324.0,286.0,286.0,38.0,0.0,0.0,704,704,0,0,0,1
2026-05-22,A,A01CN107,CN,16,318.0,290.0,261.6,28.0,28.4,0.0,327,327,0,0,0,1
2026-05-22,A,A01CN024,CN,16,364.0,343.0,281.17,21.0,61.83,0.0,482,482,0,0,0,1
2026-05-22,A,A01CN004,CN,16,304.0,198.0,127.17,106.0,70.83,0.0,218,218,0,0,0,1
2026-05-22,A,A01CN006,CN,16,304.0,176.0,158.33,128.0,17.67,0.0,190,190,0,0,0,1
2026-05-22,A,A01CN013,CN,16,304.0,264.0,264.0,40.0,0.0,0.0,573,573,0,0,0,1
2026-05-22,A,A01CN025,CN,16,304.0,160.0,110.4,144.0,49.6,0.0,414,414,0,0,0,1
2026-05-22,A,A01CN031,CN,16,304.0,254.0,144.9,50.0,109.1,0.0,483,483,0,0,0,1
2026-05-22,A,A01CN038,CN,16,304.0,294.0,290.7,10.0,3.3,0.0,918,918,0,0,0,1
2026-05-22,A,A01CN039,CN,16,304.0,289.0,273.6,15.0,15.4,0.0,864,864,0,0,0,1
2026-05-22,A,A01CN133,CN,16,304.0,277.0,277.0,27.0,0.0,0.0,189,189,0,0,0,1
2026-05-22,A,A01CN090,CN,16,304.0,292.0,266.4,12.0,25.6,0.0,999,999,0,0,0,1
2026-05-22,A,A01CN091,CN,16,304.0,287.0,287.0,17.0,0.0,0.0,1095,1095,0,0,0,1
2026-05-22,A,A01CN092,CN,16,304.0,297.0,297.0,7.0,0.0,0.0,975,975,0,0,0,1
2026-05-22,A,A01CN093,CN,16,304.0,269.0,269.0,35.0,0.0,0.0,1035,1035,0,0,0,1
2026-05-22,A,A01CN096,CN,16,304.0,290.0,273.13,14.0,16.87,0.0,964,964,0,0,0,1
2026-05-22,A,A01CN097,CN,16,304.0,298.0,266.48,6.0,31.52,0.0,813,813,0,0,0,1
2026-05-22,A,A01CN134,CN,16,334.0,287.0,287.0,47.0,0.0,0.0,195,195,0,0,0,1
2026-05-22,A,A01CN102,CN,16,304.0,253.0,253.0,51.0,0.0,0.0,518,518,0,0,0,1
2026-05-22,A,A01CN103,CN,16,304.0,179.0,106.0,125.0,73.0,0.0,159,159,0,0,0,1
2026-05-22,A,A01CN017,CN,16,379.0,346.0,315.75,33.0,30.25,0.0,421,421,0,0,0,1
2026-05-22,A,A01CN027,CN,16,414.0,401.0,381.33,13.0,19.67,0.0,416,416,0,0,0,1
2026-05-22,A,A01CN028,CN,16,414.0,387.0,366.67,27.0,20.33,0.0,400,400,0,0,0,1
2026-05-22,A,A01CN098,CN,16,379.0,357.0,295.0,22.0,62.0,0.0,295,295,0,0,0,1
2026-05-22,A,A01TMC09,TM,16,427.0,404.0,404.0,23.0,0.0,0.0,913,913,0,0,0,1
2026-05-22,A,A01VMC04,VM,16,123.0,123.0,104.5,0.0,18.5,0.0,330,330,0,0,0,1
2026-05-22,A,A01TMC08,TM,16,427.0,401.0,401.0,26.0,0.0,0.0,927,927,0,0,0,1
2026-05-22,A,A01CN117,CN,16,394.0,287.0,254.47,107.0,32.53,0.0,347,347,0,0,0,1
2026-05-22,A,A01CN118,CN,16,394.0,349.0,349.0,45.0,0.0,0.0,471,471,0,0,0,1
2026-05-22,A,A01CN108,CN,16,369.0,326.0,195.0,43.0,131.0,0.0,195,195,0,0,0,1
2026-05-22,A,A01CN126,CN,16,409.0,29.0,19.67,380.0,9.33,0.0,59,59,0,0,0,1
2026-05-22,A,A01CN007,CN,16,102.0,33.0,16.67,69.0,16.33,0.0,50,50,0,0,0,1
2026-05-22,A,A01CN016,CN,16,349.0,322.0,322.0,27.0,0.0,0.0,531,531,0,0,0,1
2026-05-22,A,A01CN057,CN,16,394.0,297.0,283.2,97.0,13.8,0.0,944,944,0,0,0,1
2026-05-22,A,A01CN058,CN,16,394.0,332.0,322.33,62.0,9.67,0.33,967,966,0,1,1,1
2026-05-22,A,A01CN059,CN,16,394.0,332.0,321.0,62.0,11.0,0.0,963,963,0,0,0,1
2026-05-22,A,A01CN060,CN,16,394.0,296.0,296.0,98.0,0.0,0.0,997,997,0,0,0,1
2026-05-22,A,A01CN072,CN,16,394.0,342.0,288.9,52.0,53.1,0.0,963,963,0,0,0,1
2026-05-22,A,A01CN073,CN,16,394.0,299.0,299.0,95.0,0.0,0.0,919,919,0,0,0,1
2026-05-22,A,A01CN076,CN,16,394.0,309.0,283.2,85.0,25.8,0.0,944,944,0,0,0,1
2026-05-22,A,A01CN086,CN,16,345.0,298.0,229.63,47.0,68.37,0.0,332,332,0,0,0,1
2026-05-22,A,A01CN087,CN,16,364.0,257.0,207.2,107.0,49.8,0.0,444,444,0,0,0,1
2026-05-22,A,A01CN128,CN,16,369.0,360.0,360.0,9.0,0.0,0.0,644,644,0,0,0,1
2026-05-22,A,A01CN003,CN,16,324.0,307.0,307.0,17.0,0.0,1.58,776,772,2,2,4,1
2026-05-22,A,A01CN053,CN,17,424.0,380.0,373.8,44.0,6.2,0.0,1246,1246,0,0,0,1
2026-05-22,A,A01CN054,CN,17,424.0,395.0,395.0,29.0,0.0,0.0,1203,1203,0,0,0,1
2026-05-22,A,A01CN055,CN,17,424.0,331.0,312.33,93.0,18.67,0.0,937,937,0,0,0,1
2026-05-22,A,A01CN056,CN,17,424.0,345.0,326.7,79.0,18.3,0.6,1089,1087,2,0,2,1
2026-05-22,A,A01CN066,CN,17,319.0,0.0,0.0,319.0,0.0,0.0,0,0,0,0,0,1
2026-05-22,A,A01CN018,CN,17,454.0,422.0,390.75,32.0,31.25,0.0,521,521,0,0,0,1
2026-05-22,A,A01CN085,CN,17,203.0,183.0,169.6,20.0,13.4,0.0,159,159,0,0,0,1
2026-05-22,A,A01CN001,CN,17,223.0,202.0,165.0,21.0,37.0,0.0,165,165,0,0,0,1
2026-05-22,A,A01CN088,CN,18,436.0,396.0,396.0,40.0,0.0,0.0,499,499,0,0,0,1
2026-05-22,A,A01CN089,CN,18,436.0,257.0,247.87,179.0,9.13,0.0,286,286,0,0,0,1
2026-05-22,A,A01CN106,CN,18,435.0,376.0,371.2,59.0,4.8,0.0,348,348,0,0,0,1
2026-05-22,A,A01HB024,HB,18,504.0,469.0,415.13,35.0,53.87,0.0,572,572,0,0,0,1
2026-05-22,A,A01CN113,CN,18,439.0,339.0,339.0,100.0,0.0,0.0,410,410,0,0,0,1
2026-05-22,A,A01CN114,CN,18,439.0,374.0,374.0,65.0,0.0,0.0,866,866,0,0,0,1
2026-05-22,A,A01CN020,CN,18,464.0,419.0,345.5,45.0,73.5,0.0,691,691,0,0,0,1
2026-05-22,A,A01CN030,CN,18,494.0,479.0,456.0,15.0,23.0,0.0,456,456,0,0,0,1
2026-05-22,A,A01CN099,CN,18,489.0,456.0,429.0,33.0,27.0,0.0,429,429,0,0,0,1
2026-05-22,A,A01CN005,CN,18,494.0,438.0,395.25,56.0,42.75,0.0,527,527,0,0,0,1
2026-05-22,A,A01CN041,CN,18,303.0,284.0,220.5,19.0,63.5,0.0,294,294,0,0,0,1
2026-05-22,A,A01CN065,CN,18,303.0,271.0,194.25,32.0,76.75,0.0,259,259,0,0,0,1
2026-05-22,A,A01CN070,CN,18,489.0,146.0,89.0,343.0,57.0,0.0,89,89,0,0,0,1
2026-05-22,A,A01CN081,CN,18,499.0,460.0,369.0,39.0,91.0,0.0,369,369,0,0,0,1
2026-05-22,A,A01CN083,CN,18,494.0,428.0,428.0,66.0,0.0,0.0,2670,2670,0,0,0,1
2026-05-22,A,A01VMC10,VM,18,509.0,479.0,386.67,30.0,92.33,0.0,2320,2320,0,0,0,1
2026-05-22,A,A01CN132,CN,18,524.0,478.0,379.87,46.0,98.13,0.0,616,616,0,0,0,1
2026-05-22,A,A01CN042,CN,18,517.0,478.0,442.2,39.0,35.8,0.0,804,804,0,0,0,1
2026-05-22,A,A01CN044,CN,18,196.0,58.0,26.4,138.0,31.6,0.0,48,48,0,0,0,1
2026-05-22,A,A01CN045,CN,18,524.0,497.0,422.33,27.0,74.67,0.58,724,723,1,0,1,1
2026-05-22,A,A01CN046,CN,18,524.0,457.0,431.67,67.0,25.33,0.0,740,740,0,0,0,1
2026-05-22,A,A01CN047,CN,18,524.0,377.0,320.83,147.0,56.17,0.0,550,550,0,0,0,1
2026-05-22,A,A01CN050,CN,18,524.0,486.0,410.67,38.0,75.33,1.75,704,701,0,3,3,1
2026-05-22,A,A01CN062,CN,18,539.0,506.0,493.5,33.0,12.5,0.58,846,845,0,1,1,1
2026-05-22,A,A01CN068,CN,18,539.0,507.0,492.33,32.0,14.67,0.0,844,844,0,0,0,1
2026-05-22,A,A01CN075,CN,18,270.0,187.0,151.67,83.0,35.33,1.17,260,258,0,2,2,1
2026-05-22,A,A01TMC05,TM,18,2.0,0.0,0.0,2.0,0.0,0.0,0,0,0,0,0,1
2026-05-22,A,A01TMC06,TM,18,547.0,498.0,498.0,49.0,0.0,0.0,1151,1151,0,0,0,1
2026-05-22,A,A01VMC03,VM,18,514.0,194.0,190.0,320.0,4.0,0.0,760,760,0,0,0,1
2026-05-22,A,A01VMC05,VM,18,523.0,482.0,364.8,41.0,117.2,0.0,1216,1216,0,0,0,1
2026-05-22,A,A01VMC09,VM,18,199.0,144.0,128.25,55.0,15.75,0.0,405,405,0,0,0,1
2026-05-22,A,A01VMC11,VM,18,199.0,184.0,184.0,15.0,0.0,0.31,600,599,0,1,1,1
2026-05-22,A,A01VMC12,VM,18,549.0,520.0,494.0,29.0,26.0,0.95,1560,1557,3,0,3,1
2026-05-22,A,A01HB022,HB,18,529.0,465.0,465.0,64.0,0.0,0.0,468,468,0,0,0,1
2026-05-22,A,A01HB023,HB,18,529.0,490.0,490.0,39.0,0.0,0.0,616,616,0,0,0,1
2026-05-22,A,A01VMC15,VM,18,519.0,502.0,468.0,17.0,34.0,0.0,1560,1560,0,0,0,1
2026-05-22,A,A01VMC16,VM,18,539.0,521.0,445.5,18.0,75.5,0.0,1485,1485,0,0,0,1
2026-05-22,A,A01VMC18,VM,18,243.0,223.0,223.0,20.0,0.0,0.0,732,732,0,0,0,1
2026-05-22,A,A01CN112,CN,18,489.0,463.0,391.0,26.0,72.0,0.0,391,391,0,0,0,1
2026-05-22,A,A01CN129,CN,18,529.0,0.0,0.0,529.0,0.0,0.0,0,0,0,0,0,1
2026-05-22,A,A01CN048,CN,18,529.0,443.0,350.0,86.0,93.0,0.0,600,600,0,0,0,1
2026-05-22,A,A01CN051,CN,18,529.0,481.0,413.0,48.0,68.0,0.0,708,708,0,0,0,1
2026-05-22,A,A01HB025,HB,18,229.0,229.0,229.0,0.0,0.0,0.0,680,680,0,0,0,1
2026-05-22,A,A01HB013,HB,18,421.0,402.0,331.57,19.0,70.43,0.0,490,490,0,0,0,1
2026-05-22,A,A01HB014,HB,18,535.0,502.0,500.13,33.0,1.87,0.0,836,836,0,0,0,1
2026-05-22,A,A01HB016,HB,18,196.0,157.0,154.0,39.0,3.0,0.0,252,252,0,0,0,1
2026-05-22,B,A01VMC11,VM,19,52.0,40.0,23.75,12.0,16.25,0.0,75,75,0,0,0,1
2026-05-22,B,A01CN090,CN,20,79.0,79.0,79.0,0.0,0.0,0.0,354,354,0,0,0,1
2026-05-22,B,A01CN086,CN,21,62.0,40.0,23.52,22.0,16.48,0.0,34,34,0,0,0,1
2026-05-22,B,A01CN087,CN,21,56.0,0.0,0.0,56.0,0.0,0.0,0,0,0,0,0,1
2026-05-22,B,A01CN077,CN,21,109.0,63.0,61.8,46.0,1.2,0.0,206,206,0,0,0,1
2026-05-22,B,A01CN075,CN,21,168.0,162.0,148.17,6.0,13.83,0.0,254,254,0,0,0,1
2026-05-22,B,A01CN053,CN,21,49.0,49.0,49.0,0.0,0.0,0.0,184,184,0,0,0,1
2026-05-22,B,A01CN054,CN,21,49.0,48.0,45.33,1.0,2.67,0.0,136,136,0,0,0,1
2026-05-22,B,A01CN056,CN,21,49.0,49.0,49.0,0.0,0.0,0.0,203,203,0,0,0,1
2026-05-22,B,A01CN058,CN,21,49.0,25.0,22.67,24.0,2.33,0.0,68,68,0,0,0,1
2026-05-22,B,A01CN059,CN,21,49.0,48.0,48.0,1.0,0.0,0.0,168,168,0,0,0,1
2026-05-22,B,A01CN060,CN,21,49.0,45.0,45.0,4.0,0.0,0.0,168,168,0,0,0,1
2026-05-22,B,A01CN072,CN,21,49.0,48.0,48.0,1.0,0.0,0.0,161,161,0,0,0,1
2026-05-22,B,A01CN076,CN,21,49.0,47.0,47.0,2.0,0.0,0.0,178,178,0,0,0,1
2026-05-22,B,A01HB008,HB,21,109.0,96.0,79.93,13.0,16.07,0.0,132,132,0,0,0,1
2026-05-22,B,A01HB010,HB,21,109.0,109.0,88.8,0.0,20.2,0.0,216,216,0,0,0,1
2026-05-22,B,A01HB001,HB,21,49.0,49.0,49.0,0.0,0.0,0.0,144,144,0,0,0,1
2026-05-22,B,A01HB002,HB,21,49.0,31.0,31.0,18.0,0.0,0.0,84,84,0,0,0,1
2026-05-22,B,A01HB003,HB,21,49.0,49.0,49.0,0.0,0.0,0.0,144,144,0,0,0,1
2026-05-22,B,A01HB004,HB,21,49.0,49.0,45.73,0.0,3.27,0.0,112,112,0,0,0,1
2026-05-22,B,A01HB005,HB,21,49.0,49.0,46.2,0.0,2.8,0.0,132,132,0,0,0,1
2026-05-22,B,A01HB006,HB,21,49.0,45.0,33.9,4.0,11.1,0.0,90,90,0,0,0,1
2026-05-22,B,A01HB007,HB,21,49.0,49.0,49.0,0.0,0.0,0.0,140,140,0,0,0,1
2026-05-22,B,A01HB009,HB,21,49.0,49.0,49.0,0.0,0.0,0.0,132,132,0,0,0,1
2026-05-22,B,A01HB011,HB,21,49.0,49.0,49.0,0.0,0.0,0.0,340,340,0,0,0,1
2026-05-22,B,A01HB012,HB,21,49.0,22.0,22.0,27.0,0.0,0.0,135,135,0,0,0,1
2026-05-22,B,A01HB015,HB,21,49.0,0.0,0.0,49.0,0.0,0.0,0,0,0,0,0,1
2026-05-22,B,A01HB017,HB,21,49.0,49.0,49.0,0.0,0.0,0.0,132,132,0,0,0,1
2026-05-22,B,A01HB018,HB,21,49.0,49.0,49.0,0.0,0.0,0.0,98,98,0,0,0,1
2026-05-22,B,A01HB019,HB,21,49.0,49.0,49.0,0.0,0.0,0.0,54,54,0,0,0,1
2026-05-22,B,A01HB020,HB,21,49.0,49.0,41.5,0.0,7.5,0.0,105,105,0,0,0,1
2026-05-22,B,A01CN016,CN,22,168.0,115.0,115.0,53.0,0.0,0.0,186,186,0,0,0,1
2026-05-22,B,A01CN021,CN,22,49.0,44.0,42.33,5.0,1.67,0.0,127,127,0,0,0,1
2026-05-22,B,A01CN022,CN,22,49.0,2.0,0.6,47.0,1.4,0.0,2,2,0,0,0,1
2026-05-22,B,A01CN023,CN,22,49.0,19.0,15.0,30.0,4.0,0.0,45,45,0,0,0,1
2026-05-22,B,A01CN078,CN,22,168.0,136.0,136.0,32.0,0.0,0.0,312,312,0,0,0,1
2026-05-22,B,A01CN079,CN,22,168.0,18.0,18.0,150.0,0.0,0.0,86,86,0,0,0,1
2026-05-22,B,A01CN080,CN,22,49.0,35.0,32.33,14.0,2.67,0.0,97,97,0,0,0,1
2026-05-22,B,A01CN083,CN,22,104.0,97.0,83.33,7.0,13.67,0.0,500,500,0,0,0,1
2026-05-22,B,A01CN084,CN,22,104.0,104.0,104.0,0.0,0.0,0.0,790,790,0,0,0,1
2026-05-22,B,A01CN089,CN,22,49.0,29.0,29.0,20.0,0.0,0.0,38,38,0,0,0,1
2026-05-22,B,A01CN095,CN,22,124.0,56.0,44.53,68.0,11.47,0.0,167,167,0,0,0,1
2026-05-22,B,A01BR007,BR,22,49.0,6.0,6.0,43.0,0.0,0.0,528,528,0,0,0,1
2026-05-22,B,A01TAP14,TA,22,49.0,13.0,13.0,36.0,0.0,0.0,221,221,0,0,0,1
2026-05-22,B,A01CN055,CN,22,48.0,36.0,36.0,12.0,0.0,0.0,131,131,0,0,0,1
2026-05-22,B,A01CN073,CN,22,47.0,43.0,40.33,4.0,2.67,0.0,121,121,0,0,0,1
2026-05-22,B,A01CN064,CN,22,109.0,84.0,62.0,25.0,22.0,0.0,62,62,0,0,0,1
2026-05-22,B,A01CN111,CN,22,109.0,97.0,68.4,12.0,28.6,0.0,114,114,0,0,0,1
2026-05-22,B,A01TMC01,TM,22,194.0,192.0,192.0,2.0,0.0,1.94,198,196,1,1,2,1
2026-05-22,B,A01TMC02,TM,22,194.0,192.0,192.0,2.0,0.0,0.0,179,179,0,0,0,1
2026-05-22,B,A01TMC04,TM,22,194.0,182.0,182.0,12.0,0.0,0.0,228,228,0,0,0,1
2026-05-22,B,A01HB013,HB,22,159.0,141.0,141.0,18.0,0.0,0.0,210,210,0,0,0,1
2026-05-22,B,A01CN038,CN,23,154.0,18.0,18.0,136.0,0.0,0.0,69,69,0,0,0,1
2026-05-22,B,A01CN039,CN,23,154.0,154.0,154.0,0.0,0.0,0.0,630,630,0,0,0,1
2026-05-22,B,A01CN091,CN,23,154.0,96.0,96.0,58.0,0.0,0.0,246,246,0,0,0,1
2026-05-22,B,A01CN124,CN,23,139.0,114.0,81.03,25.0,32.97,0.0,187,187,0,0,0,1
2026-05-22,B,A01CN125,CN,23,139.0,133.0,50.67,6.0,82.33,0.0,160,160,0,0,0,1
2026-05-22,B,A01CN130,CN,23,139.0,136.0,136.0,3.0,0.0,0.0,280,280,0,0,0,1
2026-05-22,B,A01CN131,CN,23,139.0,139.0,139.0,0.0,0.0,0.0,294,294,0,0,0,1
2026-05-22,B,A01CN135,CN,23,169.0,0.0,0.0,169.0,0.0,0.0,0,0,0,0,0,1
2026-05-22,B,A01CN002,CN,23,79.0,70.0,70.0,9.0,0.0,0.0,106,106,0,0,0,1
2026-05-22,B,A01CN013,CN,23,229.0,124.0,124.0,105.0,0.0,0.0,333,333,0,0,0,1
2026-05-22,B,A01CN094,CN,23,204.0,193.0,175.0,11.0,18.0,0.0,420,420,0,0,0,1
2026-05-22,B,A01CN104,CN,23,204.0,203.0,203.0,1.0,0.0,0.0,486,486,0,0,0,1
2026-05-22,B,A01CN014,CN,0,288.0,284.0,284.0,4.0,0.0,0.0,1042,1042,0,0,0,1
2026-05-22,B,A01CN026,CN,0,288.0,252.0,252.0,36.0,0.0,0.0,908,908,0,0,0,1
2026-05-22,B,A01CN057,CN,0,49.0,46.0,46.0,3.0,0.0,0.0,172,172,0,0,0,1
2026-05-22,B,A01CN004,CN,2,364.0,338.0,327.83,26.0,10.17,0.0,562,562,0,0,0,1
2026-05-22,B,A01CN006,CN,2,364.0,328.0,328.0,36.0,0.0,0.0,458,458,0,0,0,1
2026-05-22,B,A01CN008,CN,2,364.0,349.0,349.0,15.0,0.0,0.0,422,422,0,0,0,1
2026-05-22,B,A01CN063,CN,2,401.0,155.0,155.0,246.0,0.0,0.0,543,543,0,0,0,1
2026-05-22,B,A01CN133,CN,2,364.0,348.0,348.0,16.0,0.0,0.0,271,271,0,0,0,1
2026-05-22,B,A01CN120,CN,2,423.0,318.0,318.0,105.0,0.0,0.0,404,404,0,0,0,1
2026-05-22,B,A01CN134,CN,2,394.0,378.0,378.0,16.0,0.0,2.74,276,274,2,0,2,1
2026-05-22,B,A01VMC06,VM,2,401.0,360.0,240.0,41.0,120.0,0.0,240,240,0,0,0,1
2026-05-22,B,A01CN100,CN,2,177.0,27.0,15.33,150.0,11.67,0.0,23,23,0,0,0,1
2026-05-22,B,A01CN138,CN,2,404.0,395.0,395.0,9.0,0.0,0.0,691,691,0,0,0,1
2026-05-22,B,A01CN139,CN,2,404.0,394.0,394.0,10.0,0.0,0.0,642,642,0,0,0,1
2026-05-22,B,A01CN117,CN,2,399.0,346.0,293.33,53.0,52.67,0.0,400,400,0,0,0,1
2026-05-22,B,A01CN118,CN,2,399.0,364.0,347.3,35.0,16.7,0.0,453,453,0,0,0,1
2026-05-22,B,A01CN003,CN,3,384.0,367.0,367.0,17.0,0.0,0.0,1026,1026,0,0,0,1
2026-05-22,B,A01CN092,CN,3,384.0,376.0,376.0,8.0,0.0,0.0,1497,1497,0,0,0,1
2026-05-22,B,A01CN096,CN,3,374.0,353.0,353.0,21.0,0.0,0.25,1416,1415,1,0,1,1
2026-05-22,B,A01CN097,CN,3,384.0,384.0,384.0,0.0,0.0,0.0,1245,1245,0,0,0,1
2026-05-22,B,A01CN103,CN,3,147.0,88.0,45.42,59.0,42.58,0.0,109,109,0,0,0,1
2026-05-22,B,A01BR005,BR,3,428.0,352.0,352.0,76.0,0.0,0.0,4436,4436,0,0,0,1
2026-05-22,B,A01HB021,HB,3,429.0,0.0,0.0,429.0,0.0,0.0,0,0,0,0,0,1
2026-05-22,B,A01VMC18,VM,3,359.0,255.0,255.0,104.0,0.0,0.0,940,940,0,0,0,1
2026-05-22,B,A01CN027,CN,3,498.0,479.0,438.17,19.0,40.83,0.0,478,478,0,0,0,1
2026-05-22,B,A01CN028,CN,4,508.0,481.0,451.92,27.0,29.08,0.0,493,493,0,0,0,1
2026-05-22,B,A01CN066,CN,4,514.0,0.0,0.0,514.0,0.0,0.0,0,0,0,0,0,1
2026-05-22,B,A01TMC07,TM,4,564.0,548.0,548.0,16.0,0.0,0.0,1321,1321,0,0,0,1
2026-05-22,B,A01TMC09,TM,4,566.0,561.0,561.0,5.0,0.0,0.0,1347,1347,0,0,0,1
2026-05-22,B,A01TMC08,TM,4,566.0,561.0,561.0,5.0,0.0,0.0,1359,1359,0,0,0,1
2026-05-22,B,A01CN007,CN,5,369.0,144.0,144.0,225.0,0.0,0.0,300,300,0,0,0,1
2026-05-22,B,A01CN015,CN,5,548.0,95.0,95.0,453.0,0.0,0.0,288,288,0,0,0,1
2026-05-22,B,A01CN071,CN,5,424.0,379.0,379.0,45.0,0.0,0.0,1324,1324,0,0,0,1
2026-05-22,B,A01CN088,CN,5,459.0,389.0,389.0,70.0,0.0,0.0,612,612,0,0,0,1
2026-05-22,B,A01CN105,CN,5,548.0,405.0,175.42,143.0,229.58,0.0,421,421,0,0,0,1
2026-05-22,B,A01CN107,CN,5,548.0,436.0,436.0,112.0,0.0,0.0,627,627,0,0,0,1
2026-05-22,B,A01CN113,CN,5,548.0,421.0,421.0,127.0,0.0,0.0,509,509,0,0,0,1
2026-05-22,B,A01CN114,CN,5,548.0,526.0,526.0,22.0,0.0,0.0,1310,1310,0,0,0,1
2026-05-22,B,A01CN045,CN,6,613.0,535.0,476.0,78.0,59.0,0.0,816,816,0,0,0,1
2026-05-22,B,A01CN046,CN,6,613.0,253.0,253.0,360.0,0.0,0.0,452,452,0,0,0,1
2026-05-22,B,A01CN001,CN,6,564.0,470.0,465.0,94.0,5.0,0.0,465,465,0,0,0,1
2026-05-22,B,A01CN005,CN,6,564.0,500.0,387.75,64.0,112.25,0.0,517,517,0,0,0,1
2026-05-22,B,A01CN018,CN,6,564.0,524.0,524.0,40.0,0.0,0.0,718,718,0,0,0,1
2026-05-22,B,A01CN024,CN,6,564.0,460.0,265.42,104.0,194.58,0.0,455,455,0,0,0,1
2026-05-22,B,A01CN030,CN,6,564.0,448.0,430.0,116.0,18.0,0.0,430,430,0,0,0,1
2026-05-22,B,A01CN041,CN,6,564.0,476.0,476.0,88.0,0.0,0.0,681,681,0,0,0,1
2026-05-22,B,A01CN065,CN,6,564.0,418.0,396.0,146.0,22.0,0.0,528,528,0,0,0,1
2026-05-22,B,A01CN070,CN,6,574.0,41.0,0.0,533.0,41.0,0.0,0,0,0,0,0,1
2026-05-22,B,A01CN081,CN,6,564.0,460.0,460.0,104.0,0.0,0.0,494,494,0,0,0,1
2026-05-22,B,A01CN085,CN,6,574.0,517.0,517.0,57.0,0.0,0.0,514,514,0,0,0,1
2026-05-22,B,A01CN098,CN,6,564.0,443.0,443.0,121.0,0.0,0.0,477,477,0,0,0,1
2026-05-22,B,A01CN099,CN,6,574.0,510.0,510.0,64.0,0.0,0.0,527,527,0,0,0,1
2026-05-22,B,A01HB016,HB,6,599.0,599.0,594.0,0.0,5.0,0.0,972,972,0,0,0,1
2026-05-22,B,A01CN020,CN,6,589.0,0.0,0.0,589.0,0.0,0.0,1,1,0,0,0,1
2026-05-22,B,A01CN108,CN,6,589.0,518.0,518.0,71.0,0.0,0.0,522,522,0,0,0,1
2026-05-22,B,A01CN112,CN,6,589.0,542.0,443.0,47.0,99.0,0.0,443,443,0,0,0,1
2026-05-22,B,A01TMC05,TM,6,684.0,595.0,595.0,89.0,0.0,0.0,1404,1404,0,0,0,1
2026-05-22,B,A01TMC06,TM,6,684.0,583.0,583.0,101.0,0.0,0.0,1410,1410,0,0,0,1
2026-05-22,B,A01TMC10,TM,6,684.0,587.0,587.0,97.0,0.0,0.0,617,617,0,0,0,1
2026-05-22,B,A01CN047,CN,6,668.0,273.0,270.67,395.0,2.33,0.0,464,464,0,0,0,1
2026-05-22,B,A01CN050,CN,6,668.0,477.0,462.0,191.0,15.0,0.0,792,792,0,0,0,1
2026-05-22,B,A01CN074,CN,6,678.0,583.0,583.0,95.0,0.0,0.56,1050,1049,0,1,1,1
2026-05-22,B,A01VMC03,VM,6,669.0,559.0,559.0,110.0,0.0,0.0,6960,6960,0,0,0,1
2026-05-22,B,A01VMC05,VM,6,649.0,396.0,273.6,253.0,122.4,0.0,912,912,0,0,0,1
2026-05-22,B,A01VMC09,VM,6,672.0,598.0,598.0,74.0,0.0,0.0,1935,1935,0,0,0,1
2026-05-22,B,A01VMC10,VM,6,672.0,559.0,506.67,113.0,52.33,0.0,3040,3040,0,0,0,1
2026-05-22,B,A01VMC12,VM,6,664.0,616.0,612.75,48.0,3.25,0.0,1935,1935,0,0,0,1
2026-05-22,B,A01VMC15,VM,6,672.0,557.0,526.5,115.0,30.5,0.0,1755,1755,0,0,0,1
2026-05-22,B,A01CN042,CN,7,654.0,548.0,465.3,106.0,82.7,0.0,846,846,0,0,0,1
2026-05-22,B,A01CN044,CN,7,654.0,412.0,306.9,242.0,105.1,0.0,558,558,0,0,0,1
2026-05-22,B,A01CN048,CN,7,650.0,569.0,518.0,81.0,51.0,0.0,888,888,0,0,0,1
2026-05-22,B,A01CN051,CN,7,649.0,603.0,589.17,46.0,13.83,0.0,1010,1010,0,0,0,1
2026-05-22,B,A01CN062,CN,7,684.0,58.0,58.0,626.0,0.0,0.0,112,112,0,0,0,1
2026-05-22,B,A01CN068,CN,7,674.0,293.0,243.83,381.0,49.17,0.0,418,418,0,0,0,1
2026-05-22,B,A01HB025,HB,7,638.0,591.0,591.0,47.0,0.0,0.0,816,816,0,0,0,1
2026-05-22,B,A01HB014,HB,7,629.0,594.0,579.7,35.0,14.3,0.0,969,969,0,0,0,1
2026-05-22,B,A01HB022,HB,7,604.0,508.0,508.0,96.0,0.0,0.0,468,468,0,0,0,1
2026-05-22,B,A01HB023,HB,7,604.0,506.0,506.0,98.0,0.0,0.0,682,682,0,0,0,1
2026-05-22,B,A01HB024,HB,7,604.0,527.0,479.0,77.0,48.0,0.0,660,660,0,0,0,1
2026-05-22,B,A01VMC16,VM,7,683.0,410.0,382.5,273.0,27.5,0.0,1275,1275,0,0,0,1
2026-05-23,B,A01VMC11,VM,8,701.0,571.0,513.0,130.0,58.0,0.0,1620,1620,0,0,0,1
2026-05-23,A,A01CN004,CN,10,19.0,12.0,11.67,7.0,0.33,0.0,20,20,0,0,0,1
2026-05-23,A,A01CN013,CN,11,79.0,74.0,74.0,5.0,0.0,0.0,201,201,0,0,0,1
2026-05-23,A,A01CN049,CN,11,104.0,95.0,95.0,9.0,0.0,0.0,113,113,0,0,0,1
2026-05-23,A,A01HB013,HB,11,175.0,164.0,155.63,11.0,8.37,0.0,230,230,0,0,0,1
2026-05-23,A,A01TMC01,TM,12,169.0,140.0,133.33,29.0,6.67,2.13,125,123,1,1,2,1
2026-05-23,A,A01CN025,CN,12,144.0,113.0,63.2,31.0,49.8,0.0,237,237,0,0,0,1
2026-05-23,A,A01CN031,CN,12,144.0,84.0,54.0,60.0,30.0,0.0,180,180,0,0,0,1
2026-05-23,A,A01CN094,CN,12,144.0,142.0,135.0,2.0,7.0,0.0,324,324,0,0,0,1
2026-05-23,A,A01HB015,HB,12,135.0,0.0,0.0,135.0,0.0,0.0,0,0,0,0,0,1
2026-05-23,A,A01BR007,BR,14,84.0,45.0,45.0,39.0,0.0,0.0,668,668,0,0,0,1
2026-05-23,A,A01CN139,CN,14,244.0,217.0,202.67,27.0,14.33,0.0,304,304,0,0,0,1
2026-05-23,A,A01TMC04,TM,14,194.0,175.0,173.33,19.0,1.67,0.0,200,200,0,0,0,1
2026-05-23,A,A01CN064,CN,15,320.0,269.0,154.0,51.0,115.0,0.0,154,154,0,0,0,1
2026-05-23,A,A01CN111,CN,15,319.0,210.0,112.8,109.0,97.2,0.0,188,188,0,0,0,1
2026-05-23,A,A01CN078,CN,16,204.0,150.0,150.0,54.0,0.0,0.0,327,327,0,0,0,1
2026-05-23,A,A01HB001,HB,16,305.0,294.0,256.13,11.0,37.87,0.0,678,678,0,0,0,1
2026-05-23,A,A01HB002,HB,16,305.0,296.0,262.6,9.0,33.4,0.43,606,605,0,1,1,1
2026-05-23,A,A01HB003,HB,16,305.0,295.0,295.0,10.0,0.0,0.0,872,872,0,0,0,1
2026-05-23,A,A01HB004,HB,16,305.0,293.0,264.6,12.0,28.4,0.0,648,648,0,0,0,1
2026-05-23,A,A01HB005,HB,16,305.0,297.0,297.0,8.0,0.0,0.0,882,882,0,0,0,1
2026-05-23,A,A01HB006,HB,16,305.0,296.0,258.02,9.0,37.98,0.0,685,685,0,0,0,1
2026-05-23,A,A01HB007,HB,16,305.0,292.0,268.95,13.0,23.05,0.0,652,652,0,0,0,1
2026-05-23,A,A01HB008,HB,16,305.0,292.0,221.1,13.0,70.9,0.0,693,693,0,0,0,1
2026-05-23,A,A01HB009,HB,16,305.0,300.0,300.0,5.0,0.0,0.0,738,738,0,0,0,1
2026-05-23,A,A01HB011,HB,16,305.0,300.0,300.0,5.0,0.0,0.0,1680,1680,0,0,0,1
2026-05-23,A,A01HB012,HB,16,305.0,133.0,133.0,172.0,0.0,0.0,735,735,0,0,0,1
2026-05-23,A,A01HB017,HB,16,305.0,292.0,232.5,13.0,59.5,0.0,540,540,0,0,0,1
2026-05-23,A,A01HB018,HB,16,305.0,295.0,295.0,10.0,0.0,0.0,438,438,0,0,0,1
2026-05-23,A,A01CN107,CN,16,207.0,190.0,190.0,17.0,0.0,0.0,267,267,0,0,0,1
2026-05-23,A,A01CN024,CN,16,364.0,303.0,262.5,61.0,40.5,0.0,450,450,0,0,0,1
2026-05-23,A,A01CN002,CN,16,334.0,283.0,225.0,51.0,58.0,0.0,225,225,0,0,0,1
2026-05-23,A,A01CN006,CN,16,334.0,261.0,252.5,73.0,8.5,0.0,303,303,0,0,0,1
2026-05-23,A,A01CN008,CN,16,334.0,300.0,300.0,34.0,0.0,0.0,333,333,0,0,0,1
2026-05-23,A,A01CN039,CN,16,334.0,324.0,322.05,10.0,1.95,0.0,1017,1017,0,0,0,1
2026-05-23,A,A01CN133,CN,16,334.0,301.0,301.0,33.0,0.0,0.0,215,215,0,0,0,1
2026-05-23,A,A01CN092,CN,16,334.0,322.0,322.0,12.0,0.0,1.86,1038,1032,6,0,6,1
2026-05-23,A,A01CN093,CN,16,334.0,324.0,324.0,10.0,0.0,0.0,1098,1098,0,0,0,1
2026-05-23,A,A01CN095,CN,16,334.0,239.0,239.0,95.0,0.0,0.0,1021,1021,0,0,0,1
2026-05-23,A,A01CN096,CN,16,334.0,331.0,331.0,3.0,0.0,0.0,1276,1276,0,0,0,1
2026-05-23,A,A01CN097,CN,16,334.0,326.0,310.73,8.0,15.27,0.0,948,948,0,0,0,1
2026-05-23,A,A01CN134,CN,16,364.0,295.0,295.0,69.0,0.0,4.15,213,210,3,0,3,1
2026-05-23,A,A01CN102,CN,16,334.0,209.0,140.08,125.0,68.92,0.0,205,205,0,0,0,1
2026-05-23,A,A01CN103,CN,16,334.0,257.0,151.25,77.0,105.75,0.0,363,363,0,0,0,1
2026-05-23,A,A01CN017,CN,16,374.0,269.0,252.75,105.0,16.25,0.0,337,337,0,0,0,1
2026-05-23,A,A01CN098,CN,16,374.0,369.0,369.0,5.0,0.0,0.0,370,370,0,0,0,1
2026-05-23,A,A01TMC07,TM,16,416.0,400.0,400.0,16.0,0.0,0.0,959,959,0,0,0,1
2026-05-23,A,A01TMC09,TM,16,415.0,404.0,404.0,11.0,0.0,0.0,949,949,0,0,0,1
2026-05-23,A,A01TMC08,TM,16,416.0,392.0,392.0,24.0,0.0,0.0,928,928,0,0,0,1
2026-05-23,A,A01CN117,CN,16,389.0,369.0,369.0,20.0,0.0,0.0,521,521,0,0,0,1
2026-05-23,A,A01CN118,CN,16,389.0,369.0,351.13,20.0,17.87,0.0,458,458,0,0,0,1
2026-05-23,A,A01CN108,CN,16,374.0,261.0,141.0,113.0,120.0,0.0,141,141,0,0,0,1
2026-05-23,A,A01CN126,CN,16,409.0,202.0,107.67,207.0,94.33,0.0,323,323,0,0,0,1
2026-05-23,A,A01CN007,CN,16,233.0,146.0,144.0,87.0,2.0,0.0,288,288,0,0,0,1
2026-05-23,A,A01CN016,CN,16,232.0,158.0,146.3,74.0,11.7,0.0,231,231,0,0,0,1
2026-05-23,A,A01CN057,CN,16,335.0,272.0,257.1,63.0,14.9,0.0,857,857,0,0,0,1
2026-05-23,A,A01CN058,CN,16,364.0,352.0,349.0,12.0,3.0,1.0,1047,1044,0,3,3,1
2026-05-23,A,A01CN059,CN,16,364.0,348.0,347.67,16.0,0.33,0.0,1043,1043,0,0,0,1
2026-05-23,A,A01CN060,CN,16,335.0,319.0,317.4,16.0,1.6,0.0,1058,1058,0,0,0,1
2026-05-23,A,A01CN072,CN,16,364.0,334.0,297.3,30.0,36.7,0.0,991,991,0,0,0,1
2026-05-23,A,A01CN073,CN,16,364.0,326.0,318.33,38.0,7.67,0.0,955,955,0,0,0,1
2026-05-23,A,A01CN076,CN,16,364.0,312.0,290.7,52.0,21.3,0.0,969,969,0,0,0,1
2026-05-23,A,A01CN077,CN,16,364.0,312.0,312.0,52.0,0.0,0.0,1120,1120,0,0,0,1
2026-05-23,A,A01CN086,CN,16,335.0,295.0,233.78,40.0,61.22,0.0,338,338,0,0,0,1
2026-05-23,A,A01CN087,CN,16,354.0,296.0,234.27,58.0,61.73,0.0,502,502,0,0,0,1
2026-05-23,A,A01HB016,HB,16,410.0,385.0,385.0,25.0,0.0,0.0,666,666,0,0,0,1
2026-05-23,A,A01CN105,CN,16,236.0,171.0,71.67,65.0,99.33,0.0,172,172,0,0,0,1
2026-05-23,A,A01CN128,CN,16,369.0,366.0,366.0,3.0,0.0,0.0,640,640,0,0,0,1
2026-05-23,A,A01CN003,CN,16,354.0,341.0,341.0,13.0,0.0,0.74,924,922,1,1,2,1
2026-05-23,A,A01CN053,CN,17,394.0,375.0,375.0,19.0,0.0,0.0,1278,1278,0,0,0,1
2026-05-23,A,A01CN054,CN,17,394.0,376.0,376.0,18.0,0.0,0.0,1166,1166,0,0,0,1
2026-05-23,A,A01CN055,CN,17,394.0,328.0,317.0,66.0,11.0,0.0,951,951,0,0,0,1
2026-05-23,A,A01CN056,CN,17,394.0,367.0,367.0,27.0,0.0,0.27,1342,1341,1,0,1,1
2026-05-23,A,A01CN066,CN,17,449.0,0.0,0.0,449.0,0.0,0.0,0,0,0,0,0,1
2026-05-23,A,A01CN018,CN,17,439.0,359.0,339.0,80.0,20.0,0.0,452,452,0,0,0,1
2026-05-23,A,A01CN085,CN,17,439.0,401.0,366.93,38.0,34.07,3.2,344,341,0,3,3,1
2026-05-23,A,A01VMC04,VM,17,77.0,43.0,38.0,34.0,5.0,0.0,120,120,0,0,0,1
2026-05-23,A,A01CN001,CN,17,459.0,444.0,371.0,15.0,73.0,0.0,371,371,0,0,0,1
2026-05-23,A,A01CN088,CN,18,324.0,272.0,272.0,52.0,0.0,0.0,343,343,0,0,0,1
2026-05-23,A,A01CN106,CN,18,325.0,292.0,278.4,33.0,13.6,0.0,261,261,0,0,0,1
2026-05-23,A,A01HB024,HB,18,464.0,404.0,271.43,60.0,132.57,0.0,374,374,0,0,0,1
2026-05-23,A,A01CN113,CN,18,328.0,234.0,234.0,94.0,0.0,0.0,281,281,0,0,0,1
2026-05-23,A,A01CN114,CN,18,328.0,298.0,298.0,30.0,0.0,0.0,704,704,0,0,0,1
2026-05-23,A,A01CN020,CN,18,469.0,364.0,239.5,105.0,124.5,0.0,479,479,0,0,0,1
2026-05-23,A,A01CN030,CN,18,479.0,472.0,447.0,7.0,25.0,0.0,447,447,0,0,0,1
2026-05-23,A,A01CN099,CN,18,484.0,433.0,411.0,51.0,22.0,0.0,411,411,0,0,0,1
2026-05-23,A,A01CN005,CN,18,489.0,414.0,381.0,75.0,33.0,0.0,508,508,0,0,0,1
2026-05-23,A,A01CN041,CN,18,489.0,455.0,351.75,34.0,103.25,0.0,469,469,0,0,0,1
2026-05-23,A,A01CN065,CN,18,489.0,307.0,230.25,182.0,76.75,0.0,307,307,0,0,0,1
2026-05-23,A,A01CN070,CN,18,484.0,54.0,0.0,430.0,54.0,0.0,0,0,0,0,0,1
2026-05-23,A,A01CN081,CN,18,489.0,474.0,414.0,15.0,60.0,0.0,414,414,0,0,0,1
2026-05-23,A,A01CN083,CN,18,489.0,421.0,421.0,68.0,0.0,0.0,2740,2740,0,0,0,1
2026-05-23,A,A01CN132,CN,18,524.0,507.0,487.17,17.0,19.83,0.0,790,790,0,0,0,1
2026-05-23,A,A01CN042,CN,18,537.0,439.0,407.0,98.0,32.0,0.0,740,740,0,0,0,1
2026-05-23,A,A01CN044,CN,18,509.0,353.0,218.9,156.0,134.1,0.0,398,398,0,0,0,1
2026-05-23,A,A01CN045,CN,18,519.0,454.0,402.5,65.0,51.5,0.0,690,690,0,0,0,1
2026-05-23,A,A01CN046,CN,18,519.0,428.0,410.67,91.0,17.33,0.0,704,704,0,0,0,1
2026-05-23,A,A01CN047,CN,18,519.0,352.0,317.33,167.0,34.67,0.0,544,544,0,0,0,1
2026-05-23,A,A01CN050,CN,18,519.0,373.0,319.67,146.0,53.33,0.58,548,547,0,1,1,1
2026-05-23,A,A01CN062,CN,18,529.0,461.0,461.0,68.0,0.0,0.0,816,816,0,0,0,1
2026-05-23,A,A01CN068,CN,18,529.0,504.0,486.5,25.0,17.5,0.0,834,834,0,0,0,1
2026-05-23,A,A01CN075,CN,18,304.0,289.0,264.83,15.0,24.17,0.58,454,453,0,1,1,1
2026-05-23,A,A01TMC05,TM,18,537.0,505.0,495.3,32.0,9.7,0.0,1143,1143,0,0,0,1
2026-05-23,A,A01TMC06,TM,18,537.0,476.0,476.0,61.0,0.0,0.0,1132,1132,0,0,0,1
2026-05-23,A,A01VMC05,VM,18,517.0,484.0,355.2,33.0,128.8,0.0,1184,1184,0,0,0,1
2026-05-23,A,A01VMC09,VM,18,517.0,498.0,484.5,19.0,13.5,0.0,1530,1530,0,0,0,1
2026-05-23,A,A01VMC10,VM,18,513.0,489.0,453.33,24.0,35.67,0.0,2720,2720,0,0,0,1
2026-05-23,A,A01VMC11,VM,18,368.0,348.0,327.75,20.0,20.25,1.58,1035,1030,1,4,5,1
2026-05-23,A,A01VMC12,VM,18,544.0,507.0,489.25,37.0,17.75,0.0,1545,1545,0,0,0,1
2026-05-23,A,A01HB022,HB,18,489.0,393.0,328.4,96.0,64.6,0.0,288,288,0,0,0,1
2026-05-23,A,A01HB023,HB,18,489.0,433.0,318.3,56.0,114.7,0.0,396,396,0,0,0,1
2026-05-23,A,A01VMC15,VM,18,524.0,507.0,463.5,17.0,43.5,0.0,1545,1545,0,0,0,1
2026-05-23,A,A01VMC16,VM,18,529.0,451.0,324.0,78.0,127.0,0.0,1080,1080,0,0,0,1
2026-05-23,A,A01VMC18,VM,18,304.0,121.0,121.0,183.0,0.0,0.0,428,428,0,0,0,1
2026-05-23,A,A01CN112,CN,18,494.0,371.0,274.0,123.0,97.0,0.0,274,274,0,0,0,1
2026-05-23,A,A01CN129,CN,18,529.0,0.0,0.0,529.0,0.0,0.0,0,0,0,0,0,1
2026-05-23,A,A01CN048,CN,18,524.0,478.0,438.67,46.0,39.33,0.0,752,752,0,0,0,1
2026-05-23,A,A01CN051,CN,18,519.0,466.0,466.0,53.0,0.0,0.0,826,826,0,0,0,1
2026-05-23,A,A01HB025,HB,18,210.0,184.0,184.0,26.0,0.0,0.0,697,697,0,0,0,1
2026-05-23,A,A01HB014,HB,18,530.0,506.0,488.77,24.0,17.23,0.0,817,817,0,0,0,1
2026-05-23,B,A01CN086,CN,21,62.0,0.0,0.0,62.0,0.0,0.0,0,0,0,0,0,1
2026-05-23,B,A01CN087,CN,21,56.0,0.0,0.0,56.0,0.0,0.0,0,0,0,0,0,1
2026-05-23,B,A01HB010,HB,21,109.0,109.0,98.67,0.0,10.33,0.0,240,240,0,0,0,1
2026-05-23,A,A01TMC02,TM,21,190.0,115.73,113.46,74.27,2.28,0.0,364,364,0,0,0,1
2026-05-23,B,A01HB019,HB,21,49.0,0.0,0.0,49.0,0.0,0.0,0,0,0,0,0,1
2026-05-23,B,A01HB020,HB,21,49.0,49.0,49.0,0.0,0.0,0.0,126,126,0,0,0,1
2026-05-23,B,A01CN053,CN,21,49.0,48.0,48.0,1.0,0.0,0.0,185,185,0,0,0,1
2026-05-23,B,A01CN059,CN,21,49.0,47.0,47.0,2.0,0.0,0.0,168,168,0,0,0,1
2026-05-23,B,A01CN054,CN,21,49.0,49.0,49.0,0.0,0.0,0.0,175,175,0,0,0,1
2026-05-23,B,A01CN056,CN,21,49.0,49.0,49.0,0.0,0.0,0.0,208,208,0,0,0,1
2026-05-23,B,A01CN057,CN,21,49.0,43.0,43.0,6.0,0.0,0.0,150,150,0,0,0,1
2026-05-23,B,A01CN072,CN,21,49.0,49.0,49.0,0.0,0.0,0.0,173,173,0,0,0,1
2026-05-23,B,A01CN073,CN,21,49.0,49.0,49.0,0.0,0.0,0.0,173,173,0,0,0,1
2026-05-23,B,A01CN076,CN,21,49.0,49.0,49.0,0.0,0.0,0.0,187,187,0,0,0,1
2026-05-23,B,A01CN077,CN,21,49.0,49.0,49.0,0.0,0.0,0.0,198,198,0,0,0,1
2026-05-23,B,A01CN016,CN,22,159.0,145.0,124.77,14.0,20.23,0.0,197,197,0,0,0,1
2026-05-23,B,A01CN083,CN,22,179.0,154.0,110.0,25.0,44.0,0.0,660,660,0,0,0,1
2026-05-23,B,A01CN084,CN,22,179.0,171.0,171.0,8.0,0.0,0.0,1310,1310,0,0,0,1
2026-05-23,B,A01TAP14,TA,22,49.0,16.0,14.2,33.0,1.8,0.0,71,71,0,0,0,1
2026-05-23,B,A01HB023,HB,22,112.0,112.0,112.0,0.0,0.0,0.0,154,154,0,0,0,1
2026-05-23,B,A01CN064,CN,22,174.0,152.0,104.0,22.0,48.0,0.0,104,104,0,0,0,1
2026-05-23,B,A01CN111,CN,22,174.0,103.0,58.2,71.0,44.8,0.0,97,97,0,0,0,1
2026-05-23,B,A01HB016,HB,22,99.0,99.0,99.0,0.0,0.0,0.0,180,180,0,0,0,1
2026-05-23,B,A01TMC04,TM,22,194.0,190.0,190.0,4.0,0.0,0.0,239,239,0,0,0,1
2026-05-23,B,A01CN038,CN,23,159.0,144.0,144.0,15.0,0.0,0.0,627,627,0,0,0,1
2026-05-23,B,A01CN039,CN,23,159.0,150.0,150.0,9.0,0.0,0.0,681,681,0,0,0,1
2026-05-23,B,A01TMC01,TM,23,227.0,191.0,191.0,36.0,0.0,0.0,200,200,0,0,0,1
2026-05-23,A,A01CN069,CN,23,150.0,127.1,127.1,22.9,0.0,0.65,786,782,0,4,4,1
2026-05-23,B,A01CN091,CN,23,154.0,124.0,124.0,30.0,0.0,0.0,486,486,0,0,0,1
2026-05-23,B,A01CN095,CN,23,164.0,140.0,140.0,24.0,0.0,0.0,788,788,0,0,0,1
2026-05-23,B,A01CN124,CN,23,139.0,0.0,0.0,139.0,0.0,0.0,0,0,0,0,0,1
2026-05-23,B,A01CN125,CN,23,139.0,139.0,0.0,0.0,139.0,0.0,0,0,0,0,0,1
2026-05-23,B,A01CN130,CN,23,139.0,139.0,139.0,0.0,0.0,0.0,292,292,0,0,0,1
2026-05-23,B,A01CN131,CN,23,138.0,138.0,138.0,0.0,0.0,0.0,292,292,0,0,0,1
2026-05-23,B,A01CN135,CN,23,169.0,0.0,0.0,169.0,0.0,0.0,0,0,0,0,0,1
2026-05-23,B,A01CN002,CN,23,194.0,104.0,104.0,90.0,0.0,0.0,121,121,0,0,0,1
2026-05-23,B,A01CN094,CN,23,204.0,193.0,169.17,11.0,23.83,0.0,406,406,0,0,0,1
2026-05-23,B,A01CN102,CN,23,204.0,138.0,108.65,66.0,29.35,0.0,159,159,0,0,0,1
2026-05-23,B,A01CN104,CN,23,204.0,203.0,203.0,1.0,0.0,0.0,503,503,0,0,0,1
2026-05-23,B,A01CN055,CN,0,49.0,40.0,40.0,9.0,0.0,0.0,148,148,0,0,0,1
2026-05-23,B,A01CN058,CN,0,49.0,49.0,49.0,0.0,0.0,0.0,174,174,0,0,0,1
2026-05-23,B,A01CN060,CN,0,49.0,0.0,0.0,49.0,0.0,0.0,0,0,0,0,0,1
2026-05-23,B,A01HB002,HB,0,49.0,49.0,49.0,0.0,0.0,4.9,120,108,0,12,12,1
2026-05-23,B,A01HB003,HB,0,49.0,25.0,25.0,24.0,0.0,0.0,88,88,0,0,0,1
2026-05-23,B,A01HB004,HB,0,49.0,49.0,42.47,0.0,6.53,0.0,104,104,0,0,0,1
2026-05-23,B,A01HB005,HB,0,49.0,49.0,26.87,0.0,22.13,0.0,104,104,0,0,0,1
2026-05-23,B,A01HB006,HB,0,49.0,49.0,47.08,0.0,1.92,0.0,125,125,0,0,0,1
2026-05-23,B,A01HB007,HB,0,49.0,49.0,49.0,0.0,0.0,0.0,148,148,0,0,0,1
2026-05-23,B,A01HB008,HB,0,49.0,49.0,49.0,0.0,0.0,0.0,182,182,0,0,0,1
2026-05-23,B,A01HB011,HB,0,49.0,49.0,49.0,0.0,0.0,0.28,350,348,0,2,2,1
2026-05-23,B,A01HB012,HB,0,49.0,14.0,14.0,35.0,0.0,0.0,140,140,0,0,0,1
2026-05-23,B,A01HB015,HB,0,49.0,0.0,0.0,49.0,0.0,0.0,0,0,0,0,0,1
2026-05-23,B,A01HB017,HB,0,49.0,43.0,43.0,6.0,0.0,0.0,114,114,0,0,0,1
2026-05-23,B,A01CN127,CN,0,49.0,33.0,11.2,16.0,21.8,0.0,14,14,0,0,0,1
2026-05-23,B,A01CN129,CN,0,49.0,0.0,0.0,49.0,0.0,0.0,0,0,0,0,0,1
2026-05-23,B,A01CN132,CN,0,49.0,0.0,0.0,49.0,0.0,0.0,0,0,0,0,0,1
2026-05-23,B,A01CN061,CN,2,49.0,49.0,49.0,0.0,0.0,0.0,66,66,0,0,0,1
2026-05-23,B,A01CN069,CN,2,49.0,49.0,49.0,0.0,0.0,0.0,76,76,0,0,0,1
2026-05-23,B,A01CN006,CN,2,364.0,318.0,318.0,46.0,0.0,0.0,433,433,0,0,0,1
2026-05-23,B,A01CN008,CN,2,364.0,324.0,268.0,40.0,56.0,0.0,268,268,0,0,0,1
2026-05-23,B,A01CN027,CN,2,434.0,412.0,381.33,22.0,30.67,0.0,416,416,0,0,0,1
2026-05-23,B,A01CN028,CN,2,434.0,422.0,395.08,12.0,26.92,0.0,431,431,0,0,0,1
2026-05-23,B,A01CN133,CN,2,364.0,336.0,336.0,28.0,0.0,0.0,261,261,0,0,0,1
2026-05-23,B,A01CN066,CN,2,414.0,157.0,157.0,257.0,0.0,0.0,1236,1236,0,0,0,1
2026-05-23,B,A01CN120,CN,2,439.0,328.0,328.0,111.0,0.0,0.0,447,447,0,0,0,1
2026-05-23,B,A01TMC07,TM,2,447.0,373.0,373.0,74.0,0.0,0.0,949,949,0,0,0,1
2026-05-23,B,A01TMC09,TM,2,447.0,377.0,377.0,70.0,0.0,0.0,942,942,0,0,0,1
2026-05-23,B,A01TMC10,TM,2,444.0,387.0,387.0,57.0,0.0,0.0,416,416,0,0,0,1
2026-05-23,B,A01CN134,CN,2,394.0,366.0,366.0,28.0,0.0,0.0,269,269,0,0,0,1
2026-05-23,B,A01HB001,HB,2,49.0,44.0,44.0,5.0,0.0,0.0,126,126,0,0,0,1
2026-05-23,B,A01VMC06,VM,2,414.0,376.0,242.0,38.0,134.0,0.0,242,242,0,0,0,1
2026-05-23,B,A01CN100,CN,2,404.0,286.0,252.0,118.0,34.0,0.0,378,378,0,0,0,1
2026-05-23,B,A01TMC08,TM,2,447.0,375.0,375.0,72.0,0.0,0.0,948,948,0,0,0,1
2026-05-23,B,A01CN139,CN,2,219.0,197.0,197.0,22.0,0.0,0.0,354,354,0,0,0,1
2026-05-23,B,A01CN117,CN,2,414.0,384.0,365.2,30.0,18.8,0.0,498,498,0,0,0,1
2026-05-23,B,A01CN118,CN,2,414.0,398.0,398.0,16.0,0.0,0.0,531,531,0,0,0,1
2026-05-23,B,A01CN115,CN,2,414.0,377.0,377.0,37.0,0.0,0.0,421,421,0,0,0,1
2026-05-23,B,A01CN003,CN,3,384.0,378.0,378.0,6.0,0.0,0.0,1102,1102,0,0,0,1
2026-05-23,B,A01CN048,CN,3,410.0,397.0,379.17,13.0,17.83,0.0,650,650,0,0,0,1
2026-05-23,B,A01CN051,CN,3,149.0,144.0,144.0,5.0,0.0,0.0,256,256,0,0,0,1
2026-05-23,B,A01CN092,CN,3,384.0,373.0,373.0,11.0,0.0,0.25,1506,1505,1,0,1,1
2026-05-23,B,A01CN093,CN,3,394.0,374.0,374.0,20.0,0.0,0.0,1358,1358,0,0,0,1
2026-05-23,B,A01CN096,CN,3,374.0,356.0,356.0,18.0,0.0,0.0,1516,1516,0,0,0,1
2026-05-23,B,A01CN097,CN,3,384.0,374.0,374.0,10.0,0.0,0.0,1173,1173,0,0,0,1
2026-05-23,B,A01CN103,CN,3,374.0,353.0,252.92,21.0,100.08,0.0,607,607,0,0,0,1
2026-05-23,B,A01VMC18,VM,3,359.0,0.0,0.0,359.0,0.0,0.0,0,0,0,0,0,1
2026-05-23,B,A01TMC05,TM,4,564.0,489.0,489.0,75.0,0.0,0.0,1177,1177,0,0,0,1
2026-05-23,B,A01TMC06,TM,4,564.0,479.0,479.0,85.0,0.0,0.0,1178,1178,0,0,0,1
2026-05-23,B,A01CN007,CN,5,534.0,307.0,307.0,227.0,0.0,0.0,768,768,0,0,0,1
2026-05-23,B,A01CN078,CN,5,519.0,273.0,254.5,246.0,18.5,0.0,509,509,0,0,0,1
2026-05-23,B,A01CN088,CN,5,509.0,354.0,303.2,155.0,50.8,0.0,379,379,0,0,0,1
2026-05-23,B,A01CN089,CN,5,539.0,511.0,511.0,28.0,0.0,0.0,590,590,0,0,0,1
2026-05-23,B,A01CN105,CN,5,534.0,100.0,33.75,434.0,66.25,0.0,81,81,0,0,0,1
2026-05-23,B,A01CN106,CN,5,534.0,314.0,289.07,220.0,24.93,0.0,271,271,0,0,0,1
2026-05-23,B,A01CN107,CN,5,539.0,366.0,366.0,173.0,0.0,0.0,618,618,0,0,0,1
2026-05-23,B,A01CN113,CN,5,539.0,270.0,266.67,269.0,3.33,0.0,320,320,0,0,0,1
2026-05-23,B,A01CN114,CN,5,539.0,509.0,509.0,30.0,0.0,0.0,1285,1285,0,0,0,1
2026-05-23,B,A01CN019,CN,5,564.0,564.0,403.0,0.0,161.0,0.0,620,620,0,0,0,1
2026-05-23,B,A01CN045,CN,6,614.0,488.0,415.33,126.0,72.67,0.0,712,712,0,0,0,1
2026-05-23,B,A01CN046,CN,6,614.0,174.0,122.5,440.0,51.5,0.0,210,210,0,0,0,1
2026-05-23,B,A01HB025,HB,6,109.0,73.0,61.67,36.0,11.33,0.0,85,85,0,0,0,1
2026-05-23,B,A01CN062,CN,7,701.0,642.0,627.67,59.0,14.33,0.0,1076,1076,0,0,0,1
2026-05-23,A,A01CN138,CN,7,230.0,12.47,8.31,217.53,4.16,0.0,38,38,0,0,0,1
2026-05-23,B,A01CN074,CN,7,701.0,550.0,550.0,151.0,0.0,0.56,984,983,0,1,1,1
2026-05-23,B,A01VMC16,VM,7,701.0,342.0,333.0,359.0,9.0,0.0,1110,1110,0,0,0,1
2026-05-23,B,A01CN020,CN,7,695.0,586.93,409.96,108.07,176.97,0.0,827,827,0,0,0,1
2026-05-23,B,A01CN108,CN,7,695.0,553.22,418.39,141.78,134.84,0.0,422,422,0,0,0,1
2026-05-23,B,A01CN112,CN,7,695.0,499.69,407.48,195.31,92.2,0.0,411,411,0,0,0,1
2026-05-24,B,A01CN075,CN,8,701.0,540.0,511.0,161.0,29.0,0.0,876,876,0,0,0,1
2026-05-24,B,A01VMC09,VM,8,701.0,659.0,579.5,42.0,79.5,0.32,1830,1829,1,0,1,1
2026-05-24,B,A01VMC11,VM,8,701.0,610.0,610.0,91.0,0.0,0.32,1935,1934,0,1,1,1
2026-05-24,B,A01VMC12,VM,8,701.0,658.0,650.75,43.0,7.25,0.0,2055,2055,0,0,0,1
2026-05-24,B,A01CN070,CN,8,363.48,256.15,256.15,107.33,0.0,0.0,623,623,0,0,0,1
2026-05-24,B,A01CN085,CN,8,363.48,334.44,334.06,29.04,0.38,0.0,604,604,0,0,0,1
2026-05-24,B,A01CN099,CN,8,363.48,312.67,312.15,50.81,0.52,0.0,602,602,0,0,0,1
2026-05-24,B,A01VMC10,VM,8,701.0,525.0,493.33,176.0,31.67,0.0,2960,2960,0,0,0,1
2026-05-24,B,A01CN068,CN,8,701.0,630.0,630.0,71.0,0.0,1.17,1080,1078,2,0,2,1
2026-05-24,B,A01VMC03,VM,8,701.0,471.0,471.0,230.0,0.0,0.0,7960,7960,0,0,0,1
2026-05-24,B,A01CN047,CN,8,701.0,558.0,530.83,143.0,27.17,0.0,910,910,0,0,0,1
2026-05-24,B,A01CN050,CN,8,701.0,564.0,564.0,137.0,0.0,0.0,988,988,0,0,0,1
2026-05-24,B,A01HB013,HB,8,701.0,602.0,583.0,99.0,19.0,0.0,1007,1007,0,0,0,1
2026-05-24,B,A01HB014,HB,8,701.0,600.0,600.0,101.0,0.0,0.0,1026,1026,0,0,0,1
2026-05-24,B,A01VMC15,VM,8,367.68,324.67,302.12,43.01,22.55,0.0,1920,1920,0,0,0,1
2026-05-24,B,A01CN001,CN,8,366.19,319.7,309.78,46.49,9.93,0.0,593,593,0,0,0,1
2026-05-24,B,A01CN005,CN,8,366.19,318.66,230.76,47.54,87.89,0.0,589,589,0,0,0,1
2026-05-24,B,A01CN017,CN,8,366.19,302.99,287.18,63.21,15.8,0.0,733,733,0,0,0,1
2026-05-24,B,A01CN018,CN,8,366.19,331.19,328.32,35.0,2.87,0.0,838,838,0,0,0,1
2026-05-24,B,A01CN024,CN,8,366.19,290.45,173.69,75.75,116.75,0.0,570,570,0,0,0,1
2026-05-24,B,A01CN030,CN,8,366.19,145.22,143.66,220.97,1.57,0.0,275,275,0,0,0,1
2026-05-24,B,A01CN041,CN,8,366.19,192.24,159.46,173.96,32.78,0.0,407,407,0,0,0,1
2026-05-24,B,A01CN065,CN,8,366.19,275.3,220.19,90.9,55.11,0.0,562,562,0,0,0,1
2026-05-24,B,A01CN081,CN,8,366.19,317.09,303.51,49.1,13.58,0.0,581,581,0,0,0,1
2026-05-24,B,A01CN098,CN,8,366.19,261.72,261.72,104.48,0.0,0.0,515,515,0,0,0,1
2026-05-24,B,A01CN042,CN,8,364.73,286.16,234.08,78.56,52.08,0.0,818,818,0,0,0,1
2026-05-24,B,A01CN044,CN,8,364.73,25.49,14.88,339.23,10.61,0.0,52,52,0,0,0,1
2026-05-24,B,A01VMC05,VM,8,363.48,39.41,39.41,324.07,0.0,0.0,272,272,0,0,0,1
2026-05-24,B,A01VMC07,VM,9,350.5,163.0,163.0,187.5,0.0,0.0,1456,1456,0,0,0,1
2026-05-24,A,A01CN049,CN,11,104.0,0.0,0.0,104.0,0.0,0.0,0,0,0,0,0,1
2026-05-24,A,A01HB009,HB,16,234.0,0.0,0.0,234.0,0.0,0.0,0,0,0,0,0,1
2026-05-24,A,A01CN126,CN,16,338.0,0.0,0.0,338.0,0.0,0.0,0,0,0,0,0,1
2026-05-24,A,A01CN060,CN,16,264.0,0.0,0.0,264.0,0.0,0.0,0,0,0,0,0,1
2026-05-24,A,A01CN128,CN,16,298.0,0.0,0.0,298.0,0.0,0.0,0,0,0,0,0,1
2026-05-24,B,A01HB010,HB,21,109.0,0.0,0.0,109.0,0.0,0.0,0,0,0,0,0,1
2026-05-24,B,A01HB019,HB,21,49.0,0.0,0.0,49.0,0.0,0.0,0,0,0,0,0,1
2026-05-24,B,A01HB020,HB,21,49.0,0.0,0.0,49.0,0.0,0.0,0,0,0,0,0,1
2026-05-24,B,A01CN053,CN,21,49.0,0.0,0.0,49.0,0.0,0.0,0,0,0,0,0,1
2026-05-24,B,A01CN059,CN,21,49.0,0.0,0.0,49.0,0.0,0.0,0,0,0,0,0,1
2026-05-24,B,A01CN054,CN,21,49.0,0.0,0.0,49.0,0.0,0.0,0,0,0,0,0,1
2026-05-24,B,A01CN056,CN,21,49.0,0.0,0.0,49.0,0.0,0.0,0,0,0,0,0,1
2026-05-24,B,A01CN057,CN,21,49.0,0.0,0.0,49.0,0.0,0.0,0,0,0,0,0,1
2026-05-24,B,A01CN072,CN,21,49.0,0.0,0.0,49.0,0.0,0.0,0,0,0,0,0,1
2026-05-24,B,A01CN073,CN,21,49.0,0.0,0.0,49.0,0.0,0.0,0,0,0,0,0,1
2026-05-24,B,A01CN076,CN,21,49.0,0.0,0.0,49.0,0.0,0.0,0,0,0,0,0,1
2026-05-24,B,A01CN077,CN,21,49.0,0.0,0.0,49.0,0.0,0.0,0,0,0,0,0,1
2026-05-24,B,A01CN083,CN,22,179.0,0.0,0.0,179.0,0.0,0.0,0,0,0,0,0,1
2026-05-24,B,A01CN084,CN,22,179.0,0.0,0.0,179.0,0.0,0.0,10,10,0,0,0,1
2026-05-24,B,A01CN064,CN,22,174.0,0.0,0.0,174.0,0.0,0.0,0,0,0,0,0,1
2026-05-24,B,A01CN111,CN,22,174.0,0.0,0.0,174.0,0.0,0.0,0,0,0,0,0,1
2026-05-24,B,A01CN124,CN,23,138.0,0.0,0.0,138.0,0.0,0.0,0,0,0,0,0,1
2026-05-24,B,A01CN125,CN,23,138.0,0.0,0.0,138.0,0.0,0.0,0,0,0,0,0,1
2026-05-24,B,A01CN130,CN,23,138.0,0.0,0.0,138.0,0.0,0.0,0,0,0,0,0,1
2026-05-24,B,A01CN131,CN,23,139.0,0.0,0.0,139.0,0.0,0.0,0,0,0,0,0,1
2026-05-24,B,A01CN135,CN,23,169.0,0.0,0.0,169.0,0.0,0.0,0,0,0,0,0,1
2026-05-24,B,A01CN055,CN,0,49.0,0.0,0.0,49.0,0.0,0.0,0,0,0,0,0,1
2026-05-24,B,A01CN058,CN,0,49.0,0.0,0.0,49.0,0.0,0.0,0,0,0,0,0,1
2026-05-24,B,A01CN060,CN,0,49.0,0.0,0.0,49.0,0.0,0.0,0,0,0,0,0,1
2026-05-24,B,A01HB002,HB,0,49.0,0.0,0.0,49.0,0.0,0.0,0,0,0,0,0,1
2026-05-24,B,A01HB003,HB,0,49.0,0.0,0.0,49.0,0.0,0.0,0,0,0,0,0,1
2026-05-24,B,A01HB004,HB,0,49.0,0.0,0.0,49.0,0.0,0.0,0,0,0,0,0,1
2026-05-24,B,A01HB005,HB,0,49.0,0.0,0.0,49.0,0.0,0.0,0,0,0,0,0,1
2026-05-24,B,A01HB006,HB,0,49.0,0.0,0.0,49.0,0.0,0.0,0,0,0,0,0,1
2026-05-24,B,A01HB007,HB,0,49.0,0.0,0.0,49.0,0.0,0.0,0,0,0,0,0,1
2026-05-24,B,A01HB008,HB,0,49.0,0.0,0.0,49.0,0.0,0.0,0,0,0,0,0,1
2026-05-24,B,A01HB011,HB,0,49.0,0.0,0.0,49.0,0.0,0.0,0,0,0,0,0,1
2026-05-24,B,A01HB012,HB,0,49.0,0.0,0.0,49.0,0.0,0.0,0,0,0,0,0,1
2026-05-24,B,A01HB015,HB,0,49.0,0.0,0.0,49.0,0.0,0.0,0,0,0,0,0,1
2026-05-24,B,A01HB017,HB,0,49.0,0.0,0.0,49.0,0.0,0.0,0,0,0,0,0,1
2026-05-24,B,A01CN127,CN,0,49.0,0.0,0.0,49.0,0.0,0.0,0,0,0,0,0,1
2026-05-24,B,A01CN129,CN,0,49.0,0.0,0.0,49.0,0.0,0.0,0,0,0,0,0,1
2026-05-24,B,A01CN132,CN,0,49.0,0.0,0.0,49.0,0.0,0.0,0,0,0,0,0,1
2026-05-24,B,A01CN061,CN,2,49.0,0.0,0.0,49.0,0.0,0.0,0,0,0,0,0,1
2026-05-24,B,A01CN069,CN,2,49.0,0.0,0.0,49.0,0.0,0.0,0,0,0,0,0,1
2026-05-24,B,A01HB001,HB,2,49.0,0.0,0.0,49.0,0.0,0.0,0,0,0,0,0,1
2026-05-24,B,A01TMC05,TM,4,564.0,0.0,0.0,564.0,0.0,0.0,0,0,0,0,0,1
2026-05-24,B,A01TMC06,TM,4,564.0,0.0,0.0,564.0,0.0,0.0,0,0,0,0,0,1
2026-05-24,B,A01CN019,CN,5,563.0,563.0,0.0,0.0,563.0,0.0,0,0,0,0,0,1
2026-05-24,B,A01CN001,CN,6,333.81,0.0,0.0,333.81,0.0,0.0,0,0,0,0,0,1
2026-05-24,B,A01CN005,CN,6,333.81,0.0,0.0,333.81,0.0,0.0,0,0,0,0,0,1
2026-05-24,B,A01CN017,CN,6,333.81,0.0,0.0,333.81,0.0,0.0,0,0,0,0,0,1
2026-05-24,B,A01CN018,CN,6,333.81,0.0,0.0,333.81,0.0,0.0,0,0,0,0,0,1
2026-05-24,B,A01CN024,CN,6,333.81,0.0,0.0,333.81,0.0,0.0,0,0,0,0,0,1
2026-05-24,B,A01CN030,CN,6,333.81,0.0,0.0,333.81,0.0,0.0,0,0,0,0,0,1
2026-05-24,B,A01CN041,CN,6,333.81,0.0,0.0,333.81,0.0,0.0,0,0,0,0,0,1
2026-05-24,B,A01CN065,CN,6,333.81,0.0,0.0,333.81,0.0,0.0,0,0,0,0,0,1
2026-05-24,B,A01CN070,CN,6,336.52,0.0,0.0,336.52,0.0,0.0,0,0,0,0,0,1
2026-05-24,B,A01CN081,CN,6,333.81,0.0,0.0,333.81,0.0,0.0,0,0,0,0,0,1
2026-05-24,B,A01CN085,CN,6,336.52,0.0,0.0,336.52,0.0,0.0,0,0,0,0,0,1
2026-05-24,B,A01CN098,CN,6,333.81,0.0,0.0,333.81,0.0,0.0,0,0,0,0,0,1
2026-05-24,B,A01CN099,CN,6,336.52,0.0,0.0,336.52,0.0,0.0,0,0,0,0,0,1
2026-05-24,B,A01CN020,CN,6,653.0,0.0,0.0,653.0,0.0,0.0,1,1,0,0,0,1
2026-05-24,B,A01CN108,CN,6,653.0,0.0,0.0,653.0,0.0,0.0,0,0,0,0,0,1
2026-05-24,B,A01CN112,CN,6,653.0,0.0,0.0,653.0,0.0,0.0,0,0,0,0,0,1
2026-05-24,B,A01VMC05,VM,6,336.52,0.0,0.0,336.52,0.0,0.0,0,0,0,0,0,1
2026-05-24,B,A01VMC07,VM,6,299.5,0.0,0.0,299.5,0.0,0.0,0,0,0,0,0,1
2026-05-24,B,A01VMC15,VM,6,349.32,0.0,0.0,349.32,0.0,0.0,0,0,0,0,0,1
2026-05-24,B,A01CN042,CN,7,340.27,0.0,0.0,340.27,0.0,0.0,0,0,0,0,0,1
2026-05-24,B,A01CN044,CN,7,340.27,0.0,0.0,340.27,0.0,0.0,0,0,0,0,0,1
2026-05-25,A,A01CN004,CN,10,29.0,13.0,7.2,16.0,5.8,0.0,24,24,0,0,0,1
2026-05-25,A,A01CN049,CN,11,104.0,102.0,102.0,2.0,0.0,0.0,120,120,0,0,0,1
2026-05-25,A,A01HB005,HB,11,104.0,104.0,104.0,0.0,0.0,0.0,440,440,0,0,0,1
2026-05-25,A,A01VMC05,VM,11,94.0,94.0,94.0,0.0,0.0,0.0,320,320,0,0,0,1
2026-05-25,A,A01HB001,HB,12,164.0,11.0,6.8,153.0,4.2,0.0,18,18,0,0,0,1
2026-05-25,A,A01HB002,HB,12,164.0,164.0,156.0,0.0,8.0,2.6,360,354,0,6,6,1
2026-05-25,A,A01HB003,HB,12,164.0,164.0,164.0,0.0,0.0,0.0,472,472,0,0,0,1
2026-05-25,A,A01HB004,HB,12,164.0,164.0,137.2,0.0,26.8,0.0,336,336,0,0,0,1
2026-05-25,A,A01HB008,HB,12,164.0,164.0,158.57,0.0,5.43,0.0,497,497,0,0,0,1
2026-05-25,A,A01HB009,HB,12,164.0,164.0,164.0,0.0,0.0,0.0,408,408,0,0,0,1
2026-05-25,A,A01HB010,HB,12,159.0,148.0,125.8,11.0,22.2,0.0,306,306,0,0,0,1
2026-05-25,A,A01TRP35,TR,12,109.0,1.0,0.0,108.0,1.0,0.0,0,0,0,0,0,1
2026-05-25,A,A01CN138,CN,12,209.0,112.0,89.33,97.0,22.67,0.0,134,134,0,0,0,1
2026-05-25,A,A01CN100,CN,12,171.0,116.0,102.0,55.0,14.0,0.0,153,153,0,0,0,1
2026-05-25,A,A01CN067,CN,12,127.0,56.0,31.85,71.0,24.15,0.0,49,49,0,0,0,1
2026-05-25,A,A01CN120,CN,12,177.0,152.0,152.0,25.0,0.0,0.0,194,194,0,0,0,1
2026-05-25,A,A01CN094,CN,12,179.0,174.0,153.33,5.0,20.67,0.0,368,368,0,0,0,1
2026-05-25,A,A01HB006,HB,12,194.0,166.0,161.97,28.0,4.03,0.0,430,430,0,0,0,1
2026-05-25,A,A01HB007,HB,12,194.0,155.0,155.0,39.0,0.0,0.0,376,376,0,0,0,1
2026-05-25,A,A01HB011,HB,12,189.0,189.0,189.0,0.0,0.0,0.0,1090,1090,0,0,0,1
2026-05-25,A,A01HB012,HB,12,189.0,30.0,30.0,159.0,0.0,0.0,515,515,0,0,0,1
2026-05-25,A,A01CN101,CN,12,179.0,161.0,141.53,18.0,19.47,0.0,386,386,0,0,0,1
2026-05-25,A,A01BR007,BR,12,129.0,94.0,94.0,35.0,0.0,0.0,712,712,0,0,0,1
2026-05-25,A,A01CN139,CN,14,239.0,220.0,220.0,19.0,0.0,0.0,334,334,0,0,0,1
2026-05-25,A,A01TMC04,TM,14,219.0,165.0,148.2,54.0,16.8,0.0,171,171,0,0,0,1
2026-05-25,A,A01CN064,CN,15,376.0,205.0,105.0,171.0,100.0,0.0,105,105,0,0,0,1
2026-05-25,A,A01CN111,CN,15,289.0,240.0,147.6,49.0,92.4,0.0,246,246,0,0,0,1
2026-05-25,A,A01CN019,CN,15,309.0,308.0,126.1,1.0,181.9,0.0,194,194,0,0,0,1
2026-05-25,A,A01CN078,CN,16,284.0,239.0,206.0,45.0,33.0,0.0,412,412,0,0,0,1
2026-05-25,A,A01HB015,HB,16,299.0,0.0,0.0,299.0,0.0,0.0,0,0,0,0,0,1
2026-05-25,A,A01CN024,CN,16,325.0,274.0,195.42,51.0,78.58,0.0,335,335,0,0,0,1
2026-05-25,A,A01CN002,CN,16,349.0,263.0,191.0,86.0,72.0,0.0,191,191,0,0,0,1
2026-05-25,A,A01CN006,CN,16,349.0,270.0,270.0,79.0,0.0,0.0,324,324,0,0,0,1
2026-05-25,A,A01CN008,CN,16,349.0,347.0,347.0,2.0,0.0,0.0,373,373,0,0,0,1
2026-05-25,A,A01CN038,CN,16,349.0,336.0,336.0,13.0,0.0,0.0,1089,1089,0,0,0,1
2026-05-25,A,A01CN039,CN,16,349.0,336.0,332.5,13.0,3.5,0.0,1050,1050,0,0,0,1
2026-05-25,A,A01CN052,CN,16,94.0,0.0,0.0,94.0,0.0,0.0,0,0,0,0,0,1
2026-05-25,A,A01CN061,CN,16,94.0,82.0,76.8,12.0,5.2,0.0,96,96,0,0,0,1
2026-05-25,A,A01CN133,CN,16,349.0,327.0,327.0,22.0,0.0,0.0,231,231,0,0,0,1
2026-05-25,A,A01CN069,CN,16,94.0,91.0,91.0,3.0,0.0,0.0,120,120,0,0,0,1
2026-05-25,A,A01CN091,CN,16,349.0,322.0,322.0,27.0,0.0,0.0,1060,1060,0,0,0,1
2026-05-25,A,A01CN092,CN,16,349.0,334.0,334.0,15.0,0.0,0.58,1161,1159,2,0,2,1
2026-05-25,A,A01CN093,CN,16,349.0,339.0,339.0,10.0,0.0,0.0,1184,1184,0,0,0,1
2026-05-25,A,A01CN095,CN,16,349.0,276.0,276.0,73.0,0.0,0.0,1037,1037,0,0,0,1
2026-05-25,A,A01CN096,CN,16,349.0,340.0,340.0,9.0,0.0,0.0,1284,1284,0,0,0,1
2026-05-25,A,A01CN097,CN,16,349.0,341.0,314.67,8.0,26.33,0.0,960,960,0,0,0,1
2026-05-25,A,A01CN134,CN,16,379.0,301.0,301.0,78.0,0.0,1.34,224,223,1,0,1,1
2026-05-25,A,A01CN102,CN,16,349.0,228.0,156.48,121.0,71.52,0.0,229,229,0,0,0,1
2026-05-25,A,A01CN103,CN,16,349.0,296.0,163.75,53.0,132.25,0.0,393,393,0,0,0,1
2026-05-25,A,A01CN104,CN,16,349.0,253.0,251.5,96.0,1.5,0.0,503,503,0,0,0,1
2026-05-25,A,A01CN017,CN,16,335.0,308.0,280.5,27.0,27.5,0.0,374,374,0,0,0,1
2026-05-25,A,A01CN027,CN,16,356.0,347.0,345.58,9.0,1.42,0.0,377,377,0,0,0,1
2026-05-25,A,A01CN028,CN,16,356.0,354.0,354.0,2.0,0.0,0.0,389,389,0,0,0,1
2026-05-25,A,A01CN098,CN,16,339.0,328.0,297.0,11.0,31.0,0.0,297,297,0,0,0,1
2026-05-25,A,A01TMC07,TM,16,412.0,380.0,380.0,32.0,0.0,0.0,913,913,0,0,0,1
2026-05-25,A,A01TMC09,TM,16,412.0,399.0,399.0,13.0,0.0,0.0,935,935,0,0,0,1
2026-05-25,A,A01TMC08,TM,16,412.0,397.0,397.0,15.0,0.0,0.0,947,947,0,0,0,1
2026-05-25,A,A01CN117,CN,16,364.0,352.0,352.0,12.0,0.0,0.0,496,496,0,0,0,1
2026-05-25,A,A01CN118,CN,16,364.0,345.0,331.2,19.0,13.8,0.0,432,432,0,0,0,1
2026-05-25,A,A01CN108,CN,16,344.0,329.0,261.0,15.0,68.0,0.0,261,261,0,0,0,1
2026-05-25,A,A01CN126,CN,16,414.0,95.0,35.0,319.0,60.0,0.0,105,105,0,0,0,1
2026-05-25,A,A01CN016,CN,16,314.0,290.0,282.47,24.0,7.53,0.0,446,446,0,0,0,1
2026-05-25,A,A01CN057,CN,16,134.0,110.0,107.1,24.0,2.9,0.0,357,357,0,0,0,1
2026-05-25,A,A01CN058,CN,16,134.0,132.0,132.0,2.0,0.0,0.0,411,411,0,0,0,1
2026-05-25,A,A01CN060,CN,16,340.0,302.0,275.4,38.0,26.6,0.0,918,918,0,0,0,1
2026-05-25,A,A01CN063,CN,16,361.0,300.0,300.0,61.0,0.0,0.52,576,575,1,0,1,1
2026-05-25,A,A01CN072,CN,16,134.0,127.0,99.3,7.0,27.7,0.0,331,331,0,0,0,1
2026-05-25,A,A01CN073,CN,16,134.0,126.0,121.67,8.0,4.33,0.0,365,365,0,0,0,1
2026-05-25,A,A01CN076,CN,16,134.0,111.0,101.4,23.0,9.6,0.0,338,338,0,0,0,1
2026-05-25,A,A01CN077,CN,16,134.0,104.0,97.8,30.0,6.2,0.0,326,326,0,0,0,1
2026-05-25,A,A01CN086,CN,16,339.0,286.0,215.8,53.0,70.2,0.0,312,312,0,0,0,1
2026-05-25,A,A01CN087,CN,16,339.0,251.0,199.27,88.0,51.73,0.0,427,427,0,0,0,1
2026-05-25,A,A01HB016,HB,16,414.0,265.0,209.0,149.0,56.0,0.0,342,342,0,0,0,1
2026-05-25,A,A01CN128,CN,16,374.0,367.0,367.0,7.0,0.0,0.0,622,622,0,0,0,1
2026-05-25,A,A01CN003,CN,16,369.0,361.0,361.0,8.0,0.0,0.73,992,990,1,1,2,1
2026-05-25,A,A01CN053,CN,17,159.0,120.0,101.4,39.0,18.6,0.0,338,338,0,0,0,1
2026-05-25,A,A01CN054,CN,17,164.0,157.0,157.0,7.0,0.0,0.0,486,486,0,0,0,1
2026-05-25,A,A01CN055,CN,17,164.0,143.0,137.33,21.0,5.67,0.0,412,412,0,0,0,1
2026-05-25,A,A01CN056,CN,17,164.0,146.0,146.0,18.0,0.0,0.27,550,549,1,0,1,1
2026-05-25,A,A01CN122,CN,17,387.0,257.0,211.47,130.0,45.53,0.0,488,488,0,0,0,1
2026-05-25,A,A01CN123,CN,17,386.0,377.0,344.5,9.0,32.5,0.0,265,265,0,0,0,1
2026-05-25,A,A01CN066,CN,17,444.0,434.0,434.0,10.0,0.0,0.0,3549,3549,0,0,0,1
2026-05-25,A,A01CN018,CN,17,400.0,377.0,353.25,23.0,23.75,0.0,471,471,0,0,0,1
2026-05-25,A,A01CN085,CN,17,404.0,371.0,340.27,33.0,30.73,0.0,319,319,0,0,0,1
2026-05-25,A,A01CN001,CN,17,424.0,393.0,326.0,31.0,67.0,0.0,326,326,0,0,0,1
2026-05-25,A,A01CN007,CN,18,409.0,309.0,273.0,100.0,36.0,0.0,546,546,0,0,0,1
2026-05-25,A,A01CN014,CN,18,404.0,359.0,356.1,45.0,2.9,0.0,1187,1187,0,0,0,1
2026-05-25,A,A01CN021,CN,18,409.0,359.0,321.67,50.0,37.33,0.0,965,965,0,0,0,1
2026-05-25,A,A01CN022,CN,18,409.0,49.0,6.0,360.0,43.0,0.0,20,20,0,0,0,1
2026-05-25,A,A01CN026,CN,18,404.0,374.0,374.0,30.0,0.0,0.0,1213,1213,0,0,0,1
2026-05-25,A,A01CN067,CN,18,277.0,140.0,119.02,137.0,20.98,0.0,193,193,0,0,0,1
2026-05-25,A,A01CN071,CN,18,439.0,49.0,5.1,390.0,43.9,0.0,17,17,0,0,0,1
2026-05-25,A,A01CN088,CN,18,404.0,238.0,190.4,166.0,47.6,0.0,238,238,0,0,0,1
2026-05-25,A,A01CN089,CN,18,404.0,356.0,332.8,48.0,23.2,0.0,384,384,0,0,0,1
2026-05-25,A,A01CN113,CN,18,409.0,302.0,284.17,107.0,17.83,0.0,341,341,0,0,0,1
2026-05-25,A,A01CN114,CN,18,409.0,337.0,337.0,72.0,0.0,0.0,737,737,0,0,0,1
2026-05-25,A,A01CN020,CN,18,439.0,375.0,211.0,64.0,164.0,0.0,422,422,0,0,0,1
2026-05-25,A,A01CN112,CN,18,527.0,473.0,417.0,54.0,56.0,0.0,417,417,0,0,0,1
2026-05-25,A,A01CN030,CN,18,444.0,397.0,372.0,47.0,25.0,0.0,372,372,0,0,0,1
2026-05-25,A,A01CN099,CN,18,449.0,439.0,425.0,10.0,14.0,0.0,425,425,0,0,0,1
2026-05-25,A,A01HB022,HB,18,519.0,435.0,396.82,84.0,38.18,0.0,348,348,0,0,0,1
2026-05-25,A,A01CN005,CN,18,450.0,402.0,372.75,48.0,29.25,0.0,497,497,0,0,0,1
2026-05-25,A,A01CN041,CN,18,450.0,355.0,264.0,95.0,91.0,0.0,352,352,0,0,0,1
2026-05-25,A,A01CN065,CN,18,450.0,344.0,232.5,106.0,111.5,0.0,310,310,0,0,0,1
2026-05-25,A,A01CN070,CN,18,450.0,402.0,321.0,48.0,81.0,0.0,321,321,0,0,0,1
2026-05-25,A,A01CN081,CN,18,454.0,402.0,330.0,52.0,72.0,0.0,330,330,0,0,0,1
2026-05-25,A,A01CN083,CN,18,454.0,383.0,383.0,71.0,0.0,0.0,2310,2310,0,0,0,1
2026-05-25,A,A01CN042,CN,18,524.0,433.0,399.3,91.0,33.7,0.0,726,726,0,0,0,1
2026-05-25,A,A01CN044,CN,18,525.0,482.0,342.1,43.0,139.9,0.0,622,622,0,0,0,1
2026-05-25,A,A01CN045,CN,18,529.0,498.0,444.5,31.0,53.5,0.0,762,762,0,0,0,1
2026-05-25,A,A01CN046,CN,18,529.0,488.0,488.0,41.0,0.0,0.0,846,846,0,0,0,1
2026-05-25,A,A01CN047,CN,18,529.0,473.0,390.83,56.0,82.17,0.0,670,670,0,0,0,1
2026-05-25,A,A01CN050,CN,18,529.0,476.0,355.83,53.0,120.17,0.0,610,610,0,0,0,1
2026-05-25,A,A01CN062,CN,18,528.0,448.0,437.5,80.0,10.5,0.0,750,750,0,0,0,1
2026-05-25,A,A01CN068,CN,18,528.0,492.0,471.33,36.0,20.67,0.0,808,808,0,0,0,1
2026-05-25,A,A01CN075,CN,18,528.0,359.0,269.5,169.0,89.5,0.0,462,462,0,0,0,1
2026-05-25,A,A01TMC05,TM,18,534.0,506.0,505.7,28.0,0.3,0.0,1167,1167,0,0,0,1
2026-05-25,A,A01TMC06,TM,18,533.0,492.0,492.0,41.0,0.0,0.0,1167,1167,0,0,0,1
2026-05-25,A,A01VMC03,VM,18,526.0,307.0,307.0,219.0,0.0,0.0,4880,4880,0,0,0,1
2026-05-25,A,A01VMC04,VM,18,179.0,79.0,38.0,100.0,41.0,0.0,120,120,0,0,0,1
2026-05-25,A,A01VMC07,VM,18,180.0,119.0,45.27,61.0,73.73,0.0,97,97,0,0,0,1
2026-05-25,A,A01VMC09,VM,18,526.0,492.0,441.75,34.0,50.25,0.0,1395,1395,0,0,0,1
2026-05-25,A,A01VMC10,VM,18,525.0,465.0,386.67,60.0,78.33,0.0,2320,2320,0,0,0,1
2026-05-25,A,A01VMC11,VM,18,228.0,219.0,218.5,9.0,0.5,0.63,690,688,0,2,2,1
2026-05-25,A,A01VMC12,VM,18,556.0,493.0,460.75,63.0,32.25,0.0,1455,1455,0,0,0,1
2026-05-25,A,A01VMC15,VM,18,525.0,497.0,463.5,28.0,33.5,0.0,1545,1545,0,0,0,1
2026-05-25,A,A01VMC16,VM,18,525.0,450.0,351.0,75.0,99.0,0.0,1170,1170,0,0,0,1
2026-05-25,A,A01CN048,CN,18,533.0,471.0,417.67,62.0,53.33,0.0,716,716,0,0,0,1
2026-05-25,A,A01CN051,CN,18,533.0,503.0,488.83,30.0,14.17,0.0,838,838,0,0,0,1
2026-05-25,A,A01HB025,HB,18,234.0,234.0,234.0,0.0,0.0,0.0,697,697,0,0,0,1
2026-05-25,A,A01HB013,HB,18,279.0,254.0,254.0,25.0,0.0,0.0,456,456,0,0,0,1
2026-05-25,A,A01HB014,HB,18,534.0,506.0,500.13,28.0,5.87,0.0,836,836,0,0,0,1
2026-05-25,A,A01HB023,HB,18,533.0,309.0,282.93,224.0,26.07,0.0,352,352,0,0,0,1
2026-05-25,U,A01CN064,CN,18,0.0,0.0,0.0,0.0,0.0,0.0,44,44,0,0,0,0
2026-05-25,B,A01CN111,CN,18,0.0,0.0,0.0,0.0,0.0,0.0,0,0,0,0,0,0
2026-05-25,A,A01CN074,CN,21,701.0,550.0,480.67,151.0,69.33,0.58,824,823,0,1,1,1
2026-05-25,B,A01CN053,CN,21,49.0,49.0,49.0,0.0,0.0,0.0,188,188,0,0,0,1
2026-05-25,B,A01CN054,CN,21,49.0,49.0,49.0,0.0,0.0,0.0,170,170,0,0,0,1
2026-05-25,B,A01CN055,CN,21,49.0,49.0,48.67,0.0,0.33,0.0,146,146,0,0,0,1
2026-05-25,B,A01CN056,CN,21,49.0,49.0,49.0,0.0,0.0,0.0,208,208,0,0,0,1
2026-05-25,B,A01CN057,CN,21,49.0,16.0,16.0,33.0,0.0,0.0,74,74,0,0,0,1
2026-05-25,B,A01CN058,CN,21,49.0,46.0,46.0,3.0,0.0,0.0,163,163,0,0,0,1
2026-05-25,B,A01CN060,CN,21,49.0,42.0,42.0,7.0,0.0,0.0,153,153,0,0,0,1
2026-05-25,B,A01CN072,CN,21,49.0,12.0,4.2,37.0,7.8,0.0,14,14,0,0,0,1
2026-05-25,B,A01CN073,CN,21,49.0,45.0,45.0,4.0,0.0,0.0,143,143,0,0,0,1
2026-05-25,B,A01CN076,CN,21,49.0,0.0,0.0,49.0,0.0,0.0,0,0,0,0,0,1
2026-05-25,B,A01CN077,CN,21,49.0,49.0,49.0,0.0,0.0,0.0,182,182,0,0,0,1
2026-05-25,B,A01CN100,CN,21,59.0,36.0,36.0,23.0,0.0,0.0,57,57,0,0,0,1
2026-05-25,B,A01HB019,HB,21,49.0,0.0,0.0,49.0,0.0,0.0,0,0,0,0,0,1
2026-05-25,B,A01HB020,HB,21,49.0,49.0,49.0,0.0,0.0,0.0,114,114,0,0,0,1
2026-05-25,B,A01CN059,CN,21,49.0,40.0,40.0,9.0,0.0,0.0,151,151,0,0,0,1
2026-05-25,B,A01CN021,CN,22,139.0,132.0,131.67,7.0,0.33,0.0,395,395,0,0,0,1
2026-05-25,B,A01CN022,CN,22,49.0,40.0,39.6,9.0,0.4,0.0,132,132,0,0,0,1
2026-05-25,B,A01CN027,CN,22,159.0,157.0,147.58,2.0,9.42,0.0,161,161,0,0,0,1
2026-05-25,B,A01CN028,CN,22,159.0,156.0,149.42,3.0,6.58,0.0,163,163,0,0,0,1
2026-05-25,B,A01CN084,CN,22,179.0,124.0,124.0,55.0,0.0,0.0,910,910,0,0,0,1
2026-05-25,B,A01CN089,CN,22,59.0,45.0,39.87,14.0,5.13,0.0,46,46,0,0,0,1
2026-05-25,B,A01BR005,BR,22,49.0,7.0,7.0,42.0,0.0,0.0,432,432,0,0,0,1
2026-05-25,B,A01BR007,BR,22,49.0,12.0,12.0,37.0,0.0,0.0,362,362,0,0,0,1
2026-05-25,B,A01TAP14,TA,22,49.0,14.0,14.0,35.0,0.0,0.0,269,269,0,0,0,1
2026-05-25,B,A01HB024,HB,22,118.0,118.0,111.77,0.0,6.23,0.0,154,154,0,0,0,1
2026-05-25,B,A01CN138,CN,22,153.0,92.0,92.0,61.0,0.0,0.0,146,146,0,0,0,1
2026-05-25,B,A01CN139,CN,22,153.0,94.0,94.0,59.0,0.0,0.0,156,156,0,0,0,1
2026-05-25,B,A01TMC04,TM,22,184.0,177.0,177.0,7.0,0.0,0.0,206,206,0,0,0,1
2026-05-25,B,A01CN038,CN,23,37.0,16.0,16.0,21.0,0.0,0.0,120,120,0,0,0,1
2026-05-25,B,A01CN039,CN,23,94.0,51.0,49.4,43.0,1.6,0.0,156,156,0,0,0,1
2026-05-25,B,A01TMC01,TM,23,226.0,182.0,182.0,44.0,0.0,0.0,196,196,0,0,0,1
2026-05-25,B,A01TMC02,TM,23,226.0,177.0,177.0,49.0,0.0,0.0,176,176,0,0,0,1
2026-05-25,B,A01CN091,CN,23,104.0,86.0,86.0,18.0,0.0,0.0,386,386,0,0,0,1
2026-05-25,B,A01CN095,CN,23,114.0,81.0,81.0,33.0,0.0,0.0,514,514,0,0,0,1
2026-05-25,B,A01CN124,CN,23,139.0,0.0,0.0,139.0,0.0,0.0,0,0,0,0,0,1
2026-05-25,B,A01CN125,CN,23,139.0,0.0,0.0,139.0,0.0,0.0,0,0,0,0,0,1
2026-05-25,B,A01CN130,CN,23,139.0,0.0,0.0,139.0,0.0,0.0,0,0,0,0,0,1
2026-05-25,B,A01CN131,CN,23,139.0,47.0,47.0,92.0,0.0,0.0,108,108,0,0,0,1
2026-05-25,B,A01CN135,CN,23,169.0,0.0,0.0,169.0,0.0,0.0,0,0,0,0,0,1
2026-05-25,B,A01CN002,CN,23,144.0,127.0,127.0,17.0,0.0,0.0,164,164,0,0,0,1
2026-05-25,B,A01CN094,CN,23,154.0,67.0,30.83,87.0,36.17,0.0,74,74,0,0,0,1
2026-05-25,B,A01CN104,CN,23,154.0,149.0,149.0,5.0,0.0,0.0,388,388,0,0,0,1
2026-05-25,B,A01CN026,CN,0,259.0,259.0,259.0,0.0,0.0,0.0,861,861,0,0,0,1
2026-05-25,B,A01HB011,HB,0,34.0,34.0,34.0,0.0,0.0,0.0,270,270,0,0,0,1
2026-05-25,B,A01HB017,HB,0,49.0,49.0,49.0,0.0,0.0,0.0,120,120,0,0,0,1
2026-05-25,B,A01CN127,CN,0,49.0,0.0,0.0,49.0,0.0,0.0,0,0,0,0,0,1
2026-05-25,B,A01CN129,CN,0,49.0,0.0,0.0,49.0,0.0,0.0,0,0,0,0,0,1
2026-05-25,B,A01CN132,CN,0,49.0,0.0,0.0,49.0,0.0,0.0,16,16,0,0,0,1
2026-05-25,B,A01HB001,HB,0,49.0,11.0,4.53,38.0,6.47,0.0,12,12,0,0,0,1
2026-05-25,B,A01HB002,HB,0,49.0,49.0,49.0,0.0,0.0,0.0,114,114,0,0,0,1
2026-05-25,B,A01HB003,HB,0,49.0,49.0,44.53,0.0,4.47,0.0,128,128,0,0,0,1
2026-05-25,B,A01HB004,HB,0,49.0,49.0,35.93,0.0,13.07,0.0,88,88,0,0,0,1
2026-05-25,B,A01HB005,HB,0,49.0,41.0,33.07,8.0,7.93,0.0,128,128,0,0,0,1
2026-05-25,B,A01HB007,HB,0,49.0,49.0,49.0,0.0,0.0,0.0,152,152,0,0,0,1
2026-05-25,B,A01HB008,HB,0,49.0,49.0,49.0,0.0,0.0,0.0,175,175,0,0,0,1
2026-05-25,B,A01HB009,HB,0,49.0,49.0,49.0,0.0,0.0,0.0,132,132,0,0,0,1
2026-05-25,B,A01HB010,HB,0,49.0,49.0,41.93,0.0,7.07,0.0,102,102,0,0,0,1
2026-05-25,B,A01HB015,HB,0,49.0,0.0,0.0,49.0,0.0,0.0,0,0,0,0,0,1
2026-05-25,B,A01HB018,HB,0,49.0,49.0,49.0,0.0,0.0,0.0,84,84,0,0,0,1
2026-05-25,B,A01VMC18,VM,1,294.0,236.0,236.0,58.0,0.0,0.0,744,744,0,0,0,1
2026-05-25,B,A01VMC07,VM,1,99.0,42.0,22.4,57.0,19.6,0.0,48,48,0,0,0,1
2026-05-25,B,A01CN006,CN,2,314.0,265.0,265.0,49.0,0.0,0.0,387,387,0,0,0,1
2026-05-25,B,A01CN008,CN,2,314.0,278.0,278.0,36.0,0.0,0.0,285,285,0,0,0,1
2026-05-25,B,A01CN133,CN,2,314.0,285.0,285.0,29.0,0.0,0.0,233,233,0,0,0,1
2026-05-25,B,A01CN066,CN,2,357.0,253.0,253.0,104.0,0.0,0.0,1887,1887,0,0,0,1
2026-05-25,B,A01CN120,CN,2,434.0,315.0,315.0,119.0,0.0,0.0,410,410,0,0,0,1
2026-05-25,B,A01CN134,CN,2,344.0,315.0,315.0,29.0,0.0,0.0,229,229,0,0,0,1
2026-05-25,B,A01CN117,CN,2,403.0,377.0,350.53,26.0,26.47,0.0,478,478,0,0,0,1
2026-05-25,B,A01CN118,CN,2,403.0,383.0,354.2,20.0,28.8,0.0,462,462,0,0,0,1
2026-05-25,B,A01VMC05,VM,2,45.0,35.0,24.0,10.0,11.0,0.0,80,80,0,0,0,1
2026-05-25,B,A01CN003,CN,3,334.0,324.0,324.0,10.0,0.0,0.0,924,924,0,0,0,1
2026-05-25,B,A01CN092,CN,3,334.0,326.0,326.0,8.0,0.0,0.0,1287,1287,0,0,0,1
2026-05-25,B,A01CN093,CN,3,351.0,332.0,332.0,19.0,0.0,0.0,1286,1286,0,0,0,1
2026-05-25,B,A01CN096,CN,3,324.0,307.0,307.0,17.0,0.0,0.0,1316,1316,0,0,0,1
2026-05-25,B,A01CN101,CN,3,334.0,327.0,321.93,7.0,5.07,0.0,878,878,0,0,0,1
2026-05-25,B,A01CN103,CN,3,324.0,289.0,208.33,35.0,80.67,0.0,500,500,0,0,0,1
2026-05-25,B,A01VMC11,VM,3,49.0,49.0,49.0,0.0,0.0,0.0,165,165,0,0,0,1
2026-05-25,B,A01TMC05,TM,4,554.0,538.0,538.0,16.0,0.0,0.0,1275,1275,0,0,0,1
2026-05-25,B,A01TMC06,TM,4,554.0,544.0,544.0,10.0,0.0,0.0,1331,1331,0,0,0,1
2026-05-25,B,A01TMC07,TM,4,559.0,552.0,552.0,7.0,0.0,0.0,1358,1358,0,0,0,1
2026-05-25,B,A01TMC09,TM,4,559.0,554.0,554.0,5.0,0.0,0.0,1340,1340,0,0,0,1
2026-05-25,B,A01TMC08,TM,4,559.0,554.0,554.0,5.0,0.0,0.0,1337,1337,0,0,0,1
2026-05-25,B,A01CN007,CN,5,519.0,335.0,297.5,184.0,37.5,0.0,595,595,0,0,0,1
2026-05-25,B,A01CN014,CN,5,519.0,484.0,484.0,35.0,0.0,0.0,1872,1872,0,0,0,1
2026-05-25,B,A01CN015,CN,5,519.0,410.0,410.0,109.0,0.0,0.0,1409,1409,0,0,0,1
2026-05-25,B,A01CN023,CN,5,519.0,504.0,504.0,15.0,0.0,0.0,1618,1618,0,0,0,1
2026-05-25,B,A01CN067,CN,5,439.0,306.0,253.45,133.0,52.55,0.0,411,411,0,0,0,1
2026-05-25,B,A01CN080,CN,5,519.0,470.0,425.0,49.0,45.0,0.0,1275,1275,0,0,0,1
2026-05-25,B,A01CN088,CN,5,409.0,334.0,308.8,75.0,25.2,0.0,386,386,0,0,0,1
2026-05-25,B,A01CN106,CN,5,534.0,36.0,36.0,498.0,0.0,0.0,238,238,0,0,0,1
2026-05-25,B,A01CN107,CN,5,439.0,368.0,328.8,71.0,39.2,0.0,411,411,0,0,0,1
2026-05-25,B,A01CN113,CN,5,519.0,477.0,415.83,42.0,61.17,0.0,499,499,0,0,0,1
2026-05-25,B,A01CN114,CN,5,519.0,464.0,464.0,55.0,0.0,0.0,1029,1029,0,0,0,1
2026-05-25,B,A01TMC10,TM,5,627.0,587.0,587.0,40.0,0.0,0.0,616,616,0,0,0,1
2026-05-25,B,A01CN045,CN,6,609.0,514.0,481.83,95.0,32.17,0.0,826,826,0,0,0,1
2026-05-25,B,A01CN046,CN,6,609.0,455.0,455.0,154.0,0.0,0.0,798,798,0,0,0,1
2026-05-25,B,A01CN001,CN,6,629.0,534.0,445.0,95.0,89.0,0.0,445,445,0,0,0,1
2026-05-25,B,A01CN005,CN,6,629.0,530.0,367.5,99.0,162.5,0.0,490,490,0,0,0,1
2026-05-25,B,A01CN017,CN,6,629.0,524.0,498.0,105.0,26.0,0.0,664,664,0,0,0,1
2026-05-25,B,A01CN018,CN,6,629.0,587.0,587.0,42.0,0.0,0.0,783,783,0,0,0,1
2026-05-25,B,A01CN024,CN,6,629.0,504.0,298.08,125.0,205.92,0.0,511,511,0,0,0,1
2026-05-25,B,A01CN030,CN,6,629.0,547.0,474.0,82.0,73.0,0.0,474,474,0,0,0,1
2026-05-25,B,A01CN041,CN,6,629.0,534.0,468.75,95.0,65.25,0.0,625,625,0,0,0,1
2026-05-25,B,A01CN065,CN,6,629.0,508.0,408.0,121.0,100.0,0.0,544,544,0,0,0,1
2026-05-25,B,A01CN070,CN,6,639.0,573.0,490.0,66.0,83.0,0.0,490,490,0,0,0,1
2026-05-25,B,A01CN081,CN,6,629.0,542.0,511.0,87.0,31.0,0.0,511,511,0,0,0,1
2026-05-25,B,A01CN085,CN,6,639.0,568.0,498.13,71.0,69.87,0.0,467,467,0,0,0,1
2026-05-25,B,A01CN086,CN,6,429.0,138.0,110.67,291.0,27.33,0.0,160,160,0,0,0,1
2026-05-25,B,A01CN087,CN,6,429.0,78.0,53.67,351.0,24.33,0.0,115,115,0,0,0,1
2026-05-25,B,A01CN098,CN,6,629.0,552.0,551.0,77.0,1.0,0.0,551,551,0,0,0,1
2026-05-25,B,A01CN099,CN,6,639.0,581.0,532.0,58.0,49.0,0.0,532,532,0,0,0,1
2026-05-25,B,A01CN020,CN,6,654.0,566.0,411.5,88.0,154.5,0.0,823,823,0,0,0,1
2026-05-25,B,A01CN064,CN,6,654.0,474.0,365.0,180.0,109.0,0.0,365,365,0,0,0,1
2026-05-25,B,A01CN108,CN,6,654.0,476.0,318.0,178.0,158.0,0.0,318,318,0,0,0,1
2026-05-25,B,A01CN111,CN,6,659.0,586.0,400.5,73.0,185.5,0.0,534,534,0,0,0,1
2026-05-25,B,A01CN112,CN,6,654.0,584.0,564.0,70.0,20.0,0.0,564,564,0,0,0,1
2026-05-25,B,A01CN047,CN,6,664.0,452.0,430.5,212.0,21.5,0.0,738,738,0,0,0,1
2026-05-25,B,A01CN050,CN,6,664.0,552.0,552.0,112.0,0.0,0.0,978,978,0,0,0,1
2026-05-25,B,A01CN074,CN,6,505.0,410.0,410.0,95.0,0.0,0.0,706,706,0,0,0,1
2026-05-25,B,A01CN075,CN,6,664.0,575.0,569.33,89.0,5.67,0.0,976,976,0,0,0,1
2026-05-25,B,A01VMC03,VM,6,664.0,536.0,536.0,128.0,0.0,0.0,2160,2160,0,0,0,1
2026-05-25,B,A01VMC09,VM,6,668.0,613.0,608.0,55.0,5.0,0.0,1920,1920,0,0,0,1
2026-05-25,B,A01VMC10,VM,6,664.0,524.0,524.0,140.0,0.0,0.0,3360,3360,0,0,0,1
2026-05-25,B,A01VMC12,VM,6,669.0,643.0,574.75,26.0,68.25,0.0,1815,1815,0,0,0,1
2026-05-25,B,A01VMC15,VM,6,669.0,549.0,522.0,120.0,27.0,0.0,1740,1740,0,0,0,1
2026-05-25,B,A01CN042,CN,7,669.0,495.0,416.9,174.0,78.1,0.0,758,758,0,0,0,1
2026-05-25,B,A01CN044,CN,7,669.0,163.0,122.1,506.0,40.9,0.0,222,222,0,0,0,1
2026-05-25,B,A01CN048,CN,7,659.0,502.0,463.17,157.0,38.83,0.0,794,794,0,0,0,1
2026-05-25,B,A01CN051,CN,7,659.0,519.0,497.0,140.0,22.0,0.0,852,852,0,0,0,1
2026-05-25,B,A01CN062,CN,7,669.0,621.0,606.67,48.0,14.33,0.0,1040,1040,0,0,0,1
2026-05-25,B,A01CN068,CN,7,659.0,608.0,593.83,51.0,14.17,0.0,1018,1018,0,0,0,1
2026-05-25,B,A01HB013,HB,7,669.0,25.0,25.0,644.0,0.0,0.0,57,57,0,0,0,1
2026-05-25,B,A01HB014,HB,7,669.0,637.0,613.8,32.0,23.2,0.0,1026,1026,0,0,0,1
2026-05-25,B,A01HB016,HB,7,421.0,307.0,307.0,114.0,0.0,0.0,504,504,0,0,0,1
2026-05-25,B,A01HB022,HB,7,673.0,590.0,590.0,83.0,0.0,0.0,528,528,0,0,0,1
2026-05-25,B,A01HB024,HB,7,478.0,478.0,399.17,0.0,78.83,0.0,550,550,0,0,0,1
2026-05-25,B,A01VMC16,VM,7,659.0,574.0,571.5,85.0,2.5,0.0,1905,1905,0,0,0,1
2026-05-26,A,A01CN004,CN,10,0.0,0.0,0.0,0.0,0.0,0.0,23,23,0,0,0,0
2026-05-26,A,A01CN049,CN,11,104.0,93.0,93.0,11.0,0.0,0.0,115,115,0,0,0,1
2026-05-26,A,A01HB005,HB,11,104.0,98.0,98.0,6.0,0.0,0.0,424,424,0,0,0,1
2026-05-26,A,A01TMC02,TM,11,90.0,90.0,90.0,0.0,0.0,0.0,88,88,0,0,0,1
2026-05-26,A,A01CN053,CN,11,119.0,105.0,101.7,14.0,3.3,0.0,339,339,0,0,0,1
2026-05-26,A,A01CN054,CN,11,119.0,113.0,113.0,6.0,0.0,0.0,368,368,0,0,0,1
2026-05-26,A,A01CN055,CN,11,119.0,118.0,118.0,1.0,0.0,0.0,371,371,0,0,0,1
2026-05-26,A,A01CN056,CN,11,119.0,118.0,118.0,1.0,0.0,0.0,483,483,0,0,0,1
2026-05-26,A,A01CN057,CN,11,100.0,93.0,93.0,7.0,0.0,0.0,322,322,0,0,0,1
2026-05-26,A,A01CN058,CN,11,119.0,119.0,119.0,0.0,0.0,0.0,395,395,0,0,0,1
2026-05-26,A,A01CN059,CN,11,119.0,109.0,109.0,10.0,0.0,0.0,337,337,0,0,0,1
2026-05-26,A,A01CN060,CN,11,119.0,118.0,118.0,1.0,0.0,0.0,432,432,0,0,0,1
2026-05-26,A,A01CN072,CN,11,119.0,90.0,66.6,29.0,23.4,0.0,222,222,0,0,0,1
2026-05-26,A,A01CN073,CN,11,119.0,100.0,100.0,19.0,0.0,0.0,318,318,0,0,0,1
2026-05-26,A,A01CN076,CN,11,119.0,93.0,80.1,26.0,12.9,0.0,267,267,0,0,0,1
2026-05-26,A,A01CN077,CN,11,119.0,100.0,100.0,19.0,0.0,0.0,337,337,0,0,0,1
2026-05-26,A,A01HB015,HB,11,100.0,0.0,0.0,100.0,0.0,0.0,0,0,0,0,0,1
2026-05-26,A,A01HB017,HB,11,100.0,100.0,100.0,0.0,0.0,0.0,234,234,0,0,0,1
2026-05-26,A,A01HB018,HB,11,100.0,100.0,98.4,0.0,1.6,0.0,144,144,0,0,0,1
2026-05-26,A,A01HB001,HB,12,164.0,158.0,122.4,6.0,35.6,0.0,324,324,0,0,0,1
2026-05-26,A,A01HB002,HB,12,164.0,164.0,145.6,0.0,18.4,3.9,336,327,0,9,9,1
2026-05-26,A,A01HB003,HB,12,164.0,21.0,13.92,143.0,7.08,0.0,40,40,0,0,0,1
2026-05-26,A,A01HB004,HB,12,164.0,164.0,137.2,0.0,26.8,0.0,336,336,0,0,0,1
2026-05-26,A,A01HB008,HB,12,164.0,164.0,158.57,0.0,5.43,0.0,497,497,0,0,0,1
2026-05-26,A,A01HB009,HB,12,164.0,164.0,164.0,0.0,0.0,0.0,414,414,0,0,0,1
2026-05-26,A,A01HB010,HB,12,159.0,159.0,130.73,0.0,28.27,0.41,318,317,1,0,1,1
2026-05-26,A,A01TRP35,TR,12,109.0,1.0,0.0,108.0,1.0,0.0,0,0,0,0,0,1
2026-05-26,A,A01CN138,CN,12,209.0,196.0,181.33,13.0,14.67,0.0,272,272,0,0,0,1
2026-05-26,A,A01TMC01,TM,12,224.0,224.0,224.0,0.0,0.0,0.0,212,212,0,0,0,1
2026-05-26,A,A01CN006,CN,12,147.0,97.0,95.83,50.0,1.17,0.0,115,115,0,0,0,1
2026-05-26,A,A01CN061,CN,12,149.0,68.0,60.8,81.0,7.2,0.0,76,76,0,0,0,1
2026-05-26,A,A01CN069,CN,12,149.0,69.0,65.6,80.0,3.4,0.0,82,82,0,0,0,1
2026-05-26,A,A01CN086,CN,12,62.0,58.0,56.72,4.0,1.28,0.0,82,82,0,0,0,1
2026-05-26,A,A01CN087,CN,12,62.0,54.0,41.07,8.0,12.93,0.0,88,88,0,0,0,1
2026-05-26,A,A01HB006,HB,12,194.0,34.0,13.18,160.0,20.82,0.0,35,35,0,0,0,1
2026-05-26,A,A01HB007,HB,12,194.0,6.0,1.65,188.0,4.35,0.0,4,4,0,0,0,1
2026-05-26,A,A01HB011,HB,12,189.0,189.0,189.0,0.0,0.0,0.0,1040,1040,0,0,0,1
2026-05-26,A,A01HB012,HB,12,189.0,38.0,38.0,151.0,0.0,0.49,155,153,2,0,2,1
2026-05-26,A,A01HB020,HB,12,89.0,89.0,74.92,0.0,14.08,0.0,174,174,0,0,0,1
2026-05-26,A,A01CN101,CN,12,145.0,124.0,119.53,21.0,4.47,0.0,326,326,0,0,0,1
2026-05-26,A,A01CN078,CN,13,173.0,119.0,74.0,54.0,45.0,0.0,148,148,0,0,0,1
2026-05-26,A,A01TAP14,TA,13,172.0,144.0,144.0,28.0,0.0,0.0,952,952,0,0,0,1
2026-05-26,A,A01CN139,CN,14,239.0,216.0,214.0,23.0,2.0,0.0,321,321,0,0,0,1
2026-05-26,A,A01TMC04,TM,14,219.0,217.0,214.93,2.0,2.07,0.0,248,248,0,0,0,1
2026-05-26,A,A01HB024,HB,14,240.0,0.0,0.0,240.0,0.0,0.0,0,0,0,0,0,1
2026-05-26,A,A01CN019,CN,15,339.0,339.0,123.5,0.0,215.5,0.0,190,190,0,0,0,1
2026-05-26,A,A01CN084,CN,16,330.0,283.0,283.0,47.0,0.0,0.0,1710,1710,0,0,0,1
2026-05-26,A,A01CN024,CN,16,345.0,259.0,186.08,86.0,72.92,0.0,319,319,0,0,0,1
2026-05-26,A,A01CN002,CN,16,337.0,301.0,244.0,36.0,57.0,0.0,244,244,0,0,0,1
2026-05-26,A,A01CN008,CN,16,337.0,325.0,325.0,12.0,0.0,0.0,330,330,0,0,0,1
2026-05-26,A,A01CN038,CN,16,336.0,329.0,329.0,7.0,0.0,0.0,1101,1101,0,0,0,1
2026-05-26,A,A01CN039,CN,16,336.0,328.0,328.0,8.0,0.0,0.0,1047,1047,0,0,0,1
2026-05-26,A,A01CN133,CN,16,335.0,285.0,285.0,50.0,0.0,0.0,195,195,0,0,0,1
2026-05-26,A,A01CN091,CN,16,337.0,316.0,316.0,21.0,0.0,0.0,1030,1030,0,0,0,1
2026-05-26,A,A01CN092,CN,16,337.0,286.0,286.0,51.0,0.0,0.0,1023,1023,0,0,0,1
2026-05-26,A,A01CN093,CN,16,337.0,328.0,328.0,9.0,0.0,0.0,1116,1116,0,0,0,1
2026-05-26,A,A01CN094,CN,16,337.0,285.0,169.17,52.0,115.83,0.0,406,406,0,0,0,1
2026-05-26,A,A01CN096,CN,16,337.0,330.0,330.0,7.0,0.0,0.0,1208,1208,0,0,0,1
2026-05-26,A,A01CN097,CN,16,336.0,322.0,298.93,14.0,23.07,0.0,912,912,0,0,0,1
2026-05-26,A,A01TMC07,TM,16,427.0,412.0,412.0,15.0,0.0,0.0,989,989,0,0,0,1
2026-05-26,A,A01CN134,CN,16,365.0,295.0,295.0,70.0,0.0,1.5,197,196,1,0,1,1
2026-05-26,A,A01CN102,CN,16,300.0,144.0,82.5,156.0,61.5,0.0,275,275,0,0,0,1
2026-05-26,A,A01CN103,CN,16,336.0,284.0,150.0,52.0,134.0,0.0,360,360,0,0,0,1
2026-05-26,A,A01CN104,CN,16,335.0,263.0,261.5,72.0,1.5,0.0,523,523,0,0,0,1
2026-05-26,A,A01TMC08,TM,16,427.0,412.0,412.0,15.0,0.0,0.0,981,981,0,0,0,1
2026-05-26,A,A01CN017,CN,16,355.0,287.0,277.5,68.0,9.5,0.0,370,370,0,0,0,1
2026-05-26,A,A01CN098,CN,16,355.0,337.0,274.0,18.0,63.0,0.0,274,274,0,0,0,1
2026-05-26,A,A01TMC05,TM,16,442.0,431.0,428.13,11.0,2.87,0.0,988,988,0,0,0,1
2026-05-26,A,A01TMC06,TM,16,442.0,435.0,435.0,7.0,0.0,0.0,1034,1034,0,0,0,1
2026-05-26,A,A01TMC09,TM,16,432.0,428.0,428.0,4.0,0.0,0.0,1015,1015,0,0,0,1
2026-05-26,A,A01CN126,CN,16,434.0,28.0,3.0,406.0,25.0,0.0,9,9,0,0,0,1
2026-05-26,A,A01CN016,CN,16,364.0,344.0,344.0,20.0,0.0,0.0,550,550,0,0,0,1
2026-05-26,A,A01CN063,CN,16,381.0,302.0,302.0,79.0,0.0,0.0,666,666,0,0,0,1
2026-05-26,A,A01VMC09,VM,16,191.0,89.0,57.0,102.0,32.0,0.0,180,180,0,0,0,1
2026-05-26,A,A01CN128,CN,16,394.0,32.0,32.0,362.0,0.0,0.0,56,56,0,0,0,1
2026-05-26,A,A01CN003,CN,16,357.0,316.0,316.0,41.0,0.0,0.0,812,812,0,0,0,1
2026-05-26,A,A01CN122,CN,17,407.0,291.0,221.87,116.0,69.13,0.0,512,512,0,0,0,1
2026-05-26,A,A01CN123,CN,17,406.0,361.0,291.2,45.0,69.8,0.0,224,224,0,0,0,1
2026-05-26,A,A01CN066,CN,17,459.0,455.0,455.0,4.0,0.0,0.0,3759,3759,0,0,0,1
2026-05-26,A,A01CN018,CN,17,420.0,367.0,353.25,53.0,13.75,0.0,471,471,0,0,0,1
2026-05-26,A,A01CN085,CN,17,420.0,393.0,356.27,27.0,36.73,4.27,334,330,0,4,4,1
2026-05-26,U,A01CN064,CN,17,0.0,0.0,0.0,0.0,0.0,0.0,45,45,0,0,0,0
2026-05-26,A,A01CN108,CN,17,514.0,492.0,389.0,22.0,103.0,0.0,389,389,0,0,0,1
2026-05-26,A,A01CN111,CN,17,514.0,495.0,380.25,19.0,114.75,0.0,507,507,0,0,0,1
2026-05-26,A,A01CN001,CN,17,454.0,418.0,356.0,36.0,62.0,0.0,356,356,0,0,0,1
2026-05-26,A,A01CN014,CN,18,454.0,408.0,408.0,46.0,0.0,0.0,1366,1366,0,0,0,1
2026-05-26,A,A01CN015,CN,18,454.0,336.0,336.0,118.0,0.0,0.0,1207,1207,0,0,0,1
2026-05-26,A,A01CN021,CN,18,454.0,419.0,419.0,35.0,0.0,0.0,1275,1275,0,0,0,1
2026-05-26,A,A01CN023,CN,18,454.0,402.0,402.0,52.0,0.0,0.0,1254,1254,0,0,0,1
2026-05-26,A,A01CN026,CN,18,454.0,410.0,410.0,44.0,0.0,0.0,1326,1326,0,0,0,1
2026-05-26,A,A01CN067,CN,18,453.0,321.0,310.18,132.0,10.82,0.0,503,503,0,0,0,1
2026-05-26,A,A01CN071,CN,18,484.0,351.0,341.1,133.0,9.9,0.0,1137,1137,0,0,0,1
2026-05-26,A,A01CN080,CN,18,454.0,440.0,403.67,14.0,36.33,0.0,1211,1211,0,0,0,1
2026-05-26,A,A01CN088,CN,18,454.0,317.0,263.2,137.0,53.8,0.0,329,329,0,0,0,1
2026-05-26,A,A01CN089,CN,18,453.0,384.0,346.67,69.0,37.33,0.0,400,400,0,0,0,1
2026-05-26,A,A01CN106,CN,18,127.0,117.0,56.12,10.0,60.88,0.0,91,91,0,0,0,1
2026-05-26,A,A01CN107,CN,18,127.0,81.0,60.8,46.0,20.2,0.0,76,76,0,0,0,1
2026-05-26,A,A01BR005,BR,18,450.0,314.0,314.0,136.0,0.0,0.0,3284,3284,0,0,0,1
2026-05-26,A,A01CN113,CN,18,469.0,386.0,386.0,83.0,0.0,0.0,473,473,0,0,0,1
2026-05-26,A,A01CN114,CN,18,469.0,408.0,408.0,61.0,0.0,0.0,972,972,0,0,0,1
2026-05-26,A,A01CN020,CN,18,469.0,413.0,222.5,56.0,190.5,0.0,445,445,0,0,0,1
2026-05-26,A,A01CN112,CN,18,469.0,363.0,273.0,106.0,90.0,0.0,273,273,0,0,0,1
2026-05-26,A,A01CN030,CN,18,460.0,441.0,422.0,19.0,19.0,0.0,422,422,0,0,0,1
2026-05-26,A,A01CN099,CN,18,465.0,446.0,422.0,19.0,24.0,0.0,422,422,0,0,0,1
2026-05-26,A,A01CN005,CN,18,470.0,365.0,329.25,105.0,35.75,0.0,439,439,0,0,0,1
2026-05-26,A,A01CN041,CN,18,470.0,299.0,204.75,171.0,94.25,0.0,273,273,0,0,0,1
2026-05-26,A,A01CN065,CN,18,470.0,388.0,274.5,82.0,113.5,0.0,366,366,0,0,0,1
2026-05-26,A,A01CN070,CN,18,470.0,84.0,0.0,386.0,84.0,0.0,0,0,0,0,0,1
2026-05-26,A,A01CN081,CN,18,470.0,440.0,342.0,30.0,98.0,0.0,342,342,0,0,0,1
2026-05-26,A,A01CN042,CN,18,554.0,481.0,442.2,73.0,38.8,0.0,804,804,0,0,0,1
2026-05-26,A,A01CN044,CN,18,304.0,114.0,0.0,190.0,114.0,0.0,0,0,0,0,0,1
2026-05-26,A,A01CN045,CN,18,554.0,495.0,430.5,59.0,64.5,0.0,738,738,0,0,0,1
2026-05-26,A,A01CN046,CN,18,554.0,372.0,336.0,182.0,36.0,0.0,576,576,0,0,0,1
2026-05-26,A,A01CN047,CN,18,124.0,85.0,78.17,39.0,6.83,0.0,134,134,0,0,0,1
2026-05-26,A,A01CN050,CN,18,304.0,286.0,266.0,18.0,20.0,0.0,456,456,0,0,0,1
2026-05-26,A,A01CN062,CN,18,554.0,478.0,458.5,76.0,19.5,0.58,786,785,0,1,1,1
2026-05-26,A,A01CN068,CN,18,554.0,532.0,507.5,22.0,24.5,0.58,870,869,1,0,1,1
2026-05-26,A,A01CN074,CN,18,304.0,272.0,247.33,32.0,24.67,0.0,424,424,0,0,0,1
2026-05-26,A,A01CN075,CN,18,304.0,241.0,172.67,63.0,68.33,0.0,296,296,0,0,0,1
2026-05-26,A,A01VMC03,VM,18,304.0,304.0,270.0,0.0,34.0,0.0,1080,1080,0,0,0,1
2026-05-26,A,A01VMC05,VM,18,308.0,245.0,187.2,63.0,57.8,0.0,624,624,0,0,0,1
2026-05-26,A,A01VMC07,VM,18,554.0,398.0,222.6,156.0,175.4,0.0,477,477,0,0,0,1
2026-05-26,A,A01VMC10,VM,18,554.0,136.0,53.33,418.0,82.67,0.0,320,320,0,0,0,1
2026-05-26,A,A01VMC11,VM,18,304.0,215.0,142.5,89.0,72.5,0.32,450,449,1,0,1,1
2026-05-26,A,A01VMC12,VM,18,584.0,552.0,513.0,32.0,39.0,0.0,1620,1620,0,0,0,1
2026-05-26,A,A01VMC15,VM,18,554.0,419.0,387.0,135.0,32.0,0.0,1290,1290,0,0,0,1
2026-05-26,A,A01VMC16,VM,18,554.0,486.0,423.0,68.0,63.0,0.0,1410,1410,0,0,0,1
2026-05-26,A,A01VMC18,VM,18,304.0,234.0,234.0,70.0,0.0,0.0,896,896,0,0,0,1
2026-05-26,A,A01CN048,CN,18,559.0,507.0,459.67,52.0,47.33,0.0,788,788,0,0,0,1
2026-05-26,A,A01CN051,CN,18,559.0,505.0,494.67,54.0,10.33,0.0,848,848,0,0,0,1
2026-05-26,A,A01HB025,HB,18,231.0,231.0,231.0,0.0,0.0,0.0,714,714,0,0,0,1
2026-05-26,A,A01HB013,HB,18,435.0,404.0,377.07,31.0,26.93,0.0,608,608,0,0,0,1
2026-05-26,A,A01HB014,HB,18,552.0,516.0,511.5,36.0,4.5,0.0,855,855,0,0,0,1
2026-05-26,A,A01HB016,HB,18,551.0,523.0,506.0,28.0,17.0,0.0,828,828,0,0,0,1
2026-05-26,A,A01HB023,HB,18,498.0,278.0,247.57,220.0,30.43,0.0,308,308,0,0,0,1
2026-05-26,B,A01CN053,CN,21,49.0,45.0,45.0,4.0,0.0,0.0,168,168,0,0,0,1
2026-05-26,B,A01CN054,CN,21,49.0,42.0,42.0,7.0,0.0,0.0,126,126,0,0,0,1
2026-05-26,B,A01CN055,CN,21,49.0,47.0,47.0,2.0,0.0,0.0,163,163,0,0,0,1
2026-05-26,B,A01CN056,CN,21,49.0,49.0,49.0,0.0,0.0,0.0,203,203,0,0,0,1
2026-05-26,B,A01CN057,CN,21,49.0,46.0,46.0,3.0,0.0,0.0,170,170,0,0,0,1
2026-05-26,B,A01CN058,CN,21,49.0,49.0,49.0,0.0,0.0,0.0,168,168,0,0,0,1
2026-05-26,B,A01CN059,CN,21,49.0,48.0,48.0,1.0,0.0,0.0,161,161,0,0,0,1
2026-05-26,B,A01CN060,CN,21,49.0,45.0,45.0,4.0,0.0,0.0,156,156,0,0,0,1
2026-05-26,B,A01CN072,CN,21,49.0,42.0,39.0,7.0,3.0,0.0,130,130,0,0,0,1
2026-05-26,B,A01CN073,CN,21,49.0,32.0,23.0,17.0,9.0,0.0,69,69,0,0,0,1
2026-05-26,B,A01CN076,CN,21,49.0,49.0,49.0,0.0,0.0,0.0,173,173,0,0,0,1
2026-05-26,B,A01CN077,CN,21,49.0,24.0,19.8,25.0,4.2,0.0,66,66,0,0,0,1
2026-05-26,B,A01CN100,CN,21,59.0,0.0,0.0,59.0,0.0,0.0,1,1,0,0,0,1
2026-05-26,B,A01HB019,HB,21,49.0,0.0,0.0,49.0,0.0,0.0,0,0,0,0,0,1
2026-05-26,B,A01CN006,CN,22,105.0,39.0,25.0,66.0,14.0,0.0,30,30,0,0,0,1
2026-05-26,B,A01CN016,CN,22,85.0,36.0,36.0,49.0,0.0,0.0,85,85,0,0,0,1
2026-05-26,B,A01CN022,CN,22,49.0,1.0,0.0,48.0,1.0,0.0,0,0,0,0,0,1
2026-05-26,B,A01CN079,CN,22,49.0,24.0,13.5,25.0,10.5,0.0,45,45,0,0,0,1
2026-05-26,B,A01CN084,CN,22,104.0,94.0,94.0,10.0,0.0,0.0,670,670,0,0,0,1
2026-05-26,B,A01CN089,CN,22,80.0,20.0,15.6,60.0,4.4,0.0,18,18,0,0,0,1
2026-05-26,B,A01BR005,BR,22,49.0,34.0,34.0,15.0,0.0,0.0,848,848,0,0,0,1
2026-05-26,B,A01BR007,BR,22,49.0,7.0,7.0,42.0,0.0,0.0,494,494,0,0,0,1
2026-05-26,B,A01TAP14,TA,22,49.0,15.0,15.0,34.0,0.0,0.0,416,416,0,0,0,1
2026-05-26,B,A01HB001,HB,22,42.0,42.0,42.0,0.0,0.0,0.0,126,126,0,0,0,1
2026-05-26,B,A01HB002,HB,22,42.0,42.0,42.0,0.0,0.0,0.0,120,120,0,0,0,1
2026-05-26,B,A01HB004,HB,22,42.0,42.0,39.2,0.0,2.8,0.0,96,96,0,0,0,1
2026-05-26,B,A01HB005,HB,22,42.0,38.0,38.0,4.0,0.0,0.0,176,176,0,0,0,1
2026-05-26,B,A01HB007,HB,22,42.0,42.0,42.0,0.0,0.0,0.0,132,132,0,0,0,1
2026-05-26,B,A01HB010,HB,22,42.0,42.0,42.0,0.0,0.0,0.0,108,108,0,0,0,1
2026-05-26,B,A01HB011,HB,22,42.0,42.0,42.0,0.0,0.0,0.0,280,280,0,0,0,1
2026-05-26,B,A01HB017,HB,22,42.0,42.0,41.33,0.0,0.67,0.0,96,96,0,0,0,1
2026-05-26,B,A01HB012,HB,22,41.0,9.0,9.0,32.0,0.0,0.0,145,145,0,0,0,1
2026-05-26,B,A01HB015,HB,22,41.0,0.0,0.0,41.0,0.0,0.0,0,0,0,0,0,1
2026-05-26,B,A01TMC04,TM,22,120.0,113.0,113.0,7.0,0.0,0.0,141,141,0,0,0,1
2026-05-26,B,A01CN038,CN,23,125.0,115.0,115.0,10.0,0.0,0.0,483,483,0,0,0,1
2026-05-26,B,A01CN039,CN,23,125.0,76.0,76.0,49.0,0.0,0.0,300,300,0,0,0,1
2026-05-26,B,A01TMC01,TM,23,162.0,141.0,141.0,21.0,0.0,1.7,166,164,1,1,2,1
2026-05-26,B,A01TMC02,TM,23,162.0,141.0,141.0,21.0,0.0,0.0,154,154,0,0,0,1
2026-05-26,B,A01CN091,CN,23,135.0,117.0,117.0,18.0,0.0,0.0,490,490,0,0,0,1
2026-05-26,B,A01CN095,CN,23,145.0,114.0,114.0,31.0,0.0,0.0,574,574,0,0,0,1
2026-05-26,B,A01CN094,CN,23,185.0,181.0,105.83,4.0,75.17,0.0,254,254,0,0,0,1
2026-05-26,B,A01CN102,CN,23,185.0,107.0,59.7,78.0,47.3,0.0,199,199,0,0,0,1
2026-05-26,B,A01CN104,CN,23,185.0,183.0,183.0,2.0,0.0,0.0,420,420,0,0,0,1
2026-05-26,B,A01CN127,CN,0,48.0,0.0,0.0,48.0,0.0,0.0,0,0,0,0,0,1
2026-05-26,B,A01CN129,CN,0,48.0,0.0,0.0,48.0,0.0,0.0,0,0,0,0,0,1
2026-05-26,B,A01CN132,CN,0,48.0,48.0,48.0,0.0,0.0,0.0,88,88,0,0,0,1
2026-05-26,B,A01VMC18,VM,1,244.0,202.0,202.0,42.0,0.0,0.0,776,776,0,0,0,1
2026-05-26,B,A01CN004,CN,2,344.0,208.0,196.8,136.0,11.2,0.0,656,656,0,0,0,1
2026-05-26,B,A01CN008,CN,2,344.0,309.0,309.0,35.0,0.0,0.0,323,323,0,0,0,1
2026-05-26,B,A01CN133,CN,2,344.0,311.0,311.0,33.0,0.0,0.0,258,258,0,0,0,1
2026-05-26,B,A01CN066,CN,2,334.0,296.0,296.0,38.0,0.0,0.0,2496,2496,0,0,0,1
2026-05-26,B,A01CN120,CN,2,369.0,281.0,281.0,88.0,0.0,0.0,372,372,0,0,0,1
2026-05-26,B,A01TMC10,TM,2,381.0,376.0,376.0,5.0,0.0,0.0,408,408,0,0,0,1
2026-05-26,B,A01CN134,CN,2,374.0,344.0,344.0,30.0,0.0,2.81,245,243,2,0,2,1
2026-05-26,B,A01VMC06,VM,2,334.0,293.0,208.0,41.0,85.0,0.0,208,208,0,0,0,1
2026-05-26,B,A01CN137,CN,2,364.0,337.0,337.0,27.0,0.0,0.0,597,597,0,0,0,1
2026-05-26,B,A01CN002,CN,3,354.0,342.0,342.0,12.0,0.0,0.0,385,385,0,0,0,1
2026-05-26,B,A01CN003,CN,3,364.0,356.0,356.0,8.0,0.0,1.41,1008,1004,2,2,4,1
2026-05-26,B,A01CN080,CN,3,339.0,206.0,193.67,133.0,12.33,0.0,581,581,0,0,0,1
2026-05-26,B,A01CN092,CN,3,364.0,360.0,360.0,4.0,0.0,0.8,1347,1344,3,0,3,1
2026-05-26,B,A01CN093,CN,3,354.0,318.0,295.9,36.0,22.1,0.0,1614,1614,0,0,0,1
2026-05-26,B,A01CN096,CN,3,354.0,343.0,343.0,11.0,0.0,0.0,1428,1428,0,0,0,1
2026-05-26,B,A01CN097,CN,3,364.0,361.0,352.03,3.0,8.97,0.0,1074,1074,0,0,0,1
2026-05-26,B,A01VMC01,VM,3,308.0,272.0,272.0,36.0,0.0,0.0,990,990,0,0,0,1
2026-05-26,B,A01CN101,CN,3,364.0,350.0,345.77,14.0,4.23,0.0,943,943,0,0,0,1
2026-05-26,B,A01CN103,CN,3,354.0,348.0,245.83,6.0,102.17,0.0,590,590,0,0,0,1
2026-05-26,B,A01TMC05,TM,3,429.0,420.0,420.0,9.0,0.0,0.0,997,997,0,0,0,1
2026-05-26,B,A01TMC06,TM,3,429.0,417.0,417.0,12.0,0.0,0.0,1034,1034,0,0,0,1
2026-05-26,B,A01TMC07,TM,4,494.0,476.0,476.0,18.0,0.0,0.0,1184,1184,0,0,0,1
2026-05-26,B,A01TMC09,TM,4,494.0,485.0,485.0,9.0,0.0,0.0,1181,1181,0,0,0,1
2026-05-26,B,A01TMC08,TM,4,494.0,479.0,479.0,15.0,0.0,0.0,1176,1176,0,0,0,1
2026-05-26,B,A01CN007,CN,5,459.0,227.0,205.0,232.0,22.0,0.0,410,410,0,0,0,1
2026-05-26,B,A01CN014,CN,5,464.0,407.0,407.0,57.0,0.0,0.0,1594,1594,0,0,0,1
2026-05-26,B,A01CN015,CN,5,464.0,402.0,402.0,62.0,0.0,0.0,1474,1474,0,0,0,1
2026-05-26,B,A01CN021,CN,5,464.0,387.0,382.33,77.0,4.67,0.0,1147,1147,0,0,0,1
2026-05-26,B,A01CN023,CN,5,459.0,408.0,408.0,51.0,0.0,0.0,1361,1361,0,0,0,1
2026-05-26,B,A01CN026,CN,5,454.0,385.0,385.0,69.0,0.0,0.0,1332,1332,0,0,0,1
2026-05-26,B,A01CN067,CN,5,459.0,341.0,265.78,118.0,75.22,0.0,431,431,0,0,0,1
2026-05-26,B,A01CN071,CN,5,459.0,185.0,185.0,274.0,0.0,0.0,658,658,0,0,0,1
2026-05-26,B,A01CN088,CN,5,429.0,376.0,376.0,53.0,0.0,0.0,505,505,0,0,0,1
2026-05-26,B,A01HB013,HB,5,488.0,463.0,463.0,25.0,0.0,0.0,779,779,0,0,0,1
2026-05-26,B,A01HB014,HB,5,488.0,464.0,464.0,24.0,0.0,0.0,817,817,0,0,0,1
2026-05-26,B,A01CN107,CN,5,454.0,360.0,343.2,94.0,16.8,0.0,429,429,0,0,0,1
2026-05-26,B,A01CN113,CN,5,464.0,378.0,378.0,86.0,0.0,0.0,498,498,0,0,0,1
2026-05-26,B,A01CN114,CN,5,464.0,318.0,318.0,146.0,0.0,0.0,751,751,0,0,0,1
2026-05-26,B,A01CN019,CN,5,491.0,490.0,342.55,1.0,147.45,0.0,527,527,0,0,0,1
2026-05-26,B,A01CN112,CN,5,492.0,17.0,17.0,475.0,0.0,0.0,23,23,0,0,0,1
2026-05-26,B,A01CN045,CN,6,529.0,454.0,417.67,75.0,36.33,0.0,716,716,0,0,0,1
2026-05-26,B,A01CN046,CN,6,529.0,430.0,430.0,99.0,0.0,0.0,740,740,0,0,0,1
2026-05-26,B,A01VMC07,VM,6,555.0,326.0,205.8,229.0,120.2,0.0,441,441,0,0,0,1
2026-05-26,B,A01VMC09,VM,6,533.0,500.0,479.75,33.0,20.25,0.32,1515,1514,0,1,1,1
2026-05-26,B,A01CN001,CN,6,563.0,494.0,457.0,69.0,37.0,0.0,457,457,0,0,0,1
2026-05-26,B,A01CN005,CN,6,562.0,507.0,405.0,55.0,102.0,0.0,540,540,0,0,0,1
2026-05-26,B,A01CN017,CN,6,562.0,465.0,456.0,97.0,9.0,0.0,608,608,0,0,0,1
2026-05-26,B,A01CN018,CN,6,563.0,511.0,511.0,52.0,0.0,0.0,705,705,0,0,0,1
2026-05-26,B,A01CN024,CN,6,561.0,458.0,286.42,103.0,171.58,0.0,491,491,0,0,0,1
2026-05-26,B,A01CN030,CN,6,563.0,338.0,321.0,225.0,17.0,0.0,321,321,0,0,0,1
2026-05-26,B,A01CN041,CN,6,561.0,453.0,453.0,108.0,0.0,0.0,621,621,0,0,0,1
2026-05-26,B,A01CN065,CN,6,561.0,423.0,361.5,138.0,61.5,0.0,482,482,0,0,0,1
2026-05-26,B,A01CN070,CN,6,528.0,95.0,30.0,433.0,65.0,0.0,30,30,0,0,0,1
2026-05-26,B,A01CN081,CN,6,563.0,472.0,469.0,91.0,3.0,0.0,469,469,0,0,0,1
2026-05-26,B,A01CN085,CN,6,572.0,540.0,532.27,32.0,7.73,2.13,499,497,0,2,2,1
2026-05-26,B,A01CN099,CN,6,572.0,497.0,437.0,75.0,60.0,0.0,437,437,0,0,0,1
2026-05-26,B,A01VMC15,VM,6,513.0,387.0,279.0,126.0,108.0,0.0,930,930,0,0,0,1
2026-05-26,B,A01CN047,CN,6,584.0,332.0,280.0,252.0,52.0,0.0,480,480,0,0,0,1
2026-05-26,B,A01CN050,CN,6,584.0,523.0,484.17,61.0,38.83,0.0,830,830,0,0,0,1
2026-05-26,B,A01CN074,CN,6,607.0,514.0,514.0,93.0,0.0,1.11,926,924,0,2,2,1
2026-05-26,B,A01CN075,CN,6,607.0,513.0,508.67,94.0,4.33,0.0,872,872,0,0,0,1
2026-05-26,B,A01VMC03,VM,6,579.0,323.0,323.0,256.0,0.0,0.0,1320,1320,0,0,0,1
2026-05-26,B,A01VMC10,VM,6,607.0,498.0,453.33,109.0,44.67,0.0,2720,2720,0,0,0,1
2026-05-26,B,A01VMC11,VM,6,584.0,488.0,484.5,96.0,3.5,0.0,1530,1530,0,0,0,1
2026-05-26,B,A01VMC12,VM,6,607.0,554.0,508.25,53.0,45.75,0.0,1605,1605,0,0,0,1
2026-05-26,B,A01CN042,CN,7,583.0,434.0,409.2,149.0,24.8,0.0,744,744,0,0,0,1
2026-05-26,B,A01CN044,CN,7,584.0,104.0,0.0,480.0,104.0,0.0,0,0,0,0,0,1
2026-05-26,B,A01CN048,CN,7,579.0,483.0,457.33,96.0,25.67,0.0,784,784,0,0,0,1
2026-05-26,B,A01CN051,CN,7,579.0,488.0,488.0,91.0,0.0,0.0,866,866,0,0,0,1
2026-05-26,B,A01CN062,CN,7,589.0,527.0,527.0,62.0,0.0,0.0,908,908,0,0,0,1
2026-05-26,B,A01CN068,CN,7,579.0,524.0,524.0,55.0,0.0,1.72,916,913,2,1,3,1
2026-05-26,B,A01HB022,HB,7,615.0,533.0,533.0,82.0,0.0,0.0,540,540,0,0,0,1
2026-05-26,B,A01HB023,HB,7,616.0,577.0,577.0,39.0,0.0,0.0,748,748,0,0,0,1
2026-05-26,B,A01VMC16,VM,7,572.0,450.0,400.5,122.0,49.5,0.0,1335,1335,0,0,0,1
2026-05-27,A,A01TMC02,TM,9,35.0,0.0,0.0,35.0,0.0,0.0,0,0,0,0,0,1
2026-05-27,A,A01CN004,CN,10,4.0,4.0,4.0,0.0,0.0,0.0,37,37,0,0,0,1
2026-05-27,A,A01CN066,CN,10,99.0,97.0,97.0,2.0,0.0,0.0,870,870,0,0,0,1
2026-05-27,A,A01CN049,CN,11,104.0,93.0,93.0,11.0,0.0,0.0,104,104,0,0,0,1
2026-05-27,A,A01TMC04,TM,11,99.0,93.0,93.0,6.0,0.0,0.0,113,113,0,0,0,1
2026-05-27,A,A01TMC05,TM,11,157.0,147.0,147.0,10.0,0.0,0.0,341,341,0,0,0,1
2026-05-27,A,A01TMC06,TM,11,157.0,145.0,145.0,12.0,0.0,0.0,364,364,0,0,0,1
2026-05-27,A,A01TMC10,TM,11,40.0,32.0,30.0,8.0,2.0,0.0,30,30,0,0,0,1
2026-05-27,A,A01HB018,HB,11,100.0,100.0,100.0,0.0,0.0,0.0,150,150,0,0,0,1
2026-05-27,A,A01CN027,CN,12,99.0,75.0,51.33,24.0,23.67,0.0,56,56,0,0,0,1
2026-05-27,A,A01HB003,HB,12,164.0,34.0,16.7,130.0,17.3,0.0,48,48,0,0,0,1
2026-05-27,A,A01HB009,HB,12,164.0,164.0,164.0,0.0,0.0,0.0,396,396,0,0,0,1
2026-05-27,A,A01TRP35,TR,12,109.0,1.0,0.0,108.0,1.0,0.0,0,0,0,0,0,1
2026-05-27,A,A01CN028,CN,12,119.0,73.0,46.75,46.0,26.25,0.0,51,51,0,0,0,1
2026-05-27,A,A01TMC01,TM,12,224.0,217.0,217.0,7.0,0.0,0.0,215,215,0,0,0,1
2026-05-27,A,A01CN025,CN,12,154.0,100.0,56.0,54.0,44.0,0.0,210,210,0,0,0,1
2026-05-27,A,A01CN061,CN,12,149.0,143.0,132.8,6.0,10.2,0.0,166,166,0,0,0,1
2026-05-27,A,A01CN069,CN,12,149.0,131.0,121.6,18.0,9.4,0.0,152,152,0,0,0,1
2026-05-27,A,A01CN090,CN,12,154.0,154.0,154.0,0.0,0.0,0.0,453,453,0,0,0,1
2026-05-27,A,A01CN095,CN,12,154.0,142.0,142.0,12.0,0.0,0.0,574,574,0,0,0,1
2026-05-27,A,A01HB001,HB,12,159.0,159.0,149.6,0.0,9.4,0.0,396,396,0,0,0,1
2026-05-27,A,A01HB002,HB,12,159.0,159.0,148.2,0.0,10.8,0.0,342,342,0,0,0,1
2026-05-27,A,A01HB004,HB,12,159.0,148.0,117.6,11.0,30.4,0.0,288,288,0,0,0,1
2026-05-27,A,A01HB005,HB,12,159.0,159.0,136.4,0.0,22.6,0.0,528,528,0,0,0,1
2026-05-27,A,A01HB006,HB,12,194.0,8.0,1.88,186.0,6.12,0.0,5,5,0,0,0,1
2026-05-27,A,A01HB007,HB,12,159.0,159.0,141.9,0.0,17.1,0.0,344,344,0,0,0,1
2026-05-27,A,A01HB008,HB,12,159.0,26.0,4.5,133.0,21.5,0.0,15,15,0,0,0,1
2026-05-27,A,A01HB010,HB,12,159.0,159.0,123.33,0.0,35.67,0.0,300,300,0,0,0,1
2026-05-27,A,A01HB011,HB,12,159.0,151.0,148.5,8.0,2.5,0.0,810,810,0,0,0,1
2026-05-27,A,A01HB012,HB,12,159.0,47.0,47.0,112.0,0.0,0.0,380,380,0,0,0,1
2026-05-27,A,A01HB017,HB,12,159.0,159.0,126.58,0.0,32.42,0.0,294,294,0,0,0,1
2026-05-27,A,A01HB020,HB,12,159.0,152.0,103.33,7.0,48.67,0.0,240,240,0,0,0,1
2026-05-27,A,A01CN101,CN,12,154.0,132.0,123.2,22.0,8.8,0.0,336,336,0,0,0,1
2026-05-27,A,A01CN117,CN,12,219.0,210.0,201.67,9.0,8.33,0.0,275,275,0,0,0,1
2026-05-27,A,A01CN019,CN,15,349.0,349.0,121.55,0.0,227.45,0.0,187,187,0,0,0,1
2026-05-27,A,A01CN029,CN,16,227.0,0.0,0.0,227.0,0.0,0.0,0,0,0,0,0,1
2026-05-27,A,A01CN084,CN,16,354.0,297.0,221.67,57.0,75.33,0.33,1330,1328,0,2,2,1
2026-05-27,A,A01CN024,CN,16,365.0,342.0,265.42,23.0,76.58,0.0,455,455,0,0,0,1
2026-05-27,A,A01CN004,CN,16,249.0,161.0,147.6,88.0,13.4,0.0,492,492,0,0,0,1
2026-05-27,A,A01CN008,CN,16,344.0,304.0,304.0,40.0,0.0,0.0,310,310,0,0,0,1
2026-05-27,A,A01CN031,CN,16,249.0,227.0,214.2,22.0,12.8,0.0,714,714,0,0,0,1
2026-05-27,A,A01CN038,CN,16,344.0,318.0,318.0,26.0,0.0,0.0,1005,1005,0,0,0,1
2026-05-27,A,A01CN039,CN,16,344.0,336.0,330.6,8.0,5.4,0.0,1044,1044,0,0,0,1
2026-05-27,A,A01CN052,CN,16,334.0,271.0,135.33,63.0,135.67,0.0,140,140,0,0,0,1
2026-05-27,A,A01CN133,CN,16,344.0,294.0,294.0,50.0,0.0,0.0,202,202,0,0,0,1
2026-05-27,A,A01CN091,CN,16,344.0,341.0,341.0,3.0,0.0,0.0,1072,1072,0,0,0,1
2026-05-27,A,A01CN092,CN,16,344.0,323.0,323.0,21.0,0.0,0.3,1089,1088,0,1,1,1
2026-05-27,A,A01CN093,CN,16,344.0,344.0,344.0,0.0,0.0,0.0,2058,2058,0,0,0,1
2026-05-27,A,A01CN094,CN,16,344.0,330.0,195.83,14.0,134.17,0.0,470,470,0,0,0,1
2026-05-27,A,A01CN096,CN,16,344.0,336.0,336.0,8.0,0.0,0.0,1224,1224,0,0,0,1
2026-05-27,A,A01CN097,CN,16,344.0,336.0,311.72,8.0,24.28,0.0,951,951,0,0,0,1
2026-05-27,A,A01TMC07,TM,16,117.0,116.0,116.0,1.0,0.0,0.0,284,284,0,0,0,1
2026-05-27,A,A01TMC09,TM,16,117.0,116.0,116.0,1.0,0.0,0.0,279,279,0,0,0,1
2026-05-27,A,A01CN134,CN,16,374.0,295.0,295.0,79.0,0.0,1.44,205,204,1,0,1,1
2026-05-27,A,A01CN102,CN,16,344.0,161.0,79.5,183.0,81.5,0.0,265,265,0,0,0,1
2026-05-27,A,A01CN103,CN,16,344.0,323.0,205.42,21.0,117.58,0.0,493,493,0,0,0,1
2026-05-27,A,A01CN104,CN,16,344.0,324.0,324.0,20.0,0.0,0.0,684,684,0,0,0,1
2026-05-27,A,A01TMC08,TM,16,117.0,117.0,117.0,0.0,0.0,0.0,285,285,0,0,0,1
2026-05-27,A,A01CN017,CN,16,375.0,253.0,201.0,122.0,52.0,0.0,268,268,0,0,0,1
2026-05-27,A,A01CN120,CN,16,109.0,80.0,80.0,29.0,0.0,0.0,91,91,0,0,0,1
2026-05-27,A,A01CN121,CN,16,109.0,67.0,58.4,42.0,8.6,0.0,73,73,0,0,0,1
2026-05-27,A,A01CN098,CN,16,379.0,336.0,273.0,43.0,63.0,0.0,273,273,0,0,0,1
2026-05-27,A,A01CN100,CN,16,119.0,113.0,111.08,6.0,1.92,0.0,155,155,0,0,0,1
2026-05-27,A,A01CN116,CN,16,119.0,119.0,119.0,0.0,0.0,0.0,170,170,0,0,0,1
2026-05-27,A,A01CN118,CN,16,169.0,155.0,155.0,14.0,0.0,0.0,211,211,0,0,0,1
2026-05-27,A,A01CN126,CN,16,434.0,305.0,227.0,129.0,78.0,0.0,681,681,0,0,0,1
2026-05-27,A,A01CN053,CN,16,374.0,350.0,340.8,24.0,9.2,0.0,1136,1136,0,0,0,1
2026-05-27,A,A01CN054,CN,16,374.0,320.0,312.67,54.0,7.33,0.0,938,938,0,0,0,1
2026-05-27,A,A01CN055,CN,16,374.0,327.0,317.0,47.0,10.0,0.0,951,951,0,0,0,1
2026-05-27,A,A01CN056,CN,16,374.0,346.0,346.0,28.0,0.0,0.0,1155,1155,0,0,0,1
2026-05-27,A,A01CN057,CN,16,374.0,308.0,274.8,66.0,33.2,0.0,916,916,0,0,0,1
2026-05-27,A,A01CN058,CN,16,374.0,363.0,356.67,11.0,6.33,1.0,1070,1067,0,3,3,1
2026-05-27,A,A01CN059,CN,16,374.0,361.0,344.33,13.0,16.67,0.0,1033,1033,0,0,0,1
2026-05-27,A,A01CN060,CN,16,374.0,337.0,321.9,37.0,15.1,0.0,1073,1073,0,0,0,1
2026-05-27,A,A01CN063,CN,16,381.0,257.0,257.0,124.0,0.0,0.0,501,501,0,0,0,1
2026-05-27,A,A01CN072,CN,16,374.0,350.0,279.6,24.0,70.4,0.3,932,931,0,1,1,1
2026-05-27,A,A01CN073,CN,16,374.0,337.0,335.67,37.0,1.33,0.0,1007,1007,0,0,0,1
2026-05-27,A,A01CN077,CN,16,374.0,354.0,339.3,20.0,14.7,0.0,1131,1131,0,0,0,1
2026-05-27,A,A01CN079,CN,16,259.0,171.0,92.0,88.0,79.0,0.0,276,276,0,0,0,1
2026-05-27,A,A01CN086,CN,16,309.0,258.0,206.12,51.0,51.88,0.0,298,298,0,0,0,1
2026-05-27,A,A01CN087,CN,16,309.0,268.0,203.93,41.0,64.07,0.0,437,437,0,0,0,1
2026-05-27,A,A01CN128,CN,16,394.0,378.0,378.0,16.0,0.0,0.0,648,648,0,0,0,1
2026-05-27,A,A01CN003,CN,16,364.0,333.0,333.0,31.0,0.0,0.0,844,844,0,0,0,1
2026-05-27,A,A01CN122,CN,17,407.0,335.0,265.63,72.0,69.37,0.0,613,613,0,0,0,1
2026-05-27,A,A01CN123,CN,17,406.0,394.0,357.5,12.0,36.5,0.0,275,275,0,0,0,1
2026-05-27,A,A01CN018,CN,17,444.0,326.0,264.75,118.0,61.25,0.0,353,353,0,0,0,1
2026-05-27,A,A01CN085,CN,17,444.0,349.0,278.4,95.0,70.6,0.0,261,261,0,0,0,1
2026-05-27,U,A01CN064,CN,17,0.0,0.0,0.0,0.0,0.0,0.0,26,26,0,0,0,0
2026-05-27,A,A01CN108,CN,17,514.0,504.0,415.0,10.0,89.0,0.0,415,415,0,0,0,1
2026-05-27,A,A01CN111,CN,17,514.0,491.0,404.25,23.0,86.75,0.0,539,539,0,0,0,1
2026-05-27,A,A01CN001,CN,17,464.0,376.0,309.0,88.0,67.0,0.0,309,309,0,0,0,1
2026-05-27,A,A01CN007,CN,18,347.0,185.0,185.0,162.0,0.0,0.0,405,405,0,0,0,1
2026-05-27,A,A01CN014,CN,18,354.0,292.0,292.0,62.0,0.0,0.0,1055,1055,0,0,0,1
2026-05-27,A,A01CN021,CN,18,353.0,315.0,315.0,38.0,0.0,0.0,952,952,0,0,0,1
2026-05-27,A,A01CN022,CN,18,269.0,58.0,15.6,211.0,42.4,0.0,52,52,0,0,0,1
2026-05-27,A,A01CN023,CN,18,353.0,163.0,130.0,190.0,33.0,0.0,390,390,0,0,0,1
2026-05-27,A,A01CN026,CN,18,353.0,306.0,306.0,47.0,0.0,0.0,966,966,0,0,0,1
2026-05-27,A,A01CN067,CN,18,349.0,305.0,204.12,44.0,100.88,0.0,331,331,0,0,0,1
2026-05-27,A,A01CN071,CN,18,382.0,334.0,334.0,48.0,0.0,0.0,1189,1189,0,0,0,1
2026-05-27,A,A01CN078,CN,18,350.0,257.0,203.4,93.0,53.6,0.0,678,678,0,0,0,1
2026-05-27,A,A01CN080,CN,18,352.0,345.0,315.33,7.0,29.67,0.0,946,946,0,0,0,1
2026-05-27,A,A01CN088,CN,18,264.0,49.0,2.0,215.0,47.0,0.0,8,8,0,0,0,1
2026-05-27,A,A01CN089,CN,18,351.0,204.0,188.93,147.0,15.07,0.0,218,218,0,0,0,1
2026-05-27,A,A01CN106,CN,18,349.0,212.0,102.37,137.0,109.63,0.0,166,166,0,0,0,1
2026-05-27,A,A01CN107,CN,18,354.0,247.0,220.0,107.0,27.0,0.0,275,275,0,0,0,1
2026-05-27,A,A01BR005,BR,18,343.0,243.0,243.0,100.0,0.0,0.0,2484,2484,0,0,0,1
2026-05-27,A,A01CN113,CN,18,355.0,255.0,255.0,100.0,0.0,0.0,318,318,0,0,0,1
2026-05-27,A,A01CN114,CN,18,354.0,295.0,295.0,59.0,0.0,0.0,695,695,0,0,0,1
2026-05-27,A,A01CN020,CN,18,479.0,406.0,228.0,73.0,178.0,0.0,456,456,0,0,0,1
2026-05-27,A,A01CN112,CN,18,479.0,388.0,246.0,91.0,142.0,0.0,246,246,0,0,0,1
2026-05-27,A,A01CN030,CN,18,484.0,6.0,3.0,478.0,3.0,0.0,3,3,0,0,0,1
2026-05-27,A,A01CN099,CN,18,489.0,317.0,278.0,172.0,39.0,0.0,278,278,0,0,0,1
2026-05-27,A,A01CN005,CN,18,490.0,398.0,395.25,92.0,2.75,0.0,527,527,0,0,0,1
2026-05-27,A,A01CN041,CN,18,494.0,321.0,236.25,173.0,84.75,0.0,315,315,0,0,0,1
2026-05-27,A,A01CN065,CN,18,494.0,305.0,208.5,189.0,96.5,0.0,278,278,0,0,0,1
2026-05-27,A,A01CN081,CN,18,495.0,443.0,327.0,52.0,116.0,0.0,327,327,0,0,0,1
2026-05-27,A,A01CN083,CN,18,494.0,424.0,353.33,70.0,70.67,0.0,2120,2120,0,0,0,1
2026-05-27,A,A01CN042,CN,18,554.0,476.0,441.1,78.0,34.9,0.0,802,802,0,0,0,1
2026-05-27,A,A01CN044,CN,18,529.0,249.0,133.1,280.0,115.9,0.0,242,242,0,0,0,1
2026-05-27,A,A01CN045,CN,18,554.0,486.0,425.83,68.0,60.17,0.0,730,730,0,0,0,1
2026-05-27,A,A01CN046,CN,18,554.0,270.0,214.67,284.0,55.33,0.0,368,368,0,0,0,1
2026-05-27,A,A01CN047,CN,18,532.0,403.0,262.5,129.0,140.5,0.0,450,450,0,0,0,1
2026-05-27,A,A01CN050,CN,18,532.0,491.0,430.5,41.0,60.5,0.0,738,738,0,0,0,1
2026-05-27,A,A01CN062,CN,18,554.0,514.0,512.17,40.0,1.83,0.0,878,878,0,0,0,1
2026-05-27,A,A01CN068,CN,18,554.0,498.0,498.0,56.0,0.0,0.0,882,882,0,0,0,1
2026-05-27,A,A01CN074,CN,18,532.0,333.0,275.33,199.0,57.67,0.0,472,472,0,0,0,1
2026-05-27,A,A01CN075,CN,18,532.0,397.0,315.0,135.0,82.0,0.0,540,540,0,0,0,1
2026-05-27,A,A01TMC05,TM,18,304.0,289.0,289.0,15.0,0.0,0.0,676,676,0,0,0,1
2026-05-27,A,A01TMC06,TM,18,304.0,272.0,272.0,32.0,0.0,0.0,646,646,0,0,0,1
2026-05-27,A,A01VMC03,VM,18,514.0,461.0,360.0,53.0,101.0,0.0,1440,1440,0,0,0,1
2026-05-27,A,A01VMC05,VM,18,514.0,173.0,134.4,341.0,38.6,0.0,448,448,0,0,0,1
2026-05-27,A,A01VMC07,VM,18,554.0,361.0,183.87,193.0,177.13,0.0,394,394,0,0,0,1
2026-05-27,A,A01VMC09,VM,18,496.0,441.0,399.0,55.0,42.0,0.32,1260,1259,1,0,1,1
2026-05-27,A,A01VMC10,VM,18,299.0,285.0,233.33,14.0,51.67,0.0,1400,1400,0,0,0,1
2026-05-27,A,A01VMC11,VM,18,514.0,500.0,465.5,14.0,34.5,0.0,1470,1470,0,0,0,1
2026-05-27,A,A01VMC12,VM,18,584.0,531.0,494.0,53.0,37.0,0.0,1560,1560,0,0,0,1
2026-05-27,A,A01VMC15,VM,18,554.0,538.0,477.0,16.0,61.0,0.0,1590,1590,0,0,0,1
2026-05-27,A,A01VMC16,VM,18,554.0,514.0,441.0,40.0,73.0,0.0,1470,1470,0,0,0,1
2026-05-27,A,A01CN137,CN,18,539.0,465.0,410.4,74.0,54.6,0.0,684,684,0,0,0,1
2026-05-27,A,A01VMC18,VM,18,300.0,98.0,98.0,202.0,0.0,0.0,240,240,0,0,0,1
2026-05-27,A,A01CN048,CN,18,559.0,518.0,465.5,41.0,52.5,0.0,798,798,0,0,0,1
2026-05-27,A,A01CN051,CN,18,559.0,410.0,385.0,149.0,25.0,0.0,660,660,0,0,0,1
2026-05-27,A,A01HB025,HB,18,233.0,170.0,170.0,63.0,0.0,0.0,544,544,0,0,0,1
2026-05-27,A,A01HB013,HB,18,553.0,231.0,200.32,322.0,30.68,0.0,323,323,0,0,0,1
2026-05-27,A,A01HB014,HB,18,553.0,475.0,386.47,78.0,88.53,0.0,646,646,0,0,0,1
2026-05-27,B,A01CN053,CN,21,49.0,49.0,49.0,0.0,0.0,0.0,188,188,0,0,0,1
2026-05-27,B,A01CN059,CN,21,49.0,49.0,49.0,0.0,0.0,0.0,166,166,0,0,0,1
2026-05-27,B,A01HB015,HB,21,49.0,0.0,0.0,49.0,0.0,0.0,0,0,0,0,0,1
2026-05-27,B,A01CN058,CN,21,49.0,49.0,49.0,0.0,0.0,0.0,168,168,0,0,0,1
2026-05-27,B,A01CN060,CN,21,49.0,33.0,33.0,16.0,0.0,0.0,112,112,0,0,0,1
2026-05-27,B,A01CN055,CN,21,49.0,48.0,48.0,1.0,0.0,0.0,165,165,0,0,0,1
2026-05-27,B,A01CN057,CN,21,49.0,48.0,48.0,1.0,0.0,0.0,187,187,0,0,0,1
2026-05-27,B,A01CN072,CN,21,126.0,111.0,92.7,15.0,18.3,0.0,309,309,0,0,0,1
2026-05-27,B,A01CN076,CN,21,126.0,122.0,118.2,4.0,3.8,0.0,394,394,0,0,0,1
2026-05-27,B,A01HB019,HB,21,49.0,0.0,0.0,49.0,0.0,0.0,0,0,0,0,0,1
2026-05-27,B,A01HB020,HB,21,111.0,75.0,56.83,36.0,18.17,0.0,132,132,0,0,0,1
2026-05-27,B,A01CN016,CN,22,149.0,21.0,13.3,128.0,7.7,0.0,21,21,0,0,0,1
2026-05-27,B,A01CN022,CN,22,49.0,10.0,7.2,39.0,2.8,0.0,24,24,0,0,0,1
2026-05-27,B,A01CN029,CN,22,41.0,0.0,0.0,41.0,0.0,0.0,0,0,0,0,0,1
2026-05-27,B,A01CN078,CN,22,109.0,91.0,60.9,18.0,30.1,0.0,203,203,0,0,0,1
2026-05-27,B,A01CN079,CN,22,109.0,95.0,95.0,14.0,0.0,0.0,292,292,0,0,0,1
2026-05-27,B,A01CN083,CN,22,74.0,54.0,54.0,20.0,0.0,0.0,380,380,0,0,0,1
2026-05-27,B,A01CN089,CN,22,49.0,49.0,49.0,0.0,0.0,0.0,60,60,0,0,0,1
2026-05-27,B,A01TMC04,TM,22,184.0,179.0,172.47,5.0,6.53,0.0,199,199,0,0,0,1
2026-05-27,B,A01CN106,CN,22,109.0,90.0,43.78,19.0,46.22,0.0,71,71,0,0,0,1
2026-05-27,B,A01BR005,BR,22,49.0,37.0,37.0,12.0,0.0,0.0,1332,1332,0,0,0,1
2026-05-27,B,A01BR007,BR,22,49.0,8.0,8.0,41.0,0.0,0.0,656,656,0,0,0,1
2026-05-27,B,A01TAP14,TA,22,49.0,14.0,14.0,35.0,0.0,0.0,217,217,0,0,0,1
2026-05-27,B,A01HB001,HB,22,114.0,114.0,114.0,0.0,0.0,0.0,312,312,0,0,0,1
2026-05-27,B,A01HB002,HB,22,114.0,114.0,111.8,0.0,2.2,0.0,258,258,0,0,0,1
2026-05-27,B,A01HB005,HB,22,114.0,108.0,82.67,6.0,25.33,0.0,320,320,0,0,0,1
2026-05-27,B,A01HB007,HB,22,124.0,124.0,124.0,0.0,0.0,0.0,352,352,0,0,0,1
2026-05-27,B,A01HB010,HB,22,114.0,80.0,69.07,34.0,10.93,0.0,168,168,0,0,0,1
2026-05-27,B,A01HB011,HB,22,114.0,114.0,114.0,0.0,0.0,0.15,740,739,0,1,1,1
2026-05-27,B,A01HB017,HB,22,114.0,71.0,54.25,43.0,16.75,0.0,126,126,0,0,0,1
2026-05-27,B,A01CN100,CN,22,109.0,85.0,85.0,24.0,0.0,0.0,126,126,0,0,0,1
2026-05-27,B,A01CN038,CN,23,144.0,126.0,126.0,18.0,0.0,0.0,585,585,0,0,0,1
2026-05-27,B,A01CN039,CN,23,144.0,128.0,128.0,16.0,0.0,0.0,576,576,0,0,0,1
2026-05-27,B,A01CN091,CN,23,154.0,128.0,128.0,26.0,0.0,0.0,518,518,0,0,0,1
2026-05-27,B,A01HB004,HB,23,59.0,37.0,35.93,22.0,1.07,0.0,88,88,0,0,0,1
2026-05-27,B,A01CN124,CN,23,139.0,24.0,24.0,115.0,0.0,0.0,82,82,0,0,0,1
2026-05-27,B,A01CN125,CN,23,139.0,128.0,32.93,11.0,95.07,0.0,104,104,0,0,0,1
2026-05-27,B,A01CN130,CN,23,139.0,0.0,0.0,139.0,0.0,0.0,0,0,0,0,0,1
2026-05-27,B,A01CN131,CN,23,139.0,132.0,132.0,7.0,0.0,0.46,288,287,0,1,1,1
2026-05-27,B,A01CN135,CN,23,169.0,0.0,0.0,169.0,0.0,0.0,0,0,0,0,0,1
2026-05-27,B,A01HB018,HB,23,67.0,56.0,56.0,11.0,0.0,0.0,108,108,0,0,0,1
2026-05-27,B,A01CN094,CN,23,204.0,199.0,123.33,5.0,75.67,0.0,296,296,0,0,0,1
2026-05-27,B,A01CN102,CN,23,204.0,138.0,102.9,66.0,35.1,0.0,343,343,0,0,0,1
2026-05-27,B,A01CN104,CN,23,204.0,194.0,194.0,10.0,0.0,0.0,460,460,0,0,0,1
2026-05-27,B,A01HB006,HB,0,244.0,237.0,143.13,7.0,93.87,0.0,380,380,0,0,0,1
2026-05-27,B,A01CN129,CN,0,49.0,0.0,0.0,49.0,0.0,0.0,0,0,0,0,0,1
2026-05-27,B,A01CN132,CN,0,49.0,0.0,0.0,49.0,0.0,0.0,0,0,0,0,0,1
2026-05-27,B,A01HB003,HB,0,259.0,239.0,214.32,20.0,24.68,0.0,616,616,0,0,0,1
2026-05-27,B,A01HB009,HB,0,259.0,249.0,248.0,10.0,1.0,0.0,576,576,0,0,0,1
2026-05-27,B,A01CN120,CN,1,374.0,275.0,275.0,99.0,0.0,0.0,345,345,0,0,0,1
2026-05-27,B,A01HB019,HB,1,39.0,39.0,39.0,0.0,0.0,0.0,54,54,0,0,0,1
2026-05-27,B,A01CN124,CN,2,169.0,120.0,120.0,49.0,0.0,0.0,466,466,0,0,0,1
2026-05-27,B,A01CN127,CN,2,169.0,0.0,0.0,169.0,0.0,0.0,0,0,0,0,0,1
2026-05-27,B,A01CN130,CN,2,169.0,0.0,0.0,169.0,0.0,0.0,0,0,0,0,0,1
2026-05-27,B,A01CN131,CN,2,169.0,169.0,169.0,0.0,0.0,0.0,294,294,0,0,0,1
2026-05-27,B,A01CN135,CN,2,169.0,0.0,0.0,169.0,0.0,0.0,0,0,0,0,0,1
2026-05-27,B,A01CN061,CN,2,354.0,342.0,342.0,12.0,0.0,0.0,428,428,0,0,0,1
2026-05-27,B,A01CN069,CN,2,354.0,354.0,354.0,0.0,0.0,0.0,504,504,0,0,0,1
2026-05-27,B,A01CN004,CN,2,364.0,264.0,264.0,100.0,0.0,0.0,1044,1044,0,0,0,1
2026-05-27,B,A01CN008,CN,2,364.0,334.0,334.0,30.0,0.0,0.0,341,341,0,0,0,1
2026-05-27,B,A01CN066,CN,2,403.0,374.0,374.0,29.0,0.0,0.0,3090,3090,0,0,0,1
2026-05-27,B,A01CN121,CN,2,349.0,88.0,54.4,261.0,33.6,0.0,68,68,0,0,0,1
2026-05-27,B,A01CN122,CN,2,349.0,286.0,247.87,63.0,38.13,0.0,572,572,0,0,0,1
2026-05-27,B,A01TMC02,TM,2,446.0,446.0,446.0,0.0,0.0,0.0,420,420,0,0,0,1
2026-05-27,B,A01CN115,CN,2,349.0,319.0,319.0,30.0,0.0,0.0,339,339,0,0,0,1
2026-05-27,B,A01CN137,CN,2,436.0,408.0,408.0,28.0,0.0,0.0,681,681,0,0,0,1
2026-05-27,B,A01CN123,CN,2,349.0,344.0,344.0,5.0,0.0,0.0,295,295,0,0,0,1
2026-05-27,B,A01CN002,CN,3,339.0,177.0,177.0,162.0,0.0,0.0,740,740,0,0,0,1
2026-05-27,B,A01CN003,CN,3,384.0,298.0,200.0,86.0,98.0,0.0,480,480,0,0,0,1
2026-05-27,B,A01CN049,CN,3,374.0,355.0,319.97,19.0,35.03,0.0,331,331,0,0,0,1
2026-05-27,B,A01CN052,CN,3,364.0,284.0,143.07,80.0,140.93,0.0,148,148,0,0,0,1
2026-05-27,B,A01CN080,CN,3,369.0,280.0,260.33,89.0,19.67,0.0,781,781,0,0,0,1
2026-05-27,B,A01CN092,CN,3,384.0,353.0,353.0,31.0,0.0,0.0,1923,1923,0,0,0,1
2026-05-27,B,A01CN093,CN,3,386.0,373.0,373.0,13.0,0.0,0.0,2322,2322,0,0,0,1
2026-05-27,B,A01CN096,CN,3,374.0,357.0,357.0,17.0,0.0,0.0,1456,1456,0,0,0,1
2026-05-27,B,A01CN101,CN,3,384.0,375.0,374.73,9.0,0.27,0.0,1022,1022,0,0,0,1
2026-05-27,B,A01CN103,CN,3,374.0,339.0,231.67,35.0,107.33,0.0,556,556,0,0,0,1
2026-05-27,B,A01CN063,CN,3,51.0,47.0,47.0,4.0,0.0,0.0,155,155,0,0,0,1
2026-05-27,B,A01TMC05,TM,3,494.0,485.0,485.0,9.0,0.0,0.0,1156,1156,0,0,0,1
2026-05-27,B,A01TMC06,TM,3,494.0,489.0,489.0,5.0,0.0,0.0,1191,1191,0,0,0,1
2026-05-27,B,A01TMC01,TM,4,566.0,521.0,521.0,45.0,0.0,2.05,509,507,1,1,2,1
2026-05-27,B,A01TMC07,TM,4,567.0,551.0,551.0,16.0,0.0,0.0,1345,1345,0,0,0,1
2026-05-27,B,A01TMC09,TM,4,567.0,563.0,563.0,4.0,0.0,0.0,1354,1354,0,0,0,1
2026-05-27,B,A01TMC08,TM,4,567.0,562.0,562.0,5.0,0.0,0.0,1358,1358,0,0,0,1
2026-05-27,B,A01CN014,CN,5,499.0,466.0,466.0,33.0,0.0,0.0,1819,1819,0,0,0,1
2026-05-27,B,A01CN015,CN,5,429.0,332.0,332.0,97.0,0.0,0.0,1067,1067,0,0,0,1
2026-05-27,B,A01CN021,CN,5,499.0,492.0,492.0,7.0,0.0,0.0,1549,1549,0,0,0,1
2026-05-27,B,A01CN023,CN,5,494.0,366.0,366.0,128.0,0.0,0.0,1171,1171,0,0,0,1
2026-05-27,B,A01CN026,CN,5,494.0,491.0,491.0,3.0,0.0,0.0,1640,1640,0,0,0,1
2026-05-27,B,A01CN067,CN,5,489.0,317.0,198.57,172.0,118.43,0.0,322,322,0,0,0,1
2026-05-27,B,A01CN071,CN,5,494.0,439.0,439.0,55.0,0.0,0.0,1558,1558,0,0,0,1
2026-05-27,B,A01HB013,HB,5,89.0,89.0,82.48,0.0,6.52,0.0,133,133,0,0,0,1
2026-05-27,B,A01CN105,CN,5,489.0,344.0,322.62,145.0,21.38,0.0,1489,1489,0,0,0,1
2026-05-27,B,A01CN107,CN,5,499.0,425.0,419.2,74.0,5.8,0.0,524,524,0,0,0,1
2026-05-27,B,A01CN113,CN,5,499.0,461.0,461.0,38.0,0.0,0.0,575,575,0,0,0,1
2026-05-27,B,A01CN114,CN,5,499.0,389.0,389.0,110.0,0.0,0.0,930,930,0,0,0,1
2026-05-27,B,A01CN019,CN,5,529.0,529.0,125.45,0.0,403.55,0.0,193,193,0,0,0,1
2026-05-27,B,A01CN112,CN,5,529.0,499.0,498.0,30.0,1.0,0.0,498,498,0,0,0,1
2026-05-27,B,A01CN045,CN,6,594.0,509.0,477.17,85.0,31.83,0.0,818,818,0,0,0,1
2026-05-27,B,A01CN046,CN,6,594.0,516.0,516.0,78.0,0.0,0.0,932,932,0,0,0,1
2026-05-27,B,A01VMC18,VM,6,594.0,462.0,462.0,132.0,0.0,0.0,1540,1540,0,0,0,1
2026-05-28,B,A01CN074,CN,8,369.14,320.69,320.69,48.45,0.0,0.6,1074,1072,0,2,2,1
2026-05-28,B,A01CN075,CN,8,369.14,312.26,306.56,56.87,5.7,0.0,998,998,0,0,0,1
2026-05-28,B,A01VMC12,VM,8,369.14,298.05,272.64,71.09,25.41,0.0,1635,1635,0,0,0,1
2026-05-28,B,A01HB022,HB,8,371.15,315.55,315.55,55.59,0.0,0.0,564,564,0,0,0,1
2026-05-28,B,A01VMC16,VM,9,372.81,176.56,136.41,196.24,40.15,0.0,855,855,0,0,0,1
2026-05-28,B,A01CN085,CN,9,363.98,319.33,309.6,44.65,9.73,0.55,559,558,0,1,1,1
2026-05-28,B,A01VMC09,VM,9,361.72,265.23,237.75,96.49,27.48,0.0,1455,1455,0,0,0,1
2026-05-28,B,A01VMC11,VM,9,369.14,308.58,287.65,60.56,20.93,0.0,1725,1725,0,0,0,1
2026-05-28,B,A01CN099,CN,9,363.98,290.25,285.06,73.73,5.19,0.0,549,549,0,0,0,1
2026-05-28,B,A01CN070,CN,9,363.98,298.56,229.5,65.42,69.06,0.0,442,442,0,0,0,1
2026-05-28,B,A01VMC03,VM,9,368.89,293.64,293.64,75.25,0.0,0.0,2560,2560,0,0,0,1
2026-05-28,B,A01VMC10,VM,9,368.41,304.29,280.29,64.12,24.0,0.0,3200,3200,0,0,0,1
2026-05-28,A,A01CN001,CN,9,701.0,569.0,541.0,132.0,28.0,0.0,541,541,0,0,0,1
2026-05-28,B,A01CN018,CN,9,366.69,311.24,306.8,55.45,4.45,0.0,782,782,0,0,0,1
2026-05-28,B,A01CN042,CN,9,364.73,315.82,287.88,48.91,27.94,0.0,1006,1006,0,0,0,1
2026-05-28,B,A01CN044,CN,9,364.73,254.94,145.68,109.78,109.26,0.0,400,400,0,0,0,1
2026-05-28,B,A01CN047,CN,9,364.23,129.38,101.84,234.85,27.54,0.0,336,336,0,0,0,1
2026-05-28,B,A01CN050,CN,9,364.23,300.84,283.09,63.39,17.75,0.0,934,934,0,0,0,1
2026-05-28,B,A01CN062,CN,9,364.73,332.47,327.18,32.26,5.29,0.0,1078,1078,0,0,0,1
2026-05-28,B,A01CN005,CN,9,546.25,462.87,323.19,83.38,139.68,0.0,553,553,0,0,0,1
2026-05-28,B,A01CN098,CN,9,433.29,299.16,249.71,134.13,49.45,0.0,404,404,0,0,0,1
2026-05-28,B,A01CN017,CN,9,366.69,289.27,273.06,77.42,16.22,0.0,696,696,0,0,0,1
2026-05-28,B,A01CN024,CN,9,394.95,320.58,177.47,74.37,143.1,0.0,540,540,0,0,0,1
2026-05-28,B,A01CN041,CN,9,372.05,238.3,165.99,133.75,72.31,0.0,417,417,0,0,0,1
2026-05-28,B,A01CN065,CN,9,372.05,264.84,200.22,107.21,64.62,0.0,503,503,0,0,0,1
2026-05-28,B,A01CN020,CN,9,362.05,304.21,212.02,57.85,92.19,0.0,821,821,0,0,0,1
2026-05-28,U,A01CN064,CN,9,0.0,0.0,0.0,0.0,0.0,0.0,34,34,0,0,0,0
2026-05-28,B,A01CN108,CN,9,558.42,446.1,321.03,112.32,125.07,0.0,403,403,0,0,0,1
2026-05-28,B,A01CN111,CN,9,558.42,476.37,320.83,82.05,155.54,0.0,537,537,0,0,0,1
2026-05-28,B,A01CN048,CN,9,368.18,284.15,259.81,84.04,24.34,0.0,848,848,0,0,0,1
2026-05-28,B,A01CN051,CN,9,368.18,277.32,266.55,90.86,10.77,0.0,870,870,0,0,0,1
2026-05-28,B,A01CN068,CN,9,367.44,339.66,338.17,27.78,1.49,3.67,1106,1094,7,5,12,1
2026-05-28,B,A01VMC15,VM,9,368.41,322.16,241.23,46.25,80.93,0.0,1530,1530,0,0,0,1
2026-05-28,A,A01CN073,CN,9,701.0,539.0,532.0,162.0,7.0,0.0,1596,1596,0,0,0,1
2026-05-28,A,A01CN077,CN,9,701.0,420.0,403.8,281.0,16.2,0.0,1346,1346,0,0,0,1
2026-05-28,A,A01CN045,CN,10,52.0,52.0,52.0,0.0,0.0,0.0,100,100,0,0,0,1
2026-05-28,B,A01HB014,HB,10,591.47,540.84,508.3,50.62,32.54,0.0,1007,1007,0,0,0,1
2026-05-28,B,A01CN030,CN,10,366.69,286.14,264.17,80.56,21.97,0.0,505,505,0,0,0,1
2026-05-28,A,A01CN027,CN,11,70.0,43.0,27.5,27.0,15.5,0.0,30,30,0,0,0,1
2026-05-28,A,A01CN122,CN,11,100.0,83.0,74.97,17.0,8.03,0.0,173,173,0,0,0,1
2026-05-28,A,A01TMC02,TM,12,169.0,169.0,169.0,0.0,0.0,0.0,150,150,0,0,0,1
2026-05-28,A,A01CN028,CN,12,124.0,90.0,60.5,34.0,29.5,0.0,66,66,0,0,0,1
2026-05-28,A,A01TMC01,TM,12,224.0,216.0,216.0,8.0,0.0,0.0,212,212,0,0,0,1
2026-05-28,A,A01CN002,CN,12,159.0,104.0,78.0,55.0,26.0,0.0,260,260,0,0,0,1
2026-05-28,A,A01CN003,CN,12,159.0,152.0,98.33,7.0,53.67,0.0,236,236,0,0,0,1
2026-05-28,A,A01CN025,CN,12,154.0,123.0,88.0,31.0,35.0,0.0,330,330,0,0,0,1
2026-05-28,A,A01CN090,CN,12,159.0,154.0,154.0,5.0,0.0,0.0,543,543,0,0,0,1
2026-05-28,A,A01CN092,CN,12,159.0,153.0,153.0,6.0,0.0,0.0,1008,1008,0,0,0,1
2026-05-28,A,A01HB008,HB,12,159.0,0.0,0.0,159.0,0.0,0.0,0,0,0,0,0,1
2026-05-28,A,A01CN101,CN,12,159.0,149.0,143.0,10.0,6.0,0.0,390,390,0,0,0,1
2026-05-28,A,A01CN103,CN,12,159.0,107.0,47.92,52.0,59.08,0.0,115,115,0,0,0,1
2026-05-28,A,A01CN117,CN,12,219.0,0.0,0.0,219.0,0.0,0.0,0,0,0,0,0,1
2026-05-28,A,A01HB016,HB,14,205.0,156.0,156.0,49.0,0.0,0.0,270,270,0,0,0,1
2026-05-28,A,A01CN105,CN,14,217.0,148.0,141.7,69.0,6.3,0.0,654,654,0,0,0,1
2026-05-28,B,A01CN081,CN,14,380.0,315.49,259.66,64.51,55.83,0.0,479,479,0,0,0,1
2026-05-28,A,A01TMC04,TM,14,219.0,213.0,208.87,6.0,4.13,0.0,241,241,0,0,0,1
2026-05-28,A,A01HB013,HB,15,324.0,217.0,188.53,107.0,28.47,0.0,304,304,0,0,0,1
2026-05-28,A,A01CN053,CN,15,100.0,98.0,98.0,2.0,0.0,0.0,359,359,0,0,0,1
2026-05-28,A,A01CN055,CN,15,100.0,68.0,61.0,32.0,7.0,0.0,183,183,0,0,0,1
2026-05-28,A,A01CN057,CN,15,100.0,80.0,52.5,20.0,27.5,0.0,175,175,0,0,0,1
2026-05-28,A,A01CN058,CN,15,100.0,99.0,95.0,1.0,4.0,0.33,285,284,0,1,1,1
2026-05-28,A,A01CN059,CN,15,100.0,93.0,93.0,7.0,0.0,0.0,303,303,0,0,0,1
2026-05-28,A,A01CN060,CN,15,100.0,99.0,99.0,1.0,0.0,0.0,364,364,0,0,0,1
2026-05-28,A,A01CN072,CN,15,100.0,94.0,91.5,6.0,2.5,0.0,305,305,0,0,0,1
2026-05-28,A,A01CN073,CN,15,100.0,74.0,74.0,26.0,0.0,0.0,244,244,0,0,0,1
2026-05-28,A,A01CN076,CN,15,100.0,91.0,91.0,9.0,0.0,0.0,327,327,0,0,0,1
2026-05-28,A,A01CN077,CN,15,100.0,69.0,69.0,31.0,0.0,0.0,259,259,0,0,0,1
2026-05-28,A,A01CN049,CN,15,109.0,109.0,107.3,0.0,1.7,0.0,111,111,0,0,0,1
2026-05-28,A,A01CN052,CN,15,109.0,99.0,63.8,10.0,35.2,0.0,66,66,0,0,0,1
2026-05-28,A,A01HB001,HB,15,110.0,110.0,106.53,0.0,3.47,0.0,282,282,0,0,0,1
2026-05-28,A,A01HB002,HB,15,110.0,110.0,110.0,0.0,0.0,0.0,258,258,0,0,0,1
2026-05-28,A,A01HB003,HB,15,110.0,101.0,100.2,9.0,0.8,0.0,288,288,0,0,0,1
2026-05-28,A,A01HB004,HB,15,110.0,110.0,84.93,0.0,25.07,0.0,208,208,0,0,0,1
2026-05-28,A,A01HB005,HB,15,110.0,98.0,82.67,12.0,15.33,0.0,320,320,0,0,0,1
2026-05-28,A,A01HB007,HB,15,109.0,0.0,0.0,109.0,0.0,0.0,0,0,0,0,0,1
2026-05-28,A,A01HB009,HB,15,109.0,109.0,109.0,0.0,0.0,0.0,258,258,0,0,0,1
2026-05-28,A,A01HB010,HB,15,109.0,109.0,109.0,0.0,0.0,0.0,301,301,0,0,0,1
2026-05-28,A,A01HB011,HB,15,109.0,109.0,108.17,0.0,0.83,0.0,590,590,0,0,0,1
2026-05-28,A,A01HB012,HB,15,109.0,33.0,33.0,76.0,0.0,0.0,275,275,0,0,0,1
2026-05-28,A,A01HB015,HB,15,109.0,0.0,0.0,109.0,0.0,0.0,0,0,0,0,0,1
2026-05-28,A,A01HB017,HB,15,109.0,109.0,103.33,0.0,5.67,0.0,240,240,0,0,0,1
2026-05-28,A,A01HB018,HB,15,109.0,109.0,109.0,0.0,0.0,0.0,162,162,0,0,0,1
2026-05-28,A,A01CN008,CN,16,349.0,334.0,334.0,15.0,0.0,0.0,343,343,0,0,0,1
2026-05-28,A,A01CN031,CN,16,349.0,322.0,322.0,27.0,0.0,0.0,1227,1227,0,0,0,1
2026-05-28,A,A01CN038,CN,16,349.0,338.0,324.9,11.0,13.1,0.32,1026,1025,0,1,1,1
2026-05-28,A,A01CN039,CN,16,349.0,320.0,288.8,29.0,31.2,0.0,912,912,0,0,0,1
2026-05-28,A,A01CN133,CN,16,150.0,34.0,34.0,116.0,0.0,0.0,51,51,0,0,0,1
2026-05-28,A,A01CN091,CN,16,349.0,330.0,330.0,19.0,0.0,0.0,1064,1064,0,0,0,1
2026-05-28,A,A01CN093,CN,16,344.0,337.0,337.0,7.0,0.0,0.0,1998,1998,0,0,0,1
2026-05-28,A,A01CN094,CN,16,349.0,308.0,181.67,41.0,126.33,0.0,436,436,0,0,0,1
2026-05-28,A,A01CN096,CN,16,349.0,338.0,338.0,11.0,0.0,0.0,1232,1232,0,0,0,1
2026-05-28,A,A01CN097,CN,16,349.0,213.0,213.0,136.0,0.0,0.0,699,699,0,0,0,1
2026-05-28,A,A01TMC07,TM,16,433.0,402.0,402.0,31.0,0.0,0.0,951,951,0,0,0,1
2026-05-28,A,A01TMC09,TM,16,432.0,378.0,378.0,54.0,0.0,0.0,866,866,0,0,0,1
2026-05-28,A,A01CN102,CN,16,349.0,249.0,183.9,100.0,65.1,0.0,613,613,0,0,0,1
2026-05-28,A,A01CN104,CN,16,349.0,337.0,337.0,12.0,0.0,0.0,701,701,0,0,0,1
2026-05-28,A,A01TMC08,TM,16,433.0,429.0,429.0,4.0,0.0,0.0,1022,1022,0,0,0,1
2026-05-28,A,A01CN100,CN,16,119.0,0.0,0.0,119.0,0.0,0.0,1,1,0,0,0,1
2026-05-28,A,A01CN116,CN,16,334.0,312.0,312.0,22.0,0.0,0.0,465,465,0,0,0,1
2026-05-28,A,A01CN118,CN,16,169.0,0.0,0.0,169.0,0.0,0.0,0,0,0,0,0,1
2026-05-28,A,A01CN126,CN,16,434.0,301.0,204.67,133.0,96.33,0.0,614,614,0,0,0,1
2026-05-28,A,A01CN016,CN,16,301.0,237.0,151.0,64.0,86.0,0.0,453,453,0,0,0,1
2026-05-28,A,A01CN054,CN,16,374.0,155.0,99.33,219.0,55.67,0.0,298,298,0,0,0,1
2026-05-28,A,A01CN056,CN,16,374.0,121.0,84.6,253.0,36.4,0.0,282,282,0,0,0,1
2026-05-28,A,A01CN079,CN,16,369.0,269.0,235.0,100.0,34.0,0.0,705,705,0,0,0,1
2026-05-28,A,A01CN087,CN,16,339.0,294.0,228.2,45.0,65.8,0.0,489,489,0,0,0,1
2026-05-28,A,A01CN123,CN,16,360.0,357.0,315.9,3.0,41.1,0.0,243,243,0,0,0,1
2026-05-28,A,A01CN128,CN,16,394.0,391.0,391.0,3.0,0.0,0.0,666,666,0,0,0,1
2026-05-28,A,A01CN066,CN,17,479.0,460.0,460.0,19.0,0.0,0.0,3741,3741,0,0,0,1
2026-05-28,A,A01CN085,CN,17,389.0,288.0,211.2,101.0,76.8,0.0,198,198,0,0,0,1
2026-05-28,A,A01CN001,CN,17,409.0,324.0,240.0,85.0,84.0,0.0,240,240,0,0,0,1
2026-05-28,A,A01CN007,CN,18,458.0,244.0,244.0,214.0,0.0,0.0,489,489,0,0,0,1
2026-05-28,A,A01CN014,CN,18,454.0,413.0,413.0,41.0,0.0,0.0,1521,1521,0,0,0,1
2026-05-28,A,A01CN015,CN,18,463.0,399.0,399.0,64.0,0.0,0.0,1444,1444,0,0,0,1
2026-05-28,A,A01CN021,CN,18,462.0,405.0,405.0,57.0,0.0,0.0,1331,1331,0,0,0,1
2026-05-28,A,A01CN023,CN,18,394.0,304.0,304.0,90.0,0.0,0.0,1010,1010,0,0,0,1
2026-05-28,A,A01CN026,CN,18,459.0,408.0,408.0,51.0,0.0,0.0,1342,1342,0,0,0,1
2026-05-28,A,A01CN029,CN,18,459.0,0.0,0.0,459.0,0.0,0.0,0,0,0,0,0,1
2026-05-28,A,A01CN067,CN,18,459.0,424.0,331.15,35.0,92.85,0.0,537,537,0,0,0,1
2026-05-28,A,A01CN071,CN,18,489.0,439.0,439.0,50.0,0.0,0.0,1515,1515,0,0,0,1
2026-05-28,A,A01CN078,CN,18,459.0,363.0,273.6,96.0,89.4,0.0,912,912,0,0,0,1
2026-05-28,A,A01CN080,CN,18,459.0,427.0,427.0,32.0,0.0,0.0,1328,1328,0,0,0,1
2026-05-28,A,A01CN088,CN,18,459.0,292.0,188.8,167.0,103.2,0.0,236,236,0,0,0,1
2026-05-28,A,A01CN089,CN,18,459.0,423.0,383.07,36.0,39.93,0.0,442,442,0,0,0,1
2026-05-28,A,A01CN106,CN,18,214.0,210.0,95.58,4.0,114.42,0.0,155,155,0,0,0,1
2026-05-28,A,A01CN107,CN,18,394.0,264.0,171.2,130.0,92.8,0.0,214,214,0,0,0,1
2026-05-28,A,A01BR005,BR,18,464.0,349.0,349.0,115.0,0.0,0.0,4144,4144,0,0,0,1
2026-05-28,A,A01CN113,CN,18,464.0,246.0,160.0,218.0,86.0,0.0,192,192,0,0,0,1
2026-05-28,A,A01CN114,CN,18,464.0,329.0,329.0,135.0,0.0,0.0,762,762,0,0,0,1
2026-05-28,A,A01CN042,CN,18,374.0,304.0,290.4,70.0,13.6,0.0,528,528,0,0,0,1
2026-05-28,A,A01CN044,CN,18,279.0,146.0,81.9,133.0,64.1,0.0,117,117,0,0,0,1
2026-05-28,A,A01CN046,CN,18,554.0,500.0,493.5,54.0,6.5,0.0,846,846,0,0,0,1
2026-05-28,A,A01CN047,CN,18,159.0,112.0,88.67,47.0,23.33,0.0,152,152,0,0,0,1
2026-05-28,A,A01CN050,CN,18,374.0,353.0,325.5,21.0,27.5,0.0,558,558,0,0,0,1
2026-05-28,A,A01CN062,CN,18,374.0,361.0,361.0,13.0,0.0,0.0,682,682,0,0,0,1
2026-05-28,A,A01CN068,CN,18,374.0,346.0,346.0,28.0,0.0,0.0,612,612,0,0,0,1
2026-05-28,A,A01CN074,CN,18,374.0,219.0,158.67,155.0,60.33,0.0,272,272,0,0,0,1
2026-05-28,A,A01CN075,CN,18,374.0,347.0,277.67,27.0,69.33,0.0,476,476,0,0,0,1
2026-05-28,A,A01TMC05,TM,18,558.0,495.0,487.07,63.0,7.93,0.0,1124,1124,0,0,0,1
2026-05-28,A,A01TMC06,TM,18,558.0,498.0,498.0,60.0,0.0,0.0,1184,1184,0,0,0,1
2026-05-28,A,A01VMC03,VM,18,374.0,307.0,250.0,67.0,57.0,0.0,1000,1000,0,0,0,1
2026-05-28,A,A01VMC05,VM,18,159.0,148.0,119.17,11.0,28.83,0.0,55,55,0,0,0,1
2026-05-28,A,A01VMC09,VM,18,374.0,360.0,360.0,14.0,0.0,0.0,1140,1140,0,0,0,1
2026-05-28,A,A01VMC10,VM,18,374.0,345.0,313.33,29.0,31.67,0.0,1880,1880,0,0,0,1
2026-05-28,A,A01VMC11,VM,18,374.0,146.0,146.0,228.0,0.0,0.0,495,495,0,0,0,1
2026-05-28,A,A01VMC12,VM,18,404.0,365.0,332.5,39.0,32.5,0.0,1050,1050,0,0,0,1
2026-05-28,A,A01VMC15,VM,18,374.0,324.0,292.5,50.0,31.5,0.0,975,975,0,0,0,1
2026-05-28,A,A01VMC16,VM,18,374.0,347.0,324.0,27.0,23.0,0.0,1080,1080,0,0,0,1
2026-05-28,A,A01CN137,CN,18,474.0,430.0,392.4,44.0,37.6,0.0,654,654,0,0,0,1
2026-05-28,A,A01VMC18,VM,18,509.0,465.0,465.0,44.0,0.0,0.0,1376,1376,0,0,0,1
2026-05-28,A,A01CN048,CN,18,379.0,345.0,319.67,34.0,25.33,0.0,548,548,0,0,0,1
2026-05-28,A,A01CN051,CN,18,379.0,318.0,303.33,61.0,14.67,0.0,520,520,0,0,0,1
2026-05-28,A,A01HB025,HB,18,213.0,213.0,213.0,0.0,0.0,0.0,663,663,0,0,0,1
2026-05-28,A,A01HB014,HB,18,309.0,283.0,250.07,26.0,32.93,0.0,418,418,0,0,0,1
2026-05-28,B,A01CN125,CN,21,49.0,48.0,13.93,1.0,34.07,0.0,44,44,0,0,0,1
2026-05-28,B,A01CN126,CN,21,49.0,31.0,26.33,18.0,4.67,0.0,79,79,0,0,0,1
2026-05-28,B,A01CN127,CN,21,49.0,0.0,0.0,49.0,0.0,0.0,0,0,0,0,0,1
2026-05-28,B,A01CN130,CN,21,49.0,0.0,0.0,49.0,0.0,0.0,0,0,0,0,0,1
2026-05-28,B,A01CN131,CN,21,49.0,49.0,49.0,0.0,0.0,0.0,88,88,0,0,0,1
2026-05-28,B,A01CN135,CN,21,49.0,0.0,0.0,49.0,0.0,0.0,0,0,0,0,0,1
2026-05-28,B,A01CN053,CN,21,109.0,106.0,106.0,3.0,0.0,0.0,360,360,0,0,0,1
2026-05-28,B,A01CN054,CN,21,109.0,68.0,51.67,41.0,16.33,0.0,155,155,0,0,0,1
2026-05-28,B,A01CN055,CN,21,109.0,105.0,95.0,4.0,10.0,0.0,285,285,0,0,0,1
2026-05-28,B,A01CN056,CN,21,109.0,101.0,101.0,8.0,0.0,0.0,374,374,0,0,0,1
2026-05-28,B,A01CN057,CN,21,109.0,83.0,72.9,26.0,10.1,0.0,243,243,0,0,0,1
2026-05-28,B,A01CN058,CN,21,109.0,103.0,103.0,6.0,0.0,0.64,324,322,0,2,2,1
2026-05-28,B,A01CN059,CN,21,109.0,86.0,77.33,23.0,8.67,0.0,232,232,0,0,0,1
2026-05-28,B,A01CN060,CN,21,109.0,106.0,106.0,3.0,0.0,0.0,372,372,0,0,0,1
2026-05-28,B,A01CN072,CN,21,109.0,108.0,101.1,1.0,6.9,0.0,337,337,0,0,0,1
2026-05-28,B,A01CN073,CN,21,109.0,104.0,104.0,5.0,0.0,0.0,324,324,0,0,0,1
2026-05-28,B,A01CN076,CN,21,109.0,109.0,109.0,0.0,0.0,0.0,376,376,0,0,0,1
2026-05-28,B,A01CN077,CN,21,109.0,105.0,105.0,4.0,0.0,0.0,356,356,0,0,0,1
2026-05-28,B,A01HB001,HB,21,109.0,109.0,106.53,0.0,2.47,0.0,282,282,0,0,0,1
2026-05-28,B,A01HB002,HB,21,109.0,109.0,104.0,0.0,5.0,0.0,240,240,0,0,0,1
2026-05-28,B,A01HB003,HB,21,109.0,109.0,108.55,0.0,0.45,0.0,312,312,0,0,0,1
2026-05-28,B,A01HB004,HB,21,109.0,109.0,91.47,0.0,17.53,0.0,224,224,0,0,0,1
2026-05-28,B,A01HB005,HB,21,109.0,109.0,101.27,0.0,7.73,0.0,392,392,0,0,0,1
2026-05-28,B,A01HB007,HB,21,109.0,109.0,109.0,0.0,0.0,0.0,308,308,0,0,0,1
2026-05-28,B,A01HB009,HB,21,109.0,109.0,109.0,0.0,0.0,0.0,276,276,0,0,0,1
2026-05-28,B,A01HB010,HB,21,109.0,109.0,109.0,0.0,0.0,0.0,322,322,0,0,0,1
2026-05-28,B,A01HB011,HB,21,109.0,109.0,109.0,0.0,0.0,0.0,720,720,0,0,0,1
2026-05-28,B,A01HB012,HB,21,109.0,59.0,59.0,50.0,0.0,0.0,305,305,0,0,0,1
2026-05-28,B,A01HB015,HB,21,109.0,0.0,0.0,109.0,0.0,0.0,0,0,0,0,0,1
2026-05-28,B,A01HB017,HB,21,109.0,109.0,108.5,0.0,0.5,0.0,252,252,0,0,0,1
2026-05-28,B,A01HB018,HB,21,109.0,109.0,109.0,0.0,0.0,0.0,174,174,0,0,0,1
2026-05-28,B,A01HB006,HB,21,109.0,109.0,75.33,0.0,33.67,0.0,200,200,0,0,0,1
2026-05-28,B,A01CN006,CN,22,119.0,112.0,112.0,7.0,0.0,0.0,210,210,0,0,0,1
2026-05-28,B,A01CN022,CN,22,49.0,35.0,29.4,14.0,5.6,0.0,98,98,0,0,0,1
2026-05-28,B,A01CN029,CN,22,49.0,0.0,0.0,49.0,0.0,0.0,0,0,0,0,0,1
2026-05-28,B,A01CN031,CN,22,119.0,113.0,113.0,6.0,0.0,0.0,471,471,0,0,0,1
2026-05-28,B,A01CN078,CN,22,164.0,51.0,20.7,113.0,30.3,0.0,69,69,0,0,0,1
2026-05-28,B,A01CN079,CN,22,159.0,111.0,101.33,48.0,9.67,0.0,304,304,0,0,0,1
2026-05-28,B,A01CN084,CN,22,181.0,126.0,126.0,55.0,0.0,0.0,880,880,0,0,0,1
2026-05-28,B,A01CN089,CN,22,169.0,131.0,128.27,38.0,2.73,0.0,148,148,0,0,0,1
2026-05-28,B,A01TMC04,TM,22,184.0,174.0,162.93,10.0,11.07,0.0,188,188,0,0,0,1
2026-05-28,B,A01CN106,CN,22,49.0,49.0,25.9,0.0,23.1,0.0,42,42,0,0,0,1
2026-05-28,B,A01BR005,BR,22,169.0,156.0,156.0,13.0,0.0,0.0,2176,2176,0,0,0,1
2026-05-28,B,A01BR007,BR,22,49.0,7.0,7.0,42.0,0.0,0.0,884,884,0,0,0,1
2026-05-28,B,A01TAP14,TA,22,49.0,9.0,9.0,40.0,0.0,0.0,415,415,0,0,0,1
2026-05-28,B,A01CN064,CN,22,184.0,15.0,11.0,169.0,4.0,0.0,11,11,0,0,0,1
2026-05-28,B,A01CN108,CN,22,146.58,108.34,77.27,38.24,31.07,0.0,97,97,0,0,0,1
2026-05-28,B,A01CN111,CN,22,146.58,109.14,74.68,37.44,34.45,0.0,125,125,0,0,0,1
2026-05-28,B,A01CN100,CN,22,109.0,0.0,0.0,109.0,0.0,0.0,1,1,0,0,0,1
2026-05-28,B,A01CN005,CN,23,159.75,124.68,122.15,35.07,2.53,0.0,209,209,0,0,0,1
2026-05-28,B,A01HB016,HB,23,205.0,205.0,205.0,0.0,0.0,0.0,342,342,0,0,0,1
2026-05-28,B,A01CN019,CN,23,99.0,99.0,69.55,0.0,29.45,0.0,107,107,0,0,0,1
2026-05-28,B,A01CN091,CN,23,149.0,129.0,129.0,20.0,0.0,0.0,534,534,0,0,0,1
2026-05-28,B,A01HB013,HB,23,182.0,182.0,182.0,0.0,0.0,0.0,323,323,0,0,0,1
2026-05-28,B,A01CN002,CN,23,189.0,167.0,167.0,22.0,0.0,0.0,1053,1053,0,0,0,1
2026-05-28,B,A01CN013,CN,23,229.0,188.0,188.0,41.0,0.0,0.0,834,834,0,0,0,1
2026-05-28,B,A01CN090,CN,23,219.0,180.0,180.0,39.0,0.0,0.0,870,870,0,0,0,1
2026-05-28,B,A01CN134,CN,23,219.0,186.0,186.0,33.0,0.0,0.0,269,269,0,0,0,1
2026-05-28,B,A01CN102,CN,23,199.0,179.0,113.4,20.0,65.6,0.0,378,378,0,0,0,1
2026-05-28,B,A01CN104,CN,23,199.0,191.0,191.0,8.0,0.0,0.0,474,474,0,0,0,1
2026-05-28,B,A01CN093,CN,23,227.0,214.0,214.0,13.0,0.0,0.0,1404,1404,0,0,0,1
2026-05-28,B,A01CN129,CN,0,49.0,0.0,0.0,49.0,0.0,0.0,0,0,0,0,0,1
2026-05-28,B,A01CN132,CN,0,49.0,0.0,0.0,49.0,0.0,0.0,0,0,0,0,0,1
2026-05-28,B,A01HB014,HB,1,83.53,83.53,67.13,0.0,16.4,0.0,133,133,0,0,0,1
2026-05-28,B,A01CN120,CN,1,374.0,285.0,285.0,89.0,0.0,0.0,357,357,0,0,0,1
2026-05-28,B,A01CN124,CN,2,169.0,0.0,0.0,169.0,0.0,0.0,0,0,0,0,0,1
2026-05-28,B,A01CN061,CN,2,354.0,0.0,0.0,354.0,0.0,0.0,0,0,0,0,0,1
2026-05-28,B,A01CN069,CN,2,354.0,0.0,0.0,354.0,0.0,0.0,0,0,0,0,0,1
2026-05-28,B,A01CN008,CN,2,359.0,327.0,327.0,32.0,0.0,0.0,349,349,0,0,0,1
2026-05-28,B,A01CN025,CN,2,369.0,272.0,272.0,97.0,0.0,0.0,777,777,0,0,0,1
2026-05-28,B,A01CN133,CN,2,359.0,133.0,133.0,226.0,0.0,0.0,281,281,0,0,0,1
2026-05-28,B,A01CN066,CN,2,409.0,335.0,335.0,74.0,0.0,0.0,2634,2634,0,0,0,1
2026-05-28,B,A01CN121,CN,2,349.0,199.0,199.0,150.0,0.0,0.0,262,262,0,0,0,1
2026-05-28,B,A01CN115,CN,2,349.0,344.0,344.0,5.0,0.0,0.0,391,391,0,0,0,1
2026-05-28,B,A01CN137,CN,2,445.0,407.0,407.0,38.0,0.0,0.0,687,687,0,0,0,1
2026-05-28,B,A01VMC07,VM,2,250.0,94.0,14.47,156.0,79.53,0.0,31,31,0,0,0,1
2026-05-28,B,A01VMC05,VM,2,253.0,185.0,132.17,68.0,52.83,0.0,61,61,0,0,0,1
2026-05-28,B,A01CN003,CN,3,379.0,327.0,247.5,52.0,79.5,0.0,594,594,0,0,0,1
2026-05-28,B,A01CN080,CN,3,429.0,269.0,269.0,160.0,0.0,0.0,845,845,0,0,0,1
2026-05-28,B,A01CN092,CN,3,379.0,282.0,236.3,97.0,45.7,0.0,1251,1251,0,0,0,1
2026-05-28,B,A01CN097,CN,3,379.0,352.0,352.0,27.0,0.0,0.0,924,924,0,0,0,1
2026-05-28,B,A01CN101,CN,3,379.0,367.0,367.0,12.0,0.0,0.0,1078,1078,0,0,0,1
2026-05-28,B,A01CN063,CN,3,51.0,0.0,0.0,51.0,0.0,0.0,0,0,0,0,0,1
2026-05-28,B,A01TMC05,TM,3,494.0,485.0,485.0,9.0,0.0,0.0,1170,1170,0,0,0,1
2026-05-28,B,A01TMC06,TM,3,494.0,486.0,486.0,8.0,0.0,0.0,1197,1197,0,0,0,1
2026-05-28,B,A01TMC01,TM,4,566.0,562.0,562.0,4.0,0.0,0.0,559,559,0,0,0,1
2026-05-28,B,A01TMC02,TM,4,567.0,567.0,567.0,0.0,0.0,0.0,521,521,0,0,0,1
2026-05-28,B,A01TMC07,TM,4,567.0,562.0,562.0,5.0,0.0,0.0,1366,1366,0,0,0,1
2026-05-28,B,A01TMC09,TM,4,567.0,565.0,565.0,2.0,0.0,0.0,1362,1362,0,0,0,1
2026-05-28,B,A01TMC08,TM,4,567.0,551.0,551.0,16.0,0.0,0.0,1317,1317,0,0,0,1
2026-05-28,B,A01CN007,CN,5,539.0,360.0,311.5,179.0,48.5,0.0,623,623,0,0,0,1
2026-05-28,B,A01CN014,CN,5,549.0,500.0,500.0,49.0,0.0,0.0,1951,1951,0,0,0,1
2026-05-28,B,A01CN015,CN,5,549.0,530.0,530.0,19.0,0.0,0.0,1967,1967,0,0,0,1
2026-05-28,B,A01CN021,CN,5,549.0,143.0,112.33,406.0,30.67,0.0,337,337,0,0,0,1
2026-05-28,B,A01CN023,CN,5,549.0,436.0,436.0,113.0,0.0,0.0,1340,1340,0,0,0,1
2026-05-28,B,A01CN026,CN,5,549.0,542.0,542.0,7.0,0.0,0.0,1778,1778,0,0,0,1
2026-05-28,B,A01CN067,CN,5,409.0,312.0,283.05,97.0,28.95,0.0,459,459,0,0,0,1
2026-05-28,B,A01CN071,CN,5,549.0,485.0,485.0,64.0,0.0,0.0,1661,1661,0,0,0,1
2026-05-28,B,A01CN088,CN,5,519.0,357.0,196.8,162.0,160.2,0.0,246,246,0,0,0,1
2026-05-28,B,A01CN107,CN,5,549.0,369.0,294.4,180.0,74.6,0.0,368,368,0,0,0,1
2026-05-28,B,A01CN113,CN,5,549.0,406.0,375.83,143.0,30.17,0.0,451,451,0,0,0,1
2026-05-28,B,A01CN114,CN,5,549.0,487.0,487.0,62.0,0.0,0.0,1157,1157,0,0,0,1
2026-05-28,B,A01CN112,CN,5,574.0,220.0,147.0,354.0,73.0,0.0,147,147,0,0,0,1
2026-05-28,B,A01CN041,CN,6,309.95,252.63,223.31,57.32,29.32,0.0,561,561,0,0,0,1
2026-05-28,B,A01CN045,CN,6,597.0,521.0,491.17,76.0,29.83,0.0,842,842,0,0,0,1
2026-05-28,B,A01CN046,CN,6,597.0,489.0,489.0,108.0,0.0,0.0,900,900,0,0,0,1
2026-05-28,B,A01CN065,CN,6,309.95,196.9,151.66,113.05,45.25,0.0,381,381,0,0,0,1
2026-05-28,B,A01VMC18,VM,6,594.0,500.0,500.0,94.0,0.0,0.0,1848,1848,0,0,0,1
2026-05-28,B,A01VMC09,VM,6,331.28,301.87,301.87,29.41,0.0,0.0,1935,1935,0,0,0,1
2026-05-28,B,A01CN001,CN,6,641.0,527.0,463.0,114.0,64.0,0.0,463,463,0,0,0,1
2026-05-28,B,A01CN017,CN,6,335.31,281.43,264.82,53.88,16.61,0.0,675,675,0,0,0,1
2026-05-28,B,A01CN018,CN,6,335.31,280.38,273.06,54.93,7.32,0.0,696,696,0,0,0,1
2026-05-28,B,A01CN024,CN,6,307.05,257.48,189.3,49.58,68.17,0.0,448,448,0,0,0,1
2026-05-28,B,A01CN030,CN,6,335.31,286.66,245.33,48.65,41.32,0.0,469,469,0,0,0,1
2026-05-28,B,A01CN070,CN,6,338.02,293.37,244.04,44.65,49.33,0.0,470,470,0,0,0,1
2026-05-28,B,A01CN085,CN,6,338.02,257.54,228.74,80.48,28.8,0.0,413,413,0,0,0,1
2026-05-28,B,A01CN098,CN,6,249.71,216.95,210.77,32.76,6.18,0.0,341,341,0,0,0,1
2026-05-28,B,A01CN099,CN,6,338.02,276.23,248.71,61.79,27.52,0.0,479,479,0,0,0,1
2026-05-28,B,A01CN020,CN,6,342.95,254.63,161.4,88.32,93.23,0.0,625,625,0,0,0,1
2026-05-28,B,A01CN047,CN,6,338.77,264.99,225.5,73.78,39.49,0.0,744,744,0,0,0,1
2026-05-28,B,A01CN050,CN,6,338.77,298.76,278.84,40.01,19.92,0.0,920,920,0,0,0,1
2026-05-28,B,A01CN074,CN,6,353.86,289.62,273.38,64.24,16.24,0.0,890,890,0,0,0,1
2026-05-28,B,A01CN075,CN,6,353.86,301.21,299.19,52.66,2.02,0.0,974,974,0,0,0,1
2026-05-28,B,A01VMC03,VM,6,353.11,319.43,278.91,33.68,40.52,0.0,2120,2120,0,0,0,1
2026-05-28,B,A01VMC10,VM,6,351.59,290.63,269.78,60.96,20.85,0.0,3080,3080,0,0,0,1
2026-05-28,B,A01VMC11,VM,6,353.86,212.74,190.1,141.12,22.64,0.0,1140,1140,0,0,0,1
2026-05-28,B,A01VMC12,VM,6,353.86,315.95,270.14,37.91,45.81,0.0,1620,1620,0,0,0,1
2026-05-28,B,A01VMC15,VM,6,351.59,297.46,248.32,54.13,49.14,0.0,1575,1575,0,0,0,1
2026-05-28,B,A01CN042,CN,7,340.27,266.39,243.24,73.88,23.15,0.0,850,850,0,0,0,1
2026-05-28,B,A01CN044,CN,7,340.27,91.05,40.06,249.22,50.99,0.0,110,110,0,0,0,1
2026-05-28,B,A01CN048,CN,7,339.82,287.82,287.82,52.0,0.0,0.0,942,942,0,0,0,1
2026-05-28,B,A01CN051,CN,7,339.82,286.25,286.25,53.57,0.0,0.0,978,978,0,0,0,1
2026-05-28,B,A01CN062,CN,7,340.27,295.53,286.51,44.75,9.02,0.3,944,943,0,1,1,1
2026-05-28,B,A01CN068,CN,7,337.56,311.35,289.86,26.21,21.49,0.0,948,948,0,0,0,1
2026-05-28,B,A01HB022,HB,7,356.85,315.03,315.03,41.83,0.0,0.0,540,540,0,0,0,1
2026-05-28,B,A01HB024,HB,7,532.0,532.0,399.17,0.0,132.83,0.0,550,550,0,0,0,1
2026-05-28,B,A01VMC16,VM,7,354.19,276.02,276.02,78.18,0.0,0.0,1770,1770,0,0,0,1
2026-05-29,A,A01CN027,CN,10,47.0,17.0,17.0,30.0,0.0,0.0,19,19,0,0,0,1
2026-05-29,A,A01CN028,CN,11,99.0,4.0,2.75,95.0,1.25,0.0,3,3,0,0,0,1
2026-05-29,A,A01CN122,CN,11,100.0,99.0,92.73,1.0,6.27,0.0,214,214,0,0,0,1
2026-05-29,A,A01TMC02,TM,12,169.0,165.0,165.0,4.0,0.0,0.0,152,152,0,0,0,1
2026-05-29,A,A01TMC01,TM,12,224.0,217.0,217.0,7.0,0.0,0.0,216,216,0,0,0,1
2026-05-29,A,A01CN002,CN,12,149.0,34.0,14.1,115.0,19.9,0.0,47,47,0,0,0,1
2026-05-29,A,A01CN003,CN,12,149.0,140.0,100.0,9.0,40.0,0.0,240,240,0,0,0,1
2026-05-29,A,A01CN025,CN,12,149.0,111.0,111.0,38.0,0.0,0.0,276,276,0,0,0,1
2026-05-29,A,A01CN092,CN,12,149.0,136.0,133.17,13.0,2.83,0.0,705,705,0,0,0,1
2026-05-29,A,A01CN096,CN,12,149.0,142.0,112.2,7.0,29.8,0.0,396,396,0,0,0,1
2026-05-29,A,A01HB001,HB,12,169.0,154.0,133.73,15.0,20.27,0.0,354,354,0,0,0,1
2026-05-29,A,A01HB002,HB,12,169.0,111.0,96.2,58.0,14.8,0.0,222,222,0,0,0,1
2026-05-29,A,A01HB003,HB,12,169.0,159.0,133.6,10.0,25.4,0.0,384,384,0,0,0,1
2026-05-29,A,A01HB008,HB,12,159.0,33.0,16.5,126.0,16.5,0.0,55,55,0,0,0,1
2026-05-29,A,A01HB009,HB,12,169.0,169.0,169.0,0.0,0.0,0.0,408,408,0,0,0,1
2026-05-29,A,A01HB019,HB,12,84.0,84.0,84.0,0.0,0.0,0.0,90,90,0,0,0,1
2026-05-29,A,A01CN101,CN,12,149.0,141.0,135.3,8.0,5.7,0.0,369,369,0,0,0,1
2026-05-29,A,A01CN105,CN,12,144.0,1.0,0.43,143.0,0.57,0.0,2,2,0,0,0,1
2026-05-29,A,A01CN114,CN,12,149.0,135.0,135.0,14.0,0.0,0.0,301,301,0,0,0,1
2026-05-29,A,A01CN117,CN,12,219.0,0.0,0.0,219.0,0.0,0.0,0,0,0,0,0,1
2026-05-29,A,A01HB014,HB,13,221.0,221.0,181.87,0.0,39.13,0.0,304,304,0,0,0,1
2026-05-29,A,A01TMC04,TM,14,219.0,213.0,205.4,6.0,7.6,0.0,237,237,0,0,0,1
2026-05-29,A,A01CN049,CN,15,310.0,298.0,298.0,12.0,0.0,0.0,320,320,0,0,0,1
2026-05-29,A,A01CN052,CN,15,310.0,265.0,161.43,45.0,103.57,0.0,167,167,0,0,0,1
2026-05-29,A,A01HB007,HB,15,344.0,0.0,0.0,344.0,0.0,0.0,0,0,0,0,0,1
2026-05-29,A,A01HB015,HB,15,314.0,186.0,186.0,128.0,0.0,0.0,272,272,0,0,0,1
2026-05-29,A,A01HB018,HB,15,234.0,225.0,221.4,9.0,3.6,0.0,324,324,0,0,0,1
2026-05-29,A,A01CN019,CN,15,384.0,384.0,96.85,0.0,287.15,0.0,149,149,0,0,0,1
2026-05-29,A,A01HB020,HB,16,109.0,109.0,98.17,0.0,10.83,0.0,228,228,0,0,0,1
2026-05-29,A,A01BR005,BR,16,314.0,266.0,266.0,48.0,0.0,0.0,3508,3508,0,0,0,1
2026-05-29,A,A01CN024,CN,16,389.0,325.0,288.75,64.0,36.25,0.0,385,385,0,0,0,1
2026-05-29,A,A01CN004,CN,16,339.0,36.0,36.0,303.0,0.0,0.0,171,171,0,0,0,1
2026-05-29,A,A01CN006,CN,16,339.0,312.0,312.0,27.0,0.0,0.0,586,586,0,0,0,1
2026-05-29,A,A01CN008,CN,16,339.0,333.0,333.0,6.0,0.0,0.0,362,362,0,0,0,1
2026-05-29,A,A01CN013,CN,16,339.0,329.0,329.0,10.0,0.0,0.0,1287,1287,0,0,0,1
2026-05-29,A,A01CN031,CN,16,339.0,318.0,318.0,21.0,0.0,0.0,1227,1227,0,0,0,1
2026-05-29,A,A01CN090,CN,16,339.0,272.0,267.2,67.0,4.8,0.0,1002,1002,0,0,0,1
2026-05-29,A,A01CN091,CN,16,339.0,322.0,322.0,17.0,0.0,0.0,1034,1034,0,0,0,1
2026-05-29,A,A01CN093,CN,16,339.0,337.0,337.0,2.0,0.0,0.0,1968,1968,0,0,0,1
2026-05-29,A,A01CN097,CN,16,339.0,271.0,269.0,68.0,2.0,0.0,538,538,0,0,0,1
2026-05-29,A,A01TMC07,TM,16,438.0,432.0,432.0,6.0,0.0,0.0,1033,1033,0,0,0,1
2026-05-29,A,A01TMC09,TM,16,438.0,435.0,435.0,3.0,0.0,0.0,1022,1022,0,0,0,1
2026-05-29,A,A01CN134,CN,16,369.0,310.0,310.0,59.0,0.0,1.17,532,530,2,0,2,1
2026-05-29,A,A01CN102,CN,16,339.0,262.0,210.3,77.0,51.7,0.0,701,701,0,0,0,1
2026-05-29,A,A01CN104,CN,16,339.0,303.0,303.0,36.0,0.0,0.0,636,636,0,0,0,1
2026-05-29,A,A01TMC08,TM,16,438.0,436.0,436.0,2.0,0.0,0.0,1032,1032,0,0,0,1
2026-05-29,A,A01CN017,CN,16,399.0,323.0,291.0,76.0,32.0,0.0,388,388,0,0,0,1
2026-05-29,A,A01CN098,CN,16,399.0,235.0,210.0,164.0,25.0,0.0,210,210,0,0,0,1
2026-05-29,A,A01CN100,CN,16,119.0,0.0,0.0,119.0,0.0,0.0,1,1,0,0,0,1
2026-05-29,A,A01CN116,CN,16,419.0,401.0,401.0,18.0,0.0,0.0,581,581,0,0,0,1
2026-05-29,A,A01CN118,CN,16,169.0,0.0,0.0,169.0,0.0,0.0,0,0,0,0,0,1
2026-05-29,A,A01CN016,CN,16,349.0,178.0,132.0,171.0,46.0,0.0,396,396,0,0,0,1
2026-05-29,A,A01CN053,CN,16,259.0,254.0,254.0,5.0,0.0,0.0,856,856,0,0,0,1
2026-05-29,A,A01CN054,CN,16,379.0,301.0,279.0,78.0,22.0,0.0,837,837,0,0,0,1
2026-05-29,A,A01CN055,CN,16,379.0,371.0,354.33,8.0,16.67,0.0,1063,1063,0,0,0,1
2026-05-29,A,A01CN056,CN,16,379.0,207.0,201.0,172.0,6.0,0.0,670,670,0,0,0,1
2026-05-29,A,A01CN057,CN,16,379.0,368.0,366.9,11.0,1.1,0.0,1223,1223,0,0,0,1
2026-05-29,A,A01CN058,CN,16,379.0,377.0,377.0,2.0,0.0,0.32,1180,1179,0,1,1,1
2026-05-29,A,A01CN059,CN,16,379.0,372.0,367.67,7.0,4.33,0.0,1103,1103,0,0,0,1
2026-05-29,A,A01CN060,CN,16,379.0,351.0,351.0,28.0,0.0,0.0,1197,1197,0,0,0,1
2026-05-29,A,A01CN061,CN,16,360.0,321.0,276.8,39.0,44.2,0.8,346,345,0,1,1,1
2026-05-29,A,A01CN069,CN,16,360.0,344.0,344.0,16.0,0.0,0.0,440,440,0,0,0,1
2026-05-29,A,A01CN072,CN,16,379.0,354.0,321.9,25.0,32.1,0.0,1073,1073,0,0,0,1
2026-05-29,A,A01CN073,CN,16,379.0,333.0,330.67,46.0,2.33,0.0,992,992,0,0,0,1
2026-05-29,A,A01CN076,CN,16,379.0,354.0,351.3,25.0,2.7,0.0,1171,1171,0,0,0,1
2026-05-29,A,A01CN077,CN,16,379.0,309.0,303.3,70.0,5.7,0.0,1011,1011,0,0,0,1
2026-05-29,A,A01CN079,CN,16,344.0,260.0,249.67,84.0,10.33,0.0,749,749,0,0,0,1
2026-05-29,A,A01CN086,CN,16,263.0,223.0,189.52,40.0,33.48,0.0,274,274,0,0,0,1
2026-05-29,A,A01CN087,CN,16,339.0,234.0,166.6,105.0,67.4,0.0,357,357,0,0,0,1
2026-05-29,A,A01HB004,HB,16,369.0,362.0,297.27,7.0,64.73,0.0,728,728,0,0,0,1
2026-05-29,A,A01HB005,HB,16,369.0,363.0,357.53,6.0,5.47,0.0,1384,1384,0,0,0,1
2026-05-29,A,A01HB006,HB,16,369.0,363.0,226.0,6.0,137.0,0.0,600,600,0,0,0,1
2026-05-29,A,A01HB010,HB,16,369.0,362.0,362.0,7.0,0.0,0.0,1008,1008,0,0,0,1
2026-05-29,A,A01HB011,HB,16,364.0,360.0,353.83,4.0,6.17,0.18,1930,1929,0,1,1,1
2026-05-29,A,A01HB017,HB,16,139.0,126.0,108.5,13.0,17.5,0.0,252,252,0,0,0,1
2026-05-29,A,A01CN123,CN,16,360.0,339.0,300.3,21.0,38.7,0.0,231,231,0,0,0,1
2026-05-29,A,A01CN128,CN,16,394.0,388.0,388.0,6.0,0.0,0.0,664,664,0,0,0,1
2026-05-29,A,A01CN066,CN,17,464.0,456.0,456.0,8.0,0.0,0.0,3906,3906,0,0,0,1
2026-05-29,A,A01CN018,CN,17,464.0,395.0,351.75,69.0,43.25,0.0,469,469,0,0,0,1
2026-05-29,A,A01CN085,CN,17,464.0,423.0,369.07,41.0,53.93,1.07,346,345,1,0,1,1
2026-05-29,U,A01CN064,CN,17,0.0,0.0,0.0,0.0,0.0,0.0,36,36,0,0,0,0
2026-05-29,A,A01CN108,CN,17,514.0,491.0,408.0,23.0,83.0,0.0,408,408,0,0,0,1
2026-05-29,A,A01CN111,CN,17,514.0,498.0,426.0,16.0,72.0,0.0,568,568,0,0,0,1
2026-05-29,A,A01CN001,CN,17,484.0,437.0,393.0,47.0,44.0,0.0,393,393,0,0,0,1
2026-05-29,A,A01CN007,CN,18,434.0,282.0,238.0,152.0,44.0,0.0,476,476,0,0,0,1
2026-05-29,A,A01CN014,CN,18,439.0,379.0,379.0,60.0,0.0,0.0,1369,1369,0,0,0,1
2026-05-29,A,A01CN015,CN,18,439.0,375.0,375.0,64.0,0.0,0.0,1382,1382,0,0,0,1
2026-05-29,A,A01CN021,CN,18,437.0,282.0,276.33,155.0,5.67,0.0,829,829,0,0,0,1
2026-05-29,A,A01CN022,CN,18,250.0,158.0,108.9,92.0,49.1,0.0,363,363,0,0,0,1
2026-05-29,A,A01CN023,CN,18,438.0,375.0,375.0,63.0,0.0,0.0,1208,1208,0,0,0,1
2026-05-29,A,A01CN026,CN,18,438.0,384.0,384.0,54.0,0.0,0.0,1236,1236,0,0,0,1
2026-05-29,A,A01CN029,CN,18,434.0,0.0,0.0,434.0,0.0,0.0,0,0,0,0,0,1
2026-05-29,A,A01CN067,CN,18,434.0,317.0,234.33,117.0,82.67,0.0,380,380,0,0,0,1
2026-05-29,A,A01CN071,CN,18,467.0,397.0,397.0,70.0,0.0,0.0,1387,1387,0,0,0,1
2026-05-29,A,A01CN078,CN,18,434.0,142.0,82.2,292.0,59.8,0.0,274,274,0,0,0,1
2026-05-29,A,A01CN080,CN,18,250.0,43.0,27.67,207.0,15.33,0.0,83,83,0,0,0,1
2026-05-29,A,A01CN088,CN,18,437.0,190.0,102.4,247.0,87.6,0.0,128,128,0,0,0,1
2026-05-29,A,A01CN089,CN,18,437.0,344.0,299.87,93.0,44.13,0.0,346,346,0,0,0,1
2026-05-29,A,A01CN106,CN,18,434.0,385.0,209.67,49.0,175.33,0.0,340,340,0,0,0,1
2026-05-29,A,A01CN107,CN,18,439.0,327.0,208.8,112.0,118.2,0.0,261,261,0,0,0,1
2026-05-29,A,A01VMC16,VM,18,229.0,118.0,90.0,111.0,28.0,0.0,300,300,0,0,0,1
2026-05-29,A,A01CN113,CN,18,439.0,360.0,293.33,79.0,66.67,0.0,352,352,0,0,0,1
2026-05-29,A,A01CN020,CN,18,514.0,480.0,127.0,34.0,353.0,0.0,254,254,0,0,0,1
2026-05-29,A,A01CN112,CN,18,514.0,434.0,286.0,80.0,148.0,0.0,286,286,0,0,0,1
2026-05-29,A,A01CN030,CN,18,504.0,480.0,447.0,24.0,33.0,0.0,447,447,0,0,0,1
2026-05-29,A,A01CN099,CN,18,509.0,506.0,476.0,3.0,30.0,0.0,476,476,0,0,0,1
2026-05-29,A,A01CN005,CN,18,514.0,409.0,354.75,105.0,54.25,0.0,473,473,0,0,0,1
2026-05-29,A,A01CN041,CN,18,514.0,431.0,351.75,83.0,79.25,0.0,469,469,0,0,0,1
2026-05-29,A,A01CN065,CN,18,514.0,386.0,309.0,128.0,77.0,0.0,412,412,0,0,0,1
2026-05-29,A,A01CN070,CN,18,514.0,78.0,0.0,436.0,78.0,0.0,0,0,0,0,0,1
2026-05-29,A,A01CN081,CN,18,514.0,434.0,386.0,80.0,48.0,1.0,386,385,1,0,1,1
2026-05-29,A,A01CN083,CN,18,514.0,434.0,434.0,80.0,0.0,0.0,2690,2690,0,0,0,1
2026-05-29,A,A01CN125,CN,18,559.0,413.0,70.93,146.0,342.07,0.0,224,224,0,0,0,1
2026-05-29,A,A01CN130,CN,18,559.0,0.0,0.0,559.0,0.0,0.0,0,0,0,0,0,1
2026-05-29,A,A01CN131,CN,18,559.0,521.0,521.0,38.0,0.0,0.0,854,854,0,0,0,1
2026-05-29,A,A01CN132,CN,18,559.0,222.0,155.4,337.0,66.6,0.0,252,252,0,0,0,1
2026-05-29,A,A01CN042,CN,18,554.0,441.0,390.5,113.0,50.5,0.0,710,710,0,0,0,1
2026-05-29,A,A01CN045,CN,18,554.0,516.0,450.33,38.0,65.67,0.0,772,772,0,0,0,1
2026-05-29,A,A01CN046,CN,18,554.0,445.0,431.67,109.0,13.33,0.0,740,740,0,0,0,1
2026-05-29,A,A01CN047,CN,18,554.0,490.0,424.67,64.0,65.33,0.0,728,728,0,0,0,1
2026-05-29,A,A01CN050,CN,18,554.0,468.0,453.83,86.0,14.17,0.0,778,778,0,0,0,1
2026-05-29,A,A01CN062,CN,18,554.0,517.0,472.5,37.0,44.5,0.0,810,810,0,0,0,1
2026-05-29,A,A01CN068,CN,18,554.0,416.0,375.67,138.0,40.33,0.0,644,644,0,0,0,1
2026-05-29,A,A01CN074,CN,18,539.0,282.0,212.33,257.0,69.67,0.0,364,364,0,0,0,1
2026-05-29,A,A01CN075,CN,18,539.0,441.0,343.0,98.0,98.0,0.58,588,587,0,1,1,1
2026-05-29,A,A01TMC05,TM,18,562.0,518.0,513.07,44.0,4.93,0.0,1184,1184,0,0,0,1
2026-05-29,A,A01TMC06,TM,18,562.0,505.0,505.0,57.0,0.0,0.0,1182,1182,0,0,0,1
2026-05-29,A,A01VMC03,VM,18,554.0,534.0,490.0,20.0,44.0,0.0,1960,1960,0,0,0,1
2026-05-29,A,A01VMC05,VM,18,554.0,509.0,422.5,45.0,86.5,0.0,195,195,0,0,0,1
2026-05-29,A,A01VMC07,VM,18,62.0,62.0,52.5,0.0,9.5,0.0,28,28,0,0,0,1
2026-05-29,A,A01VMC09,VM,18,539.0,518.0,513.0,21.0,5.0,0.0,1620,1620,0,0,0,1
2026-05-29,A,A01VMC10,VM,18,554.0,501.0,466.67,53.0,34.33,0.0,2800,2800,0,0,0,1
2026-05-29,A,A01VMC11,VM,18,539.0,479.0,408.5,60.0,70.5,0.32,1290,1289,1,0,1,1
2026-05-29,A,A01VMC12,VM,18,569.0,502.0,465.5,67.0,36.5,1.27,1470,1466,4,0,4,1
2026-05-29,A,A01VMC15,VM,18,554.0,541.0,472.5,13.0,68.5,0.0,1575,1575,0,0,0,1
2026-05-29,A,A01CN127,CN,18,564.0,423.0,423.0,141.0,0.0,0.0,773,773,0,0,0,1
2026-05-29,A,A01CN048,CN,18,559.0,352.0,322.0,207.0,30.0,0.0,552,552,0,0,0,1
2026-05-29,A,A01CN051,CN,18,559.0,520.0,493.5,39.0,26.5,0.0,846,846,0,0,0,1
2026-05-29,A,A01HB025,HB,18,221.0,221.0,221.0,0.0,0.0,0.0,697,697,0,0,0,1
2026-05-29,A,A01HB023,HB,18,524.0,207.0,159.15,317.0,47.85,0.0,198,198,0,0,0,1
2026-05-29,B,A01CN086,CN,21,109.0,78.0,78.0,31.0,0.0,0.0,118,118,0,0,0,1
2026-05-29,B,A01CN087,CN,21,109.0,75.0,75.0,34.0,0.0,0.0,177,177,0,0,0,1
2026-05-29,B,A01CN006,CN,22,124.0,120.0,120.0,4.0,0.0,0.0,233,233,0,0,0,1
2026-05-29,B,A01CN022,CN,22,159.0,137.0,105.0,22.0,32.0,0.0,350,350,0,0,0,1
2026-05-29,B,A01CN029,CN,22,154.0,0.0,0.0,154.0,0.0,0.0,0,0,0,0,0,1
2026-05-29,B,A01CN031,CN,22,124.0,121.0,121.0,3.0,0.0,0.0,513,513,0,0,0,1
2026-05-29,B,A01CN078,CN,22,49.0,16.0,16.0,33.0,0.0,0.0,54,54,0,0,0,1
2026-05-29,B,A01CN084,CN,22,109.0,64.0,64.0,45.0,0.0,0.0,450,450,0,0,0,1
2026-05-29,B,A01CN089,CN,22,154.0,154.0,154.0,0.0,0.0,0.0,180,180,0,0,0,1
2026-05-29,B,A01TMC04,TM,22,184.0,178.0,166.4,6.0,11.6,0.0,192,192,0,0,0,1
2026-05-29,B,A01CN106,CN,22,49.0,47.0,26.52,2.0,20.48,0.0,43,43,0,0,0,1
2026-05-29,B,A01BR005,BR,22,159.0,142.0,142.0,17.0,0.0,0.0,1852,1852,0,0,0,1
2026-05-29,B,A01BR007,BR,22,49.0,8.0,8.0,41.0,0.0,0.0,724,724,0,0,0,1
2026-05-29,B,A01TAP14,TA,22,49.0,9.0,9.0,40.0,0.0,0.0,318,318,0,0,0,1
2026-05-29,B,A01CN096,CN,22,144.0,120.0,120.0,24.0,0.0,0.0,564,564,0,0,0,1
2026-05-29,B,A01HB016,HB,23,205.0,205.0,205.0,0.0,0.0,0.0,378,378,0,0,0,1
2026-05-29,B,A01CN019,CN,23,199.0,199.0,170.95,0.0,28.05,0.0,263,263,0,0,0,1
2026-05-29,B,A01CN091,CN,23,154.0,140.0,140.0,14.0,0.0,0.0,544,544,0,0,0,1
2026-05-29,B,A01CN069,CN,23,182.0,182.0,182.0,0.0,0.0,0.0,278,278,0,0,0,1
2026-05-29,B,A01CN013,CN,23,219.0,188.0,188.0,31.0,0.0,0.0,813,813,0,0,0,1
2026-05-29,B,A01CN090,CN,23,209.0,161.0,161.0,48.0,0.0,0.0,846,846,0,0,0,1
2026-05-29,B,A01CN092,CN,23,204.0,125.0,91.23,79.0,33.77,0.19,483,482,1,0,1,1
2026-05-29,B,A01CN094,CN,23,204.0,193.0,125.0,11.0,68.0,0.0,300,300,0,0,0,1
2026-05-29,B,A01CN134,CN,23,224.0,174.0,174.0,50.0,0.0,0.0,215,215,0,0,0,1
2026-05-29,B,A01CN104,CN,23,204.0,203.0,203.0,1.0,0.0,0.0,500,500,0,0,0,1
2026-05-29,B,A01CN093,CN,23,217.0,212.0,212.0,5.0,0.0,0.0,1464,1464,0,0,0,1
2026-05-29,B,A01CN044,CN,1,92.0,72.0,39.2,20.0,32.8,0.0,56,56,0,0,0,1
2026-05-29,B,A01CN120,CN,1,334.0,209.0,209.0,125.0,0.0,0.0,250,250,0,0,0,1
2026-05-29,B,A01HB014,HB,1,189.0,189.0,189.0,0.0,0.0,0.0,361,361,0,0,0,1
2026-05-29,B,A01VMC05,VM,1,112.0,112.0,112.0,0.0,0.0,0.0,54,54,0,0,0,1
2026-05-29,B,A01VMC07,VM,1,112.0,78.0,67.5,34.0,10.5,0.0,36,36,0,0,0,1
2026-05-29,B,A01CN125,CN,1,49.0,40.0,11.4,9.0,28.6,0.0,36,36,0,0,0,1
2026-05-29,B,A01CN127,CN,1,49.0,33.0,33.0,16.0,0.0,0.0,115,115,0,0,0,1
2026-05-29,B,A01CN130,CN,1,49.0,0.0,0.0,49.0,0.0,0.0,0,0,0,0,0,1
2026-05-29,B,A01CN131,CN,1,49.0,49.0,49.0,0.0,0.0,0.0,98,98,0,0,0,1
2026-05-29,B,A01CN132,CN,1,49.0,45.0,41.93,4.0,3.07,0.0,68,68,0,0,0,1
2026-05-29,B,A01CN019,CN,1,69.0,69.0,68.25,0.0,0.75,0.0,105,105,0,0,0,1
2026-05-29,B,A01CN008,CN,2,364.0,299.0,288.0,65.0,11.0,0.0,288,288,0,0,0,1
2026-05-29,B,A01CN025,CN,2,374.0,333.0,333.0,41.0,0.0,0.0,1152,1152,0,0,0,1
2026-05-29,B,A01CN027,CN,2,414.0,410.0,399.67,4.0,10.33,0.0,436,436,0,0,0,1
2026-05-29,B,A01CN028,CN,2,414.0,400.0,382.25,14.0,17.75,0.0,417,417,0,0,0,1
2026-05-29,B,A01CN133,CN,2,364.0,283.0,283.0,81.0,0.0,0.0,720,720,0,0,0,1
2026-05-29,B,A01CN066,CN,2,394.0,372.0,372.0,22.0,0.0,0.0,3009,3009,0,0,0,1
2026-05-29,B,A01CN121,CN,2,349.0,250.0,250.0,99.0,0.0,0.0,340,340,0,0,0,1
2026-05-29,B,A01CN122,CN,2,404.0,354.0,340.17,50.0,13.83,0.0,785,785,0,0,0,1
2026-05-29,B,A01VMC06,VM,2,393.0,340.0,240.0,53.0,100.0,0.0,240,240,0,0,0,1
2026-05-29,B,A01CN115,CN,2,395.0,392.0,392.0,3.0,0.0,0.0,456,456,0,0,0,1
2026-05-29,B,A01CN137,CN,2,445.0,423.0,405.0,22.0,18.0,0.0,675,675,0,0,0,1
2026-05-29,B,A01CN003,CN,3,384.0,154.0,97.5,230.0,56.5,0.0,234,234,0,0,0,1
2026-05-29,B,A01CN080,CN,3,414.0,106.0,56.0,308.0,50.0,0.0,168,168,0,0,0,1
2026-05-29,B,A01CN097,CN,3,384.0,270.0,270.0,114.0,0.0,0.0,636,636,0,0,0,1
2026-05-29,B,A01VMC11,VM,3,201.0,185.0,185.0,16.0,0.0,0.0,630,630,0,0,0,1
2026-05-29,B,A01CN101,CN,3,384.0,350.0,348.7,34.0,1.3,0.0,951,951,0,0,0,1
2026-05-29,B,A01CN049,CN,3,429.0,381.0,348.97,48.0,32.03,0.0,361,361,0,0,0,1
2026-05-29,B,A01CN052,CN,3,419.0,322.0,184.63,97.0,137.37,0.0,191,191,0,0,0,1
2026-05-29,B,A01HB001,HB,3,429.0,419.0,385.33,10.0,33.67,0.0,1020,1020,0,0,0,1
2026-05-29,B,A01HB002,HB,3,429.0,414.0,338.0,15.0,76.0,30.33,780,710,0,70,70,1
2026-05-29,B,A01HB003,HB,3,429.0,422.0,384.1,7.0,37.9,0.0,1104,1104,0,0,0,1
2026-05-29,B,A01HB004,HB,3,429.0,420.0,326.67,9.0,93.33,0.0,800,800,0,0,0,1
2026-05-29,B,A01HB005,HB,3,429.0,419.0,413.33,10.0,5.67,0.0,1600,1600,0,0,0,1
2026-05-29,B,A01HB006,HB,3,429.0,419.0,261.78,10.0,157.22,0.0,695,695,0,0,0,1
2026-05-29,B,A01HB007,HB,3,429.0,422.0,422.0,7.0,0.0,0.0,1140,1140,0,0,0,1
2026-05-29,B,A01HB009,HB,3,429.0,421.0,403.0,8.0,18.0,0.0,936,936,0,0,0,1
2026-05-29,B,A01HB010,HB,3,429.0,420.0,413.33,9.0,6.67,0.0,1120,1120,0,0,0,1
2026-05-29,B,A01HB011,HB,3,429.0,421.0,421.0,8.0,0.0,0.33,2580,2578,0,2,2,1
2026-05-29,B,A01HB012,HB,3,429.0,115.0,115.0,314.0,0.0,0.0,1020,1020,0,0,0,1
2026-05-29,B,A01HB017,HB,3,429.0,411.0,343.58,18.0,67.42,0.0,798,798,0,0,0,1
2026-05-29,B,A01HB018,HB,3,429.0,417.0,417.0,12.0,0.0,0.0,624,624,0,0,0,1
2026-05-29,B,A01HB020,HB,3,429.0,372.0,211.83,57.0,160.17,0.0,492,492,0,0,0,1
2026-05-29,B,A01TMC05,TM,3,494.0,477.0,477.0,17.0,0.0,0.0,1138,1138,0,0,0,1
2026-05-29,B,A01TMC06,TM,3,494.0,483.0,483.0,11.0,0.0,0.0,1184,1184,0,0,0,1
2026-05-29,B,A01CN053,CN,3,489.0,445.0,425.7,44.0,19.3,0.0,1419,1419,0,0,0,1
2026-05-29,B,A01CN055,CN,3,489.0,439.0,408.67,50.0,30.33,0.0,1226,1226,0,0,0,1
2026-05-29,B,A01CN057,CN,3,489.0,425.0,417.0,64.0,8.0,0.0,1390,1390,0,0,0,1
2026-05-29,B,A01CN058,CN,3,489.0,489.0,450.0,0.0,39.0,0.0,1350,1350,0,0,0,1
2026-05-29,B,A01CN059,CN,3,489.0,485.0,475.0,4.0,10.0,0.0,1425,1425,0,0,0,1
2026-05-29,B,A01CN060,CN,3,489.0,422.0,402.3,67.0,19.7,0.0,1341,1341,0,0,0,1
2026-05-29,B,A01TMC01,TM,4,566.0,563.0,563.0,3.0,0.0,0.0,562,562,0,0,0,1
2026-05-29,B,A01TMC02,TM,4,567.0,559.0,559.0,8.0,0.0,0.0,510,510,0,0,0,1
2026-05-29,B,A01TMC07,TM,4,567.0,543.0,543.0,24.0,0.0,0.0,1308,1308,0,0,0,1
2026-05-29,B,A01TMC09,TM,4,567.0,434.0,434.0,133.0,0.0,0.0,999,999,0,0,0,1
2026-05-29,B,A01TMC10,TM,4,566.0,561.0,561.0,5.0,0.0,0.0,591,591,0,0,0,1
2026-05-29,B,A01TMC08,TM,4,567.0,553.0,553.0,14.0,0.0,0.0,1330,1330,0,0,0,1
2026-05-29,B,A01CN007,CN,5,534.0,304.0,232.5,230.0,71.5,0.0,465,465,0,0,0,1
2026-05-29,B,A01CN014,CN,5,539.0,493.0,493.0,46.0,0.0,0.0,1928,1928,0,0,0,1
2026-05-29,B,A01CN015,CN,5,539.0,521.0,521.0,18.0,0.0,0.0,1934,1934,0,0,0,1
2026-05-29,B,A01CN021,CN,5,539.0,87.0,85.0,452.0,2.0,0.0,255,255,0,0,0,1
2026-05-29,B,A01CN023,CN,5,539.0,530.0,530.0,9.0,0.0,0.0,1720,1720,0,0,0,1
2026-05-29,B,A01CN026,CN,5,539.0,532.0,532.0,7.0,0.0,0.0,1750,1750,0,0,0,1
2026-05-29,B,A01CN047,CN,5,529.0,417.0,327.83,112.0,89.17,0.0,562,562,0,0,0,1
2026-05-29,B,A01CN050,CN,5,528.0,420.0,383.83,108.0,36.17,0.0,658,658,0,0,0,1
2026-05-29,B,A01CN067,CN,5,534.0,392.0,345.95,142.0,46.05,0.0,561,561,0,0,0,1
2026-05-29,B,A01CN071,CN,5,539.0,248.0,248.0,291.0,0.0,0.0,981,981,0,0,0,1
2026-05-29,B,A01CN088,CN,5,504.0,280.0,165.6,224.0,114.4,0.0,207,207,0,0,0,1
2026-05-29,B,A01CN107,CN,5,539.0,354.0,292.0,185.0,62.0,0.0,365,365,0,0,0,1
2026-05-29,B,A01HB024,HB,5,501.0,501.0,415.13,0.0,85.87,0.0,572,572,0,0,0,1
2026-05-29,B,A01VMC16,VM,5,322.0,322.0,322.0,0.0,0.0,0.0,1125,1125,0,0,0,1
2026-05-29,B,A01CN113,CN,5,539.0,454.0,454.0,85.0,0.0,0.0,577,577,0,0,0,1
2026-05-29,B,A01CN054,CN,5,609.0,405.0,342.0,204.0,63.0,0.0,1026,1026,0,0,0,1
2026-05-29,B,A01CN056,CN,5,609.0,472.0,443.4,137.0,28.6,0.0,1478,1478,0,0,0,1
2026-05-29,B,A01CN072,CN,5,609.0,600.0,536.4,9.0,63.6,0.0,1788,1788,0,0,0,1
2026-05-29,B,A01CN073,CN,5,609.0,477.0,433.33,132.0,43.67,0.0,1300,1300,0,0,0,1
2026-05-29,B,A01CN076,CN,5,609.0,580.0,559.8,29.0,20.2,0.0,1866,1866,0,0,0,1
2026-05-29,B,A01CN077,CN,5,609.0,305.0,276.6,304.0,28.4,0.0,922,922,0,0,0,1
2026-05-29,B,A01CN045,CN,6,617.0,531.0,477.17,86.0,53.83,0.0,818,818,0,0,0,1
2026-05-29,B,A01CN046,CN,6,617.0,432.0,429.33,185.0,2.67,0.0,736,736,0,0,0,1
2026-05-29,B,A01CN098,CN,6,594.0,509.0,509.0,85.0,0.0,0.0,526,526,0,0,0,1
2026-05-29,B,A01CN001,CN,6,639.0,546.0,546.0,93.0,0.0,0.0,615,615,0,0,0,1
2026-05-29,B,A01CN005,CN,6,624.0,558.0,423.0,66.0,135.0,0.0,564,564,0,0,0,1
2026-05-29,B,A01CN017,CN,6,624.0,521.0,492.0,103.0,29.0,0.0,656,656,0,0,0,1
2026-05-29,B,A01CN018,CN,6,624.0,571.0,570.0,53.0,1.0,0.0,760,760,0,0,0,1
2026-05-29,B,A01CN024,CN,6,624.0,401.0,306.75,223.0,94.25,0.0,409,409,0,0,0,1
2026-05-29,B,A01CN030,CN,6,624.0,460.0,442.0,164.0,18.0,0.0,442,442,0,0,0,1
2026-05-29,B,A01CN041,CN,6,624.0,516.0,516.0,108.0,0.0,0.0,732,732,0,0,0,1
2026-05-29,B,A01CN065,CN,6,624.0,521.0,444.0,103.0,77.0,0.0,592,592,0,0,0,1
2026-05-29,B,A01CN070,CN,6,634.0,391.0,391.0,243.0,0.0,0.0,444,444,0,0,0,1
2026-05-29,B,A01CN081,CN,6,624.0,520.0,520.0,104.0,0.0,0.0,543,543,0,0,0,1
2026-05-29,B,A01CN085,CN,6,649.0,518.0,518.0,131.0,0.0,0.0,521,521,0,0,0,1
2026-05-29,B,A01CN099,CN,6,634.0,563.0,563.0,71.0,0.0,0.0,565,565,0,0,0,1
2026-05-29,B,A01CN020,CN,6,644.0,555.0,261.0,89.0,294.0,0.0,522,522,0,0,0,1
2026-05-29,B,A01CN064,CN,6,649.0,522.0,355.0,127.0,167.0,0.0,355,355,0,0,0,1
2026-05-29,B,A01CN108,CN,6,644.0,588.0,439.0,56.0,149.0,0.0,439,439,0,0,0,1
2026-05-29,B,A01CN111,CN,6,644.0,537.0,357.75,107.0,179.25,0.0,477,477,0,0,0,1
2026-05-29,B,A01CN112,CN,6,649.0,571.0,544.0,78.0,27.0,0.0,544,544,0,0,0,1
2026-05-29,B,A01CN074,CN,6,645.0,541.0,501.67,104.0,39.33,0.0,860,860,0,0,0,1
2026-05-29,B,A01CN075,CN,6,645.0,561.0,550.67,84.0,10.33,0.0,944,944,0,0,0,1
2026-05-29,B,A01VMC03,VM,6,674.0,639.0,580.0,35.0,59.0,0.0,2320,2320,0,0,0,1
2026-05-29,B,A01VMC09,VM,6,673.0,527.0,508.25,146.0,18.75,0.32,1605,1604,1,0,1,1
2026-05-29,B,A01VMC10,VM,6,670.0,558.0,520.0,112.0,38.0,0.0,3120,3120,0,0,0,1
2026-05-29,B,A01VMC12,VM,6,674.0,586.0,532.0,88.0,54.0,0.0,1680,1680,0,0,0,1
2026-05-29,B,A01VMC15,VM,6,672.0,592.0,463.5,80.0,128.5,0.0,1545,1545,0,0,0,1
2026-05-29,B,A01CN042,CN,7,654.0,504.0,403.7,150.0,100.3,0.0,734,734,0,0,0,1
2026-05-29,B,A01CN048,CN,7,639.0,542.0,536.67,97.0,5.33,0.0,920,920,0,0,0,1
2026-05-29,B,A01CN051,CN,7,639.0,500.0,500.0,139.0,0.0,0.0,886,886,0,0,0,1
2026-05-29,B,A01CN062,CN,7,649.0,601.0,557.67,48.0,43.33,0.0,956,956,0,0,0,1
2026-05-29,B,A01CN068,CN,7,639.0,593.0,546.0,46.0,47.0,0.0,936,936,0,0,0,1
2026-05-29,B,A01HB013,HB,7,674.0,604.0,604.0,70.0,0.0,0.0,1007,1007,0,0,0,1
2026-05-29,B,A01HB022,HB,7,673.0,614.0,614.0,59.0,0.0,0.0,540,540,0,0,0,1
2026-05-29,B,A01HB023,HB,7,681.0,615.0,615.0,66.0,0.0,0.0,770,770,0,0,0,1
2026-05-30,B,A01CN061,CN,8,56.08,36.72,36.61,19.36,0.11,0.0,572,572,0,0,0,1
2026-05-30,A,A01CN127,CN,8,0.0,0.0,0.0,0.0,0.0,0.0,0,0,0,0,0,0
2026-05-30,A,A01CN027,CN,10,61.0,58.0,58.0,3.0,0.0,0.0,71,71,0,0,0,1
2026-05-30,A,A01CN028,CN,11,123.0,110.0,99.92,13.0,10.08,0.0,109,109,0,0,0,1
2026-05-30,A,A01HB019,HB,11,104.0,104.0,103.8,0.0,0.2,0.0,108,108,0,0,0,1
2026-05-30,A,A01TMC10,TM,12,181.0,151.0,151.0,30.0,0.0,0.0,164,164,0,0,0,1
2026-05-30,A,A01TRP35,TR,12,109.0,1.0,0.0,108.0,1.0,0.0,0,0,0,0,0,1
2026-05-30,A,A01CN115,CN,12,179.0,179.0,179.0,0.0,0.0,0.0,197,197,0,0,0,1
2026-05-30,A,A01CN123,CN,12,177.0,0.0,0.0,177.0,0.0,0.0,0,0,0,0,0,1
2026-05-30,A,A01TMC02,TM,12,169.0,132.0,132.0,37.0,0.0,0.0,123,123,0,0,0,1
2026-05-30,A,A01CN120,CN,12,219.0,189.0,188.83,30.0,0.17,0.0,206,206,0,0,0,1
2026-05-30,A,A01CN121,CN,12,219.0,167.0,167.0,52.0,0.0,0.0,237,237,0,0,0,1
2026-05-30,A,A01TMC01,TM,12,206.0,178.0,178.0,28.0,0.0,0.0,179,179,0,0,0,1
2026-05-30,A,A01CN003,CN,12,179.0,112.0,55.83,67.0,56.17,0.0,134,134,0,0,0,1
2026-05-30,A,A01CN025,CN,12,179.0,174.0,174.0,5.0,0.0,0.0,732,732,0,0,0,1
2026-05-30,A,A01CN092,CN,12,179.0,115.0,86.13,64.0,28.87,0.0,456,456,0,0,0,1
2026-05-30,A,A01HB008,HB,12,159.0,0.0,0.0,159.0,0.0,0.0,0,0,0,0,0,1
2026-05-30,A,A01CN101,CN,12,177.0,145.0,140.07,32.0,4.93,0.0,382,382,0,0,0,1
2026-05-30,A,A01CN102,CN,12,177.0,154.0,120.6,23.0,33.4,0.0,402,402,0,0,0,1
2026-05-30,A,A01CN105,CN,12,131.0,0.0,0.0,131.0,0.0,0.0,1,1,0,0,0,1
2026-05-30,A,A01CN117,CN,12,219.0,0.0,0.0,219.0,0.0,0.0,0,0,0,0,0,1
2026-05-30,A,A01CN045,CN,12,239.0,236.0,211.17,3.0,24.83,0.0,362,362,0,0,0,1
2026-05-30,A,A01TMC04,TM,14,269.0,251.0,251.0,18.0,0.0,0.0,291,291,0,0,0,1
2026-05-30,A,A01HB003,HB,15,104.0,104.0,100.2,0.0,3.8,0.0,288,288,0,0,0,1
2026-05-30,A,A01CN028,CN,15,199.0,32.0,32.0,167.0,0.0,0.0,43,43,0,0,0,1
2026-05-30,A,A01HB016,HB,15,373.0,344.0,275.0,29.0,69.0,0.0,450,450,0,0,0,1
2026-05-30,A,A01HB015,HB,15,314.0,272.0,272.0,42.0,0.0,0.0,352,352,0,0,0,1
2026-05-30,A,A01CN053,CN,16,339.0,316.0,316.0,23.0,0.0,0.0,1062,1062,0,0,0,1
2026-05-30,A,A01CN054,CN,16,339.0,294.0,291.67,45.0,2.33,0.0,875,875,0,0,0,1
2026-05-30,A,A01CN084,CN,16,374.0,296.0,275.0,78.0,21.0,0.0,1650,1650,0,0,0,1
2026-05-30,A,A01CN024,CN,16,389.0,345.0,318.75,44.0,26.25,0.0,425,425,0,0,0,1
2026-05-30,A,A01CN002,CN,16,119.0,65.0,41.4,54.0,23.6,0.0,138,138,0,0,0,1
2026-05-30,A,A01CN006,CN,16,369.0,325.0,325.0,44.0,0.0,0.0,596,596,0,0,0,1
2026-05-30,A,A01CN008,CN,16,369.0,360.0,360.0,9.0,0.0,0.0,380,380,0,0,0,1
2026-05-30,A,A01CN013,CN,16,369.0,355.0,355.0,14.0,0.0,0.0,1359,1359,0,0,0,1
2026-05-30,A,A01CN031,CN,16,369.0,328.0,328.0,41.0,0.0,0.0,1272,1272,0,0,0,1
2026-05-30,A,A01CN038,CN,16,367.0,356.0,356.0,11.0,0.0,0.0,1161,1161,0,0,0,1
2026-05-30,A,A01CN039,CN,16,367.0,289.0,277.4,78.0,11.6,0.0,876,876,0,0,0,1
2026-05-30,A,A01CN133,CN,16,367.0,328.0,328.0,39.0,0.0,0.0,699,699,0,0,0,1
2026-05-30,A,A01CN066,CN,16,414.0,394.0,394.0,20.0,0.0,0.0,3303,3303,0,0,0,1
2026-05-30,A,A01CN090,CN,16,369.0,334.0,334.0,35.0,0.0,0.0,1281,1281,0,0,0,1
2026-05-30,A,A01CN091,CN,16,369.0,364.0,364.0,5.0,0.0,0.0,1166,1166,0,0,0,1
2026-05-30,A,A01CN093,CN,16,367.0,365.0,365.0,2.0,0.0,0.0,2178,2178,0,0,0,1
2026-05-30,A,A01CN094,CN,16,367.0,328.0,196.67,39.0,131.33,0.0,472,472,0,0,0,1
2026-05-30,A,A01CN096,CN,16,119.0,31.0,31.0,88.0,0.0,0.0,120,120,0,0,0,1
2026-05-30,A,A01CN097,CN,16,367.0,298.0,298.0,69.0,0.0,0.0,698,698,0,0,0,1
2026-05-30,A,A01TMC07,TM,16,438.0,407.0,407.0,31.0,0.0,0.0,960,960,0,0,0,1
2026-05-30,A,A01TMC09,TM,16,413.0,263.0,248.4,150.0,14.6,0.0,552,552,0,0,0,1
2026-05-30,A,A01CN134,CN,16,133.0,117.0,117.0,16.0,0.0,0.0,187,187,0,0,0,1
2026-05-30,A,A01CN104,CN,16,367.0,293.0,293.0,74.0,0.0,0.0,615,615,0,0,0,1
2026-05-30,A,A01TMC08,TM,16,438.0,416.0,416.0,22.0,0.0,0.0,971,971,0,0,0,1
2026-05-30,A,A01CN017,CN,16,399.0,381.0,358.5,18.0,22.5,0.0,478,478,0,0,0,1
2026-05-30,A,A01CN027,CN,16,264.0,193.0,184.25,71.0,8.75,0.0,201,201,0,0,0,1
2026-05-30,A,A01HB014,HB,16,426.0,398.0,341.0,28.0,57.0,0.0,570,570,0,0,0,1
2026-05-30,A,A01CN100,CN,16,119.0,0.0,0.0,119.0,0.0,0.0,1,1,0,0,0,1
2026-05-30,A,A01CN118,CN,16,169.0,0.0,0.0,169.0,0.0,0.0,0,0,0,0,0,1
2026-05-30,A,A01CN055,CN,16,369.0,331.0,323.67,38.0,7.33,0.0,971,971,0,0,0,1
2026-05-30,A,A01CN056,CN,16,369.0,316.0,316.0,53.0,0.0,0.0,1084,1084,0,0,0,1
2026-05-30,A,A01CN058,CN,16,369.0,18.0,13.33,351.0,4.67,0.0,40,40,0,0,0,1
2026-05-30,A,A01CN059,CN,16,369.0,358.0,351.0,11.0,7.0,0.0,1053,1053,0,0,0,1
2026-05-30,A,A01CN060,CN,16,369.0,142.0,120.6,227.0,21.4,0.0,402,402,0,0,0,1
2026-05-30,A,A01CN072,CN,16,369.0,322.0,278.4,47.0,43.6,0.0,928,928,0,0,0,1
2026-05-30,A,A01CN073,CN,16,369.0,120.0,90.33,249.0,29.67,0.0,271,271,0,0,0,1
2026-05-30,A,A01CN076,CN,16,369.0,292.0,275.4,77.0,16.6,0.0,918,918,0,0,0,1
2026-05-30,A,A01CN077,CN,16,369.0,189.0,189.0,180.0,0.0,0.0,660,660,0,0,0,1
2026-05-30,A,A01CN079,CN,16,331.0,279.0,261.67,52.0,17.33,0.0,785,785,0,0,0,1
2026-05-30,A,A01CN086,CN,16,360.0,307.0,242.08,53.0,64.92,0.0,350,350,0,0,0,1
2026-05-30,A,A01CN087,CN,16,360.0,300.0,222.13,60.0,77.87,0.0,476,476,0,0,0,1
2026-05-30,A,A01HB001,HB,16,189.0,32.0,13.6,157.0,18.4,0.0,36,36,0,0,0,1
2026-05-30,A,A01HB002,HB,16,364.0,336.0,291.2,28.0,44.8,1.73,672,668,0,4,4,1
2026-05-30,A,A01HB004,HB,16,364.0,353.0,290.73,11.0,62.27,0.0,712,712,0,0,0,1
2026-05-30,A,A01HB005,HB,16,364.0,357.0,357.0,7.0,0.0,0.0,1384,1384,0,0,0,1
2026-05-30,A,A01HB006,HB,16,364.0,357.0,227.88,7.0,129.12,0.0,605,605,0,0,0,1
2026-05-30,A,A01HB009,HB,16,364.0,364.0,364.0,0.0,0.0,0.0,870,870,0,0,0,1
2026-05-30,A,A01HB010,HB,16,364.0,364.0,364.0,0.0,0.0,0.0,994,994,0,0,0,1
2026-05-30,A,A01HB011,HB,16,364.0,359.0,359.0,5.0,0.0,0.0,1970,1970,0,0,0,1
2026-05-30,A,A01HB018,HB,16,364.0,355.0,355.0,9.0,0.0,0.0,522,522,0,0,0,1
2026-05-30,A,A01CN137,CN,16,407.0,263.0,235.8,144.0,27.2,0.0,393,393,0,0,0,1
2026-05-30,A,A01CN128,CN,16,393.0,358.0,358.0,35.0,0.0,0.0,596,596,0,0,0,1
2026-05-30,A,A01CN018,CN,17,464.0,438.0,409.5,26.0,28.5,0.0,546,546,0,0,0,1
2026-05-30,U,A01CN064,CN,17,0.0,0.0,0.0,0.0,0.0,0.0,235,235,0,0,0,0
2026-05-30,A,A01CN108,CN,17,513.0,506.0,416.0,7.0,90.0,0.0,416,416,0,0,0,1
2026-05-30,A,A01CN111,CN,17,513.0,503.0,442.5,10.0,60.5,0.0,590,590,0,0,0,1
2026-05-30,A,A01CN001,CN,17,489.0,464.0,413.0,25.0,51.0,0.0,413,413,0,0,0,1
2026-05-30,A,A01CN007,CN,18,421.0,272.0,272.0,149.0,0.0,0.0,609,609,0,0,0,1
2026-05-30,A,A01CN014,CN,18,426.0,357.0,357.0,69.0,0.0,0.0,1299,1299,0,0,0,1
2026-05-30,A,A01CN015,CN,18,424.0,359.0,359.0,65.0,0.0,0.0,1304,1304,0,0,0,1
2026-05-30,A,A01CN021,CN,18,424.0,384.0,384.0,40.0,0.0,0.0,1188,1188,0,0,0,1
2026-05-30,A,A01CN022,CN,18,424.0,331.0,263.4,93.0,67.6,0.0,878,878,0,0,0,1
2026-05-30,A,A01CN023,CN,18,424.0,363.0,363.0,61.0,0.0,0.0,1158,1158,0,0,0,1
2026-05-30,A,A01CN026,CN,18,424.0,369.0,369.0,55.0,0.0,0.0,1192,1192,0,0,0,1
2026-05-30,A,A01CN029,CN,18,422.0,0.0,0.0,422.0,0.0,0.0,0,0,0,0,0,1
2026-05-30,A,A01CN067,CN,18,421.0,359.0,263.32,62.0,95.68,0.0,427,427,0,0,0,1
2026-05-30,A,A01CN071,CN,18,454.0,398.0,398.0,56.0,0.0,0.0,1440,1440,0,0,0,1
2026-05-30,A,A01CN078,CN,18,422.0,331.0,250.5,91.0,80.5,0.0,835,835,0,0,0,1
2026-05-30,A,A01CN080,CN,18,343.0,333.0,333.0,10.0,0.0,0.0,1015,1015,0,0,0,1
2026-05-30,A,A01CN088,CN,18,423.0,320.0,199.2,103.0,120.8,0.0,249,249,0,0,0,1
2026-05-30,A,A01CN089,CN,18,423.0,396.0,374.4,27.0,21.6,0.0,432,432,0,0,0,1
2026-05-30,A,A01CN106,CN,18,421.0,383.0,194.87,38.0,188.13,0.0,316,316,0,0,0,1
2026-05-30,A,A01CN107,CN,18,408.0,370.0,305.6,38.0,64.4,0.0,382,382,0,0,0,1
2026-05-30,A,A01BR007,BR,18,343.0,152.0,151.6,191.0,0.4,0.0,758,758,0,0,0,1
2026-05-30,A,A01CN113,CN,18,409.0,366.0,330.83,43.0,35.17,0.0,397,397,0,0,0,1
2026-05-30,A,A01CN030,CN,18,504.0,459.0,434.0,45.0,25.0,0.0,434,434,0,0,0,1
2026-05-30,A,A01CN049,CN,18,54.0,0.0,0.0,54.0,0.0,0.0,0,0,0,0,0,1
2026-05-30,A,A01CN052,CN,18,54.0,30.0,22.23,24.0,7.77,0.0,23,23,0,0,0,1
2026-05-30,A,A01CN057,CN,18,54.0,52.0,51.3,2.0,0.7,0.0,171,171,0,0,0,1
2026-05-30,A,A01CN061,CN,18,54.0,54.0,54.0,0.0,0.0,0.0,72,72,0,0,0,1
2026-05-30,A,A01CN069,CN,18,54.0,35.0,35.0,19.0,0.0,0.0,56,56,0,0,0,1
2026-05-30,A,A01HB003,HB,18,49.0,43.0,43.0,6.0,0.0,0.0,114,114,0,0,0,1
2026-05-30,A,A01CN099,CN,18,509.0,497.0,471.0,12.0,26.0,0.0,471,471,0,0,0,1
2026-05-30,A,A01CN005,CN,18,514.0,424.0,397.5,90.0,26.5,0.0,530,530,0,0,0,1
2026-05-30,A,A01CN041,CN,18,514.0,483.0,384.0,31.0,99.0,0.0,512,512,0,0,0,1
2026-05-30,A,A01CN065,CN,18,514.0,473.0,376.5,41.0,96.5,0.0,502,502,0,0,0,1
2026-05-30,A,A01CN070,CN,18,514.0,434.0,434.0,80.0,0.0,0.0,436,436,0,0,0,1
2026-05-30,A,A01CN081,CN,18,544.0,480.0,385.0,64.0,95.0,0.0,385,385,0,0,0,1
2026-05-30,A,A01CN083,CN,18,514.0,328.0,268.33,186.0,59.67,0.0,1610,1610,0,0,0,1
2026-05-30,A,A01CN125,CN,18,553.0,284.0,53.83,269.0,230.17,0.0,170,170,0,0,0,1
2026-05-30,A,A01CN130,CN,18,553.0,0.0,0.0,553.0,0.0,0.0,0,0,0,0,0,1
2026-05-30,A,A01CN131,CN,18,553.0,516.0,516.0,37.0,0.0,0.0,860,860,0,0,0,1
2026-05-30,A,A01CN132,CN,18,553.0,358.0,102.37,195.0,255.63,0.0,166,166,0,0,0,1
2026-05-30,A,A01CN042,CN,18,554.0,487.0,437.8,67.0,49.2,0.0,796,796,0,0,0,1
2026-05-30,A,A01CN044,CN,18,275.0,208.0,104.3,67.0,103.7,0.0,149,149,0,0,0,1
2026-05-30,A,A01CN045,CN,18,299.0,258.0,218.17,41.0,39.83,0.0,374,374,0,0,0,1
2026-05-30,A,A01CN046,CN,18,299.0,21.0,3.5,278.0,17.5,0.0,6,6,0,0,0,1
2026-05-30,A,A01CN047,CN,18,554.0,526.0,458.5,28.0,67.5,0.0,786,786,0,0,0,1
2026-05-30,A,A01CN050,CN,18,554.0,321.0,185.5,233.0,135.5,0.0,318,318,0,0,0,1
2026-05-30,A,A01CN062,CN,18,554.0,499.0,471.33,55.0,27.67,0.0,808,808,0,0,0,1
2026-05-30,A,A01CN068,CN,18,554.0,514.0,471.33,40.0,42.67,0.0,808,808,0,0,0,1
2026-05-30,A,A01CN074,CN,18,544.0,376.0,308.27,168.0,67.73,0.0,544,544,0,0,0,1
2026-05-30,A,A01CN075,CN,18,544.0,419.0,379.17,125.0,39.83,0.0,650,650,0,0,0,1
2026-05-30,A,A01CN085,CN,18,548.0,516.0,422.4,32.0,93.6,0.0,396,396,0,0,0,1
2026-05-30,A,A01CN098,CN,18,549.0,426.0,334.0,123.0,92.0,0.0,334,334,0,0,0,1
2026-05-30,A,A01TMC05,TM,18,562.0,522.0,504.83,40.0,17.17,0.0,1165,1165,0,0,0,1
2026-05-30,A,A01TMC06,TM,18,562.0,487.0,487.0,75.0,0.0,0.0,1127,1127,0,0,0,1
2026-05-30,A,A01VMC03,VM,18,554.0,523.0,490.0,31.0,33.0,0.0,1960,1960,0,0,0,1
2026-05-30,A,A01VMC05,VM,18,554.0,498.0,392.17,56.0,105.83,2.17,181,180,1,0,1,1
2026-05-30,A,A01VMC07,VM,18,554.0,436.0,318.75,118.0,117.25,0.0,170,170,0,0,0,1
2026-05-30,A,A01VMC09,VM,18,554.0,524.0,513.0,30.0,11.0,0.63,1620,1618,2,0,2,1
2026-05-30,A,A01VMC10,VM,18,554.0,533.0,466.67,21.0,66.33,0.0,2800,2800,0,0,0,1
2026-05-30,A,A01VMC11,VM,18,105.0,105.0,95.0,0.0,10.0,0.0,300,300,0,0,0,1
2026-05-30,A,A01VMC12,VM,18,571.0,529.0,508.25,42.0,20.75,0.63,1605,1603,2,0,2,1
2026-05-30,A,A01VMC15,VM,18,554.0,534.0,472.5,20.0,61.5,0.0,1575,1575,0,0,0,1
2026-05-30,A,A01VMC16,VM,18,544.0,532.0,486.0,12.0,46.0,0.0,1620,1620,0,0,0,1
2026-05-30,A,A01CN127,CN,18,558.0,443.0,419.9,115.0,23.1,0.0,969,969,0,0,0,1
2026-05-30,A,A01CN048,CN,18,559.0,516.0,467.83,43.0,48.17,0.0,802,802,0,0,0,1
2026-05-30,A,A01CN051,CN,18,559.0,509.0,499.33,50.0,9.67,0.0,856,856,0,0,0,1
2026-05-30,A,A01HB025,HB,18,233.0,178.0,178.0,55.0,0.0,0.0,629,629,0,0,0,1
2026-05-30,B,A01CN139,CN,20,701.0,325.0,90.67,376.0,234.33,0.0,136,136,0,0,0,1
2026-05-30,B,A01CN049,CN,21,49.0,15.0,0.0,34.0,15.0,0.0,0,0,0,0,0,1
2026-05-30,B,A01CN052,CN,21,49.0,45.0,28.03,4.0,16.97,0.0,29,29,0,0,0,1
2026-05-30,B,A01CN053,CN,21,49.0,49.0,49.0,0.0,0.0,0.0,177,177,0,0,0,1
2026-05-30,B,A01CN055,CN,21,49.0,48.0,48.0,1.0,0.0,0.0,167,167,0,0,0,1
2026-05-30,B,A01CN056,CN,21,49.0,47.0,47.0,2.0,0.0,0.0,185,185,0,0,0,1
2026-05-30,B,A01CN057,CN,21,49.0,14.0,14.0,35.0,0.0,0.0,59,59,0,0,0,1
2026-05-30,B,A01CN058,CN,21,49.0,49.0,49.0,0.0,0.0,0.0,169,169,0,0,0,1
2026-05-30,B,A01CN059,CN,21,49.0,49.0,49.0,0.0,0.0,0.0,159,159,0,0,0,1
2026-05-30,B,A01CN060,CN,21,49.0,44.0,44.0,5.0,0.0,0.0,165,165,0,0,0,1
2026-05-30,B,A01CN061,CN,21,3.92,3.92,3.92,0.0,0.0,0.0,64,64,0,0,0,1
2026-05-30,B,A01CN069,CN,21,49.0,49.0,49.0,0.0,0.0,0.0,74,74,0,0,0,1
2026-05-30,B,A01HB001,HB,21,49.0,44.0,44.0,5.0,0.0,0.0,126,126,0,0,0,1
2026-05-30,B,A01HB002,HB,21,49.0,49.0,49.0,0.0,0.0,0.0,126,126,0,0,0,1
2026-05-30,B,A01HB009,HB,21,49.0,49.0,49.0,0.0,0.0,0.0,138,138,0,0,0,1
2026-05-30,B,A01CN125,CN,21,49.0,38.0,8.23,11.0,29.77,0.0,26,26,0,0,0,1
2026-05-30,B,A01CN126,CN,21,49.0,2.0,0.33,47.0,1.67,0.0,1,1,0,0,0,1
2026-05-30,B,A01CN127,CN,21,49.0,45.0,45.0,4.0,0.0,0.0,119,119,0,0,0,1
2026-05-30,B,A01CN131,CN,21,49.0,49.0,49.0,0.0,0.0,0.0,96,96,0,0,0,1
2026-05-30,B,A01HB003,HB,21,49.0,49.0,49.0,0.0,0.0,0.0,120,120,0,0,0,1
2026-05-30,B,A01HB004,HB,21,49.0,49.0,42.47,0.0,6.53,0.0,104,104,0,0,0,1
2026-05-30,B,A01HB005,HB,21,49.0,49.0,49.0,0.0,0.0,0.0,200,200,0,0,0,1
2026-05-30,B,A01HB006,HB,21,49.0,49.0,37.67,0.0,11.33,0.0,100,100,0,0,0,1
2026-05-30,B,A01HB010,HB,21,49.0,49.0,49.0,0.0,0.0,0.0,154,154,0,0,0,1
2026-05-30,B,A01HB011,HB,21,49.0,49.0,49.0,0.0,0.0,0.0,370,370,0,0,0,1
2026-05-30,B,A01HB015,HB,21,49.0,49.0,49.0,0.0,0.0,0.0,64,64,0,0,0,1
2026-05-30,B,A01HB019,HB,21,49.0,49.0,34.6,0.0,14.4,0.0,36,36,0,0,0,1
2026-05-30,B,A01HB025,HB,21,107.0,107.0,98.67,0.0,8.33,0.0,136,136,0,0,0,1
2026-05-30,B,A01CN054,CN,21,49.0,49.0,49.0,0.0,0.0,0.0,168,168,0,0,0,1
2026-05-30,B,A01CN087,CN,21,109.0,83.0,66.27,26.0,16.73,0.0,142,142,0,0,0,1
2026-05-30,B,A01CN006,CN,22,119.0,117.0,117.0,2.0,0.0,0.0,232,232,0,0,0,1
2026-05-30,B,A01CN022,CN,22,139.0,84.0,57.6,55.0,26.4,0.0,192,192,0,0,0,1
2026-05-30,B,A01CN031,CN,22,124.0,119.0,119.0,5.0,0.0,0.0,495,495,0,0,0,1
2026-05-30,B,A01CN044,CN,22,168.0,166.0,86.8,2.0,79.2,0.0,124,124,0,0,0,1
2026-05-30,B,A01CN084,CN,22,149.0,138.0,138.0,11.0,0.0,0.0,950,950,0,0,0,1
2026-05-30,B,A01CN089,CN,22,159.0,129.0,105.73,30.0,23.27,0.0,122,122,0,0,0,1
2026-05-30,B,A01CN091,CN,22,169.0,149.0,149.0,20.0,0.0,0.0,462,462,0,0,0,1
2026-05-30,B,A01TMC04,TM,22,184.0,180.0,174.2,4.0,5.8,0.0,201,201,0,0,0,1
2026-05-30,B,A01CN106,CN,22,159.0,99.0,45.63,60.0,53.37,0.0,74,74,0,0,0,1
2026-05-30,B,A01BR005,BR,22,49.0,29.0,29.0,20.0,0.0,0.0,740,740,0,0,0,1
2026-05-30,B,A01BR007,BR,22,49.0,8.0,8.0,41.0,0.0,0.0,606,606,0,0,0,1
2026-05-30,B,A01TAP14,TA,22,49.0,13.0,13.0,36.0,0.0,0.0,408,408,0,0,0,1
2026-05-30,B,A01CN064,CN,22,169.0,0.0,0.0,169.0,0.0,0.0,0,0,0,0,0,1
2026-05-30,B,A01CN108,CN,22,153.0,149.0,123.0,4.0,26.0,0.0,123,123,0,0,0,1
2026-05-30,B,A01CN111,CN,22,154.0,146.0,108.75,8.0,37.25,0.0,145,145,0,0,0,1
2026-05-30,B,A01CN073,CN,22,44.0,28.0,28.0,16.0,0.0,0.0,105,105,0,0,0,1
2026-05-30,B,A01CN077,CN,22,44.0,32.0,32.0,12.0,0.0,0.0,139,139,0,0,0,1
2026-05-30,B,A01CN072,CN,22,99.0,96.0,85.5,3.0,10.5,0.0,285,285,0,0,0,1
2026-05-30,B,A01CN076,CN,22,99.0,91.0,85.8,8.0,5.2,0.0,286,286,0,0,0,1
2026-05-30,B,A01CN038,CN,23,139.0,116.0,116.0,23.0,0.0,0.0,456,456,0,0,0,1
2026-05-30,B,A01CN039,CN,23,139.0,114.0,114.0,25.0,0.0,0.0,447,447,0,0,0,1
2026-05-30,B,A01HB016,HB,23,197.0,197.0,197.0,0.0,0.0,0.0,324,324,0,0,0,1
2026-05-30,B,A01CN120,CN,23,244.0,181.0,181.0,63.0,0.0,0.0,208,208,0,0,0,1
2026-05-30,B,A01CN002,CN,23,189.0,69.0,69.0,120.0,0.0,0.0,566,566,0,0,0,1
2026-05-30,B,A01CN066,CN,23,204.0,175.0,175.0,29.0,0.0,0.0,1443,1443,0,0,0,1
2026-05-30,B,A01CN121,CN,23,265.0,212.0,212.0,53.0,0.0,0.0,280,280,0,0,0,1
2026-05-30,B,A01CN090,CN,23,239.0,201.0,201.0,38.0,0.0,0.24,852,851,0,1,1,1
2026-05-30,B,A01CN094,CN,23,199.0,187.0,110.83,12.0,76.17,0.0,266,266,0,0,0,1
2026-05-30,B,A01CN134,CN,23,224.0,173.0,173.0,51.0,0.0,0.64,271,270,1,0,1,1
2026-05-30,B,A01CN104,CN,23,199.0,184.0,184.0,15.0,0.0,0.0,407,407,0,0,0,1
2026-05-30,B,A01HB008,HB,23,49.0,46.0,33.0,3.0,13.0,0.0,110,110,0,0,0,1
2026-05-30,B,A01CN093,CN,23,222.0,200.0,200.0,22.0,0.0,0.0,1398,1398,0,0,0,1
2026-05-30,B,A01HB014,HB,1,109.0,109.0,109.0,0.0,0.0,0.0,190,190,0,0,0,1
2026-05-30,B,A01VMC05,VM,1,269.0,249.0,249.0,20.0,0.0,0.0,120,120,0,0,0,1
2026-05-30,B,A01VMC15,VM,1,268.0,239.0,225.0,29.0,14.0,0.0,750,750,0,0,0,1
2026-05-30,B,A01CN025,CN,2,374.0,351.0,351.0,23.0,0.0,0.0,1383,1383,0,0,0,1
2026-05-30,B,A01CN027,CN,2,369.0,331.0,243.83,38.0,87.17,0.0,266,266,0,0,0,1
2026-05-30,B,A01CN122,CN,2,404.0,350.0,350.0,54.0,0.0,0.0,810,810,0,0,0,1
2026-05-30,B,A01TMC05,TM,2,434.0,376.0,376.0,58.0,0.0,0.0,922,922,0,0,0,1
2026-05-30,B,A01TMC06,TM,2,434.0,372.0,372.0,62.0,0.0,0.0,926,926,0,0,0,1
2026-05-30,B,A01TMC07,TM,2,447.0,380.0,380.0,67.0,0.0,0.0,953,953,0,0,0,1
2026-05-30,B,A01TMC09,TM,2,447.0,364.0,364.0,83.0,0.0,0.0,847,847,0,0,0,1
2026-05-30,B,A01VMC06,VM,2,369.0,316.0,221.0,53.0,95.0,0.0,221,221,0,0,0,1
2026-05-30,B,A01TMC08,TM,2,447.0,384.0,384.0,63.0,0.0,0.0,951,951,0,0,0,1
2026-05-30,B,A01CN115,CN,2,369.0,365.0,365.0,4.0,0.0,0.0,457,457,0,0,0,1
2026-05-30,B,A01CN047,CN,3,407.0,284.0,250.83,123.0,33.17,0.0,430,430,0,0,0,1
2026-05-30,B,A01CN050,CN,3,406.0,330.0,294.0,76.0,36.0,0.0,504,504,0,0,0,1
2026-05-30,B,A01CN080,CN,3,419.0,361.0,337.0,58.0,24.0,0.0,1011,1011,0,0,0,1
2026-05-30,B,A01VMC11,VM,3,379.0,249.0,228.0,130.0,21.0,0.0,720,720,0,0,0,1
2026-05-30,B,A01VMC01,VM,3,399.0,141.0,141.0,258.0,0.0,0.0,405,405,0,0,0,1
2026-05-30,B,A01CN101,CN,3,379.0,351.0,349.8,28.0,1.2,0.0,954,954,0,0,0,1
2026-05-30,B,A01HB007,HB,3,429.0,429.0,429.0,0.0,0.0,0.0,1164,1164,0,0,0,1
2026-05-30,B,A01HB012,HB,3,429.0,141.0,141.0,288.0,0.0,0.0,1225,1225,0,0,0,1
2026-05-30,B,A01HB017,HB,3,429.0,423.0,400.42,6.0,22.58,0.0,930,930,0,0,0,1
2026-05-30,B,A01HB020,HB,3,429.0,393.0,307.42,36.0,85.58,0.0,714,714,0,0,0,1
2026-05-30,B,A01TMC01,TM,4,567.0,562.0,562.0,5.0,0.0,0.0,558,558,0,0,0,1
2026-05-30,B,A01TMC02,TM,4,567.0,567.0,567.0,0.0,0.0,0.0,522,522,0,0,0,1
2026-05-30,B,A01TMC10,TM,4,567.0,548.0,548.0,19.0,0.0,0.0,567,567,0,0,0,1
2026-05-30,B,A01CN014,CN,5,539.0,492.0,492.0,47.0,0.0,0.0,1947,1947,0,0,0,1
2026-05-30,B,A01CN015,CN,5,539.0,507.0,507.0,32.0,0.0,0.0,1838,1838,0,0,0,1
2026-05-30,B,A01CN021,CN,5,539.0,422.0,295.0,117.0,127.0,0.0,885,885,0,0,0,1
2026-05-30,B,A01CN023,CN,5,539.0,501.0,501.0,38.0,0.0,0.0,1617,1617,0,0,0,1
2026-05-30,B,A01CN026,CN,5,539.0,504.0,504.0,35.0,0.0,0.0,1734,1734,0,0,0,1
2026-05-30,B,A01CN045,CN,5,525.0,512.0,471.33,13.0,40.67,0.0,808,808,0,0,0,1
2026-05-30,B,A01CN046,CN,5,525.0,509.0,509.0,16.0,0.0,0.0,936,936,0,0,0,1
2026-05-30,B,A01CN067,CN,5,534.0,401.0,239.88,133.0,161.12,0.0,389,389,0,0,0,1
2026-05-30,B,A01CN088,CN,5,509.0,382.0,173.6,127.0,208.4,0.0,217,217,0,0,0,1
2026-05-30,B,A01CN107,CN,5,539.0,322.0,199.2,217.0,122.8,0.0,249,249,0,0,0,1
2026-05-30,B,A01HB024,HB,5,501.0,254.0,95.8,247.0,158.2,0.0,132,132,0,0,0,1
2026-05-30,B,A01VMC16,VM,5,538.0,506.0,477.0,32.0,29.0,0.0,1590,1590,0,0,0,1
2026-05-30,B,A01CN113,CN,5,539.0,489.0,489.0,50.0,0.0,0.0,606,606,0,0,0,1
2026-05-30,B,A01CN098,CN,6,579.0,504.0,455.0,75.0,49.0,0.0,455,455,0,0,0,1
2026-05-30,B,A01VMC18,VM,6,557.0,0.0,0.0,557.0,0.0,0.0,0,0,0,0,0,1
2026-05-30,B,A01CN001,CN,6,644.0,555.0,555.0,89.0,0.0,0.0,603,603,0,0,0,1
2026-05-30,B,A01CN005,CN,6,609.0,362.0,344.25,247.0,17.75,0.0,459,459,0,0,0,1
2026-05-30,B,A01CN017,CN,6,609.0,486.0,474.0,123.0,12.0,0.0,632,632,0,0,0,1
2026-05-30,B,A01CN018,CN,6,609.0,547.0,547.0,62.0,0.0,0.0,735,735,0,0,0,1
2026-05-30,B,A01CN024,CN,6,604.0,458.0,349.5,146.0,108.5,0.0,466,466,0,0,0,1
2026-05-30,B,A01CN030,CN,6,609.0,515.0,481.0,94.0,34.0,0.0,481,481,0,0,0,1
2026-05-30,B,A01CN041,CN,6,609.0,512.0,489.75,97.0,22.25,0.0,653,653,0,0,0,1
2026-05-30,B,A01CN065,CN,6,609.0,448.0,389.25,161.0,58.75,0.0,519,519,0,0,0,1
2026-05-30,B,A01CN070,CN,6,619.0,564.0,482.0,55.0,82.0,0.0,482,482,0,0,0,1
2026-05-30,B,A01CN081,CN,6,609.0,521.0,507.0,88.0,14.0,0.0,507,507,0,0,0,1
2026-05-30,B,A01CN085,CN,6,654.0,514.0,514.0,140.0,0.0,1.02,504,503,0,1,1,1
2026-05-30,B,A01CN099,CN,6,619.0,552.0,538.0,67.0,14.0,0.0,538,538,0,0,0,1
2026-05-30,B,A01CN020,CN,6,644.0,560.0,347.0,84.0,213.0,0.0,694,694,0,0,0,1
2026-05-30,B,A01CN112,CN,6,649.0,224.0,132.0,425.0,92.0,0.0,132,132,0,0,0,1
2026-05-30,B,A01CN074,CN,6,689.0,511.0,454.47,178.0,56.53,0.0,802,802,0,0,0,1
2026-05-30,B,A01CN075,CN,6,689.0,503.0,478.33,186.0,24.67,0.0,820,820,0,0,0,1
2026-05-30,B,A01VMC03,VM,6,640.0,535.0,510.0,105.0,25.0,0.0,2040,2040,0,0,0,1
2026-05-30,B,A01VMC09,VM,6,666.0,579.0,579.0,87.0,0.0,0.0,1935,1935,0,0,0,1
2026-05-30,B,A01VMC10,VM,6,613.0,511.0,440.0,102.0,71.0,0.0,2640,2640,0,0,0,1
2026-05-30,B,A01VMC12,VM,6,665.0,570.0,570.0,95.0,0.0,0.0,1935,1935,0,0,0,1
2026-05-30,B,A01CN042,CN,7,654.0,516.0,438.9,138.0,77.1,0.0,798,798,0,0,0,1
2026-05-30,B,A01CN048,CN,7,634.0,512.0,512.0,122.0,0.0,0.0,888,888,0,0,0,1
2026-05-30,B,A01CN051,CN,7,634.0,142.0,142.0,492.0,0.0,0.0,256,256,0,0,0,1
2026-05-30,B,A01CN062,CN,7,644.0,580.0,547.17,64.0,32.83,0.0,938,938,0,0,0,1
2026-05-30,B,A01CN068,CN,7,634.0,591.0,558.83,43.0,32.17,0.0,958,958,0,0,0,1
2026-05-30,B,A01HB013,HB,7,667.0,620.0,620.0,47.0,0.0,0.62,1007,1006,1,0,1,1
2026-05-30,B,A01HB021,HB,7,691.0,625.0,599.87,66.0,25.13,0.0,528,528,0,0,0,1
2026-05-30,B,A01HB022,HB,7,672.0,601.0,601.0,71.0,0.0,0.0,540,540,0,0,0,1
2026-05-30,B,A01HB023,HB,7,681.0,681.0,618.92,0.0,62.08,0.0,770,770,0,0,0,1
2026-05-31,A,A01HB019,HB,11,69.52,0.0,0.0,69.52,0.0,0.0,18,18,0,0,0,1
2026-05-31,A,A01HB008,HB,12,31.43,0.0,0.0,31.43,0.0,0.0,0,0,0,0,0,1
2026-05-31,A,A01CN001,CN,15,297.68,201.46,191.69,96.22,9.77,0.0,255,255,0,0,0,1
2026-05-31,A,A01CN005,CN,15,279.33,250.83,216.98,28.5,33.85,0.0,406,406,0,0,0,1
2026-05-31,A,A01CN017,CN,15,294.23,225.17,219.54,69.05,5.63,0.0,390,390,0,0,0,1
2026-05-31,A,A01CN018,CN,15,295.95,241.87,234.92,54.08,6.95,0.0,417,417,0,0,0,1
2026-05-31,A,A01CN024,CN,15,277.61,251.98,204.47,25.63,47.51,0.0,383,383,0,0,0,1
2026-05-31,A,A01CN030,CN,15,296.82,214.91,180.34,81.91,34.57,0.0,240,240,0,0,0,1
2026-05-31,A,A01CN041,CN,15,293.36,168.81,112.54,124.55,56.27,0.0,200,200,0,0,0,1
2026-05-31,A,A01CN065,CN,15,293.36,159.81,113.67,133.55,46.14,0.0,202,202,0,0,0,1
2026-05-31,A,A01CN085,CN,15,295.09,202.73,160.98,92.36,41.75,0.0,201,201,0,0,0,1
2026-05-31,A,A01CN099,CN,15,295.09,214.0,193.72,81.09,20.27,0.0,258,258,0,0,0,1
2026-05-31,A,A01HB015,HB,15,193.99,0.0,0.0,193.99,0.0,0.0,0,0,0,0,0,1
2026-05-31,A,A01CN053,CN,16,206.39,0.0,0.0,206.39,0.0,0.0,0,0,0,0,0,1
2026-05-31,A,A01CN055,CN,16,221.3,0.0,0.0,221.3,0.0,0.0,0,0,0,0,0,1
2026-05-31,A,A01CN056,CN,16,221.3,0.0,0.0,221.3,0.0,0.0,0,0,0,0,0,1
2026-05-31,A,A01CN058,CN,16,221.3,0.0,0.0,221.3,0.0,0.0,0,0,0,0,0,1
2026-05-31,A,A01CN059,CN,16,221.3,0.0,0.0,221.3,0.0,0.0,0,0,0,0,0,1
2026-05-31,A,A01CN060,CN,16,221.3,0.0,0.0,221.3,0.0,0.0,0,0,0,0,0,1
2026-05-31,A,A01CN072,CN,16,221.3,0.0,0.0,221.3,0.0,0.0,0,0,0,0,0,1
2026-05-31,A,A01CN076,CN,16,221.3,0.0,0.0,221.3,0.0,0.0,0,0,0,0,0,1
2026-05-31,A,A01HB001,HB,16,189.0,0.0,0.0,189.0,0.0,0.0,0,0,0,0,0,1
2026-05-31,A,A01HB002,HB,16,315.42,0.0,0.0,315.42,0.0,0.0,0,0,0,0,0,1
2026-05-31,A,A01HB004,HB,16,218.81,0.0,0.0,218.81,0.0,0.0,0,0,0,0,0,1
2026-05-31,A,A01HB005,HB,16,218.81,0.0,0.0,218.81,0.0,0.0,0,0,0,0,0,1
2026-05-31,A,A01HB006,HB,16,218.81,113.01,92.83,105.8,20.18,0.0,410,410,0,0,0,1
2026-05-31,A,A01HB009,HB,16,218.81,0.0,0.0,218.81,0.0,0.0,0,0,0,0,0,1
2026-05-31,A,A01HB010,HB,16,218.81,0.0,0.0,218.81,0.0,0.0,0,0,0,0,0,1
2026-05-31,A,A01HB011,HB,16,218.81,129.84,129.84,88.97,0.0,0.0,1460,1460,0,0,0,1
2026-05-31,A,A01HB018,HB,16,218.81,0.0,0.0,218.81,0.0,0.0,0,0,0,0,0,1
2026-05-31,A,A01CN128,CN,16,223.46,81.67,81.67,141.79,0.0,0.0,256,256,0,0,0,1
2026-05-31,A,A01CN049,CN,18,54.0,0.0,0.0,54.0,0.0,0.0,0,0,0,0,0,1
2026-05-31,A,A01CN052,CN,18,54.0,0.0,0.0,54.0,0.0,0.0,0,0,0,0,0,1
2026-05-31,A,A01CN057,CN,18,54.0,0.0,0.0,54.0,0.0,0.0,0,0,0,0,0,1
2026-05-31,A,A01CN061,CN,18,54.0,0.0,0.0,54.0,0.0,0.0,0,0,0,0,0,1
2026-05-31,A,A01CN069,CN,18,54.0,0.0,0.0,54.0,0.0,0.0,0,0,0,0,0,1
2026-05-31,A,A01HB003,HB,18,49.0,0.0,0.0,49.0,0.0,0.0,0,0,0,0,0,1
2026-05-31,A,A01CN125,CN,18,303.25,115.5,27.04,187.75,88.46,0.0,156,156,0,0,0,1
2026-05-31,A,A01CN130,CN,18,303.25,0.0,0.0,303.25,0.0,0.0,0,0,0,0,0,1
2026-05-31,A,A01CN131,CN,18,303.25,98.53,98.53,204.72,0.0,0.0,318,318,0,0,0,1
2026-05-31,A,A01CN132,CN,18,303.25,0.0,0.0,303.25,0.0,0.0,0,0,0,0,0,1
2026-05-31,A,A01CN127,CN,18,307.14,0.0,0.0,307.14,0.0,0.0,0,0,0,0,0,1
2026-05-31,A,A01HB007,HB,10,39.0,0.0,0.0,39.0,0.0,0.0,0,0,0,0,0,1
2026-05-31,A,A01HB012,HB,10,39.0,0.0,0.0,39.0,0.0,0.0,45,45,0,0,0,1
2026-05-31,A,A01VMC18,VM,11,48.0,0.0,0.0,48.0,0.0,0.0,0,0,0,0,0,1
2026-05-31,A,A01HB001,HB,11,78.0,48.0,48.0,30.0,0.0,0.0,144,144,0,0,0,1
2026-05-31,A,A01HB019,HB,11,55.48,5.35,5.35,50.13,0.0,0.0,126,126,0,0,0,1
2026-05-31,A,A01TMC04,TM,12,176.0,172.0,172.0,4.0,0.0,0.0,203,203,0,0,0,1
2026-05-31,A,A01TMC06,TM,12,138.0,136.0,136.0,2.0,0.0,0.0,342,342,0,0,0,1
2026-05-31,A,A01TMC07,TM,12,138.0,133.0,133.0,5.0,0.0,0.0,315,315,0,0,0,1
2026-05-31,A,A01TRP35,TR,12,88.0,1.0,0.0,87.0,1.0,0.0,0,0,0,0,0,1
2026-05-31,A,A01CN052,CN,12,88.0,0.0,0.0,88.0,0.0,0.0,3,3,0,0,0,1
2026-05-31,A,A01CN061,CN,12,88.0,5.0,5.0,83.0,0.0,0.0,24,24,0,0,0,1
2026-05-31,A,A01CN069,CN,12,88.0,5.0,5.0,83.0,0.0,0.0,22,22,0,0,0,1
2026-05-31,A,A01HB002,HB,12,119.58,41.59,41.59,77.99,0.0,0.0,144,144,0,0,0,1
2026-05-31,A,A01CN105,CN,12,188.0,5.0,3.47,183.0,1.53,0.0,16,16,0,0,0,1
2026-05-31,A,A01BR007,BR,12,49.0,36.0,36.0,13.0,0.0,0.0,836,836,0,0,0,1
2026-05-31,A,A01TAP14,TA,12,49.0,7.0,7.0,42.0,0.0,0.0,83,83,0,0,0,1
2026-05-31,A,A01CN063,CN,13,178.0,159.0,159.0,19.0,0.0,0.53,300,299,1,0,1,1
2026-05-31,A,A01HB015,HB,15,181.01,54.37,39.69,126.65,14.67,0.0,80,80,0,0,0,1
2026-05-31,A,A01CN053,CN,16,193.61,108.98,108.98,84.63,0.0,0.0,649,649,0,0,0,1
2026-05-31,A,A01CN054,CN,16,313.0,164.0,164.0,149.0,0.0,0.0,521,521,0,0,0,1
2026-05-31,A,A01HB020,HB,16,313.0,163.0,136.92,150.0,26.08,0.0,318,318,0,0,0,1
2026-05-31,A,A01BR005,BR,16,363.0,309.0,309.0,54.0,0.0,0.0,3440,3440,0,0,0,1
2026-05-31,A,A01CN002,CN,16,167.0,140.0,140.0,27.0,0.0,0.0,771,771,0,0,0,1
2026-05-31,A,A01CN006,CN,16,167.0,153.0,153.0,14.0,0.0,0.0,313,313,0,0,0,1
2026-05-31,A,A01CN008,CN,16,222.0,217.0,199.0,5.0,18.0,0.0,199,199,0,0,0,1
2026-05-31,A,A01CN013,CN,16,223.0,137.0,119.2,86.0,17.8,0.0,447,447,0,0,0,1
2026-05-31,A,A01CN038,CN,16,204.0,195.0,195.0,9.0,0.0,0.0,633,633,0,0,0,1
2026-05-31,A,A01CN039,CN,16,204.0,201.0,185.25,3.0,15.75,0.0,585,585,0,0,0,1
2026-05-31,A,A01CN133,CN,16,169.0,166.0,166.0,3.0,0.0,0.0,411,411,0,0,0,1
2026-05-31,A,A01CN090,CN,16,223.0,220.0,220.0,3.0,0.0,0.0,855,855,0,0,0,1
2026-05-31,A,A01CN093,CN,16,169.0,169.0,169.0,0.0,0.0,0.0,942,942,0,0,0,1
2026-05-31,A,A01CN094,CN,16,167.0,153.0,93.33,14.0,59.67,0.0,224,224,0,0,0,1
2026-05-31,A,A01TMC09,TM,16,396.0,392.0,392.0,4.0,0.0,0.0,866,866,0,0,0,1
2026-05-31,A,A01CN134,CN,16,169.0,148.0,148.0,21.0,0.0,0.0,269,269,0,0,0,1
2026-05-31,A,A01CN104,CN,16,169.0,122.0,122.0,47.0,0.0,0.0,257,257,0,0,0,1
2026-05-31,A,A01CN027,CN,16,398.0,391.0,391.0,7.0,0.0,0.0,427,427,0,0,0,1
2026-05-31,A,A01TMC05,TM,16,401.0,371.0,371.0,30.0,0.0,0.0,874,874,0,0,0,1
2026-05-31,A,A01HB014,HB,16,402.0,248.0,248.0,154.0,0.0,0.0,437,437,0,0,0,1
2026-05-31,A,A01CN126,CN,16,313.0,95.0,55.2,218.0,39.8,0.0,184,184,0,0,0,1
2026-05-31,A,A01CN005,CN,16,258.67,151.78,125.59,106.89,26.19,0.0,235,235,0,0,0,1
2026-05-31,A,A01CN016,CN,16,224.0,171.0,136.33,53.0,34.67,0.0,409,409,0,0,0,1
2026-05-31,A,A01CN024,CN,16,258.39,151.62,131.86,106.77,19.75,0.0,247,247,0,0,0,1
2026-05-31,A,A01CN055,CN,16,208.7,127.14,127.14,81.56,0.0,0.0,688,688,0,0,0,1
2026-05-31,A,A01CN056,CN,16,208.7,93.56,93.56,115.15,0.0,0.16,571,570,1,0,1,1
2026-05-31,A,A01CN058,CN,16,208.7,125.34,125.34,83.36,0.0,0.18,698,697,0,1,1,1
2026-05-31,A,A01CN059,CN,16,208.7,126.54,126.54,82.16,0.0,0.0,658,658,0,0,0,1
2026-05-31,A,A01CN060,CN,16,208.7,127.14,127.14,81.56,0.0,0.0,758,758,0,0,0,1
2026-05-31,A,A01CN072,CN,16,208.7,115.75,108.31,92.96,7.44,0.0,602,602,0,0,0,1
2026-05-31,A,A01CN073,CN,16,343.0,195.0,194.33,148.0,0.67,0.0,583,583,0,0,0,1
2026-05-31,A,A01CN074,CN,16,393.0,258.0,226.67,135.0,31.33,0.57,400,399,0,1,1,1
2026-05-31,A,A01CN075,CN,16,393.0,162.0,143.5,231.0,18.5,0.0,246,246,0,0,0,1
2026-05-31,A,A01CN076,CN,16,208.7,115.75,115.75,92.96,0.0,0.0,676,676,0,0,0,1
2026-05-31,A,A01CN077,CN,16,343.0,118.0,118.0,225.0,0.0,0.0,395,395,0,0,0,1
2026-05-31,A,A01CN079,CN,16,388.0,362.0,356.33,26.0,5.67,0.0,1069,1069,0,0,0,1
2026-05-31,A,A01CN087,CN,16,368.0,182.0,95.2,186.0,86.8,0.0,204,204,0,0,0,1
2026-05-31,A,A01HB025,HB,16,207.0,81.0,81.0,126.0,0.0,0.0,136,136,0,0,0,1
2026-05-31,A,A01HB004,HB,16,206.19,123.83,113.89,82.36,9.94,0.0,464,464,0,0,0,1
2026-05-31,A,A01HB005,HB,16,206.19,125.64,114.3,80.55,11.34,0.0,736,736,0,0,0,1
2026-05-31,A,A01HB006,HB,16,206.19,125.64,73.59,80.55,52.05,0.0,325,325,0,0,0,1
2026-05-31,A,A01HB009,HB,16,206.19,125.04,125.04,81.15,0.0,0.0,498,498,0,0,0,1
2026-05-31,A,A01HB010,HB,16,206.19,124.43,121.13,81.75,3.31,1.77,546,538,4,4,8,1
2026-05-31,A,A01HB011,HB,16,206.19,125.64,125.64,80.55,0.0,0.0,1310,1310,0,0,0,1
2026-05-31,A,A01HB013,HB,16,407.0,252.0,252.0,155.0,0.0,0.0,437,437,0,0,0,1
2026-05-31,A,A01HB016,HB,16,407.0,254.0,254.0,153.0,0.0,0.0,432,432,0,0,0,1
2026-05-31,A,A01HB017,HB,16,343.0,184.0,178.25,159.0,5.75,0.0,414,414,0,0,0,1
2026-05-31,A,A01HB018,HB,16,206.19,0.0,0.0,206.19,0.0,0.0,0,0,0,0,0,1
2026-05-31,A,A01CN128,CN,16,211.54,136.68,136.68,74.86,0.0,0.0,422,422,0,0,0,1
2026-05-31,A,A01CN044,CN,16,57.0,48.0,25.2,9.0,22.8,0.0,36,36,0,0,0,1
2026-05-31,A,A01CN048,CN,16,57.0,53.0,46.67,4.0,6.33,0.0,80,80,0,0,0,1
2026-05-31,A,A01CN051,CN,16,67.0,13.0,13.0,54.0,0.0,0.0,30,30,0,0,0,1
2026-05-31,A,A01CN025,CN,17,117.0,117.0,117.0,0.0,0.0,0.0,501,501,0,0,0,1
2026-05-31,A,A01CN031,CN,17,117.0,113.0,113.0,4.0,0.0,0.0,477,477,0,0,0,1
2026-05-31,A,A01TMC01,TM,17,466.0,463.0,463.0,3.0,0.0,2.04,453,451,1,1,2,1
2026-05-31,A,A01TMC02,TM,17,466.0,464.0,464.0,2.0,0.0,0.0,411,411,0,0,0,1
2026-05-31,A,A01TMC10,TM,17,465.0,458.0,458.0,7.0,0.0,0.0,471,471,0,0,0,1
2026-05-31,A,A01CN064,CN,17,439.0,277.0,199.0,162.0,78.0,0.0,199,199,0,0,0,1
2026-05-31,A,A01CN108,CN,17,438.0,225.0,150.0,213.0,75.0,0.0,150,150,0,0,0,1
2026-05-31,A,A01CN111,CN,17,438.0,229.0,162.0,209.0,67.0,0.0,216,216,0,0,0,1
2026-05-31,A,A01CN007,CN,18,478.0,284.0,243.0,194.0,41.0,0.0,486,486,0,0,0,1
2026-05-31,A,A01CN014,CN,18,483.0,419.0,419.0,64.0,0.0,0.0,1554,1554,0,0,0,1
2026-05-31,A,A01CN015,CN,18,483.0,425.0,425.0,58.0,0.0,0.0,1585,1585,0,0,0,1
2026-05-31,A,A01CN021,CN,18,483.0,455.0,455.0,28.0,0.0,0.0,1404,1404,0,0,0,1
2026-05-31,A,A01CN023,CN,18,483.0,429.0,429.0,54.0,0.0,0.0,1415,1415,0,0,0,1
2026-05-31,A,A01CN026,CN,18,483.0,425.0,425.0,58.0,0.0,0.0,1409,1409,0,0,0,1
2026-05-31,A,A01CN067,CN,18,478.0,433.0,308.33,45.0,124.67,0.0,500,500,0,0,0,1
2026-05-31,A,A01CN071,CN,18,513.0,438.0,438.0,75.0,0.0,0.0,1578,1578,0,0,0,1
2026-05-31,A,A01CN078,CN,18,483.0,274.0,253.8,209.0,20.2,0.0,846,846,0,0,0,1
2026-05-31,A,A01CN080,CN,18,483.0,442.0,442.0,41.0,0.0,0.0,1366,1366,0,0,0,1
2026-05-31,A,A01CN088,CN,18,483.0,396.0,287.2,87.0,108.8,0.0,359,359,0,0,0,1
2026-05-31,A,A01CN089,CN,18,483.0,455.0,448.93,28.0,6.07,0.0,518,518,0,0,0,1
2026-05-31,A,A01VMC05,VM,18,109.0,109.0,108.33,0.0,0.67,0.0,50,50,0,0,0,1
2026-05-31,A,A01CN107,CN,18,483.0,363.0,264.0,120.0,99.0,0.0,330,330,0,0,0,1
2026-05-31,A,A01CN113,CN,18,483.0,405.0,335.83,78.0,69.17,0.0,403,403,0,0,0,1
2026-05-31,A,A01CN112,CN,18,468.0,283.0,210.0,185.0,73.0,0.0,210,210,0,0,0,1
2026-05-31,A,A01HB003,HB,18,453.0,264.0,264.0,189.0,0.0,0.0,600,600,0,0,0,1
2026-05-31,A,A01CN070,CN,18,468.0,310.0,231.0,158.0,79.0,0.0,231,231,0,0,0,1
2026-05-31,A,A01CN081,CN,18,473.0,323.0,285.0,150.0,38.0,0.0,285,285,0,0,0,1
2026-05-31,A,A01CN124,CN,18,532.0,311.0,217.53,221.0,93.47,0.0,502,502,0,0,0,1
2026-05-31,A,A01CN125,CN,18,291.75,36.13,5.55,255.63,30.58,0.0,32,32,0,0,0,1
2026-05-31,A,A01CN130,CN,18,291.75,0.0,0.0,291.75,0.0,0.0,0,0,0,0,0,1
2026-05-31,A,A01CN131,CN,18,291.75,105.64,103.97,186.11,1.68,0.0,308,308,0,0,0,1
2026-05-31,A,A01CN132,CN,18,291.75,44.34,16.2,247.41,28.14,0.0,48,48,0,0,0,1
2026-05-31,A,A01CN001,CN,18,359.32,255.58,200.71,103.74,54.88,0.0,267,267,0,0,0,1
2026-05-31,A,A01CN017,CN,18,358.77,67.55,45.6,291.22,21.95,0.0,81,81,0,0,0,1
2026-05-31,A,A01CN018,CN,18,359.05,246.38,230.41,112.67,15.96,0.0,409,409,0,0,0,1
2026-05-31,A,A01CN030,CN,18,359.18,252.48,244.22,106.7,8.27,0.0,325,325,0,0,0,1
2026-05-31,A,A01CN041,CN,18,358.64,240.84,189.64,117.8,51.21,0.0,337,337,0,0,0,1
2026-05-31,A,A01CN042,CN,18,508.0,400.0,345.4,108.0,54.6,0.0,628,628,0,0,0,1
2026-05-31,A,A01CN045,CN,18,508.0,339.0,295.17,169.0,43.83,0.58,506,505,0,1,1,1
2026-05-31,A,A01CN046,CN,18,508.0,355.0,344.17,153.0,10.83,0.0,590,590,0,0,0,1
2026-05-31,A,A01CN047,CN,18,508.0,310.0,282.33,198.0,27.67,0.0,484,484,0,0,0,1
2026-05-31,A,A01CN050,CN,18,508.0,277.0,260.17,231.0,16.83,0.58,446,445,0,1,1,1
2026-05-31,A,A01CN062,CN,18,508.0,350.0,323.17,158.0,26.83,0.0,554,554,0,0,0,1
2026-05-31,A,A01CN065,CN,18,358.64,217.58,163.19,141.05,54.4,0.0,290,290,0,0,0,1
2026-05-31,A,A01CN068,CN,18,508.0,317.0,239.17,191.0,77.83,0.58,410,409,1,0,1,1
2026-05-31,A,A01CN084,CN,18,478.0,248.0,248.0,230.0,0.0,0.0,1850,1850,0,0,0,1
2026-05-31,A,A01CN085,CN,18,358.91,223.01,193.02,135.91,29.98,1.6,241,239,0,2,2,1
2026-05-31,A,A01CN086,CN,18,485.0,394.0,266.98,91.0,127.02,0.0,386,386,0,0,0,1
2026-05-31,A,A01CN098,CN,18,433.0,222.0,118.0,211.0,104.0,0.0,118,118,0,0,0,1
2026-05-31,A,A01CN099,CN,18,358.91,226.76,220.75,132.15,6.01,0.0,294,294,0,0,0,1
2026-05-31,A,A01VMC03,VM,18,508.0,358.0,330.0,150.0,28.0,0.0,1320,1320,0,0,0,1
2026-05-31,A,A01VMC07,VM,18,508.0,349.0,221.25,159.0,127.75,0.0,118,118,0,0,0,1
2026-05-31,A,A01VMC10,VM,18,508.0,494.0,453.33,14.0,40.67,0.0,2720,2720,0,0,0,1
2026-05-31,A,A01VMC11,VM,18,139.0,76.0,76.0,63.0,0.0,0.0,240,240,0,0,0,1
2026-05-31,A,A01VMC12,VM,18,139.0,81.0,76.0,58.0,5.0,0.0,240,240,0,0,0,1
2026-05-31,A,A01HB021,HB,18,518.0,346.0,346.0,172.0,0.0,0.0,312,312,0,0,0,1
2026-05-31,A,A01HB024,HB,18,454.0,198.0,111.77,256.0,86.23,0.0,154,154,0,0,0,1
2026-05-31,A,A01VMC15,VM,18,508.0,358.0,310.5,150.0,47.5,0.0,1035,1035,0,0,0,1
2026-05-31,A,A01VMC16,VM,18,483.0,440.0,391.5,43.0,48.5,0.0,1305,1305,0,0,0,1
2026-05-31,A,A01CN019,CN,18,491.0,360.0,246.35,131.0,113.65,0.0,379,379,0,0,0,1
2026-05-31,A,A01CN020,CN,18,491.0,310.0,212.5,181.0,97.5,0.0,425,425,0,0,0,1
2026-05-31,A,A01CN127,CN,18,292.86,93.96,74.05,198.9,19.91,0.0,311,311,0,0,0,1
2026-05-31,B,A01CN074,CN,20,51.0,51.0,51.0,0.0,0.0,0.0,96,96,0,0,0,1
2026-05-31,B,A01TMC06,TM,21,109.0,100.0,100.0,9.0,0.0,0.0,235,235,0,0,0,1
2026-05-31,B,A01CN105,CN,21,48.0,0.0,0.0,48.0,0.0,0.0,1,1,0,0,0,1
2026-05-31,B,A01CN125,CN,21,49.0,0.0,0.0,49.0,0.0,0.0,0,0,0,0,0,1
2026-05-31,B,A01CN126,CN,21,49.0,49.0,42.0,0.0,7.0,0.0,140,140,0,0,0,1
2026-05-31,B,A01CN127,CN,21,49.0,0.0,0.0,49.0,0.0,0.0,0,0,0,0,0,1
2026-05-31,B,A01CN131,CN,21,49.0,49.0,49.0,0.0,0.0,0.0,92,92,0,0,0,1
2026-05-31,B,A01CN053,CN,21,49.0,47.0,47.0,2.0,0.0,0.0,179,179,0,0,0,1
2026-05-31,B,A01CN054,CN,21,49.0,19.0,19.0,30.0,0.0,0.0,78,78,0,0,0,1
2026-05-31,B,A01CN055,CN,21,49.0,47.0,47.0,2.0,0.0,0.0,154,154,0,0,0,1
2026-05-31,B,A01CN056,CN,21,49.0,19.0,19.0,30.0,0.0,0.0,96,96,0,0,0,1
2026-05-31,B,A01CN058,CN,21,49.0,49.0,49.0,0.0,0.0,0.0,174,174,0,0,0,1
2026-05-31,B,A01CN059,CN,21,49.0,34.0,34.0,15.0,0.0,0.0,123,123,0,0,0,1
2026-05-31,B,A01CN060,CN,21,49.0,46.0,46.0,3.0,0.0,0.0,171,171,0,0,0,1
2026-05-31,B,A01CN072,CN,21,49.0,48.0,48.0,1.0,0.0,0.0,164,164,0,0,0,1
2026-05-31,B,A01CN073,CN,21,49.0,20.0,20.0,29.0,0.0,0.0,82,82,0,0,0,1
2026-05-31,B,A01CN076,CN,21,49.0,49.0,49.0,0.0,0.0,0.0,181,181,0,0,0,1
2026-05-31,B,A01CN077,CN,21,49.0,18.0,18.0,31.0,0.0,0.0,91,91,0,0,0,1
2026-05-31,B,A01HB001,HB,21,49.0,49.0,49.0,0.0,0.0,0.0,162,162,0,0,0,1
2026-05-31,B,A01HB002,HB,21,49.0,49.0,49.0,0.0,0.0,0.0,138,138,0,0,0,1
2026-05-31,B,A01HB003,HB,21,49.0,49.0,49.0,0.0,0.0,0.0,120,120,0,0,0,1
2026-05-31,B,A01HB004,HB,21,49.0,49.0,45.73,0.0,3.27,0.0,112,112,0,0,0,1
2026-05-31,B,A01HB005,HB,21,49.0,49.0,49.0,0.0,0.0,0.0,192,192,0,0,0,1
2026-05-31,B,A01HB006,HB,21,49.0,49.0,33.9,0.0,15.1,0.0,90,90,0,0,0,1
2026-05-31,B,A01HB007,HB,21,49.0,37.0,33.0,12.0,4.0,0.0,80,80,0,0,0,1
2026-05-31,B,A01HB009,HB,21,49.0,49.0,49.0,0.0,0.0,0.0,138,138,0,0,0,1
2026-05-31,B,A01HB010,HB,21,49.0,49.0,49.0,0.0,0.0,0.0,161,161,0,0,0,1
2026-05-31,B,A01HB011,HB,21,49.0,49.0,49.0,0.0,0.0,0.0,350,350,0,0,0,1
2026-05-31,B,A01HB017,HB,21,49.0,49.0,49.0,0.0,0.0,0.0,138,138,0,0,0,1
2026-05-31,B,A01HB020,HB,21,49.0,49.0,49.0,0.0,0.0,0.0,114,114,0,0,0,1
2026-05-31,B,A01CN006,CN,22,124.0,117.0,117.0,7.0,0.0,0.0,241,241,0,0,0,1
2026-05-31,B,A01CN031,CN,22,124.0,113.0,113.0,11.0,0.0,0.0,480,480,0,0,0,1
2026-05-31,B,A01CN091,CN,22,119.0,13.0,0.0,106.0,13.0,0.0,0,0,0,0,0,1
2026-05-31,B,A01TMC05,TM,22,197.0,179.0,178.53,18.0,0.47,0.0,412,412,0,0,0,1
2026-05-31,B,A01VMC04,VM,22,143.0,143.0,109.25,0.0,33.75,0.0,345,345,0,0,0,1
2026-05-31,B,A01VMC01,VM,22,104.0,34.0,34.0,70.0,0.0,0.0,120,120,0,0,0,1
2026-05-31,B,A01CN139,CN,22,93.0,84.0,30.67,9.0,53.33,0.0,46,46,0,0,0,1
2026-05-31,B,A01CN052,CN,22,131.0,102.0,70.57,29.0,31.43,0.0,73,73,0,0,0,1
2026-05-31,B,A01CN061,CN,22,114.0,106.0,106.0,8.0,0.0,0.0,164,164,0,0,0,1
2026-05-31,B,A01CN069,CN,22,113.0,110.0,110.0,3.0,0.0,0.0,184,184,0,0,0,1
2026-05-31,A,A01CN057,CN,22,701.0,515.0,496.8,186.0,18.2,0.0,1656,1656,0,0,0,1
2026-05-31,B,A01CN038,CN,23,144.0,123.0,123.0,21.0,0.0,0.0,471,471,0,0,0,1
2026-05-31,B,A01CN039,CN,23,144.0,114.0,114.0,30.0,0.0,0.0,444,444,0,0,0,1
2026-05-31,A,A01HB008,HB,23,138.57,37.95,21.65,100.62,16.31,0.0,365,365,0,0,0,1
2026-05-31,B,A01HB019,HB,23,49.0,49.0,49.0,0.0,0.0,0.0,54,54,0,0,0,1
2026-05-31,B,A01CN013,CN,23,232.0,188.0,188.0,44.0,0.0,0.0,861,861,0,0,0,1
2026-05-31,B,A01CN090,CN,23,222.0,155.0,155.0,67.0,0.0,0.0,717,717,0,0,0,1
2026-05-31,B,A01CN092,CN,23,204.0,184.0,184.0,20.0,0.0,0.0,1437,1437,0,0,0,1
2026-05-31,B,A01CN094,CN,23,204.0,184.0,110.0,20.0,74.0,0.0,264,264,0,0,0,1
2026-05-31,B,A01CN134,CN,23,224.0,181.0,181.0,43.0,0.0,0.64,282,281,0,1,1,1
2026-05-31,B,A01CN104,CN,23,204.0,152.0,152.0,52.0,0.0,0.0,404,404,0,0,0,1
2026-05-31,B,A01CN093,CN,23,112.0,91.0,91.0,21.0,0.0,0.0,430,430,0,0,0,1
2026-05-31,B,A01HB015,HB,0,49.0,49.0,49.0,0.0,0.0,0.0,80,80,0,0,0,1
2026-05-31,B,A01CN124,CN,0,49.0,49.0,49.0,0.0,0.0,0.0,122,122,0,0,0,1
2026-05-31,B,A01CN126,CN,0,49.0,47.0,38.4,2.0,8.6,0.0,128,128,0,0,0,1
2026-05-31,B,A01CN127,CN,0,49.0,0.0,0.0,49.0,0.0,0.0,0,0,0,0,0,1
2026-05-31,B,A01CN131,CN,0,49.0,49.0,49.0,0.0,0.0,0.0,98,98,0,0,0,1
2026-05-31,B,A01CN121,CN,1,169.0,131.0,131.0,38.0,0.0,0.0,192,192,0,0,0,1
2026-05-31,A,A01CN101,CN,1,701.0,658.0,611.6,43.0,46.4,0.0,1668,1668,0,0,0,1
2026-05-31,A,A01CN102,CN,1,701.0,291.0,191.7,410.0,99.3,0.0,639,639,0,0,0,1
2026-05-31,A,A01CN103,CN,2,701.0,114.0,114.0,587.0,0.0,0.0,176,176,0,0,0,1
2026-05-31,B,A01CN070,CN,2,163.0,156.0,140.0,7.0,16.0,0.0,140,140,0,0,0,1
2026-05-31,B,A01CN004,CN,2,358.0,325.0,145.5,33.0,179.5,0.0,485,485,0,0,0,1
2026-05-31,B,A01CN008,CN,2,353.0,304.0,304.0,49.0,0.0,0.0,380,380,0,0,0,1
2026-05-31,B,A01CN025,CN,2,148.0,143.0,143.0,5.0,0.0,0.0,594,594,0,0,0,1
2026-05-31,B,A01CN133,CN,2,263.0,249.0,249.0,14.0,0.0,0.0,719,719,0,0,0,1
2026-05-31,B,A01TMC09,TM,2,423.0,419.0,419.0,4.0,0.0,0.0,970,970,0,0,0,1
2026-05-31,B,A01CN115,CN,2,335.0,326.0,326.0,9.0,0.0,0.0,346,346,0,0,0,1
2026-05-31,B,A01CN137,CN,2,378.0,371.0,340.2,7.0,30.8,0.0,567,567,0,0,0,1
2026-05-31,B,A01CN075,CN,2,424.0,386.0,369.83,38.0,16.17,0.0,634,634,0,0,0,1
2026-05-31,B,A01CN003,CN,3,273.0,265.0,265.0,8.0,0.0,0.68,776,774,1,1,2,1
2026-05-31,B,A01CN078,CN,3,361.0,8.0,0.0,353.0,8.0,0.0,0,0,0,0,0,1
2026-05-31,B,A01CN079,CN,3,388.0,274.0,221.0,114.0,53.0,0.0,663,663,0,0,0,1
2026-05-31,B,A01CN080,CN,3,388.0,341.0,335.33,47.0,5.67,0.0,1006,1006,0,0,0,1
2026-05-31,B,A01CN083,CN,3,388.0,328.0,316.67,60.0,11.33,0.0,1900,1900,0,0,0,1
2026-05-31,B,A01CN084,CN,3,378.0,255.0,255.0,123.0,0.0,0.0,1740,1740,0,0,0,1
2026-05-31,B,A01HB013,HB,3,433.0,404.0,404.0,29.0,0.0,1.22,665,663,2,0,2,1
2026-05-31,B,A01VMC11,VM,3,428.0,395.0,394.25,33.0,0.75,0.0,1245,1245,0,0,0,1
2026-05-31,B,A01CN106,CN,3,383.0,350.0,156.63,33.0,193.37,0.0,254,254,0,0,0,1
2026-05-31,B,A01HB024,HB,3,194.0,158.0,111.77,36.0,46.23,0.0,154,154,0,0,0,1
2026-05-31,B,A01CN114,CN,3,158.0,58.0,17.07,100.0,40.93,0.0,32,32,0,0,0,1
2026-05-31,B,A01CN027,CN,3,413.0,406.0,406.0,7.0,0.0,0.0,459,459,0,0,0,1
2026-05-31,B,A01TMC08,TM,3,339.0,319.0,319.0,20.0,0.0,0.0,701,701,0,0,0,1
2026-05-31,B,A01CN028,CN,4,473.0,460.0,460.0,13.0,0.0,0.0,502,502,0,0,0,1
2026-05-31,B,A01TMC01,TM,4,543.0,499.0,499.0,44.0,0.0,2.07,483,481,1,1,2,1
2026-05-31,B,A01TMC02,TM,4,543.0,394.0,394.0,149.0,0.0,0.0,352,352,0,0,0,1
2026-05-31,B,A01TMC10,TM,4,543.0,523.0,523.0,20.0,0.0,0.0,553,553,0,0,0,1
2026-05-31,B,A01CN007,CN,5,503.0,287.0,215.0,216.0,72.0,0.0,430,430,0,0,0,1
2026-05-31,B,A01CN014,CN,5,508.0,494.0,494.0,14.0,0.0,0.0,1790,1790,0,0,0,1
2026-05-31,B,A01CN015,CN,5,482.0,435.0,435.0,47.0,0.0,0.0,1477,1477,0,0,0,1
2026-05-31,B,A01CN021,CN,5,508.0,495.0,495.0,13.0,0.0,0.0,1568,1568,0,0,0,1
2026-05-31,B,A01CN022,CN,5,508.0,469.0,438.3,39.0,30.7,0.0,1461,1461,0,0,0,1
2026-05-31,B,A01CN023,CN,5,508.0,485.0,485.0,23.0,0.0,0.0,1578,1578,0,0,0,1
2026-05-31,B,A01CN026,CN,5,508.0,505.0,505.0,3.0,0.0,0.0,1627,1627,0,0,0,1
2026-05-31,B,A01CN029,CN,5,508.0,0.0,0.0,508.0,0.0,0.0,0,0,0,0,0,1
2026-05-31,B,A01CN044,CN,5,513.0,311.0,147.7,202.0,163.3,0.0,211,211,0,0,0,1
2026-05-31,B,A01CN045,CN,5,513.0,458.0,408.33,55.0,49.67,0.0,700,700,0,0,0,1
2026-05-31,B,A01CN046,CN,5,513.0,462.0,462.0,51.0,0.0,0.0,806,806,0,0,0,1
2026-05-31,B,A01CN067,CN,5,507.0,378.0,300.93,129.0,77.07,0.0,488,488,0,0,0,1
2026-05-31,B,A01CN071,CN,5,503.0,469.0,469.0,34.0,0.0,0.0,1674,1674,0,0,0,1
2026-05-31,B,A01CN088,CN,5,478.0,314.0,246.4,164.0,67.6,0.0,308,308,0,0,0,1
2026-05-31,B,A01CN089,CN,5,508.0,425.0,425.0,83.0,0.0,0.0,654,654,0,0,0,1
2026-05-31,B,A01VMC03,VM,5,518.0,375.0,370.0,143.0,5.0,0.0,1480,1480,0,0,0,1
2026-05-31,B,A01CN107,CN,5,508.0,233.0,151.2,275.0,81.8,0.0,189,189,0,0,0,1
2026-05-31,B,A01BR005,BR,5,503.0,348.0,348.0,155.0,0.0,0.0,3736,3736,0,0,0,1
2026-05-31,B,A01HB021,HB,5,526.0,496.0,477.17,30.0,18.83,0.0,420,420,0,0,0,1
2026-05-31,B,A01VMC16,VM,5,538.0,520.0,520.0,18.0,0.0,0.0,1800,1800,0,0,0,1
2026-05-31,B,A01CN113,CN,5,508.0,334.0,277.5,174.0,56.5,0.0,333,333,0,0,0,1
2026-05-31,B,A01CN019,CN,5,554.0,553.0,481.0,1.0,72.0,0.0,740,740,0,0,0,1
2026-05-31,B,A01CN064,CN,5,554.0,481.0,356.0,73.0,125.0,0.0,356,356,0,0,0,1
2026-05-31,B,A01CN108,CN,5,356.0,298.0,207.0,58.0,91.0,0.0,207,207,0,0,0,1
2026-05-31,B,A01CN111,CN,5,355.0,291.0,165.75,64.0,125.25,0.0,221,221,0,0,0,1
2026-05-31,B,A01CN098,CN,6,558.0,438.0,331.0,120.0,107.0,0.0,331,331,0,0,0,1
2026-05-31,B,A01CN001,CN,6,588.0,524.0,519.0,64.0,5.0,0.0,519,519,0,0,0,1
2026-05-31,B,A01CN005,CN,6,585.0,435.0,435.0,150.0,0.0,0.0,586,586,0,0,0,1
2026-05-31,B,A01CN018,CN,6,588.0,524.0,524.0,64.0,0.0,0.0,702,702,0,0,0,1
2026-05-31,B,A01CN024,CN,6,584.0,433.0,347.25,151.0,85.75,0.0,463,463,0,0,0,1
2026-05-31,B,A01CN030,CN,6,588.0,488.0,450.0,100.0,38.0,0.0,450,450,0,0,0,1
2026-05-31,B,A01CN041,CN,6,585.0,462.0,457.5,123.0,4.5,0.0,610,610,0,0,0,1
2026-05-31,B,A01CN065,CN,6,585.0,437.0,412.5,148.0,24.5,0.0,550,550,0,0,0,1
2026-05-31,B,A01CN081,CN,6,588.0,549.0,549.0,39.0,0.0,0.0,573,573,0,0,0,1
2026-05-31,B,A01CN085,CN,6,603.0,562.0,562.0,41.0,0.0,0.0,530,530,0,0,0,1
2026-05-31,B,A01CN099,CN,6,598.0,545.0,507.0,53.0,38.0,0.0,507,507,0,0,0,1
2026-05-31,B,A01HB016,HB,6,360.0,40.0,17.03,320.0,22.97,0.0,56,56,0,0,0,1
2026-05-31,B,A01CN020,CN,6,614.0,462.0,342.0,152.0,120.0,0.0,684,684,0,0,0,1
2026-05-31,B,A01CN112,CN,6,614.0,521.0,521.0,93.0,0.0,0.0,521,521,0,0,0,1
2026-05-31,B,A01TMC04,TM,6,681.0,621.0,616.2,60.0,4.8,0.0,711,711,0,0,0,1
2026-05-31,B,A01CN047,CN,6,648.0,523.0,523.0,125.0,0.0,0.0,912,912,0,0,0,1
2026-05-31,B,A01CN048,CN,6,638.0,530.0,529.67,108.0,0.33,0.0,908,908,0,0,0,1
2026-05-31,B,A01CN050,CN,6,648.0,542.0,530.83,106.0,11.17,0.0,910,910,0,0,0,1
2026-05-31,B,A01CN051,CN,6,638.0,532.0,532.0,106.0,0.0,0.0,1000,1000,0,0,0,1
2026-05-31,B,A01CN086,CN,6,638.0,371.0,258.68,267.0,112.32,0.0,374,374,0,0,0,1
2026-05-31,B,A01CN087,CN,6,638.0,327.0,249.67,311.0,77.33,0.0,535,535,0,0,0,1
2026-05-31,B,A01VMC07,VM,6,632.0,515.0,401.25,117.0,113.75,0.0,214,214,0,0,0,1
2026-05-31,B,A01VMC09,VM,6,663.0,588.0,489.25,75.0,98.75,0.0,1545,1545,0,0,0,1
2026-05-31,B,A01VMC10,VM,6,659.0,567.0,513.33,92.0,53.67,0.0,3080,3080,0,0,0,1
2026-05-31,B,A01VMC12,VM,6,663.0,619.0,584.25,44.0,34.75,0.0,1845,1845,0,0,0,1
2026-05-31,B,A01CN042,CN,7,633.0,569.0,498.3,64.0,70.7,0.0,906,906,0,0,0,1
2026-05-31,B,A01CN062,CN,7,653.0,576.0,553.0,77.0,23.0,0.0,948,948,0,0,0,1
2026-05-31,B,A01CN068,CN,7,643.0,566.0,557.67,77.0,8.33,0.0,956,956,0,0,0,1
2026-05-31,B,A01HB025,HB,7,683.0,635.0,616.67,48.0,18.33,0.0,850,850,0,0,0,1
2026-05-31,B,A01HB014,HB,7,673.0,580.0,568.33,93.0,11.67,0.0,950,950,0,0,0,1
2026-05-31,B,A01VMC05,VM,7,638.0,395.0,390.0,243.0,5.0,0.0,180,180,0,0,0,1
2026-06-02,A,A01VMC12,VM,9,39.0,39.0,39.0,0.0,0.0,0.0,195,195,0,0,0,1
2026-06-02,A,A01VMC15,VM,9,39.0,39.0,39.0,0.0,0.0,0.0,180,180,0,0,0,1
2026-06-02,A,A01TMC06,TM,10,39.0,28.0,28.0,11.0,0.0,0.0,100,100,0,0,0,1
2026-06-02,A,A01HB012,HB,10,39.0,0.0,0.0,39.0,0.0,0.0,0,0,0,0,0,1
2026-06-02,A,A01HB008,HB,10,49.0,49.0,37.5,0.0,11.5,0.0,125,125,0,0,0,1
2026-06-02,A,A01HB016,HB,11,99.0,69.0,38.93,30.0,30.07,0.0,128,128,0,0,0,1
2026-06-02,A,A01HB001,HB,11,99.0,99.0,97.47,0.0,1.53,0.0,258,258,0,0,0,1
2026-06-02,A,A01TMC05,TM,12,159.0,140.0,140.0,19.0,0.0,0.0,351,351,0,0,0,1
2026-06-02,A,A01TRP35,TR,12,109.0,1.0,0.0,108.0,1.0,0.0,0,0,0,0,0,1
2026-06-02,A,A01HB002,HB,12,159.0,159.0,156.0,0.0,3.0,0.0,360,360,0,0,0,1
2026-06-02,A,A01CN003,CN,12,137.0,129.0,129.0,8.0,0.0,0.0,328,328,0,0,0,1
2026-06-02,A,A01CN092,CN,12,137.0,129.0,129.0,8.0,0.0,0.52,746,743,0,3,3,1
2026-06-02,A,A01CN102,CN,12,134.0,127.0,99.0,7.0,28.0,0.0,330,330,0,0,0,1
2026-06-02,A,A01CN103,CN,12,134.0,99.0,86.78,35.0,12.22,0.0,127,127,0,0,0,1
2026-06-02,A,A01BR007,BR,12,49.0,34.0,34.0,15.0,0.0,0.0,324,324,0,0,0,1
2026-06-02,A,A01TAP14,TA,12,23.0,1.0,0.2,22.0,0.8,0.0,1,1,0,0,0,1
2026-06-02,A,A01CN054,CN,12,149.0,142.0,136.67,7.0,5.33,0.0,410,410,0,0,0,1
2026-06-02,A,A01CN055,CN,12,149.0,122.0,114.67,27.0,7.33,0.0,344,344,0,0,0,1
2026-06-02,A,A01CN056,CN,12,149.0,133.0,133.0,16.0,0.0,0.0,455,455,0,0,0,1
2026-06-02,A,A01CN058,CN,12,149.0,79.0,73.67,70.0,5.33,0.0,221,221,0,0,0,1
2026-06-02,A,A01CN059,CN,12,149.0,123.0,123.0,26.0,0.0,0.0,385,385,0,0,0,1
2026-06-02,A,A01CN072,CN,12,147.0,144.0,129.0,3.0,15.0,0.0,430,430,0,0,0,1
2026-06-02,A,A01CN076,CN,12,147.0,127.0,124.8,20.0,2.2,0.0,416,416,0,0,0,1
2026-06-02,A,A01CN053,CN,14,39.0,36.0,36.0,3.0,0.0,0.0,139,139,0,0,0,1
2026-06-02,A,A01HB015,HB,15,314.0,150.0,128.5,164.0,21.5,0.0,160,160,0,0,0,1
2026-06-02,A,A01HB020,HB,16,334.0,272.0,170.5,62.0,101.5,0.0,396,396,0,0,0,1
2026-06-02,A,A01BR005,BR,16,379.0,296.0,296.0,83.0,0.0,0.0,3936,3936,0,0,0,1
2026-06-02,A,A01CN004,CN,16,327.0,309.0,309.0,18.0,0.0,0.0,796,796,0,0,0,1
2026-06-02,A,A01CN006,CN,16,327.0,270.0,270.0,57.0,0.0,0.0,497,497,0,0,0,1
2026-06-02,A,A01CN008,CN,16,327.0,306.0,230.0,21.0,76.0,0.0,230,230,0,0,0,1
2026-06-02,A,A01CN013,CN,16,327.0,321.0,321.0,6.0,0.0,0.0,1323,1323,0,0,0,1
2026-06-02,A,A01CN025,CN,16,327.0,314.0,314.0,13.0,0.0,0.0,1263,1263,0,0,0,1
2026-06-02,A,A01CN031,CN,16,327.0,321.0,321.0,6.0,0.0,0.0,1275,1275,0,0,0,1
2026-06-02,A,A01CN038,CN,16,324.0,310.0,310.0,14.0,0.0,0.0,987,987,0,0,0,1
2026-06-02,A,A01CN039,CN,16,324.0,314.0,314.0,10.0,0.0,0.0,1026,1026,0,0,0,1
2026-06-02,A,A01CN133,CN,16,323.0,291.0,283.4,32.0,7.6,0.0,654,654,0,0,0,1
2026-06-02,A,A01CN090,CN,16,327.0,325.0,325.0,2.0,0.0,0.0,1254,1254,0,0,0,1
2026-06-02,A,A01CN091,CN,16,327.0,50.0,0.0,277.0,50.0,0.0,0,0,0,0,0,1
2026-06-02,A,A01CN093,CN,16,324.0,194.0,164.03,130.0,29.97,0.0,518,518,0,0,0,1
2026-06-02,A,A01CN094,CN,16,324.0,313.0,193.33,11.0,119.67,0.0,464,464,0,0,0,1
2026-06-02,A,A01CN097,CN,16,324.0,179.0,133.83,145.0,45.17,0.0,292,292,0,0,0,1
2026-06-02,A,A01TMC09,TM,16,437.0,431.0,431.0,6.0,0.0,0.0,946,946,0,0,0,1
2026-06-02,A,A01CN134,CN,16,353.0,312.0,312.0,41.0,0.0,1.73,542,539,3,0,3,1
2026-06-02,A,A01CN101,CN,16,324.0,284.0,268.4,40.0,15.6,0.0,732,732,0,0,0,1
2026-06-02,A,A01CN104,CN,16,324.0,112.0,99.5,212.0,12.5,0.0,199,199,0,0,0,1
2026-06-02,A,A01CN027,CN,16,404.0,401.0,394.17,3.0,6.83,0.0,430,430,0,0,0,1
2026-06-02,A,A01CN028,CN,16,404.0,334.0,288.75,70.0,45.25,0.0,315,315,0,0,0,1
2026-06-02,A,A01CN048,CN,16,312.0,164.0,91.0,148.0,73.0,0.0,156,156,0,0,0,1
2026-06-02,A,A01CN051,CN,16,312.0,138.0,110.83,174.0,27.17,0.0,190,190,0,0,0,1
2026-06-02,A,A01HB014,HB,16,123.0,123.0,123.0,0.0,0.0,0.0,209,209,0,0,0,1
2026-06-02,A,A01VMC05,VM,16,309.0,304.0,301.17,5.0,2.83,0.0,139,139,0,0,0,1
2026-06-02,A,A01VMC09,VM,16,309.0,14.0,0.0,295.0,14.0,0.0,0,0,0,0,0,1
2026-06-02,A,A01VMC11,VM,16,309.0,232.0,185.25,77.0,46.75,0.0,585,585,0,0,0,1
2026-06-02,A,A01VMC12,VM,16,341.0,293.0,266.0,48.0,27.0,0.32,840,839,1,0,1,1
2026-06-02,A,A01TMC08,TM,16,442.0,431.0,431.0,11.0,0.0,0.0,908,908,0,0,0,1
2026-06-02,A,A01VMC15,VM,16,311.0,300.0,279.0,11.0,21.0,0.0,930,930,0,0,0,1
2026-06-02,A,A01CN139,CN,16,408.0,315.0,113.33,93.0,201.67,0.0,170,170,0,0,0,1
2026-06-02,A,A01CN126,CN,16,404.0,375.0,248.4,29.0,126.6,0.0,828,828,0,0,0,1
2026-06-02,A,A01CN005,CN,16,427.0,371.0,252.0,56.0,119.0,0.0,336,336,0,0,0,1
2026-06-02,A,A01CN016,CN,16,379.0,260.0,161.33,119.0,98.67,0.0,484,484,0,0,0,1
2026-06-02,A,A01CN024,CN,16,399.0,257.0,180.75,142.0,76.25,0.0,241,241,0,0,0,1
2026-06-02,A,A01CN074,CN,16,414.0,173.0,173.0,241.0,0.0,0.0,354,354,0,0,0,1
2026-06-02,A,A01CN075,CN,16,414.0,409.0,403.67,5.0,5.33,0.0,692,692,0,0,0,1
2026-06-02,A,A01CN079,CN,16,379.0,337.0,302.33,42.0,34.67,0.0,907,907,0,0,0,1
2026-06-02,A,A01CN087,CN,16,389.0,293.0,186.67,96.0,106.33,0.0,400,400,0,0,0,1
2026-06-02,A,A01HB025,HB,16,189.0,189.0,189.0,0.0,0.0,0.0,493,493,0,0,0,1
2026-06-02,A,A01HB004,HB,16,364.0,357.0,313.6,7.0,43.4,0.0,768,768,0,0,0,1
2026-06-02,A,A01HB005,HB,16,364.0,346.0,305.87,18.0,40.13,0.0,1184,1184,0,0,0,1
2026-06-02,A,A01HB006,HB,16,364.0,289.0,148.78,75.0,140.22,0.0,395,395,0,0,0,1
2026-06-02,A,A01HB009,HB,16,364.0,359.0,359.0,5.0,0.0,0.0,894,894,0,0,0,1
2026-06-02,A,A01HB010,HB,16,364.0,358.0,358.0,6.0,0.0,0.0,1029,1029,0,0,0,1
2026-06-02,A,A01HB011,HB,16,364.0,314.0,314.0,50.0,0.0,0.0,1790,1790,0,0,0,1
2026-06-02,A,A01HB013,HB,16,430.0,405.0,405.0,25.0,0.0,1.83,665,662,3,0,3,1
2026-06-02,A,A01HB017,HB,16,364.0,330.0,291.92,34.0,38.08,0.0,678,678,0,0,0,1
2026-06-02,A,A01HB018,HB,16,364.0,0.0,0.0,364.0,0.0,0.0,0,0,0,0,0,1
2026-06-02,A,A01CN114,CN,16,404.0,208.0,69.33,196.0,138.67,0.0,160,160,0,0,0,1
2026-06-02,A,A01CN137,CN,16,404.0,362.0,333.0,42.0,29.0,0.0,555,555,0,0,0,1
2026-06-02,A,A01CN128,CN,16,394.0,391.0,391.0,3.0,0.0,0.0,644,644,0,0,0,1
2026-06-02,A,A01CN044,CN,16,57.0,55.0,31.5,2.0,23.5,0.0,45,45,0,0,0,1
2026-06-02,A,A01TMC01,TM,17,501.0,499.0,499.0,2.0,0.0,0.0,487,487,0,0,0,1
2026-06-02,A,A01TMC02,TM,17,502.0,494.0,494.0,8.0,0.0,0.0,435,435,0,0,0,1
2026-06-02,A,A01TMC04,TM,17,499.0,484.0,474.93,15.0,9.07,0.0,548,548,0,0,0,1
2026-06-02,A,A01TMC10,TM,17,501.0,493.0,493.0,8.0,0.0,0.0,509,509,0,0,0,1
2026-06-02,A,A01CN007,CN,18,469.0,337.0,303.5,132.0,33.5,0.0,607,607,0,0,0,1
2026-06-02,A,A01CN014,CN,18,494.0,462.0,462.0,32.0,0.0,0.0,1770,1770,0,0,0,1
2026-06-02,A,A01CN015,CN,18,494.0,456.0,456.0,38.0,0.0,0.0,1621,1621,0,0,0,1
2026-06-02,A,A01CN021,CN,18,469.0,323.0,323.0,146.0,0.0,0.0,1038,1038,0,0,0,1
2026-06-02,A,A01CN022,CN,18,469.0,257.0,226.8,212.0,30.2,0.0,756,756,0,0,0,1
2026-06-02,A,A01CN023,CN,18,469.0,419.0,419.0,50.0,0.0,0.0,1376,1376,0,0,0,1
2026-06-02,A,A01CN026,CN,18,469.0,421.0,421.0,48.0,0.0,0.0,1376,1376,0,0,0,1
2026-06-02,A,A01CN029,CN,18,421.0,265.0,265.0,156.0,0.0,0.0,1089,1089,0,0,0,1
2026-06-02,A,A01CN067,CN,18,469.0,330.0,178.22,139.0,151.78,0.0,289,289,0,0,0,1
2026-06-02,A,A01CN071,CN,18,499.0,435.0,435.0,64.0,0.0,0.0,1524,1524,0,0,0,1
2026-06-02,A,A01CN078,CN,18,469.0,355.0,324.3,114.0,30.7,0.0,1081,1081,0,0,0,1
2026-06-02,A,A01CN080,CN,18,469.0,428.0,428.0,41.0,0.0,0.0,1339,1339,0,0,0,1
2026-06-02,A,A01CN088,CN,18,469.0,374.0,297.6,95.0,76.4,0.0,372,372,0,0,0,1
2026-06-02,A,A01CN089,CN,18,469.0,436.0,428.13,33.0,7.87,0.0,494,494,0,0,0,1
2026-06-02,A,A01CN106,CN,18,469.0,407.0,190.55,62.0,216.45,0.0,309,309,0,0,0,1
2026-06-02,A,A01CN107,CN,18,494.0,435.0,332.8,59.0,102.2,0.0,416,416,0,0,0,1
2026-06-02,A,A01CN113,CN,18,499.0,338.0,252.5,161.0,85.5,0.0,303,303,0,0,0,1
2026-06-02,A,A01CN112,CN,18,504.0,470.0,372.0,34.0,98.0,0.0,372,372,0,0,0,1
2026-06-02,A,A01HB003,HB,18,474.0,442.0,436.98,32.0,5.02,0.0,942,942,0,0,0,1
2026-06-02,A,A01CN070,CN,18,541.0,517.0,435.0,24.0,82.0,0.0,435,435,0,0,0,1
2026-06-02,A,A01CN081,CN,18,517.0,498.0,405.0,19.0,93.0,0.0,405,405,0,0,0,1
2026-06-02,A,A01CN083,CN,18,514.0,107.0,103.33,407.0,3.67,0.0,620,620,0,0,0,1
2026-06-02,A,A01CN124,CN,18,553.0,278.0,213.2,275.0,64.8,0.0,492,492,0,0,0,1
2026-06-02,A,A01CN125,CN,18,554.0,74.0,0.0,480.0,74.0,0.0,0,0,0,0,0,1
2026-06-02,A,A01CN130,CN,18,554.0,0.0,0.0,554.0,0.0,0.0,0,0,0,0,0,1
2026-06-02,A,A01CN132,CN,18,554.0,253.0,145.53,301.0,107.47,0.0,236,236,0,0,0,1
2026-06-02,A,A01CN001,CN,18,524.0,510.0,442.0,14.0,68.0,0.0,442,442,0,0,0,1
2026-06-02,A,A01CN017,CN,18,514.0,302.0,169.5,212.0,132.5,0.0,226,226,0,0,0,1
2026-06-02,A,A01CN018,CN,18,522.0,462.0,372.0,60.0,90.0,0.0,496,496,0,0,0,1
2026-06-02,A,A01CN030,CN,18,524.0,494.0,465.0,30.0,29.0,0.0,465,465,0,0,0,1
2026-06-02,A,A01CN041,CN,18,546.0,511.0,438.0,35.0,73.0,0.0,584,584,0,0,0,1
2026-06-02,A,A01CN042,CN,18,529.0,456.0,425.7,73.0,30.3,0.0,774,774,0,0,0,1
2026-06-02,A,A01CN045,CN,18,529.0,403.0,336.0,126.0,67.0,0.58,576,575,0,1,1,1
2026-06-02,A,A01CN046,CN,18,529.0,138.0,77.0,391.0,61.0,0.0,132,132,0,0,0,1
2026-06-02,A,A01CN047,CN,18,529.0,372.0,337.17,157.0,34.83,0.0,578,578,0,0,0,1
2026-06-02,A,A01CN050,CN,18,529.0,436.0,383.83,93.0,52.17,0.0,658,658,0,0,0,1
2026-06-02,A,A01CN062,CN,18,529.0,54.0,54.0,475.0,0.0,0.0,98,98,0,0,0,1
2026-06-02,A,A01CN065,CN,18,544.0,477.0,335.25,67.0,141.75,0.0,447,447,0,0,0,1
2026-06-02,A,A01CN068,CN,18,529.0,499.0,432.83,30.0,66.17,0.58,742,741,1,0,1,1
2026-06-02,A,A01CN084,CN,18,543.0,422.0,411.67,121.0,10.33,0.0,2470,2470,0,0,0,1
2026-06-02,A,A01CN085,CN,18,544.0,513.0,471.47,31.0,41.53,0.0,442,442,0,0,0,1
2026-06-02,A,A01CN086,CN,18,506.0,458.0,318.17,48.0,139.83,0.0,460,460,0,0,0,1
2026-06-02,A,A01CN098,CN,18,542.0,488.0,488.0,54.0,0.0,0.0,648,648,0,0,0,1
2026-06-02,A,A01CN099,CN,18,543.0,487.0,452.0,56.0,35.0,0.0,452,452,0,0,0,1
2026-06-02,A,A01VMC07,VM,18,529.0,507.0,360.0,22.0,147.0,0.0,192,192,0,0,0,1
2026-06-02,A,A01VMC10,VM,18,529.0,498.0,460.0,31.0,38.0,0.0,2760,2760,0,0,0,1
2026-06-02,A,A01HB021,HB,18,514.0,514.0,477.17,0.0,36.83,0.0,420,420,0,0,0,1
2026-06-02,A,A01HB024,HB,18,504.0,504.0,447.07,0.0,56.93,0.0,616,616,0,0,0,1
2026-06-02,A,A01VMC16,VM,18,544.0,526.0,486.0,18.0,40.0,0.0,1620,1620,0,0,0,1
2026-06-02,A,A01CN019,CN,18,529.0,529.0,235.95,0.0,293.05,0.0,363,363,0,0,0,1
2026-06-02,A,A01CN020,CN,18,529.0,420.0,272.5,109.0,147.5,0.0,545,545,0,0,0,1
2026-06-02,A,A01VMC03,VM,21,701.0,477.0,350.0,224.0,127.0,0.0,1400,1400,0,0,0,1
2026-06-02,B,A01CN006,CN,22,119.0,117.0,117.0,2.0,0.0,0.0,241,241,0,0,0,1
2026-06-02,B,A01CN031,CN,22,119.0,114.0,114.0,5.0,0.0,0.0,474,474,0,0,0,1
2026-06-02,B,A01CN121,CN,22,149.0,123.0,123.0,26.0,0.0,0.0,164,164,0,0,0,1
2026-06-02,B,A01CN091,CN,22,119.0,13.0,0.0,106.0,13.0,0.0,0,0,0,0,0,1
2026-06-02,B,A01CN093,CN,22,151.0,136.0,136.0,15.0,0.0,0.0,304,304,0,0,0,1
2026-06-02,B,A01TMC02,TM,22,149.0,149.0,149.0,0.0,0.0,0.0,134,134,0,0,0,1
2026-06-02,B,A01CN100,CN,22,151.0,146.0,80.98,5.0,65.02,0.0,113,113,0,0,0,1
2026-06-02,B,A01CN116,CN,22,153.0,142.0,137.87,11.0,4.13,0.0,188,188,0,0,0,1
2026-06-02,B,A01CN124,CN,22,99.0,84.0,70.63,15.0,13.37,0.0,163,163,0,0,0,1
2026-06-02,B,A01CN125,CN,22,99.0,99.0,0.0,0.0,99.0,0.0,0,0,0,0,0,1
2026-06-02,B,A01CN126,CN,22,99.0,99.0,99.0,0.0,0.0,0.0,332,332,0,0,0,1
2026-06-02,B,A01CN127,CN,22,99.0,0.0,0.0,99.0,0.0,0.0,0,0,0,0,0,1
2026-06-02,B,A01CN131,CN,22,109.0,109.0,109.0,0.0,0.0,0.0,196,196,0,0,0,1
2026-06-02,B,A01CN049,CN,22,99.0,51.0,19.33,48.0,31.67,0.0,20,20,0,0,0,1
2026-06-02,B,A01CN061,CN,22,99.0,99.0,99.0,0.0,0.0,0.0,140,140,0,0,0,1
2026-06-02,B,A01CN069,CN,22,99.0,99.0,99.0,0.0,0.0,0.0,178,178,0,0,0,1
2026-06-02,A,A01CN057,CN,22,701.0,550.0,537.9,151.0,12.1,0.0,1793,1793,0,0,0,1
2026-06-02,B,A01CN025,CN,22,139.0,123.0,123.0,16.0,0.0,0.0,540,540,0,0,0,1
2026-06-02,B,A01CN096,CN,22,139.0,128.0,128.0,11.0,0.0,0.0,544,544,0,0,0,1
2026-06-02,B,A01CN134,CN,22,159.0,137.0,137.0,22.0,0.0,0.0,230,230,0,0,0,1
2026-06-02,B,A01CN038,CN,23,139.0,113.0,113.0,26.0,0.0,0.0,546,546,0,0,0,1
2026-06-02,B,A01CN039,CN,23,139.0,62.0,62.0,77.0,0.0,0.0,225,225,0,0,0,1
2026-06-02,B,A01CN120,CN,23,211.0,172.0,172.0,39.0,0.0,0.0,231,231,0,0,0,1
2026-06-02,B,A01VMC03,VM,23,76.0,43.0,43.0,33.0,0.0,0.0,200,200,0,0,0,1
2026-06-02,B,A01VMC04,VM,23,77.0,68.0,68.0,9.0,0.0,0.0,240,240,0,0,0,1
2026-06-02,B,A01CN013,CN,23,248.0,178.0,178.0,70.0,0.0,0.0,792,792,0,0,0,1
2026-06-02,B,A01CN066,CN,23,229.0,207.0,207.0,22.0,0.0,0.0,1668,1668,0,0,0,1
2026-06-02,B,A01CN090,CN,23,238.0,186.0,186.0,52.0,0.0,0.0,783,783,0,0,0,1
2026-06-02,B,A01CN092,CN,23,199.0,186.0,186.0,13.0,0.0,0.0,1242,1242,0,0,0,1
2026-06-02,B,A01CN094,CN,23,199.0,181.0,114.17,18.0,66.83,0.0,274,274,0,0,0,1
2026-06-02,B,A01CN104,CN,23,204.0,144.0,144.0,60.0,0.0,0.0,328,328,0,0,0,1
2026-06-02,B,A01CN057,CN,0,49.0,49.0,49.0,0.0,0.0,0.0,189,189,0,0,0,1
2026-06-02,B,A01HB019,HB,0,49.0,49.0,49.0,0.0,0.0,0.0,54,54,0,0,0,1
2026-06-02,B,A01CN130,CN,0,49.0,0.0,0.0,49.0,0.0,0.0,0,0,0,0,0,1
2026-06-02,B,A01CN070,CN,2,321.0,310.0,296.0,11.0,14.0,0.0,296,296,0,0,0,1
2026-06-02,B,A01CN004,CN,2,359.0,343.0,343.0,16.0,0.0,0.0,974,974,0,0,0,1
2026-06-02,B,A01CN008,CN,2,359.0,325.0,325.0,34.0,0.0,0.0,389,389,0,0,0,1
2026-06-02,B,A01CN028,CN,2,282.0,248.0,242.92,34.0,5.08,0.0,265,265,0,0,0,1
2026-06-02,B,A01CN133,CN,2,359.0,318.0,316.77,41.0,1.23,0.0,731,731,0,0,0,1
2026-06-02,B,A01CN122,CN,2,404.0,328.0,328.0,76.0,0.0,0.0,784,784,0,0,0,1
2026-06-02,B,A01TMC09,TM,2,429.0,427.0,427.0,2.0,0.0,0.0,976,976,0,0,0,1
2026-06-02,B,A01CN115,CN,2,404.0,393.0,393.0,11.0,0.0,0.0,488,488,0,0,0,1
2026-06-02,B,A01CN137,CN,2,403.0,318.0,289.8,85.0,28.2,0.0,483,483,0,0,0,1
2026-06-02,B,A01CN003,CN,3,379.0,369.0,369.0,10.0,0.0,0.0,1022,1022,0,0,0,1
2026-06-02,B,A01CN016,CN,3,389.0,289.0,274.0,100.0,15.0,0.0,822,822,0,0,0,1
2026-06-02,B,A01CN052,CN,3,349.0,310.0,235.87,39.0,74.13,0.0,244,244,0,0,0,1
2026-06-02,B,A01CN078,CN,3,399.0,177.0,160.8,222.0,16.2,0.0,536,536,0,0,0,1
2026-06-02,B,A01CN079,CN,3,399.0,281.0,193.67,118.0,87.33,0.0,581,581,0,0,0,1
2026-06-02,B,A01CN080,CN,3,399.0,369.0,369.0,30.0,0.0,0.0,1111,1111,0,0,0,1
2026-06-02,B,A01CN083,CN,3,360.0,315.0,315.0,45.0,0.0,0.0,1950,1950,0,0,0,1
2026-06-02,B,A01CN084,CN,3,350.0,234.0,234.0,116.0,0.0,0.0,1570,1570,0,0,0,1
2026-06-02,B,A01CN097,CN,3,379.0,365.0,365.0,14.0,0.0,0.0,850,850,0,0,0,1
2026-06-02,B,A01HB025,HB,3,451.0,451.0,451.0,0.0,0.0,0.0,646,646,0,0,0,1
2026-06-02,B,A01VMC05,VM,3,276.0,270.0,270.0,6.0,0.0,0.0,132,132,0,0,0,1
2026-06-02,B,A01VMC11,VM,3,275.0,264.0,264.0,11.0,0.0,0.0,915,915,0,0,0,1
2026-06-02,B,A01CN101,CN,3,384.0,383.0,383.0,1.0,0.0,0.0,1095,1095,0,0,0,1
2026-06-02,B,A01CN103,CN,3,374.0,260.0,245.32,114.0,14.68,0.0,359,359,0,0,0,1
2026-06-02,B,A01CN106,CN,3,399.0,234.0,121.48,165.0,112.52,0.0,197,197,0,0,0,1
2026-06-02,B,A01BR007,BR,3,399.0,326.0,326.0,73.0,0.0,0.0,2174,2174,0,0,0,1
2026-06-02,B,A01HB024,HB,3,354.0,354.0,303.37,0.0,50.63,0.0,418,418,0,0,0,1
2026-06-02,B,A01CN114,CN,3,404.0,388.0,202.8,16.0,185.2,0.0,468,468,0,0,0,1
2026-06-02,B,A01CN073,CN,3,369.0,337.0,300.67,32.0,36.33,0.0,902,902,0,0,0,1
2026-06-02,B,A01CN077,CN,3,369.0,327.0,324.6,42.0,2.4,0.0,1082,1082,0,0,0,1
2026-06-02,B,A01CN027,CN,3,504.0,484.0,472.08,20.0,11.92,0.0,515,515,0,0,0,1
2026-06-02,B,A01TMC08,TM,3,489.0,455.0,455.0,34.0,0.0,0.0,981,981,0,0,0,1
2026-06-02,B,A01CN053,CN,4,429.0,421.0,421.0,8.0,0.0,0.0,1449,1449,0,0,0,1
2026-06-02,B,A01CN054,CN,4,429.0,415.0,412.33,14.0,2.67,0.0,1237,1237,0,0,0,1
2026-06-02,B,A01CN055,CN,4,429.0,421.0,421.0,8.0,0.0,0.0,1381,1381,0,0,0,1
2026-06-02,B,A01CN056,CN,4,429.0,370.0,362.4,59.0,7.6,0.0,1208,1208,0,0,0,1
2026-06-02,B,A01CN058,CN,4,429.0,425.0,425.0,4.0,0.0,0.31,1374,1373,0,1,1,1
2026-06-02,B,A01CN059,CN,4,429.0,412.0,412.0,17.0,0.0,0.0,1327,1327,0,0,0,1
2026-06-02,B,A01CN060,CN,4,429.0,425.0,425.0,4.0,0.0,0.0,1479,1479,0,0,0,1
2026-06-02,B,A01TMC01,TM,4,519.0,477.0,477.0,42.0,0.0,0.0,481,481,0,0,0,1
2026-06-02,B,A01TMC10,TM,4,519.0,468.0,468.0,51.0,0.0,0.0,497,497,0,0,0,1
2026-06-02,B,A01CN007,CN,5,416.0,201.0,201.0,215.0,0.0,0.0,449,449,0,0,0,1
2026-06-02,B,A01CN014,CN,5,519.0,494.0,494.0,25.0,0.0,0.0,1797,1797,0,0,0,1
2026-06-02,B,A01CN015,CN,5,519.0,495.0,495.0,24.0,0.0,0.0,1716,1716,0,0,0,1
2026-06-02,B,A01CN021,CN,5,519.0,509.0,509.0,10.0,0.0,0.0,1672,1672,0,0,0,1
2026-06-02,B,A01CN022,CN,5,519.0,502.0,491.4,17.0,10.6,0.0,1638,1638,0,0,0,1
2026-06-02,B,A01CN023,CN,5,519.0,502.0,502.0,17.0,0.0,0.0,1591,1591,0,0,0,1
2026-06-02,B,A01CN026,CN,5,519.0,505.0,505.0,14.0,0.0,0.0,1617,1617,0,0,0,1
2026-06-02,B,A01CN029,CN,5,312.0,285.0,285.0,27.0,0.0,0.0,730,730,0,0,0,1
2026-06-02,B,A01CN045,CN,5,551.0,498.0,418.83,53.0,79.17,0.0,718,718,0,0,0,1
2026-06-02,B,A01CN046,CN,5,551.0,484.0,375.67,67.0,108.33,0.0,644,644,0,0,0,1
2026-06-02,B,A01CN067,CN,5,519.0,472.0,345.95,47.0,126.05,0.0,561,561,0,0,0,1
2026-06-02,B,A01CN071,CN,5,519.0,317.0,311.7,202.0,5.3,0.0,1039,1039,0,0,0,1
2026-06-02,B,A01CN088,CN,5,387.0,273.0,273.0,114.0,0.0,0.0,355,355,0,0,0,1
2026-06-02,B,A01CN089,CN,5,417.0,393.0,388.27,24.0,4.73,0.0,448,448,0,0,0,1
2026-06-02,B,A01CN107,CN,5,519.0,360.0,256.8,159.0,103.2,0.0,321,321,0,0,0,1
2026-06-02,B,A01BR005,BR,5,519.0,367.0,367.0,152.0,0.0,0.0,3724,3724,0,0,0,1
2026-06-02,B,A01HB021,HB,5,591.0,591.0,572.6,0.0,18.4,0.0,504,504,0,0,0,1
2026-06-02,B,A01HB023,HB,5,571.0,571.0,530.5,0.0,40.5,0.0,660,660,0,0,0,1
2026-06-02,B,A01VMC15,VM,5,171.0,86.0,76.5,85.0,9.5,0.0,255,255,0,0,0,1
2026-06-02,B,A01CN113,CN,5,524.0,457.0,457.0,67.0,0.0,0.0,577,577,0,0,0,1
2026-06-02,B,A01CN072,CN,5,489.0,476.0,426.9,13.0,49.1,0.3,1423,1422,1,0,1,1
2026-06-02,B,A01CN076,CN,5,489.0,453.0,439.2,36.0,13.8,0.0,1464,1464,0,0,0,1
2026-06-02,B,A01HB001,HB,5,489.0,483.0,483.0,6.0,0.0,0.0,1332,1332,0,0,0,1
2026-06-02,B,A01HB002,HB,5,489.0,482.0,482.0,7.0,0.0,0.0,1212,1212,0,0,0,1
2026-06-02,B,A01HB003,HB,5,489.0,482.0,467.6,7.0,14.4,0.0,1008,1008,0,0,0,1
2026-06-02,B,A01HB004,HB,5,489.0,480.0,382.2,9.0,97.8,0.0,936,936,0,0,0,1
2026-06-02,B,A01HB005,HB,5,489.0,483.0,434.0,6.0,49.0,0.0,1680,1680,0,0,0,1
2026-06-02,B,A01HB006,HB,5,489.0,481.0,303.22,8.0,177.78,0.0,805,805,0,0,0,1
2026-06-02,B,A01HB007,HB,5,489.0,0.0,0.0,489.0,0.0,0.0,0,0,0,0,0,1
2026-06-02,B,A01HB008,HB,5,489.0,479.0,303.0,10.0,176.0,0.0,1010,1010,0,0,0,1
2026-06-02,B,A01HB009,HB,5,489.0,481.0,481.0,8.0,0.0,0.0,1140,1140,0,0,0,1
2026-06-02,B,A01HB010,HB,5,489.0,481.0,481.0,8.0,0.0,0.0,1344,1344,0,0,0,1
2026-06-02,B,A01HB011,HB,5,489.0,306.0,286.0,183.0,20.0,0.0,1560,1560,0,0,0,1
2026-06-02,B,A01HB017,HB,5,489.0,447.0,377.17,42.0,69.83,0.0,876,876,0,0,0,1
2026-06-02,B,A01HB020,HB,5,489.0,453.0,377.17,36.0,75.83,0.0,876,876,0,0,0,1
2026-06-02,B,A01CN019,CN,5,504.0,504.0,352.95,0.0,151.05,0.0,543,543,0,0,0,1
2026-06-02,B,A01CN064,CN,5,509.0,436.0,361.0,73.0,75.0,0.0,361,361,0,0,0,1
2026-06-02,B,A01CN108,CN,5,509.0,380.0,300.0,129.0,80.0,0.0,300,300,0,0,0,1
2026-06-02,B,A01CN111,CN,5,509.0,429.0,324.0,80.0,105.0,0.0,432,432,0,0,0,1
2026-06-02,B,A01CN098,CN,6,530.0,473.0,438.0,57.0,35.0,0.0,438,438,0,0,0,1
2026-06-02,B,A01HB013,HB,6,622.0,574.0,574.0,48.0,0.0,0.0,969,969,0,0,0,1
2026-06-02,B,A01HB016,HB,6,622.0,578.0,578.0,44.0,0.0,0.0,2000,2000,0,0,0,1
2026-06-02,B,A01CN001,CN,6,561.0,472.0,472.0,89.0,0.0,0.0,475,475,0,0,0,1
2026-06-02,B,A01CN005,CN,6,553.0,418.0,418.0,135.0,0.0,0.0,631,631,0,0,0,1
2026-06-02,B,A01CN017,CN,6,559.0,439.0,435.0,120.0,4.0,0.0,580,580,0,0,0,1
2026-06-02,B,A01CN018,CN,6,555.0,482.0,482.0,73.0,0.0,0.0,658,658,0,0,0,1
2026-06-02,B,A01CN024,CN,6,556.0,426.0,423.0,130.0,3.0,0.0,564,564,0,0,0,1
2026-06-02,B,A01CN030,CN,6,560.0,453.0,427.0,107.0,26.0,0.0,427,427,0,0,0,1
2026-06-02,B,A01CN041,CN,6,560.0,438.0,438.0,122.0,0.0,0.0,612,612,0,0,0,1
2026-06-02,B,A01CN065,CN,6,591.0,447.0,442.5,144.0,4.5,0.0,590,590,0,0,0,1
2026-06-02,B,A01CN081,CN,6,561.0,499.0,499.0,62.0,0.0,0.0,532,532,0,0,0,1
2026-06-02,B,A01CN099,CN,6,570.0,513.0,499.0,57.0,14.0,0.0,499,499,0,0,0,1
2026-06-02,B,A01CN020,CN,6,564.0,434.0,270.5,130.0,163.5,0.0,541,541,0,0,0,1
2026-06-02,B,A01CN112,CN,6,569.0,450.0,338.0,119.0,112.0,0.0,338,338,0,0,0,1
2026-06-02,B,A01VMC09,VM,6,510.0,126.0,104.5,384.0,21.5,0.0,330,330,0,0,0,1
2026-06-02,B,A01VMC10,VM,6,664.0,234.0,186.67,430.0,47.33,0.0,1120,1120,0,0,0,1
2026-06-02,B,A01VMC12,VM,6,509.0,396.0,380.0,113.0,16.0,0.0,1200,1200,0,0,0,1
2026-06-02,B,A01CN042,CN,7,669.0,581.0,492.8,88.0,88.2,0.0,896,896,0,0,0,1
2026-06-02,B,A01CN044,CN,7,659.0,357.0,168.0,302.0,189.0,0.0,240,240,0,0,0,1
2026-06-02,B,A01CN047,CN,7,671.0,555.0,490.0,116.0,65.0,0.0,840,840,0,0,0,1
2026-06-02,B,A01CN048,CN,7,661.0,546.0,529.67,115.0,16.33,0.0,908,908,0,0,0,1
2026-06-02,B,A01CN050,CN,7,671.0,566.0,509.83,105.0,56.17,0.0,874,874,0,0,0,1
2026-06-02,B,A01CN051,CN,7,661.0,527.0,527.0,134.0,0.0,0.0,980,980,0,0,0,1
2026-06-02,B,A01CN062,CN,7,671.0,600.0,560.0,71.0,40.0,0.0,960,960,0,0,0,1
2026-06-02,B,A01CN068,CN,7,661.0,563.0,555.33,98.0,7.67,0.0,952,952,0,0,0,1
2026-06-02,B,A01CN074,CN,7,671.0,465.0,465.0,206.0,0.0,0.0,638,638,0,0,0,1
2026-06-02,B,A01CN075,CN,7,671.0,542.0,533.17,129.0,8.83,0.0,914,914,0,0,0,1
2026-06-02,B,A01HB014,HB,7,682.0,610.0,610.0,72.0,0.0,0.0,1026,1026,0,0,0,1
2026-06-02,B,A01VMC07,VM,7,515.0,398.0,300.0,117.0,98.0,0.0,160,160,0,0,0,1
2026-06-02,B,A01VMC16,VM,7,658.0,525.0,481.5,133.0,43.5,0.0,1605,1605,0,0,0,1
2026-06-03,A,A01TMC10,TM,9,88.0,88.0,88.0,0.0,0.0,0.0,106,106,0,0,0,1
2026-06-03,A,A01CN070,CN,11,99.0,76.0,59.0,23.0,17.0,0.0,59,59,0,0,0,1
2026-06-03,A,A01TMC05,TM,11,99.0,85.0,85.0,14.0,0.0,0.0,226,226,0,0,0,1
2026-06-03,A,A01CN108,CN,11,109.0,100.0,80.0,9.0,20.0,0.0,80,80,0,0,0,1
2026-06-03,A,A01CN083,CN,12,149.0,102.0,70.0,47.0,32.0,0.0,420,420,0,0,0,1
2026-06-03,A,A01CN084,CN,12,149.0,131.0,131.0,18.0,0.0,0.0,860,860,0,0,0,1
2026-06-03,A,A01HB025,HB,12,109.0,109.0,98.67,0.0,10.33,0.0,136,136,0,0,0,1
2026-06-03,A,A01HB013,HB,12,109.0,109.0,106.05,0.0,2.95,0.0,171,171,0,0,0,1
2026-06-03,A,A01HB014,HB,12,109.0,109.0,90.93,0.0,18.07,0.0,152,152,0,0,0,1
2026-06-03,A,A01TRP35,TR,12,109.0,1.0,0.0,108.0,1.0,0.0,0,0,0,0,0,1
2026-06-03,A,A01HB022,HB,12,109.0,79.0,79.0,30.0,0.0,0.0,72,72,0,0,0,1
2026-06-03,A,A01CN003,CN,12,189.0,187.0,187.0,2.0,0.0,0.0,532,532,0,0,0,1
2026-06-03,A,A01CN044,CN,12,214.0,184.0,90.3,30.0,93.7,0.0,129,129,0,0,0,1
2026-06-03,A,A01CN067,CN,12,204.0,83.0,33.92,121.0,49.08,0.0,55,55,0,0,0,1
2026-06-03,A,A01CN091,CN,12,189.0,22.0,3.0,167.0,19.0,0.0,6,6,0,0,0,1
2026-06-03,A,A01CN092,CN,12,189.0,183.0,183.0,6.0,0.0,0.0,1092,1092,0,0,0,1
2026-06-03,A,A01VMC03,VM,12,160.0,119.0,100.0,41.0,19.0,0.0,400,400,0,0,0,1
2026-06-03,A,A01CN102,CN,12,187.0,168.0,148.8,19.0,19.2,0.0,496,496,0,0,0,1
2026-06-03,A,A01CN104,CN,12,187.0,133.0,108.0,54.0,25.0,0.0,216,216,0,0,0,1
2026-06-03,A,A01CN105,CN,12,199.0,58.0,26.5,141.0,31.5,0.0,30,30,0,0,0,1
2026-06-03,A,A01BR007,BR,12,49.0,1.0,1.0,48.0,0.0,0.0,698,698,0,0,0,1
2026-06-03,A,A01TAP14,TA,12,49.0,7.0,7.0,42.0,0.0,0.0,221,221,0,0,0,1
2026-06-03,A,A01CN060,CN,15,49.0,46.0,46.0,3.0,0.0,0.0,159,159,0,0,0,1
2026-06-03,A,A01HB012,HB,15,49.0,35.0,35.0,14.0,0.0,0.0,100,100,0,0,0,1
2026-06-03,A,A01BR005,BR,16,379.0,298.0,298.0,81.0,0.0,0.0,3724,3724,0,0,0,1
2026-06-03,A,A01CN002,CN,16,171.0,115.0,99.0,56.0,16.0,0.0,99,99,0,0,0,1
2026-06-03,A,A01CN004,CN,16,379.0,171.0,140.83,208.0,30.17,0.0,338,338,0,0,0,1
2026-06-03,A,A01CN006,CN,16,379.0,330.0,330.0,49.0,0.0,0.0,628,628,0,0,0,1
2026-06-03,A,A01CN008,CN,16,379.0,343.0,303.0,36.0,40.0,0.0,303,303,0,0,0,1
2026-06-03,A,A01CN013,CN,16,379.0,335.0,335.0,44.0,0.0,0.0,1365,1365,0,0,0,1
2026-06-03,A,A01CN025,CN,16,379.0,300.0,300.0,79.0,0.0,0.0,1128,1128,0,0,0,1
2026-06-03,A,A01CN031,CN,16,379.0,342.0,342.0,37.0,0.0,0.0,1329,1329,0,0,0,1
2026-06-03,A,A01CN038,CN,16,377.0,364.0,364.0,13.0,0.0,0.0,1203,1203,0,0,0,1
2026-06-03,A,A01CN039,CN,16,377.0,318.0,297.35,59.0,20.65,0.0,939,939,0,0,0,1
2026-06-03,A,A01CN053,CN,16,19.0,8.0,8.0,11.0,0.0,0.0,53,53,0,0,0,1
2026-06-03,A,A01CN054,CN,16,19.0,19.0,19.0,0.0,0.0,0.0,85,85,0,0,0,1
2026-06-03,A,A01CN055,CN,16,19.0,19.0,19.0,0.0,0.0,0.0,87,87,0,0,0,1
2026-06-03,A,A01CN056,CN,16,19.0,19.0,19.0,0.0,0.0,0.0,99,99,0,0,0,1
2026-06-03,A,A01CN057,CN,16,19.0,19.0,19.0,0.0,0.0,0.0,93,93,0,0,0,1
2026-06-03,A,A01CN058,CN,16,19.0,19.0,19.0,0.0,0.0,0.0,85,85,0,0,0,1
2026-06-03,A,A01CN059,CN,16,19.0,19.0,19.0,0.0,0.0,0.0,88,88,0,0,0,1
2026-06-03,A,A01CN133,CN,16,377.0,349.0,342.77,28.0,6.23,0.0,791,791,0,0,0,1
2026-06-03,A,A01CN066,CN,16,394.0,178.0,178.0,216.0,0.0,0.0,1359,1359,0,0,0,1
2026-06-03,A,A01CN090,CN,16,379.0,362.0,362.0,17.0,0.0,0.0,1362,1362,0,0,0,1
2026-06-03,A,A01CN093,CN,16,379.0,305.0,305.0,74.0,0.0,0.0,628,628,0,0,0,1
2026-06-03,A,A01CN094,CN,16,379.0,347.0,220.0,32.0,127.0,0.0,528,528,0,0,0,1
2026-06-03,A,A01CN096,CN,16,379.0,365.0,365.0,14.0,0.0,0.0,1600,1600,0,0,0,1
2026-06-03,A,A01CN097,CN,16,378.0,324.0,306.17,54.0,17.83,0.0,668,668,0,0,0,1
2026-06-03,A,A01TMC09,TM,16,437.0,435.0,435.0,2.0,0.0,0.0,961,961,0,0,0,1
2026-06-03,A,A01CN134,CN,16,404.0,359.0,359.0,45.0,0.0,1.32,545,543,1,1,2,1
2026-06-03,A,A01CN101,CN,16,377.0,365.0,345.4,12.0,19.6,0.0,942,942,0,0,0,1
2026-06-03,A,A01CN103,CN,16,71.0,57.0,57.0,14.0,0.0,0.0,101,101,0,0,0,1
2026-06-03,A,A01CN137,CN,16,219.0,205.0,187.2,14.0,17.8,0.0,312,312,0,0,0,1
2026-06-03,A,A01CN072,CN,16,19.0,19.0,19.0,0.0,0.0,0.0,76,76,0,0,0,1
2026-06-03,A,A01CN073,CN,16,19.0,19.0,19.0,0.0,0.0,0.0,79,79,0,0,0,1
2026-06-03,A,A01CN076,CN,16,19.0,19.0,19.0,0.0,0.0,0.0,88,88,0,0,0,1
2026-06-03,A,A01CN077,CN,16,19.0,19.0,19.0,0.0,0.0,0.0,97,97,0,0,0,1
2026-06-03,A,A01CN028,CN,16,404.0,325.0,303.42,79.0,21.58,0.0,331,331,0,0,0,1
2026-06-03,A,A01TMC01,TM,16,442.0,437.0,437.0,5.0,0.0,0.0,426,426,0,0,0,1
2026-06-03,A,A01TMC02,TM,16,441.0,436.0,436.0,5.0,0.0,0.0,389,389,0,0,0,1
2026-06-03,A,A01TMC06,TM,16,369.0,342.0,328.68,27.0,13.32,0.0,481,481,0,0,0,1
2026-06-03,A,A01VMC09,VM,16,155.0,35.0,19.0,120.0,16.0,0.0,60,60,0,0,0,1
2026-06-03,A,A01TMC08,TM,16,442.0,438.0,438.0,4.0,0.0,0.0,923,923,0,0,0,1
2026-06-03,A,A01CN139,CN,16,408.0,281.0,232.0,127.0,49.0,0.0,348,348,0,0,0,1
2026-06-03,A,A01CN126,CN,16,324.0,288.0,196.2,36.0,91.8,0.0,654,654,0,0,0,1
2026-06-03,A,A01CN005,CN,16,379.0,342.0,279.0,37.0,63.0,0.0,372,372,0,0,0,1
2026-06-03,A,A01CN016,CN,16,409.0,367.0,322.33,42.0,44.67,0.0,967,967,0,0,0,1
2026-06-03,A,A01CN024,CN,16,374.0,330.0,277.5,44.0,52.5,0.0,370,370,0,0,0,1
2026-06-03,A,A01CN079,CN,16,404.0,195.0,178.0,209.0,17.0,0.0,534,534,0,0,0,1
2026-06-03,A,A01CN087,CN,16,404.0,321.0,226.33,83.0,94.67,0.0,485,485,0,0,0,1
2026-06-03,A,A01VMC11,VM,16,419.0,364.0,294.5,55.0,69.5,0.0,930,930,0,0,0,1
2026-06-03,A,A01CN114,CN,16,409.0,346.0,160.33,63.0,185.67,0.0,370,370,0,0,0,1
2026-06-03,A,A01CN128,CN,16,394.0,334.0,325.6,60.0,8.4,0.0,528,528,0,0,0,1
2026-06-03,A,A01CN049,CN,17,169.0,10.0,3.87,159.0,6.13,0.0,4,4,0,0,0,1
2026-06-03,A,A01CN052,CN,17,169.0,147.0,107.3,22.0,39.7,0.0,111,111,0,0,0,1
2026-06-03,A,A01CN069,CN,17,169.0,159.0,155.2,10.0,3.8,0.0,194,194,0,0,0,1
2026-06-03,A,A01CN027,CN,17,64.0,63.0,63.0,1.0,0.0,0.0,73,73,0,0,0,1
2026-06-03,A,A01TMC04,TM,17,499.0,494.0,494.0,5.0,0.0,0.0,571,571,0,0,0,1
2026-06-03,A,A01CN116,CN,17,124.0,122.0,122.0,2.0,0.0,0.0,170,170,0,0,0,1
2026-06-03,A,A01CN100,CN,17,122.0,120.0,118.67,2.0,1.33,0.0,89,89,0,0,0,1
2026-06-03,A,A01CN074,CN,17,499.0,479.0,479.0,20.0,0.0,0.0,600,600,0,0,0,1
2026-06-03,A,A01CN075,CN,17,499.0,302.0,261.33,197.0,40.67,0.0,448,448,0,0,0,1
2026-06-03,A,A01HB001,HB,17,444.0,437.0,410.27,7.0,26.73,0.0,1086,1086,0,0,0,1
2026-06-03,A,A01HB002,HB,17,444.0,436.0,421.2,8.0,14.8,0.0,972,972,0,0,0,1
2026-06-03,A,A01HB003,HB,17,359.0,349.0,349.0,10.0,0.0,0.0,774,774,0,0,0,1
2026-06-03,A,A01HB004,HB,17,359.0,339.0,287.47,20.0,51.53,0.0,704,704,0,0,0,1
2026-06-03,A,A01HB005,HB,17,359.0,331.0,297.6,28.0,33.4,0.0,1152,1152,0,0,0,1
2026-06-03,A,A01HB006,HB,17,359.0,325.0,173.27,34.0,151.73,0.0,460,460,0,0,0,1
2026-06-03,A,A01HB008,HB,17,359.0,341.0,222.0,18.0,119.0,0.0,740,740,0,0,0,1
2026-06-03,A,A01HB009,HB,17,359.0,351.0,351.0,8.0,0.0,0.0,828,828,0,0,0,1
2026-06-03,A,A01HB010,HB,17,359.0,303.0,299.67,56.0,3.33,0.0,812,812,0,0,0,1
2026-06-03,A,A01HB011,HB,17,359.0,351.0,351.0,8.0,0.0,0.0,2240,2240,0,0,0,1
2026-06-03,A,A01HB015,HB,17,359.0,160.0,89.95,199.0,70.05,0.0,112,112,0,0,0,1
2026-06-03,A,A01HB017,HB,17,359.0,347.0,273.83,12.0,73.17,0.0,636,636,0,0,0,1
2026-06-03,A,A01HB021,HB,17,484.0,360.0,299.93,124.0,60.07,0.0,264,264,0,0,0,1
2026-06-03,A,A01HB023,HB,17,484.0,484.0,424.4,0.0,59.6,0.0,528,528,0,0,0,1
2026-06-03,A,A01CN064,CN,17,444.0,433.0,349.0,11.0,84.0,0.0,349,349,0,0,0,1
2026-06-03,A,A01CN111,CN,17,449.0,421.0,307.5,28.0,113.5,0.0,410,410,0,0,0,1
2026-06-03,A,A01CN014,CN,18,499.0,424.0,424.0,75.0,0.0,0.0,1577,1577,0,0,0,1
2026-06-03,A,A01CN015,CN,18,499.0,309.0,309.0,190.0,0.0,0.0,1025,1025,0,0,0,1
2026-06-03,A,A01CN021,CN,18,499.0,438.0,438.0,61.0,0.0,0.0,1456,1456,0,0,0,1
2026-06-03,A,A01CN022,CN,18,499.0,385.0,351.3,114.0,33.7,0.0,1171,1171,0,0,0,1
2026-06-03,A,A01CN023,CN,18,499.0,272.0,255.67,227.0,16.33,0.0,767,767,0,0,0,1
2026-06-03,A,A01CN026,CN,18,494.0,433.0,433.0,61.0,0.0,0.0,1426,1426,0,0,0,1
2026-06-03,A,A01CN029,CN,18,494.0,432.0,432.0,62.0,0.0,0.0,1190,1190,0,0,0,1
2026-06-03,A,A01CN042,CN,18,509.0,397.0,375.1,112.0,21.9,0.0,682,682,0,0,0,1
2026-06-03,A,A01CN071,CN,18,524.0,283.0,283.0,241.0,0.0,0.0,1056,1056,0,0,0,1
2026-06-03,A,A01CN078,CN,18,494.0,377.0,337.8,117.0,39.2,0.0,1126,1126,0,0,0,1
2026-06-03,A,A01CN080,CN,18,494.0,425.0,425.0,69.0,0.0,0.0,1288,1288,0,0,0,1
2026-06-03,A,A01CN088,CN,18,494.0,359.0,293.6,135.0,65.4,0.0,367,367,0,0,0,1
2026-06-03,A,A01CN089,CN,18,494.0,411.0,409.07,83.0,1.93,0.0,472,472,0,0,0,1
2026-06-03,A,A01CN106,CN,18,494.0,409.0,195.48,85.0,213.52,0.0,317,317,0,0,0,1
2026-06-03,A,A01CN107,CN,18,499.0,438.0,345.6,61.0,92.4,0.0,432,432,0,0,0,1
2026-06-03,A,A01CN113,CN,18,499.0,336.0,251.67,163.0,84.33,0.0,302,302,0,0,0,1
2026-06-03,A,A01CN112,CN,18,479.0,452.0,355.0,27.0,97.0,0.0,355,355,0,0,0,1
2026-06-03,A,A01CN081,CN,18,492.0,474.0,398.0,18.0,76.0,0.0,398,398,0,0,0,1
2026-06-03,A,A01CN130,CN,18,434.0,0.0,0.0,434.0,0.0,0.0,0,0,0,0,0,1
2026-06-03,A,A01CN131,CN,18,439.0,250.0,247.9,189.0,2.1,0.0,402,402,0,0,0,1
2026-06-03,A,A01CN132,CN,18,554.0,216.0,122.1,338.0,93.9,0.0,198,198,0,0,0,1
2026-06-03,A,A01CN001,CN,18,498.0,490.0,429.0,8.0,61.0,0.0,429,429,0,0,0,1
2026-06-03,A,A01CN017,CN,18,494.0,467.0,430.5,27.0,36.5,0.0,574,574,0,0,0,1
2026-06-03,A,A01CN018,CN,18,497.0,435.0,366.75,62.0,68.25,0.0,489,489,0,0,0,1
2026-06-03,A,A01CN030,CN,18,498.0,474.0,452.0,24.0,22.0,0.0,452,452,0,0,0,1
2026-06-03,A,A01CN041,CN,18,489.0,443.0,372.75,46.0,70.25,0.0,497,497,0,0,0,1
2026-06-03,A,A01CN045,CN,18,271.48,256.29,221.25,15.19,35.04,0.29,774,773,1,0,1,1
2026-06-03,A,A01CN046,CN,18,271.48,254.33,198.96,17.15,55.37,0.0,696,696,0,0,0,1
2026-06-03,A,A01CN047,CN,18,554.0,525.0,449.17,29.0,75.83,0.0,770,770,0,0,0,1
2026-06-03,A,A01CN048,CN,18,80.09,60.8,40.92,19.29,19.88,0.0,240,240,0,0,0,1
2026-06-03,A,A01CN050,CN,18,271.48,239.63,216.11,31.85,23.52,0.0,756,756,0,0,0,1
2026-06-03,A,A01CN051,CN,18,274.0,238.0,228.67,36.0,9.33,0.0,392,392,0,0,0,1
2026-06-03,A,A01CN062,CN,18,554.0,536.0,476.0,18.0,60.0,0.0,816,816,0,0,0,1
2026-06-03,A,A01CN065,CN,18,489.0,413.0,303.0,76.0,110.0,0.0,404,404,0,0,0,1
2026-06-03,A,A01CN068,CN,18,554.0,530.0,469.0,24.0,61.0,0.0,804,804,0,0,0,1
2026-06-03,A,A01CN085,CN,18,494.0,453.0,409.6,41.0,43.4,0.0,384,384,0,0,0,1
2026-06-03,A,A01CN086,CN,18,519.0,463.0,417.77,56.0,45.23,0.0,604,604,0,0,0,1
2026-06-03,A,A01CN098,CN,18,494.0,470.0,412.0,24.0,58.0,0.0,412,412,0,0,0,1
2026-06-03,A,A01CN099,CN,18,494.0,478.0,459.0,16.0,19.0,0.0,459,459,0,0,0,1
2026-06-03,A,A01HB007,HB,18,39.0,2.0,2.0,37.0,0.0,0.0,24,24,0,0,0,1
2026-06-03,A,A01HB020,HB,18,14.0,0.0,0.0,14.0,0.0,0.0,0,0,0,0,0,1
2026-06-03,A,A01VMC07,VM,18,275.0,236.0,180.0,39.0,56.0,0.0,96,96,0,0,0,1
2026-06-03,A,A01VMC12,VM,18,566.0,540.0,470.25,26.0,69.75,0.0,1485,1485,0,0,0,1
2026-06-03,A,A01HB024,HB,18,539.0,539.0,431.1,0.0,107.9,0.0,594,594,0,0,0,1
2026-06-03,A,A01VMC16,VM,18,534.0,475.0,450.0,59.0,25.0,0.0,1500,1500,0,0,0,1
2026-06-03,A,A01VMC18,VM,18,274.0,0.0,0.0,274.0,0.0,0.0,0,0,0,0,0,1
2026-06-03,A,A01CN019,CN,18,499.0,499.0,329.55,0.0,169.45,0.0,507,507,0,0,0,1
2026-06-03,A,A01CN020,CN,18,499.0,377.0,304.0,122.0,73.0,0.0,608,608,0,0,0,1
2026-06-03,A,A01CN127,CN,18,439.0,293.0,0.0,146.0,293.0,0.0,0,0,0,0,0,1
2026-06-03,A,A01VMC15,VM,18,539.0,520.0,459.0,19.0,61.0,0.0,1530,1530,0,0,0,1
2026-06-03,B,A01CN053,CN,19,49.0,49.0,49.0,0.0,0.0,0.0,189,189,0,0,0,1
2026-06-03,B,A01CN054,CN,19,49.0,44.0,44.0,5.0,0.0,0.0,156,156,0,0,0,1
2026-06-03,B,A01CN055,CN,19,49.0,49.0,49.0,0.0,0.0,0.0,176,176,0,0,0,1
2026-06-03,B,A01CN056,CN,19,49.0,49.0,49.0,0.0,0.0,0.0,202,202,0,0,0,1
2026-06-03,B,A01CN057,CN,19,49.0,49.0,49.0,0.0,0.0,0.0,188,188,0,0,0,1
2026-06-03,B,A01CN058,CN,19,49.0,49.0,49.0,0.0,0.0,0.0,171,171,0,0,0,1
2026-06-03,B,A01CN059,CN,19,49.0,49.0,49.0,0.0,0.0,0.0,180,180,0,0,0,1
2026-06-03,B,A01CN060,CN,19,49.0,47.0,47.0,2.0,0.0,0.0,185,185,0,0,0,1
2026-06-03,B,A01CN072,CN,19,49.0,49.0,49.0,0.0,0.0,0.0,172,172,0,0,0,1
2026-06-03,B,A01CN073,CN,19,49.0,49.0,49.0,0.0,0.0,0.0,159,159,0,0,0,1
2026-06-03,B,A01CN076,CN,19,49.0,49.0,49.0,0.0,0.0,0.0,183,183,0,0,0,1
2026-06-03,B,A01CN077,CN,19,49.0,49.0,49.0,0.0,0.0,0.0,197,197,0,0,0,1
2026-06-03,B,A01HB001,HB,20,49.0,49.0,49.0,0.0,0.0,0.0,175,175,0,0,0,1
2026-06-03,B,A01HB002,HB,20,49.0,39.0,39.0,10.0,0.0,0.0,133,133,0,0,0,1
2026-06-03,B,A01HB003,HB,20,49.0,49.0,49.0,0.0,0.0,0.0,132,132,0,0,0,1
2026-06-03,B,A01HB004,HB,20,49.0,49.0,45.73,0.0,3.27,0.0,112,112,0,0,0,1
2026-06-03,B,A01HB005,HB,20,49.0,49.0,49.0,0.0,0.0,0.0,208,208,0,0,0,1
2026-06-03,B,A01HB006,HB,20,49.0,49.0,32.02,0.0,16.98,0.0,85,85,0,0,0,1
2026-06-03,B,A01HB007,HB,20,49.0,22.0,22.0,27.0,0.0,0.0,68,68,0,0,0,1
2026-06-03,B,A01HB009,HB,20,49.0,49.0,49.0,0.0,0.0,0.0,154,154,0,0,0,1
2026-06-03,B,A01HB010,HB,20,49.0,49.0,49.0,0.0,0.0,0.0,120,120,0,0,0,1
2026-06-03,B,A01HB011,HB,20,49.0,49.0,49.0,0.0,0.0,0.0,300,300,0,0,0,1
2026-06-03,B,A01HB012,HB,20,49.0,0.0,0.0,49.0,0.0,0.0,85,85,0,0,0,1
2026-06-03,B,A01HB015,HB,20,49.0,49.0,38.55,0.0,10.45,0.0,48,48,0,0,0,1
2026-06-03,B,A01HB017,HB,20,49.0,49.0,49.0,0.0,0.0,0.0,138,138,0,0,0,1
2026-06-03,B,A01HB020,HB,20,49.0,49.0,49.0,0.0,0.0,0.0,132,132,0,0,0,1
2026-06-03,B,A01CN124,CN,21,49.0,32.0,32.0,17.0,0.0,0.0,75,75,0,0,0,1
2026-06-03,B,A01CN125,CN,21,49.0,48.0,0.0,1.0,48.0,0.0,0,0,0,0,0,1
2026-06-03,B,A01CN126,CN,21,49.0,47.0,46.8,2.0,0.2,0.0,156,156,0,0,0,1
2026-06-03,B,A01CN130,CN,21,49.0,0.0,0.0,49.0,0.0,0.0,0,0,0,0,0,1
2026-06-03,B,A01CN132,CN,21,49.0,15.0,9.87,34.0,5.13,0.0,16,16,0,0,0,1
2026-06-03,B,A01TMC05,TM,21,163.0,152.0,150.37,11.0,1.63,0.0,347,347,0,0,0,1
2026-06-03,B,A01CN049,CN,21,49.0,41.0,31.9,8.0,9.1,0.0,33,33,0,0,0,1
2026-06-03,B,A01CN031,CN,22,124.0,123.0,123.0,1.0,0.0,0.0,516,516,0,0,0,1
2026-06-03,B,A01CN121,CN,22,149.0,0.0,0.0,149.0,0.0,0.0,0,0,0,0,0,1
2026-06-03,B,A01CN091,CN,22,124.0,120.0,120.0,4.0,0.0,0.0,355,355,0,0,0,1
2026-06-03,B,A01CN093,CN,22,129.0,112.0,112.0,17.0,0.0,0.0,280,280,0,0,0,1
2026-06-03,B,A01CN100,CN,22,109.0,99.0,99.0,10.0,0.0,0.0,75,75,0,0,0,1
2026-06-03,B,A01CN116,CN,22,107.0,107.0,107.0,0.0,0.0,0.0,148,148,0,0,0,1
2026-06-03,B,A01CN117,CN,22,104.0,93.0,70.4,11.0,22.6,0.0,96,96,0,0,0,1
2026-06-03,B,A01CN118,CN,22,107.0,95.0,74.37,12.0,20.63,0.0,97,97,0,0,0,1
2026-06-03,B,A01CN127,CN,22,99.0,87.0,0.0,12.0,87.0,0.0,0,0,0,0,0,1
2026-06-03,B,A01CN131,CN,22,109.0,23.0,1.23,86.0,21.77,0.0,2,2,0,0,0,1
2026-06-03,B,A01HB008,HB,22,19.0,1.0,1.0,18.0,0.0,0.0,18,18,0,0,0,1
2026-06-03,B,A01CN004,CN,22,144.0,114.0,80.0,30.0,34.0,0.0,192,192,0,0,0,1
2026-06-03,B,A01CN025,CN,22,144.0,142.0,142.0,2.0,0.0,0.0,708,708,0,0,0,1
2026-06-03,B,A01CN096,CN,22,144.0,131.0,131.0,13.0,0.0,0.0,656,656,0,0,0,1
2026-06-03,B,A01CN134,CN,22,164.0,136.0,136.0,28.0,0.0,0.62,220,219,1,0,1,1
2026-06-03,B,A01CN038,CN,23,144.0,129.0,129.0,15.0,0.0,0.0,573,573,0,0,0,1
2026-06-03,B,A01CN039,CN,23,144.0,119.0,119.0,25.0,0.0,0.0,510,510,0,0,0,1
2026-06-03,B,A01CN120,CN,23,211.0,3.0,1.83,208.0,1.17,0.0,2,2,0,0,0,1
2026-06-03,B,A01VMC03,VM,23,214.0,193.0,193.0,21.0,0.0,0.0,880,880,0,0,0,1
2026-06-03,B,A01CN002,CN,23,224.0,200.0,178.0,24.0,22.0,0.0,178,178,0,0,0,1
2026-06-03,B,A01CN013,CN,23,249.0,171.0,171.0,78.0,0.0,0.0,852,852,0,0,0,1
2026-06-03,B,A01CN066,CN,23,229.0,215.0,215.0,14.0,0.0,0.0,1677,1677,0,0,0,1
2026-06-03,B,A01CN090,CN,23,239.0,172.0,172.0,67.0,0.0,0.0,825,825,0,0,0,1
2026-06-03,B,A01CN094,CN,23,204.0,202.0,121.67,2.0,80.33,0.0,292,292,0,0,0,1
2026-06-03,B,A01CN104,CN,23,204.0,139.0,139.0,65.0,0.0,0.0,288,288,0,0,0,1
2026-06-03,B,A01CN131,CN,0,49.0,45.0,44.4,4.0,0.6,0.0,72,72,0,0,0,1
2026-06-03,B,A01TMC07,TM,2,339.0,327.0,327.0,12.0,0.0,0.0,843,843,0,0,0,1
2026-06-03,B,A01CN122,CN,2,701.0,555.0,487.5,146.0,67.5,0.0,1125,1125,0,0,0,1
2026-06-03,B,A01VMC06,VM,2,701.0,638.0,410.0,63.0,228.0,0.0,410,410,0,0,0,1
2026-06-03,B,A01CN070,CN,2,344.0,283.0,191.0,61.0,92.0,0.0,191,191,0,0,0,1
2026-06-03,B,A01CN008,CN,2,364.0,331.0,331.0,33.0,0.0,0.0,374,374,0,0,0,1
2026-06-03,B,A01CN028,CN,2,439.0,423.0,410.67,16.0,12.33,0.0,448,448,0,0,0,1
2026-06-03,B,A01CN133,CN,2,364.0,326.0,294.23,38.0,31.77,0.0,679,679,0,0,0,1
2026-06-03,B,A01TMC09,TM,2,437.0,433.0,433.0,4.0,0.0,0.0,996,996,0,0,0,1
2026-06-03,B,A01TMC08,TM,2,439.0,419.0,419.0,20.0,0.0,0.0,906,906,0,0,0,1
2026-06-03,B,A01CN138,CN,2,424.0,377.0,377.0,47.0,0.0,0.0,613,613,0,0,0,1
2026-06-03,B,A01CN139,CN,2,424.0,371.0,371.0,53.0,0.0,0.0,577,577,0,0,0,1
2026-06-03,B,A01CN115,CN,2,354.0,342.0,342.0,12.0,0.0,0.0,429,429,0,0,0,1
2026-06-03,B,A01CN137,CN,2,354.0,335.0,335.0,19.0,0.0,0.0,573,573,0,0,0,1
2026-06-03,B,A01CN123,CN,2,355.0,335.0,335.0,20.0,0.0,0.0,517,517,0,0,0,1
2026-06-03,B,A01CN075,CN,2,170.0,142.0,94.5,28.0,47.5,0.0,162,162,0,0,0,1
2026-06-03,B,A01VMC09,VM,2,409.0,380.0,380.0,29.0,0.0,0.0,1215,1215,0,0,0,1
2026-06-03,B,A01VMC11,VM,2,409.0,393.0,393.0,16.0,0.0,0.0,1350,1350,0,0,0,1
2026-06-03,B,A01VMC12,VM,2,409.0,397.0,397.0,12.0,0.0,0.0,1395,1395,0,0,0,1
2026-06-03,B,A01VMC16,VM,2,399.0,380.0,380.0,19.0,0.0,0.0,1305,1305,0,0,0,1
2026-06-03,B,A01CN003,CN,3,384.0,381.0,381.0,3.0,0.0,0.0,1082,1082,0,0,0,1
2026-06-03,B,A01CN007,CN,3,370.0,203.0,179.0,167.0,24.0,0.0,358,358,0,0,0,1
2026-06-03,B,A01CN016,CN,3,369.0,267.0,227.0,102.0,40.0,0.0,681,681,0,0,0,1
2026-06-03,B,A01CN052,CN,3,349.0,255.0,166.27,94.0,88.73,0.0,172,172,0,0,0,1
2026-06-03,B,A01CN069,CN,3,359.0,359.0,359.0,0.0,0.0,0.0,520,520,0,0,0,1
2026-06-03,B,A01CN078,CN,3,374.0,81.0,61.8,293.0,19.2,0.0,206,206,0,0,0,1
2026-06-03,B,A01CN080,CN,3,379.0,373.0,373.0,6.0,0.0,0.0,1184,1184,0,0,0,1
2026-06-03,B,A01CN083,CN,3,384.0,303.0,258.33,81.0,44.67,0.0,1550,1550,0,0,0,1
2026-06-03,B,A01CN084,CN,3,377.0,258.0,258.0,119.0,0.0,0.0,1730,1730,0,0,0,1
2026-06-03,B,A01CN097,CN,3,384.0,384.0,384.0,0.0,0.0,0.0,898,898,0,0,0,1
2026-06-03,B,A01HB025,HB,3,374.0,374.0,374.0,0.0,0.0,0.0,544,544,0,0,0,1
2026-06-03,B,A01VMC01,VM,3,364.0,246.0,246.0,118.0,0.0,0.0,690,690,0,0,0,1
2026-06-03,B,A01CN101,CN,3,384.0,373.0,373.0,11.0,0.0,0.0,1025,1025,0,0,0,1
2026-06-03,B,A01CN103,CN,3,374.0,202.0,202.0,172.0,0.0,0.0,302,302,0,0,0,1
2026-06-03,B,A01BR007,BR,3,372.0,198.0,198.0,174.0,0.0,0.0,1128,1128,0,0,0,1
2026-06-03,B,A01HB024,HB,3,390.0,390.0,319.33,0.0,70.67,0.0,440,440,0,0,0,1
2026-06-03,B,A01CN114,CN,3,379.0,338.0,179.4,41.0,158.6,0.0,414,414,0,0,0,1
2026-06-03,B,A01CN027,CN,3,499.0,473.0,472.08,26.0,0.92,0.0,515,515,0,0,0,1
2026-06-03,B,A01CN014,CN,5,499.0,480.0,480.0,19.0,0.0,0.0,1752,1752,0,0,0,1
2026-06-03,B,A01CN015,CN,5,499.0,496.0,496.0,3.0,0.0,0.0,1781,1781,0,0,0,1
2026-06-03,B,A01CN021,CN,5,499.0,491.0,491.0,8.0,0.0,0.0,1598,1598,0,0,0,1
2026-06-03,B,A01CN022,CN,5,499.0,457.0,411.9,42.0,45.1,0.0,1373,1373,0,0,0,1
2026-06-03,B,A01CN023,CN,5,499.0,487.0,487.0,12.0,0.0,0.0,1577,1577,0,0,0,1
2026-06-03,B,A01CN026,CN,5,499.0,486.0,486.0,13.0,0.0,0.0,1571,1571,0,0,0,1
2026-06-03,B,A01CN029,CN,5,494.0,469.0,469.0,25.0,0.0,0.0,1334,1334,0,0,0,1
2026-06-03,B,A01CN067,CN,5,494.0,348.0,205.35,146.0,142.65,0.0,333,333,0,0,0,1
2026-06-03,B,A01CN071,CN,5,499.0,248.0,248.0,251.0,0.0,0.0,876,876,0,0,0,1
2026-06-03,B,A01CN088,CN,5,467.0,329.0,320.0,138.0,9.0,0.0,400,400,0,0,0,1
2026-06-03,B,A01CN089,CN,5,494.0,372.0,372.0,122.0,0.0,0.0,508,508,0,0,0,1
2026-06-03,B,A01CN106,CN,5,494.0,369.0,169.58,125.0,199.42,0.0,275,275,0,0,0,1
2026-06-03,B,A01CN107,CN,5,499.0,385.0,344.8,114.0,40.2,0.0,431,431,0,0,0,1
2026-06-03,B,A01BR005,BR,5,493.0,340.0,340.0,153.0,0.0,0.0,4764,4764,0,0,0,1
2026-06-03,B,A01HB021,HB,5,592.0,592.0,545.33,0.0,46.67,0.0,480,480,0,0,0,1
2026-06-03,B,A01HB023,HB,5,494.0,218.0,88.42,276.0,129.58,0.0,110,110,0,0,0,1
2026-06-03,B,A01VMC15,VM,5,534.0,510.0,472.5,24.0,37.5,0.0,1575,1575,0,0,0,1
2026-06-03,B,A01CN113,CN,5,499.0,404.0,404.0,95.0,0.0,0.0,514,514,0,0,0,1
2026-06-03,B,A01CN019,CN,5,524.0,524.0,411.45,0.0,112.55,0.0,633,633,0,0,0,1
2026-06-03,B,A01CN064,CN,5,524.0,472.0,407.0,52.0,65.0,0.0,407,407,0,0,0,1
2026-06-03,B,A01CN108,CN,5,530.0,471.0,358.0,59.0,113.0,0.0,358,358,0,0,0,1
2026-06-03,B,A01CN111,CN,5,530.0,503.0,450.75,27.0,52.25,0.0,601,601,0,0,0,1
2026-06-03,B,A01CN042,CN,5,449.0,444.0,396.0,5.0,48.0,0.0,720,720,0,0,0,1
2026-06-03,B,A01CN044,CN,5,589.0,436.0,212.1,153.0,223.9,0.0,303,303,0,0,0,1
2026-06-03,B,A01CN098,CN,6,554.0,475.0,467.0,79.0,8.0,0.0,467,467,0,0,0,1
2026-06-03,B,A01HB013,HB,6,622.0,564.0,564.0,58.0,0.0,0.0,969,969,0,0,0,1
2026-06-03,B,A01HB016,HB,6,622.0,574.0,574.0,48.0,0.0,0.0,2000,2000,0,0,0,1
2026-06-03,B,A01CN001,CN,6,589.0,499.0,498.0,90.0,1.0,0.0,498,498,0,0,0,1
2026-06-03,B,A01CN005,CN,6,574.0,428.0,397.5,146.0,30.5,0.0,530,530,0,0,0,1
2026-06-03,B,A01CN017,CN,6,584.0,457.0,457.0,127.0,0.0,0.0,611,611,0,0,0,1
2026-06-03,B,A01CN018,CN,6,584.0,493.0,493.0,91.0,0.0,0.0,664,664,0,0,0,1
2026-06-03,B,A01CN024,CN,6,574.0,400.0,400.0,174.0,0.0,0.0,661,661,0,0,0,1
2026-06-03,B,A01CN030,CN,6,584.0,473.0,457.0,111.0,16.0,0.0,457,457,0,0,0,1
2026-06-03,B,A01CN041,CN,6,584.0,446.0,446.0,138.0,0.0,0.0,618,618,0,0,0,1
2026-06-03,B,A01CN065,CN,6,584.0,436.0,436.0,148.0,0.0,0.0,621,621,0,0,0,1
2026-06-03,B,A01CN081,CN,6,589.0,486.0,486.0,103.0,0.0,0.0,501,501,0,0,0,1
2026-06-03,B,A01CN085,CN,6,599.0,544.0,544.0,55.0,0.0,0.0,523,523,0,0,0,1
2026-06-03,B,A01CN099,CN,6,594.0,517.0,502.0,77.0,15.0,0.0,502,502,0,0,0,1
2026-06-03,B,A01CN020,CN,6,584.0,496.0,324.5,88.0,171.5,0.0,649,649,0,0,0,1
2026-06-03,B,A01CN112,CN,6,584.0,461.0,334.0,123.0,127.0,0.0,334,334,0,0,0,1
2026-06-03,B,A01TMC04,TM,6,685.0,623.0,613.6,62.0,9.4,0.0,708,708,0,0,0,1
2026-06-03,B,A01TMC06,TM,6,684.0,607.0,607.0,77.0,0.0,0.0,877,877,0,0,0,1
2026-06-03,B,A01HB014,HB,7,682.0,600.0,600.0,82.0,0.0,0.0,1026,1026,0,0,0,1
2026-06-03,A,A01CN045,CN,7,343.52,303.33,256.7,40.18,46.64,0.29,898,897,0,1,1,1
2026-06-03,A,A01CN046,CN,7,343.52,297.94,238.4,45.57,59.54,0.0,834,834,0,0,0,1
2026-06-03,A,A01CN050,CN,7,343.52,277.36,264.13,66.16,13.23,0.0,924,924,0,0,0,1
2026-06-03,A,A01CN062,CN,7,701.0,565.0,547.17,136.0,17.83,0.0,938,938,0,0,0,1
2026-06-03,A,A01CN048,CN,7,204.91,165.15,162.33,39.75,2.83,0.0,952,952,0,0,0,1
2026-06-04,A,A01CN083,CN,11,104.0,48.0,46.67,56.0,1.33,0.0,280,280,0,0,0,1
2026-06-04,A,A01HB022,HB,11,99.0,99.0,99.0,0.0,0.0,0.0,96,96,0,0,0,1
2026-06-04,A,A01HB024,HB,11,99.0,99.0,95.8,0.0,3.2,0.0,132,132,0,0,0,1
2026-06-04,A,A01CN070,CN,11,114.0,112.0,112.0,2.0,0.0,0.0,121,121,0,0,0,1
2026-06-04,A,A01CN063,CN,12,149.0,106.0,106.0,43.0,0.0,0.0,252,252,0,0,0,1
2026-06-04,A,A01CN122,CN,12,139.0,78.0,52.43,61.0,25.57,0.0,121,121,0,0,0,1
2026-06-04,A,A01CN084,CN,12,164.0,143.0,143.0,21.0,0.0,0.0,1080,1080,0,0,0,1
2026-06-04,A,A01TMC01,TM,12,217.0,197.0,197.0,20.0,0.0,0.0,200,200,0,0,0,1
2026-06-04,A,A01HB025,HB,12,159.0,159.0,159.0,0.0,0.0,0.0,221,221,0,0,0,1
2026-06-04,A,A01VMC06,VM,12,139.0,123.0,92.0,16.0,31.0,0.0,92,92,0,0,0,1
2026-06-04,A,A01TRP35,TR,12,109.0,1.0,0.0,108.0,1.0,0.0,0,0,0,0,0,1
2026-06-04,A,A01CN061,CN,12,59.0,40.0,40.0,19.0,0.0,0.0,54,54,0,0,0,1
2026-06-04,A,A01HB016,HB,12,114.0,76.0,55.97,38.0,20.03,0.0,184,184,0,0,0,1
2026-06-04,A,A01CN120,CN,12,169.0,149.0,149.0,20.0,0.0,0.0,184,184,0,0,0,1
2026-06-04,A,A01CN121,CN,12,169.0,102.0,96.8,67.0,5.2,0.0,121,121,0,0,0,1
2026-06-04,A,A01CN138,CN,12,204.0,202.0,187.33,2.0,14.67,0.0,281,281,0,0,0,1
2026-06-04,A,A01CN139,CN,12,204.0,204.0,175.33,0.0,28.67,0.0,263,263,0,0,0,1
2026-06-04,A,A01CN117,CN,12,169.0,167.0,167.0,2.0,0.0,0.0,258,258,0,0,0,1
2026-06-04,A,A01CN118,CN,12,204.0,196.0,196.0,8.0,0.0,0.0,256,256,0,0,0,1
2026-06-04,A,A01CN003,CN,12,189.0,185.0,185.0,4.0,0.0,0.0,522,522,0,0,0,1
2026-06-04,A,A01CN044,CN,12,200.0,107.0,53.2,93.0,53.8,0.0,76,76,0,0,0,1
2026-06-04,A,A01CN067,CN,12,189.0,158.0,115.93,31.0,42.07,0.0,188,188,0,0,0,1
2026-06-04,A,A01CN071,CN,12,49.0,45.0,45.0,4.0,0.0,0.0,190,190,0,0,0,1
2026-06-04,A,A01CN079,CN,12,49.0,43.0,43.0,6.0,0.0,0.0,160,160,0,0,0,1
2026-06-04,A,A01CN091,CN,12,189.0,178.0,178.0,11.0,0.0,0.0,486,486,0,0,0,1
2026-06-04,A,A01CN092,CN,12,189.0,136.0,128.03,53.0,7.97,0.0,334,334,0,0,0,1
2026-06-04,A,A01CN102,CN,12,187.0,158.0,110.4,29.0,47.6,0.0,368,368,0,0,0,1
2026-06-04,A,A01CN104,CN,12,186.0,99.0,98.0,87.0,1.0,0.0,196,196,0,0,0,1
2026-06-04,A,A01CN105,CN,12,139.0,81.0,28.0,58.0,53.0,0.0,24,24,0,0,0,1
2026-06-04,A,A01BR007,BR,12,49.0,12.0,12.0,37.0,0.0,0.0,540,540,0,0,0,1
2026-06-04,A,A01TAP14,TA,12,49.0,43.0,43.0,6.0,0.0,0.0,329,329,0,0,0,1
2026-06-04,A,A01VMC18,VM,12,137.0,0.0,0.0,137.0,0.0,0.0,0,0,0,0,0,1
2026-06-04,A,A01VMC07,VM,12,204.0,204.0,161.25,0.0,42.75,0.0,86,86,0,0,0,1
2026-06-04,A,A01HB014,HB,14,124.0,91.0,91.0,33.0,0.0,0.0,209,209,0,0,0,1
2026-06-04,A,A01BR005,BR,16,364.0,316.0,316.0,48.0,0.0,0.0,3664,3664,0,0,0,1
2026-06-04,A,A01CN002,CN,16,379.0,277.0,236.0,102.0,41.0,0.0,236,236,0,0,0,1
2026-06-04,A,A01CN006,CN,16,379.0,279.0,279.0,100.0,0.0,0.0,551,551,0,0,0,1
2026-06-04,A,A01CN008,CN,16,379.0,348.0,276.0,31.0,72.0,0.0,276,276,0,0,0,1
2026-06-04,A,A01CN013,CN,16,379.0,287.0,276.8,92.0,10.2,0.0,1038,1038,0,0,0,1
2026-06-04,A,A01CN025,CN,16,379.0,315.0,315.0,64.0,0.0,0.0,1272,1272,0,0,0,1
2026-06-04,A,A01CN031,CN,16,379.0,345.0,345.0,34.0,0.0,0.0,1338,1338,0,0,0,1
2026-06-04,A,A01CN038,CN,16,377.0,362.0,362.0,15.0,0.0,0.0,1167,1167,0,0,0,1
2026-06-04,A,A01CN039,CN,16,377.0,371.0,371.0,6.0,0.0,0.0,1173,1173,0,0,0,1
2026-06-04,A,A01CN133,CN,16,376.0,318.0,269.97,58.0,48.03,0.0,623,623,0,0,0,1
2026-06-04,A,A01CN090,CN,16,379.0,356.0,356.0,23.0,0.0,0.0,1374,1374,0,0,0,1
2026-06-04,A,A01CN093,CN,16,379.0,207.0,193.0,172.0,14.0,0.0,386,386,0,0,0,1
2026-06-04,A,A01CN094,CN,16,379.0,377.0,230.83,2.0,146.17,0.0,554,554,0,0,0,1
2026-06-04,A,A01CN096,CN,16,379.0,346.0,346.0,33.0,0.0,0.0,782,782,0,0,0,1
2026-06-04,A,A01CN097,CN,16,379.0,282.0,248.42,97.0,33.58,0.0,542,542,0,0,0,1
2026-06-04,A,A01TMC05,TM,16,434.0,403.0,403.0,31.0,0.0,0.0,941,941,0,0,0,1
2026-06-04,A,A01TMC09,TM,16,437.0,417.0,417.0,20.0,0.0,0.0,917,917,0,0,0,1
2026-06-04,A,A01CN101,CN,16,376.0,338.0,326.33,38.0,11.67,0.0,890,890,0,0,0,1
2026-06-04,A,A01CN103,CN,16,376.0,318.0,274.7,58.0,43.3,0.0,402,402,0,0,0,1
2026-06-04,A,A01CN137,CN,16,417.0,404.0,388.8,13.0,15.2,0.0,648,648,0,0,0,1
2026-06-04,A,A01CN028,CN,16,419.0,403.0,403.0,16.0,0.0,0.0,441,441,0,0,0,1
2026-06-04,A,A01TMC02,TM,16,441.0,385.0,385.0,56.0,0.0,0.0,345,345,0,0,0,1
2026-06-04,A,A01TMC03,TM,16,209.0,189.0,189.0,20.0,0.0,0.0,468,468,0,0,0,1
2026-06-04,A,A01TMC07,TM,16,442.0,399.0,399.0,43.0,0.0,0.0,954,954,0,0,0,1
2026-06-04,A,A01VMC05,VM,16,404.0,373.0,366.0,31.0,7.0,1.02,360,359,0,1,1,1
2026-06-04,A,A01TMC08,TM,16,442.0,438.0,438.0,4.0,0.0,0.0,917,917,0,0,0,1
2026-06-04,A,A01CN126,CN,16,409.0,343.0,185.4,66.0,157.6,0.0,618,618,0,0,0,1
2026-06-04,A,A01CN016,CN,16,394.0,182.0,152.67,212.0,29.33,0.0,458,458,0,0,0,1
2026-06-04,A,A01CN087,CN,16,404.0,311.0,225.4,93.0,85.6,0.0,483,483,0,0,0,1
2026-06-04,A,A01HB003,HB,16,349.0,343.0,343.0,6.0,0.0,0.0,756,756,0,0,0,1
2026-06-04,A,A01HB004,HB,16,349.0,279.0,228.67,70.0,50.33,0.0,560,560,0,0,0,1
2026-06-04,A,A01HB007,HB,16,349.0,341.0,341.0,8.0,0.0,0.0,872,872,0,0,0,1
2026-06-04,A,A01HB008,HB,16,244.0,236.0,218.57,8.0,17.43,0.0,474,474,0,0,0,1
2026-06-04,A,A01HB009,HB,16,349.0,343.0,335.83,6.0,7.17,0.0,910,910,0,0,0,1
2026-06-04,A,A01CN114,CN,16,394.0,342.0,157.73,52.0,184.27,0.0,364,364,0,0,0,1
2026-06-04,A,A01CN128,CN,16,394.0,383.0,370.0,11.0,13.0,0.0,600,600,0,0,0,1
2026-06-04,A,A01HB006,HB,17,389.0,324.0,195.87,65.0,128.13,0.0,520,520,0,0,0,1
2026-06-04,A,A01CN115,CN,17,349.0,148.0,122.77,201.0,25.23,0.0,127,127,0,0,0,1
2026-06-04,A,A01CN123,CN,17,349.0,312.0,279.3,37.0,32.7,0.0,798,798,0,0,0,1
2026-06-04,A,A01CN049,CN,17,329.0,242.0,199.13,87.0,42.87,0.0,206,206,0,0,0,1
2026-06-04,A,A01CN052,CN,17,329.0,102.0,64.77,227.0,37.23,0.0,67,67,0,0,0,1
2026-06-04,A,A01CN027,CN,17,479.0,470.0,462.92,9.0,7.08,0.0,505,505,0,0,0,1
2026-06-04,A,A01CN045,CN,17,464.0,434.0,385.0,30.0,49.0,0.0,660,660,0,0,0,1
2026-06-04,A,A01TMC04,TM,17,499.0,491.0,491.0,8.0,0.0,0.0,568,568,0,0,0,1
2026-06-04,A,A01TMC06,TM,17,499.0,494.0,490.0,5.0,4.0,0.0,700,700,0,0,0,1
2026-06-04,A,A01TMC10,TM,17,502.0,496.0,496.0,6.0,0.0,0.0,499,499,0,0,0,1
2026-06-04,A,A01CN116,CN,17,479.0,429.0,324.8,50.0,104.2,0.0,406,406,0,0,0,1
2026-06-04,A,A01CN100,CN,17,482.0,473.0,473.0,9.0,0.0,0.0,434,434,0,0,0,1
2026-06-04,A,A01CN053,CN,17,419.0,371.0,337.2,48.0,33.8,0.0,1124,1124,0,0,0,1
2026-06-04,A,A01CN054,CN,17,419.0,349.0,329.0,70.0,20.0,0.0,987,987,0,0,0,1
2026-06-04,A,A01CN055,CN,17,419.0,382.0,364.67,37.0,17.33,0.0,1094,1094,0,0,0,1
2026-06-04,A,A01CN056,CN,17,419.0,336.0,336.0,83.0,0.0,0.0,1122,1122,0,0,0,1
2026-06-04,A,A01CN057,CN,17,419.0,325.0,305.1,94.0,19.9,0.0,1017,1017,0,0,0,1
2026-06-04,A,A01CN058,CN,17,419.0,351.0,329.33,68.0,21.67,0.67,988,986,0,2,2,1
2026-06-04,A,A01CN059,CN,17,419.0,392.0,380.0,27.0,12.0,0.0,1140,1140,0,0,0,1
2026-06-04,A,A01CN060,CN,17,419.0,350.0,295.5,69.0,54.5,0.0,985,985,0,0,0,1
2026-06-04,A,A01CN072,CN,17,419.0,375.0,317.1,44.0,57.9,0.6,1057,1055,0,2,2,1
2026-06-04,A,A01CN076,CN,17,419.0,354.0,307.8,65.0,46.2,0.0,1026,1026,0,0,0,1
2026-06-04,A,A01CN077,CN,17,419.0,368.0,212.7,51.0,155.3,0.0,709,709,0,0,0,1
2026-06-04,A,A01HB001,HB,17,162.0,157.0,120.13,5.0,36.87,0.0,318,318,0,0,0,1
2026-06-04,A,A01HB002,HB,17,161.0,136.0,85.8,25.0,50.2,0.0,198,198,0,0,0,1
2026-06-04,A,A01HB005,HB,17,409.0,401.0,386.47,8.0,14.53,0.0,1496,1496,0,0,0,1
2026-06-04,A,A01HB006,HB,17,19.0,9.0,5.17,10.0,3.83,0.0,12,12,0,0,0,1
2026-06-04,A,A01HB010,HB,17,339.0,332.0,297.08,7.0,34.92,0.0,690,690,0,0,0,1
2026-06-04,A,A01HB011,HB,17,409.0,401.0,383.17,8.0,17.83,0.0,2090,2090,0,0,0,1
2026-06-04,A,A01HB012,HB,17,409.0,113.0,113.0,296.0,0.0,0.0,750,750,0,0,0,1
2026-06-04,A,A01HB013,HB,17,464.0,432.0,432.0,32.0,0.0,0.0,741,741,0,0,0,1
2026-06-04,A,A01HB015,HB,17,359.0,286.0,179.9,73.0,106.1,0.0,224,224,0,0,0,1
2026-06-04,A,A01HB017,HB,17,409.0,349.0,299.67,60.0,49.33,0.0,696,696,0,0,0,1
2026-06-04,A,A01HB023,HB,17,449.0,449.0,449.0,0.0,0.0,0.0,572,572,0,0,0,1
2026-06-04,A,A01CN073,CN,17,429.0,327.0,231.0,102.0,96.0,0.0,693,693,0,0,0,1
2026-06-04,A,A01CN007,CN,18,479.0,347.0,255.5,132.0,91.5,0.0,511,511,0,0,0,1
2026-06-04,A,A01CN014,CN,18,484.0,421.0,421.0,63.0,0.0,0.0,1570,1570,0,0,0,1
2026-06-04,A,A01CN015,CN,18,484.0,429.0,429.0,55.0,0.0,0.0,1552,1552,0,0,0,1
2026-06-04,A,A01CN021,CN,18,484.0,437.0,437.0,47.0,0.0,0.0,1412,1412,0,0,0,1
2026-06-04,A,A01CN022,CN,18,484.0,432.0,432.0,52.0,0.0,0.0,1525,1525,0,0,0,1
2026-06-04,A,A01CN023,CN,18,484.0,434.0,434.0,50.0,0.0,0.0,1397,1397,0,0,0,1
2026-06-04,A,A01CN026,CN,18,484.0,422.0,422.0,62.0,0.0,0.0,1382,1382,0,0,0,1
2026-06-04,A,A01CN029,CN,18,479.0,379.0,379.0,100.0,0.0,0.0,1048,1048,0,0,0,1
2026-06-04,A,A01CN042,CN,18,492.0,298.0,287.1,194.0,10.9,0.0,522,522,0,0,0,1
2026-06-04,A,A01CN078,CN,18,479.0,307.0,280.5,172.0,26.5,0.0,935,935,0,0,0,1
2026-06-04,A,A01CN080,CN,18,479.0,376.0,376.0,103.0,0.0,0.0,1162,1162,0,0,0,1
2026-06-04,A,A01CN088,CN,18,479.0,396.0,319.2,83.0,76.8,0.0,399,399,0,0,0,1
2026-06-04,A,A01CN089,CN,18,479.0,390.0,390.0,89.0,0.0,0.0,510,510,0,0,0,1
2026-06-04,A,A01CN106,CN,18,479.0,389.0,183.77,90.0,205.23,0.0,298,298,0,0,0,1
2026-06-04,A,A01CN107,CN,18,484.0,412.0,350.4,72.0,61.6,0.0,438,438,0,0,0,1
2026-06-04,A,A01CN113,CN,18,484.0,251.0,166.67,233.0,84.33,0.0,200,200,0,0,0,1
2026-06-04,A,A01CN112,CN,18,223.0,94.0,69.0,129.0,25.0,0.0,69,69,0,0,0,1
2026-06-04,A,A01CN081,CN,18,529.0,400.0,367.0,129.0,33.0,1.0,367,366,1,0,1,1
2026-06-04,A,A01CN124,CN,18,524.0,318.0,166.4,206.0,151.6,0.0,384,384,0,0,0,1
2026-06-04,A,A01CN125,CN,18,524.0,511.0,0.0,13.0,511.0,0.0,0,0,0,0,0,1
2026-06-04,A,A01CN130,CN,18,522.0,0.0,0.0,522.0,0.0,0.0,0,0,0,0,0,1
2026-06-04,A,A01CN131,CN,18,522.0,438.0,261.47,84.0,176.53,0.62,424,423,0,1,1,1
2026-06-04,A,A01CN132,CN,18,522.0,38.0,20.97,484.0,17.03,0.0,34,34,0,0,0,1
2026-06-04,A,A01CN001,CN,18,534.0,520.0,451.0,14.0,69.0,0.0,451,451,0,0,0,1
2026-06-04,A,A01CN005,CN,18,508.0,470.0,409.5,38.0,60.5,0.0,546,546,0,0,0,1
2026-06-04,A,A01CN018,CN,18,534.0,500.0,432.0,34.0,68.0,0.0,576,576,0,0,0,1
2026-06-04,A,A01CN024,CN,18,504.0,454.0,454.0,50.0,0.0,0.0,613,613,0,0,0,1
2026-06-04,A,A01CN030,CN,18,534.0,504.0,480.0,30.0,24.0,0.0,480,480,0,0,0,1
2026-06-04,A,A01CN041,CN,18,504.0,478.0,401.25,26.0,76.75,0.0,535,535,0,0,0,1
2026-06-04,A,A01CN046,CN,18,524.0,501.0,400.17,23.0,100.83,0.0,686,686,0,0,0,1
2026-06-04,A,A01CN047,CN,18,524.0,470.0,425.83,54.0,44.17,0.0,730,730,0,0,0,1
2026-06-04,A,A01CN048,CN,18,524.0,479.0,444.5,45.0,34.5,0.0,762,762,0,0,0,1
2026-06-04,A,A01CN050,CN,18,524.0,497.0,453.83,27.0,43.17,1.17,778,776,0,2,2,1
2026-06-04,A,A01CN051,CN,18,523.0,478.0,472.5,45.0,5.5,0.0,810,810,0,0,0,1
2026-06-04,A,A01CN062,CN,18,524.0,497.0,460.83,27.0,36.17,0.0,790,790,0,0,0,1
2026-06-04,A,A01CN065,CN,18,504.0,451.0,336.0,53.0,115.0,0.0,448,448,0,0,0,1
2026-06-04,A,A01CN068,CN,18,524.0,460.0,414.17,64.0,45.83,0.0,710,710,0,0,0,1
2026-06-04,A,A01CN074,CN,18,519.0,498.0,498.0,21.0,0.0,0.0,704,704,0,0,0,1
2026-06-04,A,A01CN075,CN,18,519.0,486.0,457.33,33.0,28.67,0.58,784,783,0,1,1,1
2026-06-04,A,A01CN085,CN,18,509.0,491.0,441.6,18.0,49.4,0.0,414,414,0,0,0,1
2026-06-04,A,A01CN086,CN,18,519.0,463.0,409.47,56.0,53.53,0.0,592,592,0,0,0,1
2026-06-04,A,A01CN098,CN,18,504.0,194.0,194.0,310.0,0.0,0.0,346,346,0,0,0,1
2026-06-04,A,A01CN099,CN,18,504.0,444.0,414.0,60.0,30.0,0.0,414,414,0,0,0,1
2026-06-04,A,A01HB020,HB,18,454.0,246.0,167.92,208.0,78.08,0.0,390,390,0,0,0,1
2026-06-04,A,A01VMC03,VM,18,522.0,491.0,410.0,31.0,81.0,0.0,1640,1640,0,0,0,1
2026-06-04,A,A01VMC09,VM,18,518.0,505.0,505.0,13.0,0.0,0.0,1605,1605,0,0,0,1
2026-06-04,A,A01VMC10,VM,18,275.0,275.0,226.67,0.0,48.33,0.0,1360,1360,0,0,0,1
2026-06-04,A,A01VMC11,VM,18,518.0,491.0,375.25,27.0,115.75,0.32,1185,1184,1,0,1,1
2026-06-04,A,A01VMC12,VM,18,548.0,518.0,508.25,30.0,9.75,0.0,1605,1605,0,0,0,1
2026-06-04,A,A01VMC16,VM,18,515.0,493.0,468.0,22.0,25.0,0.0,1560,1560,0,0,0,1
2026-06-04,A,A01CN019,CN,18,519.0,519.0,350.35,0.0,168.65,0.0,539,539,0,0,0,1
2026-06-04,A,A01CN020,CN,18,519.0,402.0,278.0,117.0,124.0,0.0,556,556,0,0,0,1
2026-06-04,U,A01CN064,CN,18,0.0,0.0,0.0,0.0,0.0,0.0,90,90,0,0,0,0
2026-06-04,A,A01CN108,CN,18,519.0,485.0,380.0,34.0,105.0,0.0,380,380,0,0,0,1
2026-06-04,A,A01CN111,CN,18,519.0,462.0,312.0,57.0,150.0,0.0,416,416,0,0,0,1
2026-06-04,A,A01CN127,CN,18,524.0,502.0,0.0,22.0,502.0,0.0,0,0,0,0,0,1
2026-06-04,A,A01VMC15,VM,18,523.0,507.0,445.5,16.0,61.5,0.0,1485,1485,0,0,0,1
2026-06-04,B,A01CN054,CN,20,46.0,21.0,21.0,25.0,0.0,0.0,78,78,0,0,0,1
2026-06-04,B,A01CN056,CN,20,46.0,26.0,25.5,20.0,0.5,0.6,85,83,2,0,2,1
2026-06-04,B,A01CN124,CN,20,46.0,44.0,43.33,2.0,0.67,0.0,100,100,0,0,0,1
2026-06-04,B,A01CN127,CN,20,46.0,0.0,0.0,46.0,0.0,0.0,0,0,0,0,0,1
2026-06-04,B,A01CN130,CN,20,46.0,0.0,0.0,46.0,0.0,0.0,0,0,0,0,0,1
2026-06-04,B,A01CN131,CN,20,46.0,35.0,35.0,11.0,0.0,1.06,66,64,0,2,2,1
2026-06-04,B,A01VMC07,VM,21,71.0,22.0,22.0,49.0,0.0,0.0,12,12,0,0,0,1
2026-06-04,A,A01CN066,CN,21,507.0,418.76,418.76,88.24,0.0,0.0,4260,4260,0,0,0,1
2026-06-04,A,A01CN066,CN,21,507.0,418.76,418.76,88.24,0.0,0.0,4260,4260,0,0,0,1
2026-06-04,B,A01CN125,CN,21,48.0,0.0,0.0,48.0,0.0,0.0,0,0,0,0,0,1
2026-06-04,B,A01CN126,CN,21,48.0,0.0,0.0,48.0,0.0,0.0,0,0,0,0,0,1
2026-06-04,B,A01CN049,CN,21,93.0,90.0,87.0,3.0,3.0,0.0,87,87,0,0,0,1
2026-06-04,B,A01CN006,CN,22,121.0,117.0,117.0,4.0,0.0,0.0,233,233,0,0,0,1
2026-06-04,B,A01CN031,CN,22,121.0,115.0,115.0,6.0,0.0,0.0,483,483,0,0,0,1
2026-06-04,B,A01TMC01,TM,22,171.0,157.0,157.0,14.0,0.0,4.19,150,146,2,2,4,1
2026-06-04,B,A01TMC02,TM,22,171.0,164.0,159.85,7.0,4.15,0.0,139,139,0,0,0,1
2026-06-04,B,A01VMC05,VM,22,94.0,68.0,68.0,26.0,0.0,0.0,96,96,0,0,0,1
2026-06-04,B,A01CN061,CN,22,113.0,106.0,106.0,7.0,0.0,0.0,152,152,0,0,0,1
2026-06-04,B,A01CN025,CN,22,141.0,135.0,135.0,6.0,0.0,0.0,633,633,0,0,0,1
2026-06-04,B,A01CN038,CN,23,141.0,80.0,80.0,61.0,0.0,0.0,291,291,0,0,0,1
2026-06-04,B,A01CN039,CN,23,141.0,114.0,114.0,27.0,0.0,0.0,450,450,0,0,0,1
2026-06-04,B,A01CN120,CN,23,190.0,133.0,133.0,57.0,0.0,0.0,198,198,0,0,0,1
2026-06-04,B,A01CN002,CN,23,221.0,192.0,192.0,29.0,0.0,0.0,201,201,0,0,0,1
2026-06-04,B,A01CN013,CN,23,168.0,112.0,112.0,56.0,0.0,0.0,573,573,0,0,0,1
2026-06-04,B,A01CN090,CN,23,158.0,118.0,118.0,40.0,0.0,0.0,558,558,0,0,0,1
2026-06-04,B,A01CN091,CN,23,191.0,156.0,156.0,35.0,0.0,0.0,510,510,0,0,0,1
2026-06-04,B,A01CN092,CN,23,201.0,194.0,98.52,7.0,95.48,0.0,257,257,0,0,0,1
2026-06-04,B,A01CN094,CN,23,201.0,195.0,124.17,6.0,70.83,0.0,298,298,0,0,0,1
2026-06-04,B,A01CN101,CN,23,201.0,197.0,197.0,4.0,0.0,0.0,580,580,0,0,0,1
2026-06-04,B,A01CN104,CN,23,201.0,163.0,163.0,38.0,0.0,0.0,326,326,0,0,0,1
2026-06-04,B,A01CN008,CN,1,301.0,253.0,253.0,48.0,0.0,0.0,320,320,0,0,0,1
2026-06-04,B,A01CN063,CN,1,320.0,228.0,195.73,92.0,32.27,1.07,367,365,2,0,2,1
2026-06-04,B,A01CN121,CN,1,318.0,228.0,228.0,90.0,0.0,0.0,324,324,0,0,0,1
2026-06-04,B,A01CN028,CN,2,431.0,405.0,404.25,26.0,0.75,0.0,441,441,0,0,0,1
2026-06-04,B,A01CN133,CN,2,361.0,274.0,251.33,87.0,22.67,0.0,580,580,0,0,0,1
2026-06-04,B,A01CN122,CN,2,239.0,229.0,209.73,10.0,19.27,0.0,484,484,0,0,0,1
2026-06-04,B,A01TMC05,TM,2,444.0,385.0,385.0,59.0,0.0,0.0,949,949,0,0,0,1
2026-06-04,B,A01TMC07,TM,2,426.0,358.0,358.0,68.0,0.0,0.0,906,906,0,0,0,1
2026-06-04,B,A01TMC09,TM,2,426.0,416.0,416.0,10.0,0.0,0.0,950,950,0,0,0,1
2026-06-04,B,A01TMC08,TM,2,426.0,413.0,413.0,13.0,0.0,0.0,897,897,0,0,0,1
2026-06-04,B,A01CN139,CN,2,421.0,0.0,0.0,421.0,0.0,0.0,0,0,0,0,0,1
2026-06-04,B,A01CN115,CN,2,239.0,200.0,200.0,39.0,0.0,0.0,207,207,0,0,0,1
2026-06-04,B,A01CN137,CN,2,353.0,311.0,311.0,42.0,0.0,0.0,540,540,0,0,0,1
2026-06-04,B,A01CN123,CN,2,239.0,239.0,239.0,0.0,0.0,0.0,728,728,0,0,0,1
2026-06-04,B,A01CN003,CN,3,381.0,376.0,376.0,5.0,0.0,1.41,1064,1060,2,2,4,1
2026-06-04,B,A01CN007,CN,3,329.0,247.0,247.0,82.0,0.0,0.0,521,521,0,0,0,1
2026-06-04,B,A01CN044,CN,3,416.0,283.0,130.9,133.0,152.1,0.0,187,187,0,0,0,1
2026-06-04,B,A01CN078,CN,3,78.0,43.0,38.1,35.0,4.9,0.0,127,127,0,0,0,1
2026-06-04,B,A01CN080,CN,3,329.0,258.0,233.33,71.0,24.67,0.0,700,700,0,0,0,1
2026-06-04,B,A01CN083,CN,3,343.0,212.0,190.0,131.0,22.0,0.0,1140,1140,0,0,0,1
2026-06-04,B,A01CN084,CN,3,333.0,194.0,194.0,139.0,0.0,0.0,1290,1290,0,0,0,1
2026-06-04,B,A01CN097,CN,3,381.0,371.0,371.0,10.0,0.0,0.0,814,814,0,0,0,1
2026-06-04,B,A01HB025,HB,3,448.0,418.0,418.0,30.0,0.0,0.0,612,612,0,0,0,1
2026-06-04,B,A01BR007,BR,3,334.0,216.0,216.0,118.0,0.0,0.0,1658,1658,0,0,0,1
2026-06-04,B,A01HB024,HB,3,334.0,114.0,47.9,220.0,66.1,0.0,66,66,0,0,0,1
2026-06-04,B,A01CN114,CN,3,334.0,312.0,172.47,22.0,139.53,0.0,398,398,0,0,0,1
2026-06-04,B,A01CN053,CN,3,426.0,396.0,396.0,30.0,0.0,0.0,1341,1341,0,0,0,1
2026-06-04,B,A01CN055,CN,3,426.0,383.0,383.0,43.0,0.0,0.0,1187,1187,0,0,0,1
2026-06-04,B,A01CN057,CN,3,426.0,398.0,398.0,28.0,0.0,0.0,1346,1346,0,0,0,1
2026-06-04,B,A01CN059,CN,3,426.0,395.0,395.0,31.0,0.0,0.0,1240,1240,0,0,0,1
2026-06-04,B,A01CN027,CN,3,491.0,482.0,474.83,9.0,7.17,0.0,518,518,0,0,0,1
2026-06-04,B,A01TMC03,TM,4,299.0,281.0,281.0,18.0,0.0,0.0,669,669,0,0,0,1
2026-06-04,B,A01HB002,HB,4,369.0,361.0,361.0,8.0,0.0,0.0,948,948,0,0,0,1
2026-06-04,B,A01HB001,HB,4,486.0,479.0,479.0,7.0,0.0,0.0,1350,1350,0,0,0,1
2026-06-04,B,A01HB003,HB,4,486.0,478.0,462.03,8.0,15.97,0.0,996,996,0,0,0,1
2026-06-04,B,A01HB004,HB,4,486.0,475.0,369.13,11.0,105.87,0.0,904,904,0,0,0,1
2026-06-04,B,A01HB005,HB,4,486.0,474.0,390.6,12.0,83.4,0.0,1512,1512,0,0,0,1
2026-06-04,B,A01HB006,HB,4,486.0,476.0,307.42,10.0,168.58,0.0,714,714,0,0,0,1
2026-06-04,B,A01HB007,HB,4,486.0,414.0,315.15,72.0,98.85,0.0,764,764,0,0,0,1
2026-06-04,B,A01HB008,HB,4,266.0,261.0,230.03,5.0,30.97,0.0,721,721,0,0,0,1
2026-06-04,B,A01HB009,HB,4,486.0,480.0,480.0,6.0,0.0,0.0,1372,1372,0,0,0,1
2026-06-04,B,A01HB010,HB,4,486.0,479.0,479.0,7.0,0.0,1.65,1164,1160,2,2,4,1
2026-06-04,B,A01HB011,HB,4,486.0,482.0,482.0,4.0,0.0,0.0,2720,2720,0,0,0,1
2026-06-04,B,A01HB012,HB,4,486.0,144.0,144.0,342.0,0.0,0.0,780,780,0,0,0,1
2026-06-04,B,A01HB017,HB,4,486.0,475.0,475.0,11.0,0.0,0.0,1110,1110,0,0,0,1
2026-06-04,B,A01HB020,HB,4,486.0,475.0,475.0,11.0,0.0,0.0,1176,1176,0,0,0,1
2026-06-04,B,A01CN014,CN,5,454.0,452.0,452.0,2.0,0.0,0.0,1655,1655,0,0,0,1
2026-06-04,B,A01CN015,CN,5,453.0,453.0,453.0,0.0,0.0,0.0,1639,1639,0,0,0,1
2026-06-04,B,A01CN021,CN,5,453.0,436.0,436.0,17.0,0.0,0.0,1409,1409,0,0,0,1
2026-06-04,B,A01CN022,CN,5,449.0,419.0,419.0,30.0,0.0,0.0,1529,1529,0,0,0,1
2026-06-04,B,A01CN023,CN,5,411.0,408.0,408.0,3.0,0.0,0.0,1346,1346,0,0,0,1
2026-06-04,B,A01CN026,CN,5,449.0,447.0,447.0,2.0,0.0,0.0,1439,1439,0,0,0,1
2026-06-04,B,A01CN029,CN,5,449.0,174.0,174.0,275.0,0.0,0.0,366,366,0,0,0,1
2026-06-04,B,A01CN067,CN,5,449.0,292.0,167.12,157.0,124.88,0.0,271,271,0,0,0,1
2026-06-04,B,A01CN071,CN,5,449.0,438.0,438.0,11.0,0.0,0.0,1616,1616,0,0,0,1
2026-06-04,B,A01CN088,CN,5,419.0,323.0,216.0,96.0,107.0,0.0,270,270,0,0,0,1
2026-06-04,B,A01CN105,CN,5,447.0,230.0,88.67,217.0,141.33,0.0,76,76,0,0,0,1
2026-06-04,B,A01CN106,CN,5,447.0,386.0,189.32,61.0,196.68,0.0,307,307,0,0,0,1
2026-06-04,B,A01CN107,CN,5,454.0,265.0,176.8,189.0,88.2,0.0,221,221,0,0,0,1
2026-06-04,B,A01BR005,BR,5,454.0,318.0,318.0,136.0,0.0,0.0,4416,4416,0,0,0,1
2026-06-04,B,A01HB021,HB,5,589.0,553.0,531.7,36.0,21.3,0.0,468,468,0,0,0,1
2026-06-04,B,A01VMC15,VM,5,536.0,521.0,486.0,15.0,35.0,0.0,1620,1620,0,0,0,1
2026-06-04,B,A01CN113,CN,5,454.0,295.0,295.0,159.0,0.0,0.0,363,363,0,0,0,1
2026-06-04,B,A01CN072,CN,5,546.0,528.0,473.4,18.0,54.6,0.6,1578,1576,0,2,2,1
2026-06-04,B,A01CN073,CN,5,546.0,514.0,479.0,32.0,35.0,0.0,1437,1437,0,0,0,1
2026-06-04,B,A01CN076,CN,5,546.0,498.0,486.3,48.0,11.7,0.0,1621,1621,0,0,0,1
2026-06-04,B,A01CN077,CN,5,546.0,452.0,452.0,94.0,0.0,0.0,1553,1553,0,0,0,1
2026-06-04,B,A01CN070,CN,5,249.0,230.0,173.0,19.0,57.0,0.0,173,173,0,0,0,1
2026-06-04,B,A01HB022,HB,5,598.0,530.0,530.0,68.0,0.0,0.0,528,528,0,0,0,1
2026-06-04,B,A01CN019,CN,5,489.0,489.0,358.15,0.0,130.85,0.0,551,551,0,0,0,1
2026-06-04,B,A01CN064,CN,5,485.0,297.0,203.0,188.0,94.0,0.0,203,203,0,0,0,1
2026-06-04,B,A01CN108,CN,5,489.0,453.0,374.0,36.0,79.0,0.0,374,374,0,0,0,1
2026-06-04,B,A01CN111,CN,5,489.0,445.0,409.5,44.0,35.5,0.0,546,546,0,0,0,1
2026-06-04,B,A01CN058,CN,5,546.0,517.0,510.67,29.0,6.33,0.33,1532,1531,0,1,1,1
2026-06-04,B,A01CN060,CN,5,546.0,471.0,425.1,75.0,45.9,0.0,1417,1417,0,0,0,1
2026-06-04,B,A01TMC10,TM,5,601.0,39.0,39.0,562.0,0.0,0.0,49,49,0,0,0,1
2026-06-04,B,A01CN098,CN,6,513.0,337.0,322.0,176.0,15.0,0.0,322,322,0,0,0,1
2026-06-04,B,A01HB013,HB,6,511.0,464.0,464.0,47.0,0.0,0.0,817,817,0,0,0,1
2026-06-04,B,A01HB016,HB,6,619.0,572.0,572.0,47.0,0.0,0.0,1750,1750,0,0,0,1
2026-06-04,B,A01CN001,CN,6,581.0,467.0,467.0,114.0,0.0,0.0,494,494,0,0,0,1
2026-06-04,B,A01CN005,CN,6,649.0,531.0,531.0,118.0,0.0,0.0,719,719,0,0,0,1
2026-06-04,B,A01CN017,CN,6,543.0,397.0,397.0,146.0,0.0,0.0,561,561,0,0,0,1
2026-06-04,B,A01CN018,CN,6,543.0,460.0,460.0,83.0,0.0,0.0,655,655,0,0,0,1
2026-06-04,B,A01CN024,CN,6,543.0,419.0,418.5,124.0,0.5,0.0,558,558,0,0,0,1
2026-06-04,B,A01CN030,CN,6,543.0,447.0,437.0,96.0,10.0,0.0,437,437,0,0,0,1
2026-06-04,B,A01CN041,CN,6,543.0,432.0,432.0,111.0,0.0,0.0,667,667,0,0,0,1
2026-06-04,B,A01CN065,CN,6,543.0,352.0,352.0,191.0,0.0,0.0,546,546,0,0,0,1
2026-06-04,B,A01CN081,CN,6,543.0,459.0,459.0,84.0,0.0,0.0,510,510,0,0,0,1
2026-06-04,B,A01CN085,CN,6,558.0,490.0,490.0,68.0,0.0,0.0,480,480,0,0,0,1
2026-06-04,B,A01CN099,CN,6,553.0,472.0,469.0,81.0,3.0,0.0,469,469,0,0,0,1
2026-06-04,B,A01CN112,CN,6,544.0,326.0,314.0,218.0,12.0,0.0,314,314,0,0,0,1
2026-06-04,B,A01TMC04,TM,6,684.0,615.0,613.6,69.0,1.4,0.0,708,708,0,0,0,1
2026-06-04,B,A01TMC06,TM,6,684.0,603.0,603.0,81.0,0.0,0.0,877,877,0,0,0,1
2026-06-04,B,A01CN042,CN,7,656.0,553.0,460.9,103.0,92.1,0.0,838,838,0,0,0,1
2026-06-04,B,A01CN045,CN,7,666.0,493.0,373.33,173.0,119.67,0.0,640,640,0,0,0,1
2026-06-04,B,A01CN046,CN,7,656.0,447.0,360.5,209.0,86.5,0.0,618,618,0,0,0,1
2026-06-04,B,A01CN047,CN,7,656.0,584.0,501.67,72.0,82.33,0.0,860,860,0,0,0,1
2026-06-04,B,A01CN048,CN,7,651.0,543.0,543.0,108.0,0.0,0.0,938,938,0,0,0,1
2026-06-04,B,A01CN050,CN,7,661.0,605.0,530.83,56.0,74.17,0.0,910,910,0,0,0,1
2026-06-04,B,A01CN051,CN,7,646.0,513.0,513.0,133.0,0.0,0.0,952,952,0,0,0,1
2026-06-04,B,A01CN062,CN,7,661.0,224.0,215.83,437.0,8.17,0.0,370,370,0,0,0,1
2026-06-04,B,A01CN068,CN,7,651.0,547.0,547.0,104.0,0.0,1.15,954,952,2,0,2,1
2026-06-04,B,A01CN074,CN,7,661.0,563.0,563.0,98.0,0.0,1.46,769,767,0,2,2,1
2026-06-04,B,A01CN075,CN,7,656.0,552.0,537.83,104.0,14.17,0.0,922,922,0,0,0,1
2026-06-04,B,A01HB014,HB,7,679.0,605.0,605.0,74.0,0.0,0.0,1026,1026,0,0,0,1
2026-06-04,B,A01VMC03,VM,7,661.0,599.0,580.0,62.0,19.0,0.0,2320,2320,0,0,0,1
2026-06-04,B,A01VMC09,VM,7,660.0,501.0,422.75,159.0,78.25,0.0,1335,1335,0,0,0,1
2026-06-04,B,A01VMC10,VM,7,656.0,66.0,66.0,590.0,0.0,0.0,440,440,0,0,0,1
2026-06-04,B,A01VMC11,VM,7,661.0,599.0,599.0,62.0,0.0,0.0,1905,1905,0,0,0,1
2026-06-04,B,A01VMC12,VM,7,660.0,583.0,574.75,77.0,8.25,0.32,1815,1814,1,0,1,1
2026-06-04,B,A01HB023,HB,7,688.0,505.0,300.62,183.0,204.38,0.0,374,374,0,0,0,1
2026-06-04,B,A01VMC16,VM,7,641.0,532.0,499.5,109.0,32.5,0.0,1665,1665,0,0,0,1
2026-06-05,A,A01CN083,CN,11,134.0,123.0,123.0,11.0,0.0,0.0,830,830,0,0,0,1
2026-06-05,A,A01TMC03,TM,11,51.0,44.0,44.0,7.0,0.0,0.0,125,125,0,0,0,1
2026-06-05,A,A01TMC01,TM,12,217.0,215.0,215.0,2.0,0.0,0.0,215,215,0,0,0,1
2026-06-05,A,A01HB025,HB,12,174.0,174.0,172.67,0.0,1.33,0.0,238,238,0,0,0,1
2026-06-05,A,A01TRP35,TR,12,109.0,1.0,0.0,108.0,1.0,0.0,0,0,0,0,0,1
2026-06-05,A,A01HB016,HB,12,204.0,137.0,116.8,67.0,20.2,0.0,336,336,0,0,0,1
2026-06-05,A,A01CN138,CN,12,204.0,36.0,27.33,168.0,8.67,0.0,41,41,0,0,0,1
2026-06-05,A,A01CN139,CN,12,204.0,0.0,0.0,204.0,0.0,0.0,12,12,0,0,0,1
2026-06-05,A,A01CN117,CN,12,169.0,157.0,153.27,12.0,3.73,0.0,209,209,0,0,0,1
2026-06-05,A,A01CN118,CN,12,204.0,182.0,171.73,22.0,10.27,0.0,224,224,0,0,0,1
2026-06-05,A,A01CN003,CN,12,119.0,87.0,80.83,32.0,6.17,0.0,194,194,0,0,0,1
2026-06-05,A,A01CN007,CN,12,179.0,159.0,159.0,20.0,0.0,0.0,319,319,0,0,0,1
2026-06-05,A,A01CN018,CN,12,224.0,210.0,186.0,14.0,24.0,0.0,248,248,0,0,0,1
2026-06-05,A,A01CN067,CN,12,179.0,125.0,88.18,54.0,36.82,0.0,143,143,0,0,0,1
2026-06-05,A,A01CN071,CN,12,189.0,185.0,185.0,4.0,0.0,0.0,713,713,0,0,0,1
2026-06-05,A,A01CN079,CN,12,189.0,177.0,177.0,12.0,0.0,0.0,675,675,0,0,0,1
2026-06-05,A,A01CN091,CN,12,119.0,113.0,113.0,6.0,0.0,0.0,318,318,0,0,0,1
2026-06-05,A,A01CN095,CN,12,119.0,80.0,80.0,39.0,0.0,0.0,421,421,0,0,0,1
2026-06-05,A,A01CN102,CN,12,119.0,77.0,50.1,42.0,26.9,0.0,167,167,0,0,0,1
2026-06-05,A,A01CN104,CN,12,119.0,85.0,65.0,34.0,20.0,0.0,130,130,0,0,0,1
2026-06-05,A,A01CN105,CN,12,179.0,94.0,38.5,85.0,55.5,0.0,33,33,0,0,0,1
2026-06-05,A,A01BR007,BR,12,49.0,30.0,30.0,19.0,0.0,0.0,240,240,0,0,0,1
2026-06-05,A,A01TAP14,TA,12,49.0,40.0,40.0,9.0,0.0,0.0,242,242,0,0,0,1
2026-06-05,A,A01BR005,BR,16,359.0,288.0,288.0,71.0,0.0,0.0,3696,3696,0,0,0,1
2026-06-05,A,A01CN064,CN,16,419.0,406.0,334.0,13.0,72.0,0.0,334,334,0,0,0,1
2026-06-05,A,A01CN111,CN,16,109.0,93.0,74.25,16.0,18.75,0.0,99,99,0,0,0,1
2026-06-05,A,A01CN002,CN,16,309.0,207.0,153.0,102.0,54.0,0.0,153,153,0,0,0,1
2026-06-05,A,A01CN004,CN,16,309.0,289.0,289.0,20.0,0.0,0.0,398,398,0,0,0,1
2026-06-05,A,A01CN006,CN,16,309.0,229.0,229.0,80.0,0.0,0.0,447,447,0,0,0,1
2026-06-05,A,A01CN008,CN,16,309.0,284.0,239.0,25.0,45.0,0.0,239,239,0,0,0,1
2026-06-05,A,A01CN013,CN,16,309.0,101.0,40.8,208.0,60.2,0.0,153,153,0,0,0,1
2026-06-05,A,A01CN025,CN,16,309.0,298.0,298.0,11.0,0.0,0.0,1245,1245,0,0,0,1
2026-06-05,A,A01CN031,CN,16,309.0,285.0,285.0,24.0,0.0,0.0,1107,1107,0,0,0,1
2026-06-05,A,A01CN038,CN,16,309.0,300.0,289.75,9.0,10.25,0.95,915,912,0,3,3,1
2026-06-05,A,A01CN039,CN,16,309.0,305.0,305.0,4.0,0.0,0.0,996,996,0,0,0,1
2026-06-05,A,A01CN090,CN,16,309.0,292.0,284.0,17.0,8.0,0.0,1065,1065,0,0,0,1
2026-06-05,A,A01CN092,CN,16,161.0,160.0,160.0,1.0,0.0,0.0,546,546,0,0,0,1
2026-06-05,A,A01CN094,CN,16,309.0,275.0,172.5,34.0,102.5,0.0,414,414,0,0,0,1
2026-06-05,A,A01CN096,CN,16,162.0,162.0,162.0,0.0,0.0,0.0,414,414,0,0,0,1
2026-06-05,A,A01CN097,CN,16,162.0,157.0,157.0,5.0,0.0,0.0,348,348,0,0,0,1
2026-06-05,A,A01TMC04,TM,16,434.0,427.0,427.0,7.0,0.0,0.0,500,500,0,0,0,1
2026-06-05,A,A01TMC05,TM,16,434.0,408.0,407.77,26.0,0.23,0.0,941,941,0,0,0,1
2026-06-05,A,A01TMC06,TM,16,434.0,424.0,423.5,10.0,0.5,0.0,605,605,0,0,0,1
2026-06-05,A,A01TMC09,TM,16,437.0,425.0,425.0,12.0,0.0,0.0,913,913,0,0,0,1
2026-06-05,A,A01CN134,CN,16,339.0,258.0,247.5,81.0,10.5,1.5,165,164,1,0,1,1
2026-06-05,A,A01CN101,CN,16,309.0,294.0,273.53,15.0,20.47,0.0,746,746,0,0,0,1
2026-06-05,A,A01CN103,CN,16,309.0,271.0,229.6,38.0,41.4,0.0,336,336,0,0,0,1
2026-06-05,A,A01CN137,CN,16,417.0,411.0,392.4,6.0,18.6,0.0,654,654,0,0,0,1
2026-06-05,A,A01CN028,CN,16,419.0,417.0,416.17,2.0,0.83,0.0,454,454,0,0,0,1
2026-06-05,A,A01TMC02,TM,16,441.0,226.0,216.2,215.0,9.8,0.0,188,188,0,0,0,1
2026-06-05,A,A01TMC07,TM,16,442.0,402.0,402.0,40.0,0.0,0.0,953,953,0,0,0,1
2026-06-05,A,A01TMC08,TM,16,442.0,431.0,429.2,11.0,1.8,0.0,888,888,0,0,0,1
2026-06-05,A,A01CN126,CN,16,409.0,4.0,0.6,405.0,3.4,0.0,2,2,0,0,0,1
2026-06-05,A,A01CN016,CN,16,389.0,352.0,293.33,37.0,58.67,0.0,550,550,0,0,0,1
2026-06-05,A,A01CN049,CN,16,174.0,174.0,174.0,0.0,0.0,0.0,177,177,0,0,0,1
2026-06-05,A,A01CN061,CN,16,174.0,95.0,95.0,79.0,0.0,0.0,111,111,0,0,0,1
2026-06-05,A,A01CN069,CN,16,174.0,161.0,161.0,13.0,0.0,0.0,216,216,0,0,0,1
2026-06-05,A,A01CN087,CN,16,359.0,273.0,205.33,86.0,67.67,0.0,440,440,0,0,0,1
2026-06-05,A,A01HB003,HB,16,349.0,342.0,342.0,7.0,0.0,0.0,768,768,0,0,0,1
2026-06-05,A,A01HB004,HB,16,349.0,341.0,294.0,8.0,47.0,0.0,720,720,0,0,0,1
2026-06-05,A,A01HB007,HB,16,349.0,0.0,0.0,349.0,0.0,0.0,4,4,0,0,0,1
2026-06-05,A,A01HB008,HB,16,264.0,257.0,257.0,7.0,0.0,0.0,819,819,0,0,0,1
2026-06-05,A,A01HB009,HB,16,349.0,342.0,342.0,7.0,0.0,0.0,959,959,0,0,0,1
2026-06-05,A,A01VMC05,VM,16,439.0,439.0,378.2,0.0,60.8,0.0,372,372,0,0,0,1
2026-06-05,A,A01CN114,CN,16,389.0,336.0,152.53,53.0,183.47,0.0,352,352,0,0,0,1
2026-06-05,A,A01CN128,CN,16,394.0,384.0,349.03,10.0,34.97,0.0,566,566,0,0,0,1
2026-06-05,A,A01CN138,CN,17,102.0,94.0,94.0,8.0,0.0,0.0,158,158,0,0,0,1
2026-06-05,A,A01CN139,CN,17,100.0,100.0,96.0,0.0,4.0,0.0,144,144,0,0,0,1
2026-06-05,A,A01CN027,CN,17,479.0,466.0,451.92,13.0,14.08,0.0,493,493,0,0,0,1
2026-06-05,A,A01TMC10,TM,17,182.0,182.0,182.0,0.0,0.0,0.0,185,185,0,0,0,1
2026-06-05,A,A01CN116,CN,17,479.0,33.0,17.6,446.0,15.4,0.0,22,22,0,0,0,1
2026-06-05,A,A01CN100,CN,17,482.0,83.0,66.67,399.0,16.33,0.0,50,50,0,0,0,1
2026-06-05,A,A01CN053,CN,17,449.0,410.0,402.6,39.0,7.4,0.0,1342,1342,0,0,0,1
2026-06-05,A,A01CN054,CN,17,449.0,403.0,386.0,46.0,17.0,0.0,1158,1158,0,0,0,1
2026-06-05,A,A01CN055,CN,17,449.0,441.0,425.67,8.0,15.33,0.0,1277,1277,0,0,0,1
2026-06-05,A,A01CN056,CN,17,449.0,354.0,341.1,95.0,12.9,0.0,1137,1137,0,0,0,1
2026-06-05,A,A01CN057,CN,17,449.0,402.0,370.2,47.0,31.8,0.0,1234,1234,0,0,0,1
2026-06-05,A,A01CN058,CN,17,469.0,461.0,461.0,8.0,0.0,4.99,1387,1372,0,15,15,1
2026-06-05,A,A01CN059,CN,17,449.0,430.0,425.33,19.0,4.67,0.0,1276,1276,0,0,0,1
2026-06-05,A,A01CN060,CN,17,449.0,439.0,437.1,10.0,1.9,0.0,1457,1457,0,0,0,1
2026-06-05,A,A01CN072,CN,17,449.0,432.0,390.6,17.0,41.4,0.0,1302,1302,0,0,0,1
2026-06-05,A,A01CN073,CN,17,449.0,415.0,397.33,34.0,17.67,0.0,1192,1192,0,0,0,1
2026-06-05,A,A01CN076,CN,17,449.0,352.0,324.0,97.0,28.0,0.0,1080,1080,0,0,0,1
2026-06-05,A,A01CN077,CN,17,449.0,412.0,412.0,37.0,0.0,0.0,1433,1433,0,0,0,1
2026-06-05,A,A01HB001,HB,17,444.0,437.0,428.4,7.0,8.6,0.0,1134,1134,0,0,0,1
2026-06-05,A,A01HB002,HB,17,444.0,436.0,423.8,8.0,12.2,0.0,978,978,0,0,0,1
2026-06-05,A,A01HB005,HB,17,409.0,397.0,305.87,12.0,91.13,0.0,1184,1184,0,0,0,1
2026-06-05,A,A01HB006,HB,17,409.0,400.0,328.08,9.0,71.92,0.0,762,762,0,0,0,1
2026-06-05,A,A01HB010,HB,17,339.0,322.0,310.0,17.0,12.0,0.0,720,720,0,0,0,1
2026-06-05,A,A01HB011,HB,17,409.0,399.0,396.0,10.0,3.0,0.0,2160,2160,0,0,0,1
2026-06-05,A,A01HB012,HB,17,409.0,144.0,144.0,265.0,0.0,0.0,630,630,0,0,0,1
2026-06-05,A,A01HB015,HB,17,359.0,0.0,0.0,359.0,0.0,0.0,0,0,0,0,0,1
2026-06-05,A,A01HB017,HB,17,409.0,398.0,398.0,11.0,0.0,0.0,948,948,0,0,0,1
2026-06-05,A,A01HB023,HB,17,464.0,464.0,464.0,0.0,0.0,0.0,594,594,0,0,0,1
2026-06-05,A,A01CN014,CN,18,304.0,233.0,233.0,71.0,0.0,0.0,880,880,0,0,0,1
2026-06-05,A,A01CN015,CN,18,479.0,431.0,431.0,48.0,0.0,0.0,1551,1551,0,0,0,1
2026-06-05,A,A01CN021,CN,18,479.0,436.0,436.0,43.0,0.0,0.0,1437,1437,0,0,0,1
2026-06-05,A,A01CN022,CN,18,479.0,438.0,438.0,41.0,0.0,0.0,1551,1551,0,0,0,1
2026-06-05,A,A01CN023,CN,18,479.0,420.0,420.0,59.0,0.0,0.0,1390,1390,0,0,0,1
2026-06-05,A,A01CN026,CN,18,479.0,427.0,427.0,52.0,0.0,0.0,1437,1437,0,0,0,1
2026-06-05,A,A01CN029,CN,18,469.0,372.0,372.0,97.0,0.0,0.0,1070,1070,0,0,0,1
2026-06-05,A,A01CN042,CN,18,529.0,432.0,409.2,97.0,22.8,0.0,744,744,0,0,0,1
2026-06-05,A,A01CN078,CN,18,479.0,292.0,202.8,187.0,89.2,0.0,676,676,0,0,0,1
2026-06-05,A,A01CN080,CN,18,479.0,457.0,455.67,22.0,1.33,0.0,1367,1367,0,0,0,1
2026-06-05,A,A01CN088,CN,18,479.0,453.0,425.6,26.0,27.4,0.0,532,532,0,0,0,1
2026-06-05,A,A01CN089,CN,18,469.0,355.0,341.17,114.0,13.83,0.0,890,890,0,0,0,1
2026-06-05,A,A01CN107,CN,18,479.0,436.0,360.0,43.0,76.0,0.0,450,450,0,0,0,1
2026-06-05,A,A01CN113,CN,18,479.0,320.0,165.0,159.0,155.0,0.0,198,198,0,0,0,1
2026-06-05,A,A01CN112,CN,18,539.0,340.0,255.0,199.0,85.0,0.0,255,255,0,0,0,1
2026-06-05,A,A01CN081,CN,18,534.0,505.0,414.0,29.0,91.0,0.0,414,414,0,0,0,1
2026-06-05,A,A01CN124,CN,18,524.0,349.0,210.6,175.0,138.4,0.0,486,486,0,0,0,1
2026-06-05,A,A01CN125,CN,18,524.0,469.0,0.0,55.0,469.0,0.0,0,0,0,0,0,1
2026-06-05,A,A01CN130,CN,18,522.0,0.0,0.0,522.0,0.0,0.0,0,0,0,0,0,1
2026-06-05,A,A01CN131,CN,18,522.0,305.0,181.3,217.0,123.7,0.0,294,294,0,0,0,1
2026-06-05,A,A01CN132,CN,18,522.0,325.0,181.3,197.0,143.7,0.0,294,294,0,0,0,1
2026-06-05,A,A01CN001,CN,18,539.0,494.0,424.0,45.0,70.0,0.0,424,424,0,0,0,1
2026-06-05,A,A01CN005,CN,18,554.0,517.0,377.25,37.0,139.75,0.0,503,503,0,0,0,1
2026-06-05,A,A01CN017,CN,18,532.0,324.0,290.25,208.0,33.75,0.0,387,387,0,0,0,1
2026-06-05,A,A01CN018,CN,18,275.0,67.0,67.0,208.0,0.0,0.0,92,92,0,0,0,1
2026-06-05,A,A01CN024,CN,18,554.0,494.0,379.5,60.0,114.5,0.0,506,506,0,0,0,1
2026-06-05,A,A01CN030,CN,18,539.0,513.0,490.0,26.0,23.0,0.0,490,490,0,0,0,1
2026-06-05,A,A01CN041,CN,18,554.0,515.0,414.0,39.0,101.0,0.0,552,552,0,0,0,1
2026-06-05,A,A01CN044,CN,18,115.0,108.0,55.3,7.0,52.7,0.0,79,79,0,0,0,1
2026-06-05,A,A01CN045,CN,18,464.0,429.0,371.0,35.0,58.0,0.0,636,636,0,0,0,1
2026-06-05,A,A01CN046,CN,18,464.0,424.0,334.83,40.0,89.17,0.0,574,574,0,0,0,1
2026-06-05,A,A01CN047,CN,18,554.0,488.0,422.33,66.0,65.67,0.0,724,724,0,0,0,1
2026-06-05,A,A01CN048,CN,18,554.0,449.0,414.17,105.0,34.83,0.0,710,710,0,0,0,1
2026-06-05,A,A01CN050,CN,18,554.0,459.0,369.83,95.0,89.17,0.0,634,634,0,0,0,1
2026-06-05,A,A01CN051,CN,18,554.0,137.0,137.0,417.0,0.0,0.0,248,248,0,0,0,1
2026-06-05,A,A01CN062,CN,18,554.0,214.0,182.0,340.0,32.0,0.0,312,312,0,0,0,1
2026-06-05,A,A01CN065,CN,18,554.0,506.0,371.25,48.0,134.75,0.0,495,495,0,0,0,1
2026-06-05,A,A01CN068,CN,18,509.0,481.0,409.5,28.0,71.5,0.0,702,702,0,0,0,1
2026-06-05,A,A01CN070,CN,18,554.0,524.0,511.0,30.0,13.0,0.0,511,511,0,0,0,1
2026-06-05,A,A01CN074,CN,18,554.0,502.0,502.0,52.0,0.0,0.0,694,694,0,0,0,1
2026-06-05,A,A01CN075,CN,18,554.0,516.0,476.0,38.0,40.0,0.0,816,816,0,0,0,1
2026-06-05,A,A01CN084,CN,18,539.0,494.0,494.0,45.0,0.0,0.0,3320,3320,0,0,0,1
2026-06-05,A,A01CN085,CN,18,537.0,518.0,464.0,19.0,54.0,1.07,435,434,1,0,1,1
2026-06-05,A,A01CN086,CN,18,474.0,427.0,315.4,47.0,111.6,0.0,456,456,0,0,0,1
2026-06-05,A,A01CN098,CN,18,514.0,446.0,361.0,68.0,85.0,0.0,361,361,0,0,0,1
2026-06-05,A,A01CN099,CN,18,537.0,528.0,498.0,9.0,30.0,0.0,498,498,0,0,0,1
2026-06-05,A,A01HB013,HB,18,537.0,509.0,509.0,28.0,0.0,0.0,855,855,0,0,0,1
2026-06-05,A,A01HB014,HB,18,536.0,536.0,511.5,0.0,24.5,0.0,855,855,0,0,0,1
2026-06-05,A,A01HB020,HB,18,454.0,395.0,315.17,59.0,79.83,0.0,732,732,0,0,0,1
2026-06-05,A,A01VMC03,VM,18,554.0,554.0,470.0,0.0,84.0,0.0,1880,1880,0,0,0,1
2026-06-05,A,A01VMC07,VM,18,116.0,33.0,24.53,83.0,8.47,0.0,64,64,0,0,0,1
2026-06-05,A,A01VMC09,VM,18,554.0,525.0,475.0,29.0,50.0,0.0,1500,1500,0,0,0,1
2026-06-05,A,A01VMC10,VM,18,116.0,102.0,73.33,14.0,28.67,0.0,440,440,0,0,0,1
2026-06-05,A,A01VMC11,VM,18,554.0,383.0,342.0,171.0,41.0,0.0,1080,1080,0,0,0,1
2026-06-05,A,A01VMC12,VM,18,584.0,529.0,470.25,55.0,58.75,0.0,1485,1485,0,0,0,1
2026-06-05,A,A01HB022,HB,18,519.0,311.0,311.0,208.0,0.0,0.0,276,276,0,0,0,1
2026-06-05,A,A01VMC16,VM,18,554.0,523.0,432.0,31.0,91.0,0.0,1440,1440,0,0,0,1
2026-06-05,A,A01VMC18,VM,18,116.0,116.0,116.0,0.0,0.0,0.0,420,420,0,0,0,1
2026-06-05,A,A01CN020,CN,18,564.0,390.0,272.5,174.0,117.5,0.0,545,545,0,0,0,1
2026-06-05,A,A01CN108,CN,18,564.0,506.0,371.0,58.0,135.0,0.0,371,371,0,0,0,1
2026-06-05,A,A01CN127,CN,18,524.0,470.0,0.0,54.0,470.0,0.0,0,0,0,0,0,1
2026-06-05,A,A01VMC15,VM,18,559.0,540.0,463.5,19.0,76.5,0.0,1545,1545,0,0,0,1
2026-06-05,B,A01TMC01,TM,19,34.0,34.0,34.0,0.0,0.0,0.0,32,32,0,0,0,1
2026-06-05,B,A01CN124,CN,20,49.0,35.0,26.87,14.0,8.13,0.0,62,62,0,0,0,1
2026-06-05,B,A01CN127,CN,20,49.0,0.0,0.0,49.0,0.0,0.0,0,0,0,0,0,1
2026-06-05,B,A01CN131,CN,20,49.0,28.0,25.9,21.0,2.1,0.0,42,42,0,0,0,1
2026-06-05,B,A01CN073,CN,20,49.0,47.0,47.0,2.0,0.0,0.0,154,154,0,0,0,1
2026-06-05,B,A01CN077,CN,20,49.0,45.0,45.0,4.0,0.0,0.0,179,179,0,0,0,1
2026-06-05,A,A01CN066,CN,21,701.0,566.0,566.0,135.0,0.0,0.0,4089,4089,0,0,0,1
2026-06-05,B,A01CN125,CN,21,49.0,49.0,0.0,0.0,49.0,0.0,0,0,0,0,0,1
2026-06-05,B,A01CN126,CN,21,49.0,1.0,1.0,48.0,0.0,0.0,10,10,0,0,0,1
2026-06-05,B,A01CN049,CN,21,57.0,57.0,57.0,0.0,0.0,0.0,65,65,0,0,0,1
2026-06-05,B,A01CN053,CN,21,109.0,109.0,109.0,0.0,0.0,0.0,381,381,0,0,0,1
2026-06-05,B,A01CN054,CN,21,109.0,107.0,106.67,2.0,0.33,0.0,320,320,0,0,0,1
2026-06-05,B,A01CN055,CN,21,109.0,93.0,93.0,16.0,0.0,0.0,283,283,0,0,0,1
2026-06-05,B,A01CN056,CN,21,109.0,98.0,97.8,11.0,0.2,0.0,326,326,0,0,0,1
2026-06-05,B,A01CN057,CN,21,109.0,97.0,87.0,12.0,10.0,0.0,290,290,0,0,0,1
2026-06-05,B,A01CN058,CN,21,109.0,109.0,109.0,0.0,0.0,0.32,345,344,0,1,1,1
2026-06-05,B,A01CN059,CN,21,109.0,109.0,109.0,0.0,0.0,0.0,346,346,0,0,0,1
2026-06-05,B,A01CN060,CN,21,109.0,99.0,99.0,10.0,0.0,0.0,348,348,0,0,0,1
2026-06-05,B,A01CN072,CN,21,109.0,109.0,102.0,0.0,7.0,0.0,340,340,0,0,0,1
2026-06-05,B,A01CN076,CN,21,109.0,106.0,106.0,3.0,0.0,0.0,356,356,0,0,0,1
2026-06-05,B,A01CN005,CN,22,124.0,19.0,14.25,105.0,4.75,0.0,19,19,0,0,0,1
2026-06-05,B,A01CN024,CN,22,124.0,15.0,11.25,109.0,3.75,0.0,15,15,0,0,0,1
2026-06-05,B,A01CN063,CN,22,129.0,89.0,67.2,40.0,21.8,0.0,126,126,0,0,0,1
2026-06-05,B,A01TMC02,TM,22,144.0,137.0,134.55,7.0,2.45,0.0,117,117,0,0,0,1
2026-06-05,B,A01CN117,CN,22,127.0,108.0,92.4,19.0,15.6,0.0,126,126,0,0,0,1
2026-06-05,B,A01CN061,CN,22,77.0,77.0,77.0,0.0,0.0,0.0,121,121,0,0,0,1
2026-06-05,B,A01CN085,CN,22,140.0,27.0,27.0,113.0,0.0,0.0,28,28,0,0,0,1
2026-06-05,B,A01CN064,CN,22,108.44,89.71,79.85,18.73,9.86,0.0,81,81,0,0,0,1
2026-06-05,B,A01CN111,CN,22,70.0,62.0,46.5,8.0,15.5,0.0,62,62,0,0,0,1
2026-06-05,B,A01CN004,CN,22,129.0,116.0,116.0,13.0,0.0,0.0,198,198,0,0,0,1
2026-06-05,B,A01CN025,CN,22,129.0,93.0,93.0,36.0,0.0,0.0,405,405,0,0,0,1
2026-06-05,B,A01CN096,CN,22,129.0,112.0,112.0,17.0,0.0,0.0,294,294,0,0,0,1
2026-06-05,B,A01CN134,CN,22,149.0,126.0,126.0,23.0,0.0,2.27,111,109,2,0,2,1
2026-06-05,B,A01CN091,CN,22,129.0,100.0,57.57,29.0,42.43,0.0,157,157,0,0,0,1
2026-06-05,B,A01CN001,CN,23,161.0,23.0,18.0,138.0,5.0,0.0,18,18,0,0,0,1
2026-06-05,B,A01CN038,CN,23,129.0,107.0,107.0,22.0,0.0,0.0,456,456,0,0,0,1
2026-06-05,B,A01CN039,CN,23,129.0,107.0,107.0,22.0,0.0,0.0,450,450,0,0,0,1
2026-06-05,B,A01CN041,CN,23,141.0,51.0,45.0,90.0,6.0,0.0,60,60,0,0,0,1
2026-06-05,B,A01CN095,CN,23,149.0,5.0,5.0,144.0,0.0,0.0,71,71,0,0,0,1
2026-06-05,B,A01CN081,CN,23,173.0,132.0,132.0,41.0,0.0,0.0,149,149,0,0,0,1
2026-06-05,B,A01CN120,CN,23,193.0,48.0,48.0,145.0,0.0,0.0,53,53,0,0,0,1
2026-06-05,B,A01CN002,CN,23,209.0,181.0,153.0,28.0,28.0,0.0,153,153,0,0,0,1
2026-06-05,B,A01CN090,CN,23,169.0,109.0,109.0,60.0,0.0,0.0,585,585,0,0,0,1
2026-06-05,B,A01CN091,CN,23,57.0,57.0,57.0,0.0,0.0,0.0,225,225,0,0,0,1
2026-06-05,B,A01CN092,CN,23,189.0,185.0,185.0,4.0,0.0,0.0,756,756,0,0,0,1
2026-06-05,B,A01CN093,CN,23,169.0,151.0,151.0,18.0,0.0,0.0,648,648,0,0,0,1
2026-06-05,B,A01CN094,CN,23,189.0,180.0,114.17,9.0,65.83,0.0,274,274,0,0,0,1
2026-06-05,B,A01CN101,CN,23,189.0,118.0,117.7,71.0,0.3,0.0,321,321,0,0,0,1
2026-06-05,B,A01CN104,CN,23,189.0,185.0,185.0,4.0,0.0,0.0,418,418,0,0,0,1
2026-06-05,B,A01CN078,CN,1,179.0,92.0,72.9,87.0,19.1,0.0,243,243,0,0,0,1
2026-06-05,B,A01CN008,CN,1,289.0,244.0,244.0,45.0,0.0,0.0,290,290,0,0,0,1
2026-06-05,B,A01CN121,CN,1,321.0,229.0,229.0,92.0,0.0,0.0,329,329,0,0,0,1
2026-06-05,B,A01CN138,CN,1,337.0,278.0,278.0,59.0,0.0,0.0,453,453,0,0,0,1
2026-06-05,B,A01CN139,CN,1,337.0,278.0,278.0,59.0,0.0,0.0,431,431,0,0,0,1
2026-06-05,B,A01CN118,CN,1,317.0,304.0,298.23,13.0,5.77,0.0,389,389,0,0,0,1
2026-06-05,B,A01HB015,HB,2,49.0,49.0,49.0,0.0,0.0,0.0,80,80,0,0,0,1
2026-06-05,B,A01CN126,CN,2,49.0,45.0,45.0,4.0,0.0,0.0,186,186,0,0,0,1
2026-06-05,B,A01CN028,CN,2,434.0,424.0,424.0,10.0,0.0,0.0,466,466,0,0,0,1
2026-06-05,B,A01CN122,CN,2,239.0,223.0,207.13,16.0,15.87,0.0,478,478,0,0,0,1
2026-06-05,B,A01TMC05,TM,2,447.0,383.0,383.0,64.0,0.0,0.0,945,945,0,0,0,1
2026-06-05,B,A01TMC07,TM,2,429.0,357.0,357.0,72.0,0.0,0.0,903,903,0,0,0,1
2026-06-05,B,A01TMC09,TM,2,429.0,428.0,428.0,1.0,0.0,0.0,985,985,0,0,0,1
2026-06-05,B,A01TMC08,TM,2,429.0,381.0,381.0,48.0,0.0,0.0,820,820,0,0,0,1
2026-06-05,B,A01CN115,CN,2,377.0,194.0,137.27,183.0,56.73,0.0,142,142,0,0,0,1
2026-06-05,B,A01CN137,CN,2,354.0,328.0,328.0,26.0,0.0,0.0,567,567,0,0,0,1
2026-06-05,B,A01CN123,CN,2,239.0,236.0,236.0,3.0,0.0,0.0,710,710,0,0,0,1
2026-06-05,B,A01CN066,CN,2,205.0,181.0,181.0,24.0,0.0,0.0,1455,1455,0,0,0,1
2026-06-05,B,A01VMC03,VM,2,94.0,94.0,94.0,0.0,0.0,0.0,440,440,0,0,0,1
2026-06-05,B,A01VMC05,VM,2,94.0,94.0,61.0,0.0,33.0,2.03,60,58,2,0,2,1
2026-06-05,B,A01VMC09,VM,2,415.0,339.0,247.0,76.0,92.0,0.0,780,780,0,0,0,1
2026-06-05,B,A01CN003,CN,3,369.0,359.0,359.0,10.0,0.0,0.0,1006,1006,0,0,0,1
2026-06-05,B,A01CN016,CN,3,284.0,220.0,212.8,64.0,7.2,0.0,399,399,0,0,0,1
2026-06-05,B,A01CN079,CN,3,291.0,191.0,191.0,100.0,0.0,0.0,608,608,0,0,0,1
2026-06-05,B,A01CN080,CN,3,294.0,180.0,180.0,114.0,0.0,0.0,639,639,0,0,0,1
2026-06-05,B,A01CN097,CN,3,369.0,363.0,342.83,6.0,20.17,0.0,748,748,0,0,0,1
2026-06-05,B,A01HB025,HB,3,448.0,340.0,320.67,108.0,19.33,0.0,442,442,0,0,0,1
2026-06-05,B,A01BR007,BR,3,294.0,132.0,132.0,162.0,0.0,0.0,964,964,0,0,0,1
2026-06-05,B,A01CN027,CN,3,494.0,470.0,463.83,24.0,6.17,0.0,506,506,0,0,0,1
2026-06-05,B,A01CN130,CN,3,49.0,0.0,0.0,49.0,0.0,0.0,0,0,0,0,0,1
2026-06-05,B,A01CN132,CN,3,49.0,43.0,43.0,6.0,0.0,0.0,72,72,0,0,0,1
2026-06-05,B,A01HB002,HB,4,429.0,422.0,422.0,7.0,0.0,0.0,1056,1056,0,0,0,1
2026-06-05,B,A01HB008,HB,4,429.0,420.0,321.6,9.0,98.4,0.0,1008,1008,0,0,0,1
2026-06-05,B,A01HB001,HB,4,489.0,484.0,484.0,5.0,0.0,0.0,1326,1326,0,0,0,1
2026-06-05,B,A01HB003,HB,4,489.0,483.0,459.25,6.0,23.75,0.0,990,990,0,0,0,1
2026-06-05,B,A01HB004,HB,4,489.0,489.0,382.2,0.0,106.8,0.0,936,936,0,0,0,1
2026-06-05,B,A01HB005,HB,4,489.0,483.0,353.4,6.0,129.6,0.0,1368,1368,0,0,0,1
2026-06-05,B,A01HB006,HB,4,281.0,245.0,109.25,36.0,135.75,0.0,345,345,0,0,0,1
2026-06-05,B,A01HB007,HB,4,489.0,464.0,315.15,25.0,148.85,0.0,764,764,0,0,0,1
2026-06-05,B,A01HB009,HB,4,489.0,489.0,483.08,0.0,5.92,0.0,1309,1309,0,0,0,1
2026-06-05,B,A01HB010,HB,4,489.0,489.0,477.92,0.0,11.08,0.0,1110,1110,0,0,0,1
2026-06-05,B,A01HB011,HB,4,489.0,310.0,231.0,179.0,79.0,0.73,1260,1256,0,4,4,1
2026-06-05,B,A01HB012,HB,4,489.0,185.0,185.0,304.0,0.0,0.0,800,800,0,0,0,1
2026-06-05,B,A01HB017,HB,4,489.0,481.0,481.0,8.0,0.0,0.0,1128,1128,0,0,0,1
2026-06-05,B,A01HB018,HB,4,454.0,454.0,454.0,0.0,0.0,0.0,666,666,0,0,0,1
2026-06-05,B,A01HB020,HB,4,489.0,480.0,480.0,9.0,0.0,0.0,1134,1134,0,0,0,1
2026-06-05,B,A01CN042,CN,4,549.0,507.0,431.2,42.0,75.8,0.0,784,784,0,0,0,1
2026-06-05,B,A01CN014,CN,5,414.0,394.0,394.0,20.0,0.0,0.0,1442,1442,0,0,0,1
2026-06-05,B,A01CN015,CN,5,357.0,320.0,320.0,37.0,0.0,0.0,1137,1137,0,0,0,1
2026-06-05,B,A01CN021,CN,5,414.0,408.0,408.0,6.0,0.0,0.0,1363,1363,0,0,0,1
2026-06-05,B,A01CN022,CN,5,414.0,396.0,396.0,18.0,0.0,0.0,1422,1422,0,0,0,1
2026-06-05,B,A01CN023,CN,5,200.0,180.0,180.0,20.0,0.0,0.0,593,593,0,0,0,1
2026-06-05,B,A01CN026,CN,5,414.0,403.0,403.0,11.0,0.0,0.0,1313,1313,0,0,0,1
2026-06-05,B,A01CN029,CN,5,411.0,371.0,371.0,40.0,0.0,0.0,1070,1070,0,0,0,1
2026-06-05,B,A01CN067,CN,5,411.0,361.0,275.65,50.0,85.35,0.0,447,447,0,0,0,1
2026-06-05,B,A01CN071,CN,5,200.0,98.0,98.0,102.0,0.0,0.0,331,331,0,0,0,1
2026-06-05,B,A01CN088,CN,5,381.0,373.0,373.0,8.0,0.0,0.0,469,469,0,0,0,1
2026-06-05,B,A01CN089,CN,5,411.0,282.0,282.0,129.0,0.0,0.0,736,736,0,0,0,1
2026-06-05,B,A01HB014,HB,5,559.0,203.0,203.0,356.0,0.0,0.0,342,342,0,0,0,1
2026-06-05,B,A01CN105,CN,5,411.0,237.0,92.17,174.0,144.83,0.0,79,79,0,0,0,1
2026-06-05,B,A01CN106,CN,5,409.0,281.0,281.0,128.0,0.0,0.0,301,301,0,0,0,1
2026-06-05,B,A01CN107,CN,5,414.0,313.0,313.0,101.0,0.0,0.0,397,397,0,0,0,1
2026-06-05,B,A01BR005,BR,5,414.0,292.0,292.0,122.0,0.0,0.0,3892,3892,0,0,0,1
2026-06-05,B,A01HB021,HB,5,589.0,589.0,531.7,0.0,57.3,0.0,468,468,0,0,0,1
2026-06-05,B,A01VMC15,VM,5,534.0,327.0,274.5,207.0,52.5,0.0,915,915,0,0,0,1
2026-06-05,B,A01CN113,CN,5,414.0,337.0,305.0,77.0,32.0,0.0,366,366,0,0,0,1
2026-06-05,B,A01CN019,CN,5,523.0,523.0,456.95,0.0,66.05,0.0,703,703,0,0,0,1
2026-06-05,B,A01CN064,CN,5,516.56,424.88,330.24,91.68,94.64,0.0,335,335,0,0,0,1
2026-06-05,B,A01CN108,CN,5,523.0,437.0,379.0,86.0,58.0,0.0,379,379,0,0,0,1
2026-06-05,B,A01CN111,CN,5,413.0,400.0,366.0,13.0,34.0,0.0,366,366,0,0,0,1
2026-06-05,B,A01TMC10,TM,5,569.0,420.0,420.0,149.0,0.0,0.0,453,453,0,0,0,1
2026-06-05,B,A01HB013,HB,6,243.0,243.0,231.0,0.0,12.0,0.0,330,330,0,0,0,1
2026-06-05,B,A01CN017,CN,6,444.0,340.0,295.0,104.0,45.0,0.0,295,295,0,0,0,1
2026-06-05,B,A01CN018,CN,6,444.0,281.0,281.0,163.0,0.0,0.0,477,477,0,0,0,1
2026-06-05,B,A01CN020,CN,6,583.0,448.0,322.0,135.0,126.0,0.0,644,644,0,0,0,1
2026-06-05,B,A01CN112,CN,6,583.0,386.0,336.0,197.0,50.0,0.0,336,336,0,0,0,1
2026-06-05,B,A01TMC04,TM,6,687.0,611.0,611.0,76.0,0.0,0.0,715,715,0,0,0,1
2026-06-05,B,A01TMC06,TM,6,687.0,604.0,604.0,83.0,0.0,0.0,878,878,0,0,0,1
2026-06-05,B,A01VMC07,VM,6,649.0,541.0,478.4,108.0,62.6,0.0,1248,1248,0,0,0,1
2026-06-05,B,A01CN045,CN,7,670.0,615.0,526.17,55.0,88.83,0.0,902,902,0,0,0,1
2026-06-05,B,A01CN046,CN,7,670.0,613.0,504.0,57.0,109.0,0.0,864,864,0,0,0,1
2026-06-05,B,A01CN047,CN,7,674.0,378.0,317.33,296.0,60.67,0.0,544,544,0,0,0,1
2026-06-05,B,A01CN048,CN,7,664.0,555.0,555.0,109.0,0.0,0.0,956,956,0,0,0,1
2026-06-05,B,A01CN050,CN,7,674.0,370.0,296.33,304.0,73.67,0.0,508,508,0,0,0,1
2026-06-05,B,A01CN051,CN,7,664.0,527.0,527.0,137.0,0.0,0.0,972,972,0,0,0,1
2026-06-05,B,A01CN062,CN,7,674.0,607.0,558.83,67.0,48.17,0.0,958,958,0,0,0,1
2026-06-05,B,A01CN068,CN,7,664.0,581.0,571.67,83.0,9.33,0.0,980,980,0,0,0,1
2026-06-05,B,A01CN074,CN,7,670.0,521.0,521.0,149.0,0.0,0.0,719,719,0,0,0,1
2026-06-05,B,A01HB016,HB,7,679.0,585.0,585.0,94.0,0.0,0.0,1736,1736,0,0,0,1
2026-06-05,B,A01VMC12,VM,7,651.0,553.0,498.75,98.0,54.25,0.0,1575,1575,0,0,0,1
2026-06-06,A,A01CN019,CN,9,0.0,0.0,0.0,0.0,0.0,0.0,1,1,0,0,0,0
2026-06-06,A,A01CN127,CN,9,0.0,0.0,0.0,0.0,0.0,0.0,0,0,0,0,0,0
2026-06-06,A,A01TMC08,TM,10,127.0,125.0,125.0,2.0,0.0,0.0,281,281,0,0,0,1
2026-06-06,A,A01CN063,CN,12,183.0,169.0,169.0,14.0,0.0,0.45,378,377,1,0,1,1
2026-06-06,A,A01TMC02,TM,12,215.0,213.0,213.0,2.0,0.0,0.0,194,194,0,0,0,1
2026-06-06,A,A01TMC03,TM,12,188.0,167.0,167.0,21.0,0.0,0.0,414,414,0,0,0,1
2026-06-06,A,A01TRP35,TR,12,108.0,1.0,0.0,107.0,1.0,0.0,0,0,0,0,0,1
2026-06-06,A,A01CN066,CN,12,202.0,168.0,168.0,34.0,0.0,0.0,1221,1221,0,0,0,1
2026-06-06,A,A01CN003,CN,12,138.0,105.0,105.0,33.0,0.0,0.8,262,260,1,1,2,1
2026-06-06,A,A01CN101,CN,12,138.0,0.0,0.0,138.0,0.0,0.0,5,5,0,0,0,1
2026-06-06,A,A01CN102,CN,12,138.0,45.0,39.6,93.0,5.4,0.0,132,132,0,0,0,1
2026-06-06,A,A01CN104,CN,12,138.0,94.0,94.0,44.0,0.0,0.0,200,200,0,0,0,1
2026-06-06,A,A01BR007,BR,12,88.0,71.0,71.0,17.0,0.0,0.0,742,742,0,0,0,1
2026-06-06,A,A01TAP14,TA,12,49.0,1.0,0.2,48.0,0.8,0.0,1,1,0,0,0,1
2026-06-06,A,A01HB013,HB,15,91.0,77.0,56.0,14.0,21.0,1.4,80,78,2,0,2,1
2026-06-06,A,A01HB016,HB,15,91.0,57.0,46.23,34.0,10.77,0.0,133,133,0,0,0,1
2026-06-06,A,A01BR005,BR,16,250.0,215.0,215.0,35.0,0.0,0.0,2920,2920,0,0,0,1
2026-06-06,A,A01CN002,CN,16,320.0,230.0,186.0,90.0,44.0,0.0,186,186,0,0,0,1
2026-06-06,A,A01CN004,CN,16,320.0,252.0,225.75,68.0,26.25,0.0,301,301,0,0,0,1
2026-06-06,A,A01CN006,CN,16,320.0,186.0,78.17,134.0,107.83,0.0,134,134,0,0,0,1
2026-06-06,A,A01CN008,CN,16,320.0,272.0,208.0,48.0,64.0,0.0,208,208,0,0,0,1
2026-06-06,A,A01CN025,CN,16,320.0,281.0,281.0,39.0,0.0,0.0,1104,1104,0,0,0,1
2026-06-06,A,A01CN031,CN,16,320.0,266.0,264.0,54.0,2.0,0.0,990,990,0,0,0,1
2026-06-06,A,A01CN038,CN,16,320.0,277.0,270.75,43.0,6.25,0.0,855,855,0,0,0,1
2026-06-06,A,A01CN039,CN,16,320.0,279.0,271.7,41.0,7.3,0.0,858,858,0,0,0,1
2026-06-06,A,A01CN090,CN,16,320.0,278.0,260.0,42.0,18.0,0.0,975,975,0,0,0,1
2026-06-06,A,A01CN091,CN,16,320.0,280.0,280.0,40.0,0.0,0.0,1065,1065,0,0,0,1
2026-06-06,A,A01CN092,CN,16,320.0,280.0,264.1,40.0,15.9,0.32,834,833,0,1,1,1
2026-06-06,A,A01CN093,CN,16,320.0,270.0,264.73,50.0,5.27,0.0,836,836,0,0,0,1
2026-06-06,A,A01CN094,CN,16,320.0,239.0,139.17,81.0,99.83,0.0,334,334,0,0,0,1
2026-06-06,A,A01CN096,CN,16,320.0,284.0,284.0,36.0,0.0,0.0,614,614,0,0,0,1
2026-06-06,A,A01CN097,CN,16,320.0,283.0,283.0,37.0,0.0,0.0,1012,1012,0,0,0,1
2026-06-06,A,A01TMC04,TM,16,425.0,416.0,412.53,9.0,3.47,0.0,476,476,0,0,0,1
2026-06-06,A,A01CN134,CN,16,350.0,276.0,252.0,74.0,24.0,3.0,168,166,2,0,2,1
2026-06-06,A,A01CN103,CN,16,320.0,238.0,183.82,82.0,54.18,0.0,269,269,0,0,0,1
2026-06-06,A,A01CN137,CN,16,408.0,371.0,358.2,37.0,12.8,0.0,597,597,0,0,0,1
2026-06-06,A,A01CN028,CN,16,411.0,329.0,326.33,82.0,2.67,0.0,356,356,0,0,0,1
2026-06-06,A,A01TMC05,TM,16,219.0,211.0,211.0,8.0,0.0,0.0,507,507,0,0,0,1
2026-06-06,A,A01TMC06,TM,16,430.0,425.0,425.0,5.0,0.0,0.0,608,608,0,0,0,1
2026-06-06,A,A01TMC07,TM,16,433.0,426.0,426.0,7.0,0.0,0.0,989,989,0,0,0,1
2026-06-06,A,A01CN126,CN,16,407.0,299.0,299.0,108.0,0.0,0.0,1346,1346,0,0,0,1
2026-06-06,A,A01CN007,CN,16,275.0,202.0,188.0,73.0,14.0,0.0,376,376,0,0,0,1
2026-06-06,A,A01CN016,CN,16,280.0,252.0,252.0,28.0,0.0,0.0,495,495,0,0,0,1
2026-06-06,A,A01CN067,CN,16,275.0,173.0,95.58,102.0,77.42,0.0,155,155,0,0,0,1
2026-06-06,A,A01CN071,CN,16,305.0,96.0,96.0,209.0,0.0,0.0,350,350,0,0,0,1
2026-06-06,A,A01CN079,CN,16,275.0,220.0,214.0,55.0,6.0,0.0,642,642,0,0,0,1
2026-06-06,A,A01CN087,CN,16,350.0,248.0,193.2,102.0,54.8,0.0,414,414,0,0,0,1
2026-06-06,A,A01HB003,HB,16,340.0,332.0,332.0,8.0,0.0,0.0,720,720,0,0,0,1
2026-06-06,A,A01HB004,HB,16,340.0,332.0,271.13,8.0,60.87,0.0,664,664,0,0,0,1
2026-06-06,A,A01HB007,HB,16,340.0,315.0,292.05,25.0,22.95,0.0,708,708,0,0,0,1
2026-06-06,A,A01HB008,HB,16,255.0,197.0,135.9,58.0,61.1,0.0,378,378,0,0,0,1
2026-06-06,A,A01HB009,HB,16,340.0,315.0,273.83,25.0,41.17,0.0,742,742,0,0,0,1
2026-06-06,A,A01HB018,HB,16,201.0,191.0,191.0,10.0,0.0,0.0,294,294,0,0,0,1
2026-06-06,A,A01VMC09,VM,16,415.0,389.0,370.5,26.0,18.5,0.0,1170,1170,0,0,0,1
2026-06-06,A,A01VMC11,VM,16,415.0,367.0,289.75,48.0,77.25,0.0,915,915,0,0,0,1
2026-06-06,A,A01CN105,CN,16,275.0,208.0,159.83,67.0,48.17,0.0,137,137,0,0,0,1
2026-06-06,A,A01TAP14,TA,16,67.0,60.0,60.0,7.0,0.0,0.0,324,324,0,0,0,1
2026-06-06,A,A01VMC15,VM,16,415.0,394.0,337.5,21.0,56.5,0.0,1125,1125,0,0,0,1
2026-06-06,A,A01CN114,CN,16,280.0,225.0,101.4,55.0,123.6,0.0,234,234,0,0,0,1
2026-06-06,A,A01VMC18,VM,16,380.0,334.0,334.0,46.0,0.0,0.0,948,948,0,0,0,1
2026-06-06,A,A01CN128,CN,16,392.0,373.0,373.0,19.0,0.0,0.0,608,608,0,0,0,1
2026-06-06,A,A01CN027,CN,17,471.0,417.0,416.17,54.0,0.83,0.0,454,454,0,0,0,1
2026-06-06,A,A01TMC10,TM,17,493.0,490.0,490.0,3.0,0.0,0.0,491,491,0,0,0,1
2026-06-06,A,A01CN116,CN,17,470.0,367.0,367.0,103.0,0.0,1.19,619,617,1,1,2,1
2026-06-06,A,A01CN053,CN,17,440.0,345.0,319.8,95.0,25.2,0.0,1066,1066,0,0,0,1
2026-06-06,A,A01CN054,CN,17,440.0,333.0,318.33,107.0,14.67,0.0,955,955,0,0,0,1
2026-06-06,A,A01CN055,CN,17,440.0,400.0,393.67,40.0,6.33,0.0,1181,1181,0,0,0,1
2026-06-06,A,A01CN056,CN,17,440.0,402.0,365.4,38.0,36.6,0.9,1218,1215,3,0,3,1
2026-06-06,A,A01CN057,CN,17,440.0,382.0,361.5,58.0,20.5,0.0,1205,1205,0,0,0,1
2026-06-06,A,A01CN058,CN,17,460.0,396.0,391.33,64.0,4.67,1.33,1174,1170,0,4,4,1
2026-06-06,A,A01CN059,CN,17,440.0,392.0,333.0,48.0,59.0,0.0,999,999,0,0,0,1
2026-06-06,A,A01CN060,CN,17,440.0,362.0,357.0,78.0,5.0,0.0,1190,1190,0,0,0,1
2026-06-06,A,A01CN072,CN,17,440.0,389.0,330.0,51.0,59.0,0.9,1100,1097,0,3,3,1
2026-06-06,A,A01CN073,CN,17,440.0,412.0,353.33,28.0,58.67,0.0,1060,1060,0,0,0,1
2026-06-06,A,A01CN076,CN,17,440.0,338.0,324.3,102.0,13.7,0.0,1081,1081,0,0,0,1
2026-06-06,A,A01CN077,CN,17,440.0,368.0,352.8,72.0,15.2,0.6,1176,1174,0,2,2,1
2026-06-06,A,A01HB001,HB,17,435.0,416.0,369.47,19.0,46.53,0.0,978,978,0,0,0,1
2026-06-06,A,A01HB002,HB,17,435.0,356.0,293.8,79.0,62.2,0.0,678,678,0,0,0,1
2026-06-06,A,A01HB005,HB,17,400.0,395.0,332.73,5.0,62.27,0.0,1288,1288,0,0,0,1
2026-06-06,A,A01HB006,HB,17,400.0,347.0,205.83,53.0,141.17,0.0,650,650,0,0,0,1
2026-06-06,A,A01HB010,HB,17,330.0,319.0,263.5,11.0,55.5,2.58,612,606,3,3,6,1
2026-06-06,A,A01HB011,HB,17,400.0,228.0,218.17,172.0,9.83,0.0,1190,1190,0,0,0,1
2026-06-06,A,A01HB012,HB,17,400.0,182.0,182.0,218.0,0.0,0.0,690,690,0,0,0,1
2026-06-06,A,A01HB015,HB,17,350.0,157.0,154.2,193.0,2.8,0.0,192,192,0,0,0,1
2026-06-06,A,A01HB017,HB,17,400.0,381.0,328.08,19.0,52.92,0.0,762,762,0,0,0,1
2026-06-06,A,A01CN014,CN,18,370.0,320.0,320.0,50.0,0.0,0.0,1132,1132,0,0,0,1
2026-06-06,A,A01CN015,CN,18,370.0,323.0,323.0,47.0,0.0,0.0,1124,1124,0,0,0,1
2026-06-06,A,A01CN021,CN,18,370.0,285.0,285.0,85.0,0.0,0.0,889,889,0,0,0,1
2026-06-06,A,A01CN022,CN,18,370.0,292.0,292.0,78.0,0.0,0.0,993,993,0,0,0,1
2026-06-06,A,A01CN023,CN,18,370.0,320.0,320.0,50.0,0.0,0.0,1015,1015,0,0,0,1
2026-06-06,A,A01CN026,CN,18,369.0,327.0,327.0,42.0,0.0,0.0,1038,1038,0,0,0,1
2026-06-06,A,A01CN029,CN,18,368.0,322.0,322.0,46.0,0.0,0.0,888,888,0,0,0,1
2026-06-06,A,A01CN042,CN,18,520.0,392.0,347.6,128.0,44.4,0.0,632,632,0,0,0,1
2026-06-06,A,A01CN078,CN,18,368.0,192.0,143.1,176.0,48.9,0.0,477,477,0,0,0,1
2026-06-06,A,A01CN088,CN,18,369.0,337.0,308.8,32.0,28.2,0.0,386,386,0,0,0,1
2026-06-06,A,A01CN089,CN,18,368.0,203.0,203.0,165.0,0.0,0.0,532,532,0,0,0,1
2026-06-06,A,A01CN107,CN,18,370.0,353.0,299.2,17.0,53.8,0.0,374,374,0,0,0,1
2026-06-06,A,A01CN113,CN,18,370.0,328.0,301.67,42.0,26.33,0.0,362,362,0,0,0,1
2026-06-06,A,A01CN124,CN,18,522.0,306.0,178.97,216.0,127.03,0.0,413,413,0,0,0,1
2026-06-06,A,A01CN125,CN,18,522.0,372.0,0.0,150.0,372.0,0.0,0,0,0,0,0,1
2026-06-06,A,A01CN130,CN,18,520.0,0.0,0.0,520.0,0.0,0.0,0,0,0,0,0,1
2026-06-06,A,A01CN131,CN,18,520.0,382.0,234.33,138.0,147.67,16.03,380,354,0,26,26,1
2026-06-06,A,A01CN132,CN,18,520.0,459.0,450.17,61.0,8.83,0.0,730,730,0,0,0,1
2026-06-06,A,A01CN001,CN,18,545.0,521.0,427.0,24.0,94.0,0.0,427,427,0,0,0,1
2026-06-06,A,A01CN017,CN,18,510.0,505.0,425.0,5.0,80.0,0.0,425,425,0,0,0,1
2026-06-06,A,A01CN018,CN,18,510.0,435.0,411.6,75.0,23.4,0.0,686,686,0,0,0,1
2026-06-06,A,A01CN044,CN,18,279.0,219.0,153.6,60.0,65.4,0.0,256,256,0,0,0,1
2026-06-06,A,A01CN045,CN,18,545.0,477.0,389.67,68.0,87.33,0.0,668,668,0,0,0,1
2026-06-06,A,A01CN046,CN,18,545.0,394.0,303.33,151.0,90.67,0.0,520,520,0,0,0,1
2026-06-06,A,A01CN047,CN,18,545.0,497.0,428.17,48.0,68.83,0.0,734,734,0,0,0,1
2026-06-06,A,A01CN048,CN,18,545.0,488.0,442.17,57.0,45.83,0.0,758,758,0,0,0,1
2026-06-06,A,A01CN050,CN,18,545.0,523.0,442.17,22.0,80.83,1.17,758,756,0,2,2,1
2026-06-06,A,A01CN051,CN,18,545.0,485.0,467.83,60.0,17.17,0.0,802,802,0,0,0,1
2026-06-06,A,A01CN062,CN,18,545.0,530.0,463.17,15.0,66.83,0.0,794,794,0,0,0,1
2026-06-06,A,A01CN068,CN,18,545.0,512.0,438.67,33.0,73.33,1.75,752,749,3,0,3,1
2026-06-06,A,A01CN074,CN,18,545.0,465.0,465.0,80.0,0.0,2.19,638,635,0,3,3,1
2026-06-06,A,A01CN075,CN,18,545.0,476.0,422.33,69.0,53.67,0.58,724,723,0,1,1,1
2026-06-06,A,A01CN085,CN,18,545.0,523.0,449.07,22.0,73.93,0.0,421,421,0,0,0,1
2026-06-06,A,A01CN086,CN,18,465.0,404.0,338.92,61.0,65.08,0.0,490,490,0,0,0,1
2026-06-06,A,A01HB014,HB,18,113.0,113.0,79.57,0.0,33.43,0.0,133,133,0,0,0,1
2026-06-06,A,A01HB020,HB,18,445.0,222.0,136.92,223.0,85.08,0.0,318,318,0,0,0,1
2026-06-06,A,A01VMC03,VM,18,545.0,525.0,525.0,20.0,0.0,0.0,2400,2400,0,0,0,1
2026-06-06,A,A01VMC05,VM,18,530.0,488.0,427.0,42.0,61.0,1.02,420,419,1,0,1,1
2026-06-06,A,A01VMC07,VM,18,126.0,126.0,104.27,0.0,21.73,0.0,272,272,0,0,0,1
2026-06-06,A,A01VMC10,VM,18,545.0,490.0,386.67,55.0,103.33,0.0,2320,2320,0,0,0,1
2026-06-06,A,A01VMC12,VM,18,560.0,522.0,479.75,38.0,42.25,0.0,1515,1515,0,0,0,1
2026-06-06,A,A01HB021,HB,18,510.0,481.0,436.27,29.0,44.73,0.0,384,384,0,0,0,1
2026-06-06,A,A01HB022,HB,18,510.0,464.0,464.0,46.0,0.0,0.0,444,444,0,0,0,1
2026-06-06,A,A01VMC16,VM,18,545.0,529.0,450.0,16.0,79.0,0.0,1500,1500,0,0,0,1
2026-06-06,A,A01CN019,CN,18,522.0,521.0,360.6,1.0,160.4,0.0,601,601,0,0,0,1
2026-06-06,A,A01CN020,CN,18,522.0,481.0,321.5,41.0,159.5,0.0,643,643,0,0,0,1
2026-06-06,A,A01CN064,CN,18,522.0,335.0,316.0,187.0,19.0,0.0,316,316,0,0,0,1
2026-06-06,A,A01CN108,CN,18,522.0,472.0,343.0,50.0,129.0,0.0,343,343,0,0,0,1
2026-06-06,A,A01CN111,CN,18,522.0,474.0,345.0,48.0,129.0,0.0,345,345,0,0,0,1
2026-06-06,A,A01CN112,CN,18,522.0,345.0,344.0,177.0,1.0,0.0,344,344,0,0,0,1
2026-06-06,A,A01CN127,CN,18,523.0,336.0,336.0,187.0,0.0,0.0,1590,1590,0,0,0,1
2026-06-06,B,A01TMC02,TM,20,44.0,44.0,44.0,0.0,0.0,0.0,45,45,0,0,0,1
2026-06-06,B,A01TMC03,TM,20,64.0,58.0,58.0,6.0,0.0,0.0,150,150,0,0,0,1
2026-06-06,B,A01CN053,CN,20,49.0,49.0,49.0,0.0,0.0,0.0,182,182,0,0,0,1
2026-06-06,B,A01CN054,CN,20,49.0,49.0,49.0,0.0,0.0,0.0,170,170,0,0,0,1
2026-06-06,B,A01CN055,CN,20,49.0,45.0,45.0,4.0,0.0,0.0,149,149,0,0,0,1
2026-06-06,B,A01CN057,CN,20,49.0,45.0,45.0,4.0,0.0,0.0,168,168,0,0,0,1
2026-06-06,B,A01CN058,CN,20,49.0,49.0,49.0,0.0,0.0,0.0,174,174,0,0,0,1
2026-06-06,B,A01CN059,CN,20,49.0,49.0,49.0,0.0,0.0,0.0,181,181,0,0,0,1
2026-06-06,B,A01CN072,CN,20,49.0,49.0,49.0,0.0,0.0,0.0,170,170,0,0,0,1
2026-06-06,B,A01CN073,CN,20,49.0,48.0,48.0,1.0,0.0,0.0,162,162,0,0,0,1
2026-06-06,B,A01CN076,CN,20,49.0,49.0,49.0,0.0,0.0,0.0,188,188,0,0,0,1
2026-06-06,B,A01CN077,CN,20,49.0,49.0,49.0,0.0,0.0,0.0,197,197,0,0,0,1
2026-06-06,B,A01CN124,CN,20,49.0,35.0,19.07,14.0,15.93,0.0,44,44,0,0,0,1
2026-06-06,B,A01CN127,CN,20,49.0,0.0,0.0,49.0,0.0,0.0,8,8,0,0,0,1
2026-06-06,B,A01CN131,CN,20,49.0,41.0,41.0,8.0,0.0,0.0,80,80,0,0,0,1
2026-06-06,A,A01TMC09,TM,20,328.0,284.95,284.95,43.05,0.0,0.0,1284,1284,0,0,0,1
2026-06-06,B,A01CN126,CN,21,49.0,47.0,47.0,2.0,0.0,0.0,252,252,0,0,0,1
2026-06-06,B,A01CN130,CN,21,49.0,0.0,0.0,49.0,0.0,0.0,0,0,0,0,0,1
2026-06-06,B,A01CN132,CN,21,49.0,47.0,47.0,2.0,0.0,0.0,98,98,0,0,0,1
2026-06-06,B,A01CN056,CN,21,49.0,42.0,42.0,7.0,0.0,0.0,178,178,0,0,0,1
2026-06-06,B,A01CN060,CN,21,49.0,46.0,46.0,3.0,0.0,0.0,170,170,0,0,0,1
2026-06-06,B,A01CN049,CN,21,119.0,119.0,119.0,0.0,0.0,0.0,125,125,0,0,0,1
2026-06-06,B,A01HB011,HB,21,109.0,103.0,93.5,6.0,9.5,0.0,510,510,0,0,0,1
2026-06-06,A,A01VMC06,VM,21,701.0,539.0,353.0,162.0,186.0,0.0,353,353,0,0,0,1
2026-06-06,B,A01CN006,CN,22,124.0,120.0,120.0,4.0,0.0,0.0,388,388,0,0,0,1
2026-06-06,B,A01CN007,CN,22,149.0,98.0,87.5,51.0,10.5,0.0,175,175,0,0,0,1
2026-06-06,B,A01CN078,CN,22,149.0,47.0,40.8,102.0,6.2,0.0,136,136,0,0,0,1
2026-06-06,B,A01CN080,CN,22,49.0,46.0,46.0,3.0,0.0,0.0,166,166,0,0,0,1
2026-06-06,B,A01CN089,CN,22,49.0,6.0,6.0,43.0,0.0,0.0,96,96,0,0,0,1
2026-06-06,B,A01CN106,CN,22,149.0,120.0,120.0,29.0,0.0,0.0,132,132,0,0,0,1
2026-06-06,B,A01BR007,BR,22,49.0,7.0,7.0,42.0,0.0,0.0,140,140,0,0,0,1
2026-06-06,B,A01TAP14,TA,22,49.0,22.0,22.0,27.0,0.0,0.0,123,123,0,0,0,1
2026-06-06,B,A01CN114,CN,22,149.0,55.0,32.93,94.0,22.07,0.0,76,76,0,0,0,1
2026-06-06,B,A01CN061,CN,22,139.0,139.0,139.0,0.0,0.0,0.0,192,192,0,0,0,1
2026-06-06,B,A01CN004,CN,22,144.0,124.0,124.0,20.0,0.0,0.0,191,191,0,0,0,1
2026-06-06,B,A01CN134,CN,22,164.0,161.0,161.0,3.0,0.0,0.0,130,130,0,0,0,1
2026-06-06,B,A01CN038,CN,23,144.0,122.0,122.0,22.0,0.0,0.0,513,513,0,0,0,1
2026-06-06,B,A01CN039,CN,23,144.0,122.0,122.0,22.0,0.0,0.0,456,456,0,0,0,1
2026-06-06,B,A01CN095,CN,23,164.0,131.0,131.0,33.0,0.0,0.0,624,624,0,0,0,1
2026-06-06,B,A01CN120,CN,23,193.0,130.0,130.0,63.0,0.0,0.0,184,184,0,0,0,1
2026-06-06,B,A01CN090,CN,23,229.0,179.0,179.0,50.0,0.0,0.0,897,897,0,0,0,1
2026-06-06,B,A01CN091,CN,23,194.0,158.0,158.0,36.0,0.0,0.0,729,729,0,0,0,1
2026-06-06,B,A01CN092,CN,23,204.0,182.0,182.0,22.0,0.0,0.0,735,735,0,0,0,1
2026-06-06,B,A01CN093,CN,23,219.0,202.0,202.0,17.0,0.0,0.0,850,850,0,0,0,1
2026-06-06,B,A01CN094,CN,23,204.0,185.0,116.67,19.0,68.33,0.0,280,280,0,0,0,1
2026-06-06,B,A01CN100,CN,23,104.0,29.0,29.0,75.0,0.0,0.0,27,27,0,0,0,1
2026-06-06,B,A01CN101,CN,23,204.0,0.0,0.0,204.0,0.0,0.0,1,1,0,0,0,1
2026-06-06,B,A01CN066,CN,23,233.0,199.0,199.0,34.0,0.0,0.0,1503,1503,0,0,0,1
2026-06-06,B,A01CN008,CN,1,304.0,267.0,267.0,37.0,0.0,0.0,336,336,0,0,0,1
2026-06-06,B,A01CN121,CN,1,321.0,152.0,115.2,169.0,36.8,0.0,144,144,0,0,0,1
2026-06-06,B,A01CN118,CN,1,317.0,0.0,0.0,317.0,0.0,0.0,0,0,0,0,0,1
2026-06-06,B,A01HB015,HB,2,49.0,49.0,49.0,0.0,0.0,0.0,80,80,0,0,0,1
2026-06-06,B,A01CN028,CN,2,439.0,413.0,404.25,26.0,8.75,0.0,441,441,0,0,0,1
2026-06-06,B,A01CN133,CN,2,364.0,314.0,113.53,50.0,200.47,0.0,262,262,0,0,0,1
2026-06-06,B,A01CN122,CN,2,284.0,225.0,191.97,59.0,33.03,0.0,443,443,0,0,0,1
2026-06-06,B,A01TMC05,TM,2,447.0,416.0,416.0,31.0,0.0,0.0,1029,1029,0,0,0,1
2026-06-06,B,A01TMC07,TM,2,429.0,409.0,409.0,20.0,0.0,0.0,1022,1022,0,0,0,1
2026-06-06,B,A01TMC08,TM,2,434.0,402.0,402.0,32.0,0.0,0.0,857,857,0,0,0,1
2026-06-06,B,A01CN115,CN,2,377.0,0.0,0.0,377.0,0.0,0.0,0,0,0,0,0,1
2026-06-06,B,A01CN137,CN,2,284.0,261.0,261.0,23.0,0.0,0.0,456,456,0,0,0,1
2026-06-06,B,A01CN123,CN,2,284.0,249.0,249.0,35.0,0.0,0.0,732,732,0,0,0,1
2026-06-06,B,A01CN074,CN,2,385.0,219.0,216.0,166.0,3.0,0.0,270,270,0,0,0,1
2026-06-06,B,A01CN075,CN,2,385.0,369.0,334.83,16.0,34.17,0.0,574,574,0,0,0,1
2026-06-06,B,A01VMC09,VM,2,415.0,66.0,28.5,349.0,37.5,0.0,90,90,0,0,0,1
2026-06-06,B,A01CN003,CN,3,384.0,360.0,360.0,24.0,0.0,0.0,984,984,0,0,0,1
2026-06-06,B,A01CN029,CN,3,409.0,378.0,378.0,31.0,0.0,0.0,1064,1064,0,0,0,1
2026-06-06,B,A01CN097,CN,3,384.0,375.0,375.0,9.0,0.0,0.0,1552,1552,0,0,0,1
2026-06-06,B,A01CN103,CN,3,374.0,286.0,286.0,88.0,0.0,0.0,486,486,0,0,0,1
2026-06-06,B,A01CN027,CN,3,499.0,479.0,466.58,20.0,12.42,0.0,509,509,0,0,0,1
2026-06-06,B,A01HB002,HB,4,429.0,243.0,153.4,186.0,89.6,0.0,354,354,0,0,0,1
2026-06-06,B,A01HB008,HB,4,429.0,416.0,344.78,13.0,71.22,0.0,959,959,0,0,0,1
2026-06-06,B,A01HB018,HB,4,489.0,477.0,475.6,12.0,1.4,0.0,696,696,0,0,0,1
2026-06-06,B,A01TMC10,TM,4,509.0,446.0,446.0,63.0,0.0,0.0,479,479,0,0,0,1
2026-06-06,B,A01HB001,HB,4,489.0,480.0,480.0,9.0,0.0,0.0,1278,1278,0,0,0,1
2026-06-06,B,A01HB003,HB,4,489.0,471.0,417.5,18.0,53.5,0.0,900,900,0,0,0,1
2026-06-06,B,A01HB004,HB,4,489.0,447.0,339.73,42.0,107.27,0.0,832,832,0,0,0,1
2026-06-06,B,A01HB005,HB,4,489.0,420.0,258.33,69.0,161.67,0.0,1000,1000,0,0,0,1
2026-06-06,B,A01HB006,HB,4,489.0,475.0,349.92,14.0,125.08,0.0,1105,1105,0,0,0,1
2026-06-06,B,A01HB007,HB,4,489.0,177.0,151.8,312.0,25.2,0.0,368,368,0,0,0,1
2026-06-06,B,A01HB009,HB,4,489.0,482.0,482.0,7.0,0.0,0.0,1358,1358,0,0,0,1
2026-06-06,B,A01HB010,HB,4,489.0,481.0,481.0,8.0,0.0,0.0,1158,1158,0,0,0,1
2026-06-06,B,A01HB012,HB,4,489.0,154.0,154.0,335.0,0.0,0.0,810,810,0,0,0,1
2026-06-06,B,A01HB017,HB,4,489.0,479.0,479.0,10.0,0.0,0.0,1116,1116,0,0,0,1
2026-06-06,B,A01HB020,HB,4,489.0,477.0,462.42,12.0,14.58,0.0,1074,1074,0,0,0,1
2026-06-06,B,A01VMC05,VM,4,485.0,485.0,475.8,0.0,9.2,0.0,468,468,0,0,0,1
2026-06-06,B,A01VMC07,VM,4,485.0,415.0,404.8,70.0,10.2,0.0,1056,1056,0,0,0,1
2026-06-06,B,A01VMC10,VM,4,485.0,234.0,186.67,251.0,47.33,0.0,1120,1120,0,0,0,1
2026-06-06,B,A01VMC11,VM,4,505.0,491.0,491.0,14.0,0.0,0.0,1635,1635,0,0,0,1
2026-06-06,B,A01VMC12,VM,4,504.0,484.0,470.25,20.0,13.75,0.63,1485,1483,2,0,2,1
2026-06-06,B,A01VMC16,VM,4,473.0,446.0,445.5,27.0,0.5,0.0,1485,1485,0,0,0,1
2026-06-06,B,A01CN014,CN,5,529.0,471.0,471.0,58.0,0.0,0.0,1704,1704,0,0,0,1
2026-06-06,B,A01CN015,CN,5,529.0,449.0,449.0,80.0,0.0,0.0,1540,1540,0,0,0,1
2026-06-06,B,A01CN021,CN,5,529.0,478.0,478.0,51.0,0.0,0.0,1545,1545,0,0,0,1
2026-06-06,B,A01CN022,CN,5,529.0,441.0,441.0,88.0,0.0,0.0,1489,1489,0,0,0,1
2026-06-06,B,A01CN023,CN,5,529.0,483.0,483.0,46.0,0.0,0.0,1571,1571,0,0,0,1
2026-06-06,B,A01CN026,CN,5,529.0,469.0,469.0,60.0,0.0,0.0,1494,1494,0,0,0,1
2026-06-06,B,A01CN067,CN,5,529.0,450.0,312.03,79.0,137.97,0.0,506,506,0,0,0,1
2026-06-06,B,A01CN071,CN,5,529.0,385.0,385.0,144.0,0.0,0.0,1397,1397,0,0,0,1
2026-06-06,B,A01CN088,CN,5,499.0,407.0,388.8,92.0,18.2,0.0,486,486,0,0,0,1
2026-06-06,B,A01CN105,CN,5,529.0,479.0,383.83,50.0,95.17,0.0,329,329,0,0,0,1
2026-06-06,B,A01CN107,CN,5,529.0,383.0,374.4,146.0,8.6,0.0,468,468,0,0,0,1
2026-06-06,B,A01BR005,BR,5,529.0,421.0,421.0,108.0,0.0,0.0,5252,5252,0,0,0,1
2026-06-06,B,A01HB021,HB,5,589.0,381.0,340.83,208.0,40.17,0.0,300,300,0,0,0,1
2026-06-06,B,A01VMC15,VM,5,534.0,56.0,49.5,478.0,6.5,0.0,165,165,0,0,0,1
2026-06-06,B,A01CN113,CN,5,529.0,493.0,493.0,36.0,0.0,0.0,714,714,0,0,0,1
2026-06-06,B,A01CN019,CN,5,494.0,494.0,318.0,0.0,176.0,0.0,530,530,0,0,0,1
2026-06-06,B,A01CN064,CN,5,494.0,420.0,351.0,74.0,69.0,0.0,351,351,0,0,0,1
2026-06-06,B,A01CN108,CN,5,491.0,435.0,372.0,56.0,63.0,0.0,372,372,0,0,0,1
2026-06-06,B,A01CN111,CN,5,491.0,448.0,413.0,43.0,35.0,0.0,413,413,0,0,0,1
2026-06-06,B,A01HB013,HB,6,619.0,569.0,569.0,50.0,0.0,0.67,855,854,1,0,1,1
2026-06-06,B,A01HB016,HB,6,619.0,578.0,574.27,41.0,3.73,0.35,1652,1651,0,1,1,1
2026-06-06,B,A01CN020,CN,6,554.0,403.0,263.0,151.0,140.0,0.0,526,526,0,0,0,1
2026-06-06,B,A01CN112,CN,6,554.0,367.0,263.0,187.0,104.0,0.0,263,263,0,0,0,1
2026-06-06,B,A01TMC04,TM,6,687.0,596.0,596.0,91.0,0.0,0.0,711,711,0,0,0,1
2026-06-06,B,A01TMC06,TM,6,687.0,597.0,597.0,90.0,0.0,0.0,879,879,0,0,0,1
2026-06-06,B,A01CN042,CN,6,603.0,550.0,498.3,53.0,51.7,0.0,906,906,0,0,0,1
2026-06-06,B,A01CN062,CN,6,629.0,564.0,546.0,65.0,18.0,0.0,936,936,0,0,0,1
2026-06-06,B,A01CN068,CN,6,619.0,547.0,547.0,72.0,0.0,0.0,966,966,0,0,0,1
2026-06-06,B,A01VMC03,VM,6,605.0,294.0,294.0,311.0,0.0,0.0,1920,1920,0,0,0,1
2026-06-06,B,A01CN045,CN,7,631.0,584.0,497.0,47.0,87.0,0.0,852,852,0,0,0,1
2026-06-06,B,A01CN046,CN,7,631.0,589.0,476.0,42.0,113.0,0.0,816,816,0,0,0,1
2026-06-06,B,A01CN047,CN,7,631.0,502.0,502.0,129.0,0.0,0.0,888,888,0,0,0,1
2026-06-06,B,A01CN048,CN,7,621.0,505.0,505.0,116.0,0.0,0.0,884,884,0,0,0,1
2026-06-06,B,A01CN050,CN,7,631.0,235.0,217.0,396.0,18.0,0.0,372,372,0,0,0,1
2026-06-06,B,A01CN051,CN,7,621.0,505.0,505.0,116.0,0.0,0.0,922,922,0,0,0,1
2026-06-07,A,A01CN124,CN,18,448.0,156.0,129.13,292.0,26.87,0.0,298,298,0,0,0,1
2026-06-07,A,A01CN125,CN,18,448.0,177.0,25.33,271.0,151.67,0.0,80,80,0,0,0,1
2026-06-07,A,A01CN130,CN,18,446.0,0.0,0.0,446.0,0.0,0.0,0,0,0,0,0,1
2026-06-07,A,A01CN131,CN,18,446.0,36.0,13.57,410.0,22.43,0.0,22,22,0,0,0,1
2026-06-07,A,A01CN132,CN,18,446.0,0.0,0.0,446.0,0.0,0.0,0,0,0,0,0,1
2026-06-07,B,A01CN124,CN,20,49.0,0.0,0.0,49.0,0.0,0.0,0,0,0,0,0,1
2026-06-07,B,A01CN127,CN,20,49.0,0.0,0.0,49.0,0.0,0.0,0,0,0,0,0,1
2026-06-07,B,A01CN131,CN,20,49.0,0.0,0.0,49.0,0.0,0.0,0,0,0,0,0,1
2026-06-07,B,A01CN130,CN,21,49.0,0.0,0.0,49.0,0.0,0.0,0,0,0,0,0,1
2026-06-07,B,A01CN132,CN,21,49.0,0.0,0.0,49.0,0.0,0.0,0,0,0,0,0,1
2026-06-07,A,A01CN126,CN,23,450.0,178.46,178.46,271.54,0.0,0.0,1368,1368,0,0,0,1
2026-06-07,A,A01CN128,CN,23,435.0,214.09,175.26,220.91,38.83,0.0,458,458,0,0,0,1
2026-06-07,B,A01CN019,CN,5,494.0,0.0,0.0,494.0,0.0,0.0,0,0,0,0,0,1
2026-06-07,B,A01CN064,CN,5,494.0,0.0,0.0,494.0,0.0,0.0,0,0,0,0,0,1
2026-06-07,B,A01CN108,CN,5,491.0,0.0,0.0,491.0,0.0,0.0,0,0,0,0,0,1
2026-06-07,B,A01CN111,CN,5,491.0,0.0,0.0,491.0,0.0,0.0,0,0,0,0,0,1
2026-06-07,B,A01CN020,CN,6,553.0,0.0,0.0,553.0,0.0,0.0,0,0,0,0,0,1
2026-06-07,B,A01CN112,CN,6,553.0,0.0,0.0,553.0,0.0,0.0,0,0,0,0,0,1
2026-06-07,A,A01TMC02,TM,12,113.0,106.0,105.8,7.0,0.2,0.0,92,92,0,0,0,1
2026-06-07,A,A01TMC03,TM,12,118.0,106.0,106.0,12.0,0.0,0.0,260,260,0,0,0,1
2026-06-07,A,A01TRP35,TR,12,108.0,1.0,0.0,107.0,1.0,0.0,0,0,0,0,0,1
2026-06-07,A,A01CN138,CN,12,160.0,150.0,138.67,10.0,11.33,0.0,208,208,0,0,0,1
2026-06-07,A,A01CN139,CN,12,160.0,158.0,144.0,2.0,14.0,0.0,216,216,0,0,0,1
2026-06-07,A,A01CN117,CN,12,161.0,159.0,159.0,2.0,0.0,0.0,226,226,0,0,0,1
2026-06-07,A,A01CN122,CN,13,180.0,142.0,120.47,38.0,21.53,0.0,278,278,0,0,0,1
2026-06-07,A,A01CN018,CN,14,18.0,18.0,15.0,0.0,3.0,0.0,20,20,0,0,0,1
2026-06-07,A,A01CN085,CN,14,64.0,60.0,60.0,4.0,0.0,0.0,66,66,0,0,0,1
2026-06-07,A,A01CN106,CN,14,168.0,124.0,124.0,44.0,0.0,0.0,257,257,0,0,0,1
2026-06-08,A,A01CN064,CN,14,74.0,68.0,64.0,6.0,4.0,0.0,64,64,0,0,0,1
2026-06-08,A,A01CN111,CN,14,72.0,50.0,34.0,22.0,16.0,0.0,34,34,0,0,0,1
2026-06-07,A,A01CN017,CN,14,69.0,39.0,39.0,30.0,0.0,0.0,39,39,0,0,0,1
2026-06-07,A,A01CN070,CN,14,69.0,56.0,36.0,13.0,20.0,0.0,36,36,0,0,0,1
2026-06-07,A,A01BR007,BR,14,41.0,20.0,20.0,21.0,0.0,0.0,178,178,0,0,0,1
2026-06-07,A,A01CN083,CN,15,46.0,34.0,33.33,12.0,0.67,0.0,200,200,0,0,0,1
2026-06-07,A,A01CN080,CN,16,291.0,271.0,271.0,20.0,0.0,0.0,864,864,0,0,0,1
2026-06-07,A,A01CN081,CN,16,106.0,47.0,30.0,59.0,17.0,0.0,30,30,0,0,0,1
2026-06-07,A,A01CN089,CN,16,291.0,219.0,190.52,72.0,28.48,0.0,497,497,0,0,0,1
2026-06-07,A,A01BR005,BR,16,284.0,242.0,242.0,42.0,0.0,0.0,3060,3060,0,0,0,1
2026-06-07,A,A01CN041,CN,16,206.0,193.0,171.0,13.0,22.0,0.0,228,228,0,0,0,1
2026-06-07,A,A01CN065,CN,16,205.0,190.0,178.5,15.0,11.5,0.0,238,238,0,0,0,1
2026-06-08,A,A01CN126,CN,16,422.0,83.0,76.8,339.0,6.2,0.0,256,256,0,0,0,1
2026-06-07,A,A01CN007,CN,16,325.0,230.0,230.0,95.0,0.0,0.0,554,554,0,0,0,1
2026-06-07,A,A01CN016,CN,16,324.0,300.0,300.0,24.0,0.0,0.0,567,567,0,0,0,1
2026-06-07,A,A01CN067,CN,16,316.0,224.0,137.52,92.0,86.48,0.0,223,223,0,0,0,1
2026-06-07,A,A01CN071,CN,16,138.0,130.0,130.0,8.0,0.0,0.0,486,486,0,0,0,1
2026-06-07,A,A01CN079,CN,16,316.0,80.0,72.0,236.0,8.0,0.0,216,216,0,0,0,1
2026-06-07,A,A01CN087,CN,16,336.0,268.0,192.73,68.0,75.27,0.0,413,413,0,0,0,1
2026-06-07,A,A01HB003,HB,16,346.0,334.0,314.52,12.0,19.48,0.0,678,678,0,0,0,1
2026-06-07,A,A01HB004,HB,16,346.0,336.0,254.8,10.0,81.2,0.0,624,624,0,0,0,1
2026-06-07,A,A01HB007,HB,16,346.0,336.0,315.15,10.0,20.85,0.0,764,764,0,0,0,1
2026-06-07,A,A01HB008,HB,16,261.0,119.0,93.12,142.0,25.88,0.0,259,259,0,0,0,1
2026-06-07,A,A01HB009,HB,16,346.0,286.0,263.5,60.0,22.5,0.0,714,714,0,0,0,1
2026-06-07,A,A01HB018,HB,16,206.0,9.0,8.2,197.0,0.8,0.0,12,12,0,0,0,1
2026-06-07,A,A01CN105,CN,16,316.0,279.0,226.33,37.0,52.67,0.0,194,194,0,0,0,1
2026-06-07,A,A01TAP14,TA,16,266.0,104.0,74.8,162.0,29.2,0.0,374,374,0,0,0,1
2026-06-07,A,A01CN114,CN,16,321.0,289.0,151.67,32.0,137.33,0.0,350,350,0,0,0,1
2026-06-08,A,A01CN108,CN,16,222.0,180.0,124.0,42.0,56.0,0.0,124,124,0,0,0,1
2026-06-08,A,A01CN128,CN,16,387.0,338.0,335.47,49.0,2.53,0.0,544,544,0,0,0,1
2026-06-07,A,A01CN028,CN,17,49.0,0.0,0.0,49.0,0.0,0.0,0,0,0,0,0,1
2026-06-07,A,A01CN063,CN,17,54.0,44.0,43.73,10.0,0.27,0.0,82,82,0,0,0,1
2026-06-07,A,A01CN027,CN,17,74.0,0.0,0.0,74.0,0.0,0.0,0,0,0,0,0,1
2026-06-07,A,A01TMC04,TM,17,237.0,232.0,232.0,5.0,0.0,0.0,273,273,0,0,0,1
2026-06-07,A,A01TMC05,TM,17,237.0,230.0,230.0,7.0,0.0,0.0,575,575,0,0,0,1
2026-06-07,A,A01TMC06,TM,17,237.0,232.0,232.0,5.0,0.0,0.0,337,337,0,0,0,1
2026-06-07,A,A01TMC07,TM,17,237.0,226.0,226.0,11.0,0.0,0.0,537,537,0,0,0,1
2026-06-07,A,A01TMC10,TM,17,401.0,398.0,398.0,3.0,0.0,0.0,408,408,0,0,0,1
2026-06-07,A,A01TMC08,TM,17,237.0,216.0,209.77,21.0,6.23,0.0,434,434,0,0,0,1
2026-06-07,A,A01CN123,CN,17,52.0,51.0,51.0,1.0,0.0,0.0,160,160,0,0,0,1
2026-06-07,A,A01CN053,CN,17,501.0,344.0,319.8,157.0,24.2,0.0,1066,1066,0,0,0,1
2026-06-07,A,A01CN054,CN,17,501.0,358.0,325.0,143.0,33.0,0.0,975,975,0,0,0,1
2026-06-07,A,A01CN055,CN,17,501.0,304.0,298.67,197.0,5.33,0.0,896,896,0,0,0,1
2026-06-07,A,A01CN056,CN,17,501.0,335.0,315.9,166.0,19.1,1.5,1053,1048,5,0,5,1
2026-06-07,A,A01CN057,CN,17,501.0,291.0,272.1,210.0,18.9,0.0,907,907,0,0,0,1
2026-06-07,A,A01CN058,CN,17,521.0,283.0,259.67,238.0,23.33,1.33,779,775,0,4,4,1
2026-06-07,A,A01CN059,CN,17,501.0,329.0,322.0,172.0,7.0,0.0,966,966,0,0,0,1
2026-06-07,A,A01CN060,CN,17,501.0,283.0,258.0,218.0,25.0,0.0,860,860,0,0,0,1
2026-06-07,A,A01CN072,CN,17,501.0,216.0,164.1,285.0,51.9,1.5,547,542,0,5,5,1
2026-06-07,A,A01CN073,CN,17,501.0,354.0,315.67,147.0,38.33,0.0,947,947,0,0,0,1
2026-06-07,A,A01CN076,CN,17,501.0,209.0,172.2,292.0,36.8,0.0,574,574,0,0,0,1
2026-06-07,A,A01CN077,CN,17,501.0,317.0,303.3,184.0,13.7,0.0,1011,1011,0,0,0,1
2026-06-07,A,A01HB001,HB,17,496.0,294.0,165.47,202.0,128.53,0.0,438,438,0,0,0,1
2026-06-07,A,A01HB002,HB,17,496.0,348.0,275.6,148.0,72.4,0.0,636,636,0,0,0,1
2026-06-07,A,A01HB005,HB,17,406.0,384.0,289.33,22.0,94.67,0.0,1120,1120,0,0,0,1
2026-06-07,A,A01HB006,HB,17,406.0,395.0,330.92,11.0,64.08,0.0,1045,1045,0,0,0,1
2026-06-07,A,A01HB010,HB,17,182.0,133.0,101.75,49.0,31.25,0.92,222,220,1,1,2,1
2026-06-07,A,A01HB011,HB,17,406.0,0.0,0.0,406.0,0.0,0.0,0,0,0,0,0,1
2026-06-07,A,A01HB012,HB,17,406.0,204.0,204.0,202.0,0.0,0.0,665,665,0,0,0,1
2026-06-07,A,A01HB015,HB,17,356.0,212.0,115.65,144.0,96.35,0.0,144,144,0,0,0,1
2026-06-07,A,A01HB017,HB,17,406.0,396.0,361.67,10.0,34.33,0.0,840,840,0,0,0,1
2026-06-07,A,A01CN014,CN,18,421.0,373.0,373.0,48.0,0.0,0.0,1332,1332,0,0,0,1
2026-06-07,A,A01CN015,CN,18,421.0,385.0,385.0,36.0,0.0,0.0,1341,1341,0,0,0,1
2026-06-07,A,A01CN021,CN,18,421.0,363.0,363.0,58.0,0.0,0.0,1186,1186,0,0,0,1
2026-06-07,A,A01CN022,CN,18,421.0,379.0,379.0,42.0,0.0,0.0,1328,1328,0,0,0,1
2026-06-07,A,A01CN023,CN,18,421.0,362.0,362.0,59.0,0.0,0.0,1187,1187,0,0,0,1
2026-06-07,A,A01CN026,CN,18,421.0,369.0,369.0,52.0,0.0,0.0,1213,1213,0,0,0,1
2026-06-07,A,A01CN029,CN,18,308.0,297.0,297.0,11.0,0.0,0.0,884,884,0,0,0,1
2026-06-07,A,A01CN042,CN,18,468.0,0.0,0.0,468.0,0.0,0.0,0,0,0,0,0,1
2026-06-07,A,A01CN078,CN,18,406.0,105.0,57.3,301.0,47.7,0.0,191,191,0,0,0,1
2026-06-07,A,A01CN088,CN,18,416.0,399.0,380.0,17.0,19.0,0.0,475,475,0,0,0,1
2026-06-07,A,A01CN107,CN,18,416.0,371.0,319.2,45.0,51.8,0.0,399,399,0,0,0,1
2026-06-07,A,A01CN113,CN,18,411.0,388.0,388.0,23.0,0.0,0.0,492,492,0,0,0,1
2026-06-08,A,A01CN124,CN,18,517.0,348.0,198.47,169.0,149.53,0.0,458,458,0,0,0,1
2026-06-08,A,A01CN125,CN,18,517.0,471.0,70.3,46.0,400.7,0.0,222,222,0,0,0,1
2026-06-08,A,A01CN130,CN,18,515.0,0.0,0.0,515.0,0.0,0.0,0,0,0,0,0,1
2026-06-08,A,A01CN131,CN,18,515.0,368.0,187.47,147.0,180.53,0.0,304,304,0,0,0,1
2026-06-08,A,A01CN132,CN,18,515.0,431.0,423.03,84.0,7.97,0.0,686,686,0,0,0,1
2026-06-07,A,A01CN005,CN,18,181.0,163.0,120.0,18.0,43.0,0.0,160,160,0,0,0,1
2026-06-07,A,A01CN024,CN,18,181.0,163.0,127.5,18.0,35.5,0.0,170,170,0,0,0,1
2026-06-07,A,A01CN030,CN,18,186.0,151.0,122.0,35.0,29.0,0.0,122,122,0,0,0,1
2026-06-07,A,A01CN044,CN,18,116.0,104.0,85.2,12.0,18.8,0.0,142,142,0,0,0,1
2026-06-07,A,A01CN045,CN,18,493.0,350.0,298.67,143.0,51.33,0.0,512,512,0,0,0,1
2026-06-07,A,A01CN046,CN,18,493.0,346.0,261.33,147.0,84.67,0.0,448,448,0,0,0,1
2026-06-07,A,A01CN047,CN,18,493.0,328.0,308.0,165.0,20.0,0.0,528,528,0,0,0,1
2026-06-07,A,A01CN048,CN,18,493.0,281.0,255.5,212.0,25.5,0.0,438,438,0,0,0,1
2026-06-07,A,A01CN050,CN,18,493.0,333.0,292.83,160.0,40.17,0.58,502,501,0,1,1,1
2026-06-07,A,A01CN051,CN,18,493.0,287.0,283.5,206.0,3.5,0.0,486,486,0,0,0,1
2026-06-07,A,A01CN062,CN,18,493.0,265.0,219.33,228.0,45.67,0.0,376,376,0,0,0,1
2026-06-07,A,A01CN068,CN,18,493.0,324.0,295.17,169.0,28.83,0.58,506,505,1,0,1,1
2026-06-07,A,A01CN074,CN,18,119.0,20.0,20.0,99.0,0.0,0.0,25,25,0,0,0,1
2026-06-07,A,A01CN075,CN,18,606.0,367.0,339.5,239.0,27.5,0.0,582,582,0,0,0,1
2026-06-07,A,A01CN086,CN,18,451.0,402.0,296.03,49.0,105.97,0.0,428,428,0,0,0,1
2026-06-07,A,A01HB014,HB,18,327.0,288.0,204.0,39.0,84.0,0.0,255,255,0,0,0,1
2026-06-07,A,A01HB020,HB,18,451.0,388.0,279.0,63.0,109.0,0.0,648,648,0,0,0,1
2026-06-07,A,A01VMC03,VM,18,493.0,353.0,260.0,140.0,93.0,0.0,1040,1040,0,0,0,1
2026-06-07,A,A01VMC05,VM,18,493.0,349.0,341.6,144.0,7.4,0.0,336,336,0,0,0,1
2026-06-07,A,A01VMC07,VM,18,493.0,167.0,92.0,326.0,75.0,0.38,240,239,1,0,1,1
2026-06-07,A,A01VMC09,VM,18,493.0,331.0,270.75,162.0,60.25,0.32,855,854,1,0,1,1
2026-06-07,A,A01VMC10,VM,18,493.0,0.0,0.0,493.0,0.0,0.0,0,0,0,0,0,1
2026-06-07,A,A01VMC11,VM,18,493.0,356.0,304.0,137.0,52.0,0.0,960,960,0,0,0,1
2026-06-07,A,A01VMC12,VM,18,523.0,385.0,384.75,138.0,0.25,0.0,1215,1215,0,0,0,1
2026-06-07,A,A01HB022,HB,18,327.0,269.0,269.0,58.0,0.0,0.0,252,252,0,0,0,1
2026-06-07,A,A01VMC15,VM,18,493.0,367.0,297.0,126.0,70.0,0.0,990,990,0,0,0,1
2026-06-07,A,A01VMC16,VM,18,489.0,359.0,256.5,130.0,102.5,0.0,855,855,0,0,0,1
2026-06-08,A,A01CN019,CN,18,337.0,336.0,187.2,1.0,148.8,0.0,312,312,0,0,0,1
2026-06-08,A,A01CN020,CN,18,337.0,275.0,178.0,62.0,97.0,0.0,356,356,0,0,0,1
2026-06-08,A,A01CN112,CN,18,337.0,287.0,206.0,50.0,81.0,0.0,206,206,0,0,0,1
2026-06-08,A,A01CN127,CN,18,542.0,102.0,102.0,440.0,0.0,0.0,454,454,0,0,0,1
2026-06-07,A,A01VMC18,VM,18,121.0,89.0,89.0,32.0,0.0,0.0,276,276,0,0,0,1
2026-06-07,B,A01TMC03,TM,19,24.0,23.0,23.0,1.0,0.0,0.0,76,76,0,0,0,1
2026-06-07,B,A01CN053,CN,20,49.0,0.0,0.0,49.0,0.0,0.0,0,0,0,0,0,1
2026-06-07,B,A01CN054,CN,20,49.0,0.0,0.0,49.0,0.0,0.0,0,0,0,0,0,1
2026-06-07,B,A01CN055,CN,20,49.0,0.0,0.0,49.0,0.0,0.0,0,0,0,0,0,1
2026-06-07,B,A01CN057,CN,20,49.0,0.0,0.0,49.0,0.0,0.0,0,0,0,0,0,1
2026-06-07,B,A01CN058,CN,20,49.0,0.0,0.0,49.0,0.0,0.0,0,0,0,0,0,1
2026-06-07,B,A01CN059,CN,20,49.0,0.0,0.0,49.0,0.0,0.0,0,0,0,0,0,1
2026-06-07,B,A01CN072,CN,20,49.0,0.0,0.0,49.0,0.0,0.0,0,0,0,0,0,1
2026-06-07,B,A01CN073,CN,20,49.0,0.0,0.0,49.0,0.0,0.0,0,0,0,0,0,1
2026-06-07,B,A01CN076,CN,20,49.0,0.0,0.0,49.0,0.0,0.0,0,0,0,0,0,1
2026-06-07,B,A01CN077,CN,20,49.0,0.0,0.0,49.0,0.0,0.0,0,0,0,0,0,1
2026-06-08,B,A01CN124,CN,20,49.0,43.0,43.0,6.0,0.0,0.0,100,100,0,0,0,1
2026-06-08,B,A01CN127,CN,20,49.0,46.0,46.0,3.0,0.0,0.0,250,250,0,0,0,1
2026-06-08,B,A01CN131,CN,20,49.0,30.0,19.73,19.0,10.27,0.0,32,32,0,0,0,1
2026-06-07,B,A01CN121,CN,21,114.0,64.0,62.4,50.0,1.6,0.0,78,78,0,0,0,1
2026-06-08,B,A01CN126,CN,21,49.0,41.0,41.0,8.0,0.0,0.0,286,286,0,0,0,1
2026-06-08,B,A01CN130,CN,21,49.0,0.0,0.0,49.0,0.0,0.0,0,0,0,0,0,1
2026-06-08,B,A01CN132,CN,21,49.0,44.0,44.0,5.0,0.0,0.0,80,80,0,0,0,1
2026-06-07,B,A01CN056,CN,21,49.0,0.0,0.0,49.0,0.0,0.0,0,0,0,0,0,1
2026-06-07,B,A01CN060,CN,21,49.0,0.0,0.0,49.0,0.0,0.0,0,0,0,0,0,1
2026-06-07,B,A01HB011,HB,21,109.0,109.0,104.5,0.0,4.5,0.0,570,570,0,0,0,1
2026-06-07,B,A01CN006,CN,22,79.0,79.0,79.0,0.0,0.0,0.0,252,252,0,0,0,1
2026-06-07,B,A01CN024,CN,22,134.0,127.0,118.5,7.0,8.5,0.0,158,158,0,0,0,1
2026-06-07,B,A01CN080,CN,22,114.0,104.0,99.67,10.0,4.33,0.0,299,299,0,0,0,1
2026-06-07,B,A01CN088,CN,22,114.0,99.0,91.2,15.0,7.8,0.0,114,114,0,0,0,1
2026-06-07,B,A01CN089,CN,22,114.0,64.0,59.8,50.0,4.2,0.0,156,156,0,0,0,1
2026-06-07,B,A01CN106,CN,22,49.0,7.0,7.0,42.0,0.0,0.0,12,12,0,0,0,1
2026-06-07,B,A01CN107,CN,22,109.0,70.0,51.2,39.0,18.8,0.0,64,64,0,0,0,1
2026-06-07,B,A01BR007,BR,22,49.0,7.0,7.0,42.0,0.0,0.0,182,182,0,0,0,1
2026-06-07,B,A01TAP14,TA,22,49.0,14.0,14.0,35.0,0.0,0.0,344,344,0,0,0,1
2026-06-07,B,A01CN114,CN,22,49.0,42.0,20.8,7.0,21.2,0.0,48,48,0,0,0,1
2026-06-08,B,A01CN125,CN,22,39.0,0.0,0.0,39.0,0.0,0.0,0,0,0,0,0,1
2026-06-08,B,A01CN129,CN,22,39.0,0.0,0.0,39.0,0.0,0.0,0,0,0,0,0,1
2026-06-08,B,A01CN135,CN,22,39.0,0.0,0.0,39.0,0.0,0.0,0,0,0,0,0,1
2026-06-07,B,A01CN004,CN,22,99.0,80.0,80.0,19.0,0.0,0.0,149,149,0,0,0,1
2026-06-07,B,A01CN134,CN,22,116.0,0.0,0.0,116.0,0.0,0.0,0,0,0,0,0,1
2026-06-07,B,A01CN038,CN,23,97.0,95.0,95.0,2.0,0.0,0.0,444,444,0,0,0,1
2026-06-07,B,A01CN039,CN,23,97.0,0.0,0.0,97.0,0.0,0.0,0,0,0,0,0,1
2026-06-07,A,A01CN049,CN,23,701.0,159.0,150.0,542.0,9.0,0.0,150,150,0,0,0,1
2026-06-07,A,A01CN061,CN,23,701.0,555.0,555.0,146.0,0.0,0.0,595,595,0,0,0,1
2026-06-07,A,A01CN069,CN,23,701.0,563.0,563.0,138.0,0.0,0.0,740,740,0,0,0,1
2026-06-07,B,A01CN095,CN,23,117.0,0.0,0.0,117.0,0.0,0.0,0,0,0,0,0,1
2026-06-07,B,A01CN007,CN,23,83.0,48.0,48.0,35.0,0.0,0.0,110,110,0,0,0,1
2026-06-07,B,A01CN081,CN,23,188.0,128.0,121.0,60.0,7.0,0.0,121,121,0,0,0,1
2026-06-07,B,A01CN120,CN,23,173.0,121.0,121.0,52.0,0.0,0.0,151,151,0,0,0,1
2026-06-07,B,A01VMC05,VM,23,195.0,107.0,73.2,88.0,33.8,0.0,72,72,0,0,0,1
2026-06-07,B,A01CN090,CN,23,147.0,123.0,123.0,24.0,0.0,0.0,483,483,0,0,0,1
2026-06-07,B,A01CN091,CN,23,147.0,129.0,129.0,18.0,0.0,0.0,561,561,0,0,0,1
2026-06-07,B,A01CN092,CN,23,157.0,156.0,156.0,1.0,0.0,0.0,669,669,0,0,0,1
2026-06-07,B,A01CN094,CN,23,156.0,0.0,0.0,156.0,0.0,0.0,0,0,0,0,0,1
2026-06-07,B,A01CN053,CN,0,49.0,49.0,49.0,0.0,0.0,0.0,180,180,0,0,0,1
2026-06-07,B,A01CN054,CN,0,49.0,49.0,49.0,0.0,0.0,0.0,170,170,0,0,0,1
2026-06-07,B,A01CN055,CN,0,49.0,49.0,49.0,0.0,0.0,0.0,172,172,0,0,0,1
2026-06-07,B,A01CN056,CN,0,49.0,49.0,49.0,0.0,0.0,0.0,195,195,0,0,0,1
2026-06-07,B,A01CN057,CN,0,49.0,49.0,49.0,0.0,0.0,0.0,189,189,0,0,0,1
2026-06-07,B,A01CN058,CN,0,49.0,49.0,49.0,0.0,0.0,0.0,174,174,0,0,0,1
2026-06-07,B,A01CN059,CN,0,49.0,49.0,49.0,0.0,0.0,0.0,176,176,0,0,0,1
2026-06-07,B,A01CN060,CN,0,49.0,49.0,49.0,0.0,0.0,0.0,182,182,0,0,0,1
2026-06-07,B,A01CN072,CN,0,49.0,49.0,46.5,0.0,2.5,0.0,155,155,0,0,0,1
2026-06-07,B,A01CN073,CN,0,49.0,49.0,49.0,0.0,0.0,0.0,166,166,0,0,0,1
2026-06-07,B,A01CN076,CN,0,49.0,49.0,49.0,0.0,0.0,0.0,186,186,0,0,0,1
2026-06-07,B,A01CN077,CN,0,49.0,49.0,49.0,0.0,0.0,0.0,197,197,0,0,0,1
2026-06-07,B,A01HB015,HB,1,52.0,52.0,52.0,0.0,0.0,0.0,80,80,0,0,0,1
2026-06-07,B,A01HB019,HB,1,52.0,52.0,51.9,0.0,0.1,0.0,54,54,0,0,0,1
2026-06-07,B,A01CN008,CN,1,257.0,224.0,214.0,33.0,10.0,0.0,214,214,0,0,0,1
2026-06-07,B,A01CN138,CN,1,360.0,351.0,351.0,9.0,0.0,0.0,546,546,0,0,0,1
2026-06-07,B,A01CN139,CN,1,360.0,318.0,318.0,42.0,0.0,0.0,509,509,0,0,0,1
2026-06-07,B,A01CN028,CN,2,438.0,0.0,0.0,438.0,0.0,0.0,0,0,0,0,0,1
2026-06-07,B,A01CN133,CN,2,315.0,0.0,0.0,315.0,0.0,0.0,0,0,0,0,0,1
2026-06-07,B,A01TMC07,TM,2,413.0,407.0,407.0,6.0,0.0,0.0,1029,1029,0,0,0,1
2026-06-07,B,A01TMC08,TM,2,413.0,410.0,410.0,3.0,0.0,0.0,902,902,0,0,0,1
2026-06-07,B,A01CN117,CN,2,313.0,292.0,266.2,21.0,25.8,0.0,363,363,0,0,0,1
2026-06-07,B,A01CN118,CN,2,237.0,0.0,0.0,237.0,0.0,0.0,0,0,0,0,0,1
2026-06-07,B,A01CN003,CN,3,338.0,277.0,221.67,61.0,55.33,0.83,532,530,1,1,2,1
2026-06-07,B,A01CN016,CN,3,368.0,307.0,307.0,61.0,0.0,0.0,595,595,0,0,0,1
2026-06-07,B,A01CN029,CN,3,373.0,329.0,329.0,44.0,0.0,0.0,926,926,0,0,0,1
2026-06-07,B,A01CN044,CN,3,390.0,362.0,313.2,28.0,48.8,0.0,522,522,0,0,0,1
2026-06-07,B,A01CN097,CN,3,336.0,299.0,299.0,37.0,0.0,0.0,1264,1264,0,0,0,1
2026-06-07,B,A01CN102,CN,3,336.0,0.0,0.0,336.0,0.0,0.0,0,0,0,0,0,1
2026-06-07,B,A01CN104,CN,3,335.0,0.0,0.0,335.0,0.0,0.0,0,0,0,0,0,1
2026-06-07,B,A01HB023,HB,3,383.0,346.0,346.0,37.0,0.0,0.0,528,528,0,0,0,1
2026-06-07,B,A01HB024,HB,3,424.0,391.0,391.0,33.0,0.0,0.0,550,550,0,0,0,1
2026-06-07,A,A01CN017,CN,3,701.0,613.0,613.0,88.0,0.0,0.0,657,657,0,0,0,1
2026-06-07,B,A01HB002,HB,4,428.0,419.0,419.0,9.0,0.0,0.0,1086,1086,0,0,0,1
2026-06-07,B,A01HB008,HB,4,428.0,375.0,256.7,53.0,118.3,0.0,714,714,0,0,0,1
2026-06-07,B,A01HB018,HB,4,488.0,474.0,474.0,14.0,0.0,0.0,726,726,0,0,0,1
2026-06-07,B,A01TMC04,TM,4,566.0,507.0,507.0,59.0,0.0,0.0,590,590,0,0,0,1
2026-06-07,B,A01TMC05,TM,4,566.0,473.0,473.0,93.0,0.0,0.0,1184,1184,0,0,0,1
2026-06-07,B,A01TMC06,TM,4,566.0,500.0,500.0,66.0,0.0,0.0,734,734,0,0,0,1
2026-06-07,B,A01TMC10,TM,4,543.0,481.0,481.0,62.0,0.0,0.0,492,492,0,0,0,1
2026-06-07,B,A01HB001,HB,4,488.0,262.0,215.33,226.0,46.67,0.0,570,570,0,0,0,1
2026-06-07,B,A01HB003,HB,4,488.0,476.0,473.17,12.0,2.83,0.0,1020,1020,0,0,0,1
2026-06-07,B,A01HB004,HB,4,488.0,474.0,395.27,14.0,78.73,0.0,968,968,0,0,0,1
2026-06-07,B,A01HB005,HB,4,488.0,474.0,427.8,14.0,46.2,0.0,1656,1656,0,0,0,1
2026-06-07,B,A01HB006,HB,4,488.0,441.0,267.58,47.0,173.42,0.0,845,845,0,0,0,1
2026-06-07,B,A01HB007,HB,4,488.0,175.0,151.8,313.0,23.2,0.0,368,368,0,0,0,1
2026-06-07,B,A01HB009,HB,4,488.0,483.0,483.0,5.0,0.0,0.0,1351,1351,0,0,0,1
2026-06-07,B,A01HB010,HB,4,488.0,482.0,482.0,6.0,0.0,0.84,1152,1150,1,1,2,1
2026-06-07,B,A01HB012,HB,4,488.0,153.0,153.0,335.0,0.0,0.0,765,765,0,0,0,1
2026-06-07,B,A01HB017,HB,4,488.0,473.0,462.42,15.0,10.58,0.0,1074,1074,0,0,0,1
2026-06-07,B,A01HB020,HB,4,488.0,477.0,459.83,11.0,17.17,0.0,1068,1068,0,0,0,1
2026-06-07,B,A01CN001,CN,5,508.0,471.0,467.0,37.0,4.0,0.0,467,467,0,0,0,1
2026-06-07,B,A01CN005,CN,5,503.0,452.0,452.0,51.0,0.0,0.0,659,659,0,0,0,1
2026-06-07,B,A01CN014,CN,5,498.0,481.0,481.0,17.0,0.0,0.0,1735,1735,0,0,0,1
2026-06-07,B,A01CN015,CN,5,498.0,455.0,455.0,43.0,0.0,0.0,1589,1589,0,0,0,1
2026-06-07,B,A01CN021,CN,5,498.0,469.0,469.0,29.0,0.0,0.0,1501,1501,0,0,0,1
2026-06-07,B,A01CN022,CN,5,498.0,471.0,455.1,27.0,15.9,0.0,1517,1517,0,0,0,1
2026-06-07,B,A01CN023,CN,5,498.0,489.0,489.0,9.0,0.0,0.0,1525,1525,0,0,0,1
2026-06-07,B,A01CN026,CN,5,498.0,490.0,490.0,8.0,0.0,0.0,1579,1579,0,0,0,1
2026-06-07,B,A01CN041,CN,5,503.0,448.0,448.0,55.0,0.0,0.0,628,628,0,0,0,1
2026-06-07,B,A01CN067,CN,5,493.0,423.0,289.83,70.0,133.17,0.0,470,470,0,0,0,1
2026-06-07,B,A01CN071,CN,5,493.0,457.0,457.0,36.0,0.0,0.0,1713,1713,0,0,0,1
2026-06-07,B,A01CN083,CN,5,518.0,359.0,301.67,159.0,57.33,0.0,1810,1810,0,0,0,1
2026-06-07,B,A01CN084,CN,5,508.0,280.0,280.0,228.0,0.0,0.0,1990,1990,0,0,0,1
2026-06-07,B,A01CN085,CN,5,518.0,491.0,491.0,27.0,0.0,0.0,466,466,0,0,0,1
2026-06-07,B,A01CN105,CN,5,493.0,454.0,351.17,39.0,102.83,0.0,301,301,0,0,0,1
2026-06-07,B,A01BR005,BR,5,488.0,349.0,349.0,139.0,0.0,0.0,4280,4280,0,0,0,1
2026-06-07,B,A01VMC15,VM,5,475.0,466.0,466.0,9.0,0.0,0.0,1590,1590,0,0,0,1
2026-06-07,B,A01CN113,CN,5,498.0,232.0,171.67,266.0,60.33,0.0,206,206,0,0,0,1
2026-06-07,B,A01CN018,CN,5,533.0,500.0,474.75,33.0,25.25,0.0,633,633,0,0,0,1
2026-06-07,B,A01CN070,CN,5,244.0,77.0,68.0,167.0,9.0,0.0,68,68,0,0,0,1
2026-06-07,B,A01CN098,CN,5,538.0,395.0,382.0,143.0,13.0,0.0,382,382,0,0,0,1
2026-06-08,B,A01CN019,CN,5,541.0,541.0,293.4,0.0,247.6,0.0,489,489,0,0,0,1
2026-06-08,B,A01CN064,CN,5,544.0,404.0,312.0,140.0,92.0,0.0,312,312,0,0,0,1
2026-06-08,B,A01CN108,CN,5,544.0,492.0,457.0,52.0,35.0,0.0,457,457,0,0,0,1
2026-06-08,B,A01CN111,CN,5,544.0,450.0,387.0,94.0,63.0,0.0,387,387,0,0,0,1
2026-06-07,B,A01HB013,HB,6,587.0,561.0,561.0,26.0,0.0,0.0,830,830,0,0,0,1
2026-06-07,B,A01HB016,HB,6,587.0,562.0,537.77,25.0,24.23,0.0,1547,1547,0,0,0,1
2026-06-07,B,A01CN061,CN,6,189.0,105.0,105.0,84.0,0.0,0.0,114,114,0,0,0,1
2026-06-07,B,A01CN069,CN,6,189.0,100.0,100.0,89.0,0.0,0.0,134,134,0,0,0,1
2026-06-07,B,A01HB021,HB,6,674.0,614.0,599.87,60.0,14.13,0.0,528,528,0,0,0,1
2026-06-07,B,A01HB022,HB,6,654.0,594.0,594.0,60.0,0.0,0.0,552,552,0,0,0,1
2026-06-08,B,A01CN020,CN,6,604.0,402.0,254.0,202.0,148.0,0.0,508,508,0,0,0,1
2026-06-08,B,A01CN112,CN,6,604.0,472.0,472.0,132.0,0.0,0.0,517,517,0,0,0,1
2026-06-07,B,A01CN068,CN,6,628.0,542.0,542.0,86.0,0.0,0.58,932,931,1,0,1,1
2026-06-07,B,A01VMC03,VM,6,455.0,422.0,422.0,33.0,0.0,0.0,1800,1800,0,0,0,1
2026-06-07,B,A01VMC09,VM,6,651.0,20.0,4.75,631.0,15.25,0.0,15,15,0,0,0,1
2026-06-07,B,A01VMC11,VM,6,651.0,588.0,527.25,63.0,60.75,0.0,1665,1665,0,0,0,1
2026-06-07,B,A01CN042,CN,7,632.0,0.0,0.0,632.0,0.0,0.0,0,0,0,0,0,1
2026-06-07,B,A01CN045,CN,7,643.0,547.0,512.17,96.0,34.83,0.0,878,878,0,0,0,1
2026-06-07,B,A01CN046,CN,7,643.0,560.0,452.67,83.0,107.33,0.0,776,776,0,0,0,1
2026-06-07,B,A01CN047,CN,7,632.0,217.0,217.0,415.0,0.0,0.0,374,374,0,0,0,1
2026-06-07,B,A01CN048,CN,7,633.0,529.0,529.0,104.0,0.0,0.0,938,938,0,0,0,1
2026-06-07,B,A01CN050,CN,7,632.0,210.0,200.67,422.0,9.33,0.0,344,344,0,0,0,1
2026-06-07,B,A01CN051,CN,7,633.0,495.0,495.0,138.0,0.0,0.0,920,920,0,0,0,1
2026-06-07,B,A01CN062,CN,7,643.0,475.0,475.0,168.0,0.0,0.0,860,860,0,0,0,1
2026-06-07,B,A01CN075,CN,7,643.0,532.0,467.83,111.0,64.17,0.0,802,802,0,0,0,1
2026-06-07,B,A01HB025,HB,7,657.0,614.0,604.33,43.0,9.67,0.0,833,833,0,0,0,1
2026-06-07,B,A01HB014,HB,7,647.0,577.0,492.0,70.0,85.0,0.0,615,615,0,0,0,1
2026-06-07,B,A01VMC10,VM,7,630.0,0.0,0.0,630.0,0.0,0.0,0,0,0,0,0,1
2026-06-07,B,A01VMC12,VM,7,630.0,550.0,550.0,80.0,0.0,0.0,1785,1785,0,0,0,1
2026-06-07,B,A01VMC16,VM,7,623.0,563.0,522.0,60.0,41.0,0.0,1740,1740,0,0,0,1
2026-06-09,A,A01CN126,CN,9,38.0,37.0,37.0,1.0,0.0,0.0,226,226,0,0,0,1
2026-06-09,A,A01CN125,CN,9,0.0,0.0,0.0,0.0,0.0,0.0,0,0,0,0,0,0
2026-06-09,A,A01HB002,HB,9,39.0,39.0,39.0,0.0,0.0,0.0,114,114,0,0,0,1
2026-06-09,A,A01HB003,HB,9,39.0,39.0,39.0,0.0,0.0,0.0,132,132,0,0,0,1
2026-06-09,A,A01HB004,HB,9,39.0,39.0,39.0,0.0,0.0,0.0,120,120,0,0,0,1
2026-06-09,A,A01HB005,HB,9,39.0,31.0,31.0,8.0,0.0,0.0,128,128,0,0,0,1
2026-06-09,A,A01HB006,HB,9,39.0,39.0,39.0,0.0,0.0,0.0,135,135,0,0,0,1
2026-06-09,A,A01HB007,HB,9,39.0,0.0,0.0,39.0,0.0,0.0,0,0,0,0,0,1
2026-06-09,A,A01HB009,HB,9,39.0,39.0,39.0,0.0,0.0,0.0,154,154,0,0,0,1
2026-06-09,A,A01HB010,HB,9,39.0,39.0,39.0,0.0,0.0,0.0,120,120,0,0,0,1
2026-06-09,A,A01HB012,HB,9,39.0,16.0,16.0,23.0,0.0,0.0,85,85,0,0,0,1
2026-06-09,A,A01HB017,HB,9,39.0,39.0,39.0,0.0,0.0,0.0,120,120,0,0,0,1
2026-06-09,A,A01HB018,HB,9,39.0,39.0,39.0,0.0,0.0,0.0,84,84,0,0,0,1
2026-06-09,A,A01CN127,CN,9,63.0,44.0,44.0,19.0,0.0,0.0,224,224,0,0,0,1
2026-06-09,A,A01CN055,CN,9,39.0,36.0,36.0,3.0,0.0,0.0,143,143,0,0,0,1
2026-06-09,A,A01CN060,CN,9,39.0,36.0,36.0,3.0,0.0,0.0,147,147,0,0,0,1
2026-06-09,B,A01VMC08,VM,10,370.9,251.32,251.32,119.58,0.0,0.0,1620,1620,0,0,0,1
2026-06-09,A,A01TMC02,TM,12,217.0,203.0,203.0,14.0,0.0,0.0,179,179,0,0,0,1
2026-06-09,A,A01TMC03,TM,12,217.0,192.0,192.0,25.0,0.0,0.0,481,481,0,0,0,1
2026-06-09,A,A01TRP35,TR,12,109.0,1.0,0.0,108.0,1.0,0.0,0,0,0,0,0,1
2026-06-09,A,A01CN138,CN,12,212.0,203.0,203.0,9.0,0.0,0.0,310,310,0,0,0,1
2026-06-09,A,A01CN139,CN,12,211.0,192.0,192.0,19.0,0.0,0.0,288,288,0,0,0,1
2026-06-09,A,A01CN117,CN,12,212.0,209.0,209.0,3.0,0.0,0.0,305,305,0,0,0,1
2026-06-09,A,A01CN118,CN,12,212.0,0.0,0.0,212.0,0.0,0.0,0,0,0,0,0,1
2026-06-09,A,A01CN003,CN,12,189.0,184.0,161.67,5.0,22.33,0.0,388,388,0,0,0,1
2026-06-09,A,A01CN101,CN,12,189.0,0.0,0.0,189.0,0.0,0.0,0,0,0,0,0,1
2026-06-09,A,A01CN102,CN,12,189.0,0.0,0.0,189.0,0.0,0.0,0,0,0,0,0,1
2026-06-09,A,A01CN104,CN,12,189.0,0.0,0.0,189.0,0.0,0.0,0,0,0,0,0,1
2026-06-09,A,A01CN124,CN,12,169.0,108.0,86.23,61.0,21.77,0.0,199,199,0,0,0,1
2026-06-09,A,A01CN125,CN,12,169.0,161.0,123.0,8.0,38.0,0.0,90,90,0,0,0,1
2026-06-09,A,A01CN129,CN,12,164.0,0.0,0.0,164.0,0.0,0.0,0,0,0,0,0,1
2026-06-09,A,A01HB013,HB,12,84.0,77.0,77.0,7.0,0.0,0.0,110,110,0,0,0,1
2026-06-09,A,A01HB016,HB,12,84.0,75.0,75.0,9.0,0.0,0.0,217,217,0,0,0,1
2026-06-09,A,A01CN122,CN,13,178.0,98.0,78.87,80.0,19.13,0.0,182,182,0,0,0,1
2026-06-09,A,A01BR007,BR,14,157.0,77.0,77.0,80.0,0.0,0.0,494,494,0,0,0,1
2026-06-09,A,A01CN053,CN,14,49.0,49.0,49.0,0.0,0.0,0.0,181,181,0,0,0,1
2026-06-09,A,A01CN054,CN,14,49.0,49.0,49.0,0.0,0.0,0.0,169,169,0,0,0,1
2026-06-09,A,A01CN056,CN,14,49.0,49.0,49.0,0.0,0.0,0.0,195,195,0,0,0,1
2026-06-09,A,A01CN057,CN,14,49.0,39.0,38.4,10.0,0.6,0.0,128,128,0,0,0,1
2026-06-09,A,A01CN058,CN,14,49.0,40.0,40.0,9.0,0.0,0.0,142,142,0,0,0,1
2026-06-09,A,A01CN059,CN,14,49.0,49.0,49.0,0.0,0.0,0.0,175,175,0,0,0,1
2026-06-09,A,A01CN072,CN,14,49.0,49.0,49.0,0.0,0.0,0.0,168,168,0,0,0,1
2026-06-09,A,A01CN073,CN,14,49.0,49.0,49.0,0.0,0.0,0.0,165,165,0,0,0,1
2026-06-09,A,A01CN076,CN,14,49.0,49.0,49.0,0.0,0.0,0.0,188,188,0,0,0,1
2026-06-09,A,A01CN077,CN,14,49.0,49.0,49.0,0.0,0.0,0.0,182,182,0,0,0,1
2026-06-09,A,A01HB013,HB,15,109.0,102.0,84.0,7.0,18.0,0.0,120,120,0,0,0,1
2026-06-09,A,A01HB016,HB,15,108.0,97.0,87.6,11.0,9.4,0.0,252,252,0,0,0,1
2026-06-09,A,A01CN064,CN,15,402.0,325.0,207.0,77.0,118.0,0.0,207,207,0,0,0,1
2026-06-09,A,A01CN108,CN,15,109.0,93.0,61.0,16.0,32.0,0.0,61,61,0,0,0,1
2026-06-09,A,A01CN111,CN,15,109.0,96.0,74.0,13.0,22.0,0.0,74,74,0,0,0,1
2026-06-09,A,A01CN083,CN,15,124.0,91.0,85.0,33.0,6.0,0.0,510,510,0,0,0,1
2026-06-09,A,A01HB008,HB,15,49.0,49.0,49.0,0.0,0.0,0.0,114,114,0,0,0,1
2026-06-09,A,A01HB019,HB,15,49.0,49.0,49.0,0.0,0.0,0.0,54,54,0,0,0,1
2026-06-09,A,A01CN089,CN,16,252.0,119.0,108.1,133.0,10.9,0.0,282,282,0,0,0,1
2026-06-09,A,A01BR005,BR,16,247.0,178.0,178.0,69.0,0.0,0.0,2292,2292,0,0,0,1
2026-06-09,A,A01CN002,CN,16,350.0,0.0,0.0,350.0,0.0,0.0,1,1,0,0,0,1
2026-06-09,A,A01CN004,CN,16,379.0,368.0,368.0,11.0,0.0,0.0,498,498,0,0,0,1
2026-06-09,A,A01CN006,CN,16,379.0,336.0,297.33,43.0,38.67,0.0,892,892,0,0,0,1
2026-06-09,A,A01CN008,CN,16,379.0,369.0,320.0,10.0,49.0,0.0,320,320,0,0,0,1
2026-06-09,A,A01CN031,CN,16,379.0,363.0,363.0,16.0,0.0,0.0,1425,1425,0,0,0,1
2026-06-09,A,A01CN038,CN,16,379.0,350.0,342.0,29.0,8.0,0.0,1080,1080,0,0,0,1
2026-06-09,A,A01CN039,CN,16,379.0,0.0,0.0,379.0,0.0,0.0,0,0,0,0,0,1
2026-06-09,A,A01CN133,CN,16,379.0,0.0,0.0,379.0,0.0,0.0,0,0,0,0,0,1
2026-06-09,A,A01CN090,CN,16,379.0,363.0,363.0,16.0,0.0,0.0,1368,1368,0,0,0,1
2026-06-09,A,A01CN091,CN,16,379.0,368.0,368.0,11.0,0.0,0.0,1410,1410,0,0,0,1
2026-06-09,A,A01CN092,CN,16,379.0,339.0,339.0,40.0,0.0,0.0,1245,1245,0,0,0,1
2026-06-09,A,A01CN093,CN,16,379.0,364.0,364.0,15.0,0.0,0.0,1202,1202,0,0,0,1
2026-06-09,A,A01CN094,CN,16,379.0,0.0,0.0,379.0,0.0,0.0,0,0,0,0,0,1
2026-06-09,A,A01CN096,CN,16,379.0,379.0,340.27,0.0,38.73,0.0,704,704,0,0,0,1
2026-06-09,A,A01CN097,CN,16,379.0,369.0,369.0,10.0,0.0,0.0,1388,1388,0,0,0,1
2026-06-09,A,A01CN134,CN,16,409.0,0.0,0.0,409.0,0.0,0.0,0,0,0,0,0,1
2026-06-09,A,A01CN137,CN,16,417.0,0.0,0.0,417.0,0.0,0.0,0,0,0,0,0,1
2026-06-09,A,A01TMC04,TM,16,429.0,342.0,321.53,87.0,20.47,0.0,371,371,0,0,0,1
2026-06-09,A,A01VMC06,VM,16,411.0,0.0,0.0,411.0,0.0,0.0,0,0,0,0,0,1
2026-06-09,A,A01HB014,HB,16,15.0,15.0,15.0,0.0,0.0,0.0,30,30,0,0,0,1
2026-06-09,A,A01CN126,CN,16,390.0,318.0,243.6,72.0,74.4,0.0,812,812,0,0,0,1
2026-06-09,A,A01CN016,CN,16,284.0,246.0,246.0,38.0,0.0,0.0,463,463,0,0,0,1
2026-06-09,A,A01CN067,CN,16,280.0,241.0,186.85,39.0,54.15,0.0,303,303,0,0,0,1
2026-06-09,A,A01CN071,CN,16,274.0,214.0,214.0,60.0,0.0,0.0,742,742,0,0,0,1
2026-06-09,A,A01CN079,CN,16,278.0,244.0,244.0,34.0,0.0,0.0,788,788,0,0,0,1
2026-06-09,A,A01CN087,CN,16,339.0,274.0,195.53,65.0,78.47,0.0,419,419,0,0,0,1
2026-06-09,A,A01CN105,CN,16,281.0,270.0,222.83,11.0,47.17,0.0,191,191,0,0,0,1
2026-06-09,A,A01CN114,CN,16,280.0,245.0,127.4,35.0,117.6,0.0,294,294,0,0,0,1
2026-06-09,A,A01CN128,CN,16,394.0,391.0,391.0,3.0,0.0,0.0,676,676,0,0,0,1
2026-06-09,A,A01CN063,CN,17,54.0,42.0,42.0,12.0,0.0,0.0,83,83,0,0,0,1
2026-06-09,A,A01TMC05,TM,17,489.0,466.0,466.0,23.0,0.0,0.0,1124,1124,0,0,0,1
2026-06-09,A,A01TMC06,TM,17,489.0,484.0,484.0,5.0,0.0,0.0,692,692,0,0,0,1
2026-06-09,A,A01TMC07,TM,17,502.0,485.0,477.53,17.0,7.47,0.0,1102,1102,0,0,0,1
2026-06-09,A,A01TMC09,TM,17,192.0,186.0,182.0,6.0,4.0,0.0,260,260,0,0,0,1
2026-06-09,A,A01TMC10,TM,17,502.0,494.0,491.0,8.0,3.0,0.0,491,491,0,0,0,1
2026-06-09,A,A01TMC08,TM,17,502.0,497.0,497.0,5.0,0.0,0.0,1041,1041,0,0,0,1
2026-06-09,A,A01CN123,CN,17,52.0,14.0,11.2,38.0,2.8,0.0,32,32,0,0,0,1
2026-06-09,A,A01CN075,CN,17,65.0,21.0,21.0,44.0,0.0,0.0,52,52,0,0,0,1
2026-06-09,A,A01HB023,HB,17,484.0,484.0,459.77,0.0,24.23,0.0,572,572,0,0,0,1
2026-06-09,A,A01CN014,CN,18,372.0,320.0,320.0,52.0,0.0,0.0,1149,1149,0,0,0,1
2026-06-09,A,A01CN015,CN,18,364.0,313.0,313.0,51.0,0.0,0.0,1119,1119,0,0,0,1
2026-06-09,A,A01CN021,CN,18,372.0,314.0,314.0,58.0,0.0,0.0,1046,1046,0,0,0,1
2026-06-09,A,A01CN022,CN,18,372.0,326.0,326.0,46.0,0.0,0.0,1094,1094,0,0,0,1
2026-06-09,A,A01CN023,CN,18,372.0,343.0,343.0,29.0,0.0,0.0,1054,1054,0,0,0,1
2026-06-09,A,A01CN026,CN,18,372.0,335.0,335.0,37.0,0.0,0.0,1094,1094,0,0,0,1
2026-06-09,A,A01CN042,CN,18,497.0,0.0,0.0,497.0,0.0,0.0,0,0,0,0,0,1
2026-06-09,A,A01CN078,CN,18,369.0,264.0,228.3,105.0,35.7,0.0,761,761,0,0,0,1
2026-06-09,A,A01CN080,CN,18,370.0,339.0,339.0,31.0,0.0,0.0,1055,1055,0,0,0,1
2026-06-09,A,A01CN088,CN,18,92.0,20.0,19.2,72.0,0.8,0.0,24,24,0,0,0,1
2026-06-09,A,A01CN107,CN,18,92.0,25.0,16.0,67.0,9.0,0.0,20,20,0,0,0,1
2026-06-09,A,A01TAP14,TA,18,90.0,66.0,43.4,24.0,22.6,0.0,217,217,0,0,0,1
2026-06-09,A,A01CN113,CN,18,92.0,53.0,53.0,39.0,0.0,0.0,72,72,0,0,0,1
2026-06-09,A,A01CN130,CN,18,520.0,0.0,0.0,520.0,0.0,0.0,0,0,0,0,0,1
2026-06-09,A,A01CN131,CN,18,520.0,273.0,240.5,247.0,32.5,4.32,390,383,0,7,7,1
2026-06-09,A,A01CN132,CN,18,520.0,451.0,451.0,69.0,0.0,0.0,762,762,0,0,0,1
2026-06-09,A,A01CN001,CN,18,542.0,524.0,418.0,18.0,106.0,0.0,418,418,0,0,0,1
2026-06-09,A,A01CN005,CN,18,537.0,475.0,371.25,62.0,103.75,0.0,495,495,0,0,0,1
2026-06-09,A,A01CN017,CN,18,275.0,250.0,184.5,25.0,65.5,0.0,246,246,0,0,0,1
2026-06-09,A,A01CN018,CN,18,537.0,477.0,352.5,60.0,124.5,0.0,470,470,0,0,0,1
2026-06-09,A,A01CN024,CN,18,540.0,483.0,378.75,57.0,104.25,0.0,505,505,0,0,0,1
2026-06-09,A,A01CN030,CN,18,537.0,465.0,356.0,72.0,109.0,0.0,356,356,0,0,0,1
2026-06-09,A,A01CN041,CN,18,545.0,527.0,460.5,18.0,66.5,0.0,614,614,0,0,0,1
2026-06-09,A,A01CN044,CN,18,517.0,481.0,436.8,36.0,44.2,0.0,728,728,0,0,0,1
2026-06-09,A,A01CN045,CN,18,552.0,528.0,462.0,24.0,66.0,0.0,792,792,0,0,0,1
2026-06-09,A,A01CN046,CN,18,552.0,523.0,414.17,29.0,108.83,0.0,710,710,0,0,0,1
2026-06-09,A,A01CN047,CN,18,167.0,127.0,121.33,40.0,5.67,0.0,208,208,0,0,0,1
2026-06-09,A,A01CN048,CN,18,552.0,456.0,422.33,96.0,33.67,0.0,724,724,0,0,0,1
2026-06-09,A,A01CN050,CN,18,112.0,62.0,62.0,50.0,0.0,0.0,108,108,0,0,0,1
2026-06-09,A,A01CN051,CN,18,552.0,466.0,465.5,86.0,0.5,0.0,798,798,0,0,0,1
2026-06-09,A,A01CN062,CN,18,552.0,438.0,404.83,114.0,33.17,0.0,694,694,0,0,0,1
2026-06-09,A,A01CN065,CN,18,545.0,510.0,399.0,35.0,111.0,0.0,532,532,0,0,0,1
2026-06-09,A,A01CN068,CN,18,552.0,482.0,429.33,70.0,52.67,0.58,736,735,1,0,1,1
2026-06-09,A,A01CN070,CN,18,551.0,499.0,407.0,52.0,92.0,0.0,407,407,0,0,0,1
2026-06-09,A,A01CN081,CN,18,540.0,501.0,377.0,39.0,124.0,1.0,377,376,1,0,1,1
2026-06-09,A,A01CN084,CN,18,540.0,451.0,445.0,89.0,6.0,0.0,2670,2670,0,0,0,1
2026-06-09,A,A01CN085,CN,18,540.0,490.0,412.8,50.0,77.2,0.0,387,387,0,0,0,1
2026-06-09,A,A01CN086,CN,18,472.0,413.0,307.1,59.0,105.9,0.0,444,444,0,0,0,1
2026-06-09,A,A01CN098,CN,18,540.0,466.0,377.0,74.0,89.0,0.0,377,377,0,0,0,1
2026-06-09,A,A01CN099,CN,18,537.0,486.0,406.0,51.0,80.0,0.0,406,406,0,0,0,1
2026-06-09,A,A01HB025,HB,18,84.0,84.0,84.0,0.0,0.0,0.0,561,561,0,0,0,1
2026-06-09,A,A01HB014,HB,18,116.0,54.0,54.0,62.0,0.0,0.0,133,133,0,0,0,1
2026-06-09,A,A01VMC03,VM,18,552.0,520.0,500.0,32.0,20.0,0.0,2000,2000,0,0,0,1
2026-06-09,A,A01VMC05,VM,18,522.0,492.0,475.8,30.0,16.2,0.0,468,468,0,0,0,1
2026-06-09,A,A01VMC08,VM,18,117.0,84.0,80.75,33.0,3.25,0.0,255,255,0,0,0,1
2026-06-09,A,A01VMC09,VM,18,522.0,499.0,465.5,23.0,33.5,0.0,1470,1470,0,0,0,1
2026-06-09,A,A01VMC10,VM,18,552.0,0.0,0.0,552.0,0.0,0.0,0,0,0,0,0,1
2026-06-09,A,A01VMC11,VM,18,552.0,533.0,498.75,19.0,34.25,0.32,1575,1574,0,1,1,1
2026-06-09,A,A01VMC12,VM,18,582.0,552.0,503.5,30.0,48.5,0.0,1590,1590,0,0,0,1
2026-06-09,A,A01HB022,HB,18,537.0,478.0,451.55,59.0,26.45,0.0,396,396,0,0,0,1
2026-06-09,A,A01VMC15,VM,18,112.0,100.0,94.5,12.0,5.5,0.0,315,315,0,0,0,1
2026-06-09,A,A01VMC16,VM,18,517.0,502.0,445.5,15.0,56.5,0.0,1485,1485,0,0,0,1
2026-06-09,A,A01CN019,CN,18,562.0,561.0,324.0,1.0,237.0,0.0,540,540,0,0,0,1
2026-06-09,A,A01CN020,CN,18,562.0,386.0,250.0,176.0,136.0,0.0,500,500,0,0,0,1
2026-06-09,A,A01CN127,CN,18,483.0,309.0,218.82,174.0,90.18,0.0,691,691,0,0,0,1
2026-06-09,B,A01CN127,CN,20,49.0,45.0,45.0,4.0,0.0,0.0,162,162,0,0,0,1
2026-06-09,B,A01CN131,CN,20,49.0,28.0,25.9,21.0,2.1,0.0,42,42,0,0,0,1
2026-06-09,B,A01CN053,CN,21,49.0,49.0,49.0,0.0,0.0,0.0,180,180,0,0,0,1
2026-06-09,B,A01CN054,CN,21,49.0,49.0,49.0,0.0,0.0,0.0,165,165,0,0,0,1
2026-06-09,B,A01CN055,CN,21,49.0,49.0,49.0,0.0,0.0,0.0,171,171,0,0,0,1
2026-06-09,B,A01CN056,CN,21,49.0,39.0,39.0,10.0,0.0,0.0,153,153,0,0,0,1
2026-06-09,B,A01CN057,CN,21,49.0,49.0,49.0,0.0,0.0,0.0,189,189,0,0,0,1
2026-06-09,B,A01CN058,CN,21,49.0,49.0,49.0,0.0,0.0,0.0,173,173,0,0,0,1
2026-06-09,B,A01CN059,CN,21,49.0,47.0,47.0,2.0,0.0,0.0,165,165,0,0,0,1
2026-06-09,B,A01CN060,CN,21,49.0,49.0,49.0,0.0,0.0,0.0,184,184,0,0,0,1
2026-06-09,B,A01CN072,CN,21,49.0,49.0,48.3,0.0,0.7,0.0,161,161,0,0,0,1
2026-06-09,B,A01CN073,CN,21,49.0,49.0,49.0,0.0,0.0,0.0,159,159,0,0,0,1
2026-06-09,B,A01CN076,CN,21,49.0,49.0,49.0,0.0,0.0,0.0,179,179,0,0,0,1
2026-06-09,B,A01CN077,CN,21,49.0,46.0,46.0,3.0,0.0,0.0,162,162,0,0,0,1
2026-06-09,B,A01CN121,CN,21,113.0,4.0,1.6,109.0,2.4,0.0,2,2,0,0,0,1
2026-06-09,B,A01HB002,HB,21,49.0,49.0,49.0,0.0,0.0,0.0,138,138,0,0,0,1
2026-06-09,B,A01HB003,HB,21,49.0,49.0,49.0,0.0,0.0,0.0,114,114,0,0,0,1
2026-06-09,B,A01HB007,HB,21,49.0,49.0,37.95,0.0,11.05,0.0,92,92,0,0,0,1
2026-06-09,B,A01CN130,CN,21,49.0,0.0,0.0,49.0,0.0,0.0,0,0,0,0,0,1
2026-06-09,B,A01CN132,CN,21,49.0,49.0,49.0,0.0,0.0,0.0,102,102,0,0,0,1
2026-06-09,B,A01HB004,HB,21,49.0,49.0,45.73,0.0,3.27,0.0,112,112,0,0,0,1
2026-06-09,B,A01HB005,HB,21,49.0,49.0,47.53,0.0,1.47,0.0,161,161,0,0,0,1
2026-06-09,B,A01HB006,HB,21,49.0,49.0,49.0,0.0,0.0,0.0,165,165,0,0,0,1
2026-06-09,B,A01HB008,HB,21,49.0,49.0,49.0,0.0,0.0,0.0,126,126,0,0,0,1
2026-06-09,B,A01HB009,HB,21,49.0,49.0,49.0,0.0,0.0,0.0,161,161,0,0,0,1
2026-06-09,B,A01HB010,HB,21,49.0,49.0,49.0,0.0,0.0,0.0,132,132,0,0,0,1
2026-06-09,B,A01HB012,HB,21,49.0,33.0,30.07,16.0,2.93,0.0,55,55,0,0,0,1
2026-06-09,B,A01HB015,HB,21,49.0,49.0,12.85,0.0,36.15,0.0,16,16,0,0,0,1
2026-06-09,B,A01HB017,HB,21,49.0,49.0,49.0,0.0,0.0,0.0,132,132,0,0,0,1
2026-06-09,B,A01HB020,HB,21,49.0,49.0,49.0,0.0,0.0,0.0,132,132,0,0,0,1
2026-06-09,B,A01HB011,HB,21,109.0,109.0,109.0,0.0,0.0,0.0,650,650,0,0,0,1
2026-06-09,B,A01CN135,CN,22,39.0,0.0,0.0,39.0,0.0,0.0,0,0,0,0,0,1
2026-06-09,B,A01CN004,CN,22,149.0,131.0,131.0,18.0,0.0,0.0,219,219,0,0,0,1
2026-06-09,B,A01CN025,CN,22,149.0,0.0,0.0,149.0,0.0,0.0,0,0,0,0,0,1
2026-06-09,B,A01CN134,CN,22,167.0,0.0,0.0,167.0,0.0,0.0,0,0,0,0,0,1
2026-06-09,A,A01CN049,CN,22,701.0,299.0,223.0,402.0,76.0,0.0,223,223,0,0,0,1
2026-06-09,A,A01CN061,CN,22,701.0,271.0,262.0,430.0,9.0,0.0,262,262,0,0,0,1
2026-06-09,A,A01CN069,CN,23,701.0,270.0,270.0,431.0,0.0,0.0,338,338,0,0,0,1
2026-06-09,B,A01CN095,CN,23,169.0,0.0,0.0,169.0,0.0,0.0,0,0,0,0,0,1
2026-06-09,B,A01CN007,CN,23,84.0,4.0,4.0,80.0,0.0,0.0,12,12,0,0,0,1
2026-06-09,B,A01CN120,CN,23,174.0,0.0,0.0,174.0,0.0,0.0,1,1,0,0,0,1
2026-06-09,B,A01CN090,CN,23,199.0,161.0,161.0,38.0,0.0,0.0,735,735,0,0,0,1
2026-06-09,B,A01CN091,CN,23,199.0,160.0,160.0,39.0,0.0,0.0,756,756,0,0,0,1
2026-06-09,B,A01CN092,CN,23,209.0,209.0,209.0,0.0,0.0,0.0,909,909,0,0,0,1
2026-06-09,B,A01CN093,CN,23,199.0,168.0,168.0,31.0,0.0,0.0,602,602,0,0,0,1
2026-06-09,B,A01CN094,CN,23,209.0,0.0,0.0,209.0,0.0,0.0,0,0,0,0,0,1
2026-06-09,B,A01HB019,HB,23,49.0,49.0,34.6,0.0,14.4,0.0,36,36,0,0,0,1
2026-06-09,B,A01CN124,CN,0,49.0,49.0,48.53,0.0,0.47,0.0,112,112,0,0,0,1
2026-06-09,B,A01CN125,CN,0,49.0,0.0,0.0,49.0,0.0,0.0,0,0,0,0,0,1
2026-06-09,B,A01CN126,CN,0,49.0,49.0,49.0,0.0,0.0,0.0,187,187,0,0,0,1
2026-06-09,B,A01CN129,CN,0,49.0,0.0,0.0,49.0,0.0,0.0,0,0,0,0,0,1
2026-06-09,B,A01CN008,CN,1,309.0,266.0,266.0,43.0,0.0,0.0,337,337,0,0,0,1
2026-06-09,B,A01CN138,CN,1,360.0,337.0,334.0,23.0,3.0,0.0,501,501,0,0,0,1
2026-06-09,B,A01CN139,CN,1,360.0,342.0,342.0,18.0,0.0,0.0,585,585,0,0,0,1
2026-06-09,B,A01CN133,CN,2,367.0,0.0,0.0,367.0,0.0,0.0,0,0,0,0,0,1
2026-06-09,B,A01CN117,CN,2,409.0,355.0,285.27,54.0,69.73,0.0,389,389,0,0,0,1
2026-06-09,B,A01CN118,CN,2,132.0,0.0,0.0,132.0,0.0,0.0,0,0,0,0,0,1
2026-06-09,B,A01CN115,CN,2,189.0,184.0,184.0,5.0,0.0,0.0,248,248,0,0,0,1
2026-06-09,B,A01CN066,CN,2,399.0,112.0,112.0,287.0,0.0,0.0,816,816,0,0,0,1
2026-06-09,B,A01CN074,CN,2,79.0,27.0,27.0,52.0,0.0,0.0,72,72,0,0,0,1
2026-06-09,B,A01VMC03,VM,2,259.0,237.0,237.0,22.0,0.0,0.0,1400,1400,0,0,0,1
2026-06-09,B,A01VMC05,VM,2,259.0,228.0,228.0,31.0,0.0,0.0,228,228,0,0,0,1
2026-06-09,B,A01VMC06,VM,2,195.0,0.0,0.0,195.0,0.0,0.0,0,0,0,0,0,1
2026-06-09,B,A01VMC07,VM,2,259.0,243.0,243.0,16.0,0.0,0.0,3248,3248,0,0,0,1
2026-06-09,B,A01CN003,CN,3,389.0,384.0,314.17,5.0,69.83,0.0,754,754,0,0,0,1
2026-06-09,B,A01CN006,CN,3,379.0,366.0,366.0,13.0,0.0,0.0,1328,1328,0,0,0,1
2026-06-09,B,A01CN029,CN,3,374.0,114.0,114.0,260.0,0.0,0.0,222,222,0,0,0,1
2026-06-09,B,A01CN097,CN,3,389.0,384.0,384.0,5.0,0.0,0.0,1624,1624,0,0,0,1
2026-06-09,B,A01CN102,CN,3,387.0,0.0,0.0,387.0,0.0,0.0,0,0,0,0,0,1
2026-06-09,B,A01CN104,CN,3,387.0,0.0,0.0,387.0,0.0,0.0,0,0,0,0,0,1
2026-06-09,B,A01HB023,HB,3,370.0,370.0,370.0,0.0,0.0,0.0,484,484,0,0,0,1
2026-06-09,B,A01HB018,HB,4,489.0,470.0,438.7,19.0,31.3,0.0,642,642,0,0,0,1
2026-06-09,B,A01TMC04,TM,4,566.0,555.0,555.0,11.0,0.0,0.0,652,652,0,0,0,1
2026-06-09,B,A01TMC05,TM,4,566.0,549.0,549.0,17.0,0.0,0.0,1358,1358,0,0,0,1
2026-06-09,B,A01TMC06,TM,4,566.0,558.0,558.0,8.0,0.0,0.0,818,818,0,0,0,1
2026-06-09,B,A01HB001,HB,4,489.0,481.0,432.93,8.0,48.07,0.0,1146,1146,0,0,0,1
2026-06-09,B,A01CN001,CN,5,484.0,452.0,433.0,32.0,19.0,0.0,433,433,0,0,0,1
2026-06-09,B,A01CN005,CN,5,480.0,395.0,395.0,85.0,0.0,0.0,655,655,0,0,0,1
2026-06-09,B,A01CN024,CN,5,480.0,414.0,414.0,66.0,0.0,0.0,563,563,0,0,0,1
2026-06-09,B,A01CN041,CN,5,481.0,433.0,433.0,48.0,0.0,0.0,620,620,0,0,0,1
2026-06-09,B,A01CN065,CN,5,481.0,406.0,406.0,75.0,0.0,0.0,597,597,0,0,0,1
2026-06-09,B,A01CN081,CN,5,484.0,422.0,390.0,62.0,32.0,0.0,390,390,0,0,0,1
2026-06-09,B,A01CN083,CN,5,491.0,265.0,130.0,226.0,135.0,0.0,780,780,0,0,0,1
2026-06-09,B,A01CN084,CN,5,484.0,353.0,330.0,131.0,23.0,0.0,1980,1980,0,0,0,1
2026-06-09,B,A01CN085,CN,5,494.0,469.0,469.0,25.0,0.0,0.0,447,447,0,0,0,1
2026-06-09,B,A01HB025,HB,5,490.0,490.0,490.0,0.0,0.0,0.0,680,680,0,0,0,1
2026-06-09,B,A01HB014,HB,5,480.0,480.0,480.0,0.0,0.0,0.0,836,836,0,0,0,1
2026-06-09,B,A01HB024,HB,5,490.0,490.0,447.07,0.0,42.93,0.0,616,616,0,0,0,1
2026-06-09,B,A01CN018,CN,5,510.0,478.0,474.75,32.0,3.25,0.0,633,633,0,0,0,1
2026-06-09,B,A01CN030,CN,5,511.0,466.0,406.0,45.0,60.0,0.0,406,406,0,0,0,1
2026-06-09,B,A01CN070,CN,5,244.0,169.0,113.0,75.0,56.0,0.0,113,113,0,0,0,1
2026-06-09,B,A01CN098,CN,5,511.0,324.0,238.0,187.0,86.0,0.0,238,238,0,0,0,1
2026-06-09,B,A01CN099,CN,5,521.0,486.0,444.0,35.0,42.0,0.0,444,444,0,0,0,1
2026-06-09,B,A01CN019,CN,5,514.0,514.0,390.0,0.0,124.0,0.0,650,650,0,0,0,1
2026-06-09,B,A01CN064,CN,5,514.0,375.0,249.0,139.0,126.0,0.0,249,249,0,0,0,1
2026-06-09,B,A01CN108,CN,5,514.0,396.0,225.0,118.0,171.0,0.0,225,225,0,0,0,1
2026-06-09,B,A01CN111,CN,5,514.0,318.0,190.0,196.0,128.0,0.0,190,190,0,0,0,1
2026-06-09,B,A01HB013,HB,6,540.0,497.0,497.0,43.0,0.0,0.0,750,750,0,0,0,1
2026-06-09,B,A01HB016,HB,6,540.0,514.0,514.0,26.0,0.0,0.0,1505,1505,0,0,0,1
2026-06-09,B,A01CN017,CN,6,571.0,456.0,451.5,115.0,4.5,0.0,602,602,0,0,0,1
2026-06-09,B,A01CN061,CN,6,189.0,0.0,0.0,189.0,0.0,0.0,0,0,0,0,0,1
2026-06-09,B,A01CN069,CN,6,189.0,0.0,0.0,189.0,0.0,0.0,0,0,0,0,0,1
2026-06-09,B,A01VMC08,VM,6,329.1,293.65,293.65,35.45,0.0,0.0,1785,1785,0,0,0,1
2026-06-09,B,A01HB021,HB,6,600.0,542.0,542.0,58.0,0.0,0.0,480,480,0,0,0,1
2026-06-09,B,A01HB022,HB,6,580.0,518.0,518.0,62.0,0.0,0.0,480,480,0,0,0,1
2026-06-09,B,A01CN020,CN,6,574.0,447.0,282.5,127.0,164.5,0.0,565,565,0,0,0,1
2026-06-09,B,A01CN112,CN,6,574.0,408.0,285.0,166.0,123.0,0.0,285,285,0,0,0,1
2026-06-09,B,A01VMC09,VM,6,643.0,533.0,465.5,110.0,67.5,0.0,1470,1470,0,0,0,1
2026-06-09,B,A01CN042,CN,7,648.0,0.0,0.0,648.0,0.0,0.0,0,0,0,0,0,1
2026-06-09,B,A01CN044,CN,7,648.0,447.0,385.2,201.0,61.8,0.0,642,642,0,0,0,1
2026-06-09,B,A01CN045,CN,7,653.0,554.0,507.5,99.0,46.5,0.0,870,870,0,0,0,1
2026-06-09,B,A01CN046,CN,7,653.0,560.0,472.5,93.0,87.5,0.0,810,810,0,0,0,1
2026-06-09,B,A01CN047,CN,7,653.0,511.0,465.5,142.0,45.5,0.0,798,798,0,0,0,1
2026-06-09,B,A01CN048,CN,7,643.0,533.0,527.33,110.0,5.67,0.0,904,904,0,0,0,1
2026-06-09,B,A01CN050,CN,7,653.0,591.0,522.67,62.0,68.33,0.0,896,896,0,0,0,1
2026-06-09,B,A01CN051,CN,7,643.0,522.0,522.0,121.0,0.0,0.0,958,958,0,0,0,1
2026-06-09,B,A01CN062,CN,7,653.0,590.0,558.83,63.0,31.17,0.0,958,958,0,0,0,1
2026-06-09,B,A01CN068,CN,7,643.0,560.0,560.0,83.0,0.0,0.52,1072,1071,1,0,1,1
2026-06-09,B,A01CN075,CN,7,653.0,571.0,506.33,82.0,64.67,0.0,868,868,0,0,0,1
2026-06-09,B,A01VMC10,VM,7,648.0,0.0,0.0,648.0,0.0,0.0,0,0,0,0,0,1
2026-06-09,B,A01VMC11,VM,7,648.0,549.0,549.0,99.0,0.0,0.0,1770,1770,0,0,0,1
2026-06-09,B,A01VMC12,VM,7,648.0,560.0,560.0,88.0,0.0,0.0,1845,1845,0,0,0,1
2026-06-09,B,A01VMC15,VM,7,648.0,583.0,562.5,65.0,20.5,0.0,1875,1875,0,0,0,1
2026-06-09,B,A01VMC16,VM,7,638.0,555.0,555.0,83.0,0.0,0.0,1890,1890,0,0,0,1
2026-06-09,B,A01VMC18,VM,7,638.0,572.0,572.0,66.0,0.0,0.0,2212,2212,0,0,0,1
2026-06-10,A,A01HB002,HB,9,39.0,39.0,39.0,0.0,0.0,0.0,126,126,0,0,0,1
2026-06-10,A,A01HB003,HB,9,39.0,39.0,39.0,0.0,0.0,0.0,126,126,0,0,0,1
2026-06-10,A,A01HB004,HB,9,39.0,39.0,39.0,0.0,0.0,0.0,120,120,0,0,0,1
2026-06-10,A,A01HB005,HB,9,39.0,39.0,39.0,0.0,0.0,0.0,189,189,0,0,0,1
2026-06-10,A,A01HB006,HB,9,39.0,39.0,39.0,0.0,0.0,0.0,135,135,0,0,0,1
2026-06-10,A,A01HB007,HB,9,39.0,39.0,39.0,0.0,0.0,0.0,140,140,0,0,0,1
2026-06-10,A,A01HB009,HB,9,39.0,39.0,39.0,0.0,0.0,0.0,147,147,0,0,0,1
2026-06-10,A,A01HB010,HB,9,39.0,9.0,2.75,30.0,6.25,0.0,6,6,0,0,0,1
2026-06-10,A,A01HB012,HB,9,39.0,21.0,21.0,18.0,0.0,0.0,55,55,0,0,0,1
2026-06-10,A,A01HB017,HB,9,39.0,0.0,0.0,39.0,0.0,0.0,0,0,0,0,0,1
2026-06-10,A,A01HB018,HB,9,39.0,39.0,39.0,0.0,0.0,0.0,78,78,0,0,0,1
2026-06-10,A,A01CN060,CN,9,39.0,16.0,13.5,23.0,2.5,0.0,45,45,0,0,0,1
2026-06-10,A,A01CN079,CN,10,43.0,19.0,12.33,24.0,6.67,0.0,37,37,0,0,0,1
2026-06-10,A,A01CN083,CN,10,109.0,62.0,62.0,47.0,0.0,0.0,490,490,0,0,0,1
2026-06-10,A,A01CN077,CN,11,49.0,30.0,30.0,19.0,0.0,0.0,101,101,0,0,0,1
2026-06-10,A,A01CN028,CN,12,169.0,0.0,0.0,169.0,0.0,0.0,0,0,0,0,0,1
2026-06-10,A,A01HB015,HB,12,49.0,49.0,38.55,0.0,10.45,0.0,48,48,0,0,0,1
2026-06-10,A,A01CN120,CN,12,189.0,162.0,162.0,27.0,0.0,0.0,198,198,0,0,0,1
2026-06-10,A,A01CN121,CN,12,189.0,123.0,110.4,66.0,12.6,0.0,138,138,0,0,0,1
2026-06-10,A,A01CN138,CN,12,188.0,11.0,4.67,177.0,6.33,0.0,7,7,0,0,0,1
2026-06-10,A,A01CN139,CN,12,188.0,177.0,158.0,11.0,19.0,0.0,237,237,0,0,0,1
2026-06-10,A,A01CN117,CN,12,192.0,184.0,184.0,8.0,0.0,0.0,264,264,0,0,0,1
2026-06-10,A,A01CN118,CN,12,192.0,0.0,0.0,192.0,0.0,0.0,0,0,0,0,0,1
2026-06-10,A,A01CN003,CN,12,189.0,185.0,155.0,4.0,30.0,0.0,372,372,0,0,0,1
2026-06-10,A,A01HB010,HB,12,49.0,49.0,46.75,0.0,2.25,0.0,68,68,0,0,0,1
2026-06-10,A,A01CN101,CN,12,189.0,0.0,0.0,189.0,0.0,0.0,0,0,0,0,0,1
2026-06-10,A,A01CN102,CN,12,189.0,0.0,0.0,189.0,0.0,0.0,0,0,0,0,0,1
2026-06-10,A,A01CN104,CN,12,189.0,0.0,0.0,189.0,0.0,0.0,0,0,0,0,0,1
2026-06-10,A,A01CN005,CN,13,99.0,95.0,78.75,4.0,16.25,0.0,105,105,0,0,0,1
2026-06-10,A,A01CN024,CN,13,99.0,0.0,0.0,99.0,0.0,0.0,0,0,0,0,0,1
2026-06-10,A,A01CN112,CN,13,9.0,0.0,0.0,9.0,0.0,0.0,0,0,0,0,0,1
2026-06-10,A,A01CN122,CN,13,207.0,108.0,96.63,99.0,11.37,0.0,223,223,0,0,0,1
2026-06-10,A,A01HB002,HB,13,78.0,72.0,67.6,6.0,4.4,0.0,156,156,0,0,0,1
2026-06-10,A,A01HB003,HB,13,78.0,71.0,71.0,7.0,0.0,0.0,180,180,0,0,0,1
2026-06-10,A,A01HB004,HB,13,78.0,69.0,65.33,9.0,3.67,0.0,160,160,0,0,0,1
2026-06-10,A,A01HB005,HB,13,78.0,65.0,64.07,13.0,0.93,0.0,217,217,0,0,0,1
2026-06-10,A,A01HB006,HB,13,78.0,62.0,47.5,16.0,14.5,0.0,150,150,0,0,0,1
2026-06-10,A,A01HB007,HB,13,78.0,70.0,70.0,8.0,0.0,0.0,192,192,0,0,0,1
2026-06-10,A,A01HB009,HB,13,78.0,71.0,71.0,7.0,0.0,0.0,217,217,0,0,0,1
2026-06-10,A,A01HB012,HB,13,78.0,41.0,41.0,37.0,0.0,0.0,185,185,0,0,0,1
2026-06-10,A,A01HB017,HB,13,78.0,0.0,0.0,78.0,0.0,0.0,0,0,0,0,0,1
2026-06-10,A,A01HB018,HB,13,78.0,68.0,68.0,10.0,0.0,0.0,114,114,0,0,0,1
2026-06-10,A,A01HB019,HB,13,78.0,43.0,43.0,35.0,0.0,0.0,72,72,0,0,0,1
2026-06-10,A,A01HB013,HB,14,122.0,87.0,87.0,35.0,0.0,0.0,130,130,0,0,0,1
2026-06-10,A,A01HB008,HB,14,37.0,32.0,32.0,5.0,0.0,0.0,126,126,0,0,0,1
2026-06-10,A,A01CN053,CN,14,187.0,137.0,135.9,50.0,1.1,0.0,453,453,0,0,0,1
2026-06-10,A,A01CN055,CN,14,187.0,177.0,177.0,10.0,0.0,0.0,560,560,0,0,0,1
2026-06-10,A,A01CN057,CN,14,187.0,174.0,174.0,13.0,0.0,0.0,590,590,0,0,0,1
2026-06-10,A,A01CN058,CN,14,187.0,184.0,184.0,3.0,0.0,0.63,583,581,0,2,2,1
2026-06-10,A,A01CN059,CN,14,187.0,149.0,144.33,38.0,4.67,0.0,433,433,0,0,0,1
2026-06-10,A,A01CN072,CN,14,187.0,187.0,178.2,0.0,8.8,0.6,594,592,0,2,2,1
2026-06-10,A,A01BR007,BR,14,245.0,51.0,51.0,194.0,0.0,0.0,268,268,0,0,0,1
2026-06-10,A,A01CN054,CN,14,187.0,157.0,157.0,30.0,0.0,0.0,474,474,0,0,0,1
2026-06-10,A,A01CN056,CN,14,187.0,156.0,156.0,31.0,0.0,0.56,559,557,2,0,2,1
2026-06-10,A,A01CN073,CN,14,187.0,148.0,131.67,39.0,16.33,0.0,395,395,0,0,0,1
2026-06-10,A,A01CN076,CN,14,187.0,172.0,172.0,15.0,0.0,0.0,595,595,0,0,0,1
2026-06-10,A,A01CN089,CN,16,332.0,109.0,57.88,223.0,51.12,0.0,151,151,0,0,0,1
2026-06-10,A,A01BR005,BR,16,335.0,123.0,99.87,212.0,23.13,0.0,856,856,0,0,0,1
2026-06-10,A,A01CN004,CN,16,377.0,352.0,352.0,25.0,0.0,0.0,480,480,0,0,0,1
2026-06-10,A,A01CN006,CN,16,377.0,238.0,236.0,139.0,2.0,0.0,708,708,0,0,0,1
2026-06-10,A,A01CN008,CN,16,377.0,358.0,326.0,19.0,32.0,0.0,326,326,0,0,0,1
2026-06-10,A,A01CN025,CN,16,377.0,145.0,134.0,232.0,11.0,0.0,268,268,0,0,0,1
2026-06-10,A,A01CN031,CN,16,377.0,331.0,331.0,46.0,0.0,0.0,1242,1242,0,0,0,1
2026-06-10,A,A01CN038,CN,16,377.0,320.0,320.0,57.0,0.0,0.0,1044,1044,0,0,0,1
2026-06-10,A,A01CN039,CN,16,377.0,139.0,133.0,238.0,6.0,0.0,420,420,0,0,0,1
2026-06-10,A,A01CN133,CN,16,377.0,168.0,153.0,209.0,15.0,0.0,102,102,0,0,0,1
2026-06-10,A,A01CN090,CN,16,377.0,367.0,364.0,10.0,3.0,0.0,1365,1365,0,0,0,1
2026-06-10,A,A01CN091,CN,16,377.0,351.0,350.4,26.0,0.6,0.0,1314,1314,0,0,0,1
2026-06-10,A,A01CN092,CN,16,377.0,373.0,368.6,4.0,4.4,0.0,1164,1164,0,0,0,1
2026-06-10,A,A01CN093,CN,16,377.0,293.0,290.7,84.0,2.3,0.0,918,918,0,0,0,1
2026-06-10,A,A01CN094,CN,16,377.0,142.0,79.17,235.0,62.83,0.0,190,190,0,0,0,1
2026-06-10,A,A01CN096,CN,16,377.0,368.0,318.03,9.0,49.97,0.0,658,658,0,0,0,1
2026-06-10,A,A01CN097,CN,16,377.0,351.0,351.0,26.0,0.0,0.0,1304,1304,0,0,0,1
2026-06-10,A,A01CN134,CN,16,407.0,110.0,108.0,297.0,2.0,4.5,72,69,2,1,3,1
2026-06-10,A,A01CN103,CN,16,377.0,155.0,145.55,222.0,9.45,0.0,213,213,0,0,0,1
2026-06-10,A,A01CN137,CN,16,415.0,173.0,160.2,242.0,12.8,0.0,267,267,0,0,0,1
2026-06-10,A,A01TMC07,TM,16,440.0,424.0,403.87,16.0,20.13,0.0,932,932,0,0,0,1
2026-06-10,A,A01TMC09,TM,16,440.0,416.0,413.7,24.0,2.3,0.0,591,591,0,0,0,1
2026-06-10,A,A01VMC06,VM,16,409.0,162.0,120.0,247.0,42.0,0.0,120,120,0,0,0,1
2026-06-10,A,A01TMC08,TM,16,440.0,419.0,419.0,21.0,0.0,0.0,867,867,0,0,0,1
2026-06-10,A,A01CN007,CN,16,358.0,78.0,58.0,280.0,20.0,0.0,116,116,0,0,0,1
2026-06-10,A,A01CN016,CN,16,363.0,140.0,89.07,223.0,50.93,0.0,167,167,0,0,0,1
2026-06-10,A,A01CN066,CN,16,397.0,356.0,356.0,41.0,0.0,0.0,2871,2871,0,0,0,1
2026-06-10,A,A01CN067,CN,16,361.0,120.0,47.48,241.0,72.52,0.0,77,77,0,0,0,1
2026-06-10,A,A01CN087,CN,16,337.0,117.0,54.13,220.0,62.87,0.0,116,116,0,0,0,1
2026-06-10,A,A01CN101,CN,16,114.0,93.0,73.12,21.0,19.88,0.0,107,107,0,0,0,1
2026-06-10,A,A01CN104,CN,16,114.0,45.0,40.0,69.0,5.0,0.0,80,80,0,0,0,1
2026-06-10,A,A01CN105,CN,16,360.0,124.0,52.5,236.0,71.5,0.0,45,45,0,0,0,1
2026-06-10,A,A01CN114,CN,16,365.0,132.0,38.13,233.0,93.87,0.0,88,88,0,0,0,1
2026-06-10,A,A01CN128,CN,16,394.0,391.0,391.0,3.0,0.0,0.0,672,672,0,0,0,1
2026-06-10,A,A01CN063,CN,17,54.0,0.0,0.0,54.0,0.0,0.0,0,0,0,0,0,1
2026-06-10,A,A01VMC05,VM,17,62.0,25.0,24.4,37.0,0.6,0.0,24,24,0,0,0,1
2026-06-10,A,A01CN115,CN,17,440.0,394.0,394.0,46.0,0.0,0.0,422,422,0,0,0,1
2026-06-10,A,A01CN027,CN,17,447.0,0.0,0.0,447.0,0.0,0.0,0,0,0,0,0,1
2026-06-10,A,A01TMC04,TM,17,497.0,476.0,458.47,21.0,17.53,0.0,529,529,0,0,0,1
2026-06-10,A,A01TMC05,TM,17,497.0,481.0,481.0,16.0,0.0,0.0,1163,1163,0,0,0,1
2026-06-10,A,A01TMC06,TM,17,497.0,477.0,462.0,20.0,15.0,0.0,660,660,0,0,0,1
2026-06-10,A,A01TMC10,TM,17,500.0,490.0,490.0,10.0,0.0,0.0,502,502,0,0,0,1
2026-06-10,A,A01CN123,CN,17,446.0,344.0,304.5,102.0,39.5,0.0,870,870,0,0,0,1
2026-06-10,A,A01CN100,CN,17,449.0,234.0,191.67,215.0,42.33,0.0,115,115,0,0,0,1
2026-06-10,A,A01CN014,CN,18,454.0,148.0,86.1,306.0,61.9,0.0,287,287,0,0,0,1
2026-06-10,A,A01CN015,CN,18,454.0,147.0,96.0,307.0,51.0,0.0,288,288,0,0,0,1
2026-06-10,A,A01CN021,CN,18,452.0,155.0,102.67,297.0,52.33,0.0,308,308,0,0,0,1
2026-06-10,A,A01CN022,CN,18,452.0,88.0,42.6,364.0,45.4,0.0,142,142,0,0,0,1
2026-06-10,A,A01CN023,CN,18,452.0,168.0,102.33,284.0,65.67,0.0,307,307,0,0,0,1
2026-06-10,A,A01CN026,CN,18,452.0,117.0,88.0,335.0,29.0,0.0,264,264,0,0,0,1
2026-06-10,A,A01CN029,CN,18,451.0,163.0,96.33,288.0,66.67,0.0,170,170,0,0,0,1
2026-06-10,A,A01CN042,CN,18,497.0,249.0,218.9,248.0,30.1,0.0,398,398,0,0,0,1
2026-06-10,A,A01CN080,CN,18,452.0,161.0,92.0,291.0,69.0,0.0,276,276,0,0,0,1
2026-06-10,A,A01CN001,CN,18,546.0,510.0,417.0,36.0,93.0,0.0,417,417,0,0,0,1
2026-06-10,A,A01CN017,CN,18,537.0,510.0,443.25,27.0,66.75,0.0,591,591,0,0,0,1
2026-06-10,A,A01CN018,CN,18,545.0,520.0,445.5,25.0,74.5,0.0,594,594,0,0,0,1
2026-06-10,A,A01CN030,CN,18,545.0,525.0,498.0,20.0,27.0,0.0,498,498,0,0,0,1
2026-06-10,A,A01CN041,CN,18,542.0,525.0,433.5,17.0,91.5,0.0,578,578,0,0,0,1
2026-06-10,A,A01CN044,CN,18,517.0,413.0,345.6,104.0,67.4,0.0,576,576,0,0,0,1
2026-06-10,A,A01CN045,CN,18,552.0,444.0,386.17,108.0,57.83,0.0,662,662,0,0,0,1
2026-06-10,A,A01CN046,CN,18,552.0,44.0,31.5,508.0,12.5,0.0,54,54,0,0,0,1
2026-06-10,A,A01CN047,CN,18,542.0,448.0,424.67,94.0,23.33,0.0,728,728,0,0,0,1
2026-06-10,A,A01CN048,CN,18,552.0,480.0,455.0,72.0,25.0,0.0,780,780,0,0,0,1
2026-06-10,A,A01CN050,CN,18,542.0,367.0,348.83,175.0,18.17,0.0,598,598,0,0,0,1
2026-06-10,A,A01CN051,CN,18,552.0,482.0,476.0,70.0,6.0,0.0,816,816,0,0,0,1
2026-06-10,A,A01CN062,CN,18,552.0,478.0,427.0,74.0,51.0,0.0,732,732,0,0,0,1
2026-06-10,A,A01CN065,CN,18,542.0,508.0,388.5,34.0,119.5,0.0,518,518,0,0,0,1
2026-06-10,A,A01CN068,CN,18,552.0,279.0,252.0,273.0,27.0,1.17,432,430,2,0,2,1
2026-06-10,A,A01CN070,CN,18,543.0,500.0,366.0,43.0,134.0,0.0,366,366,0,0,0,1
2026-06-10,A,A01CN075,CN,18,542.0,501.0,488.83,41.0,12.17,0.0,838,838,0,0,0,1
2026-06-10,A,A01CN081,CN,18,544.0,532.0,442.0,12.0,90.0,0.0,442,442,0,0,0,1
2026-06-10,A,A01CN084,CN,18,542.0,402.0,402.0,140.0,0.0,0.0,2720,2720,0,0,0,1
2026-06-10,A,A01CN085,CN,18,537.0,515.0,443.73,22.0,71.27,0.0,416,416,0,0,0,1
2026-06-10,A,A01CN086,CN,18,472.0,237.0,81.62,235.0,155.38,0.0,118,118,0,0,0,1
2026-06-10,A,A01CN098,CN,18,537.0,116.0,95.0,421.0,21.0,0.0,95,95,0,0,0,1
2026-06-10,A,A01CN099,CN,18,537.0,487.0,452.0,50.0,35.0,0.0,452,452,0,0,0,1
2026-06-10,A,A01HB025,HB,18,219.0,219.0,219.0,0.0,0.0,0.0,697,697,0,0,0,1
2026-06-10,A,A01VMC03,VM,18,552.0,532.0,532.0,20.0,0.0,0.0,2640,2640,0,0,0,1
2026-06-10,A,A01VMC07,VM,18,132.0,112.0,79.3,20.0,32.7,0.0,61,61,0,0,0,1
2026-06-10,A,A01VMC08,VM,18,382.0,356.0,346.75,26.0,9.25,0.0,1095,1095,0,0,0,1
2026-06-10,A,A01VMC09,VM,18,522.0,285.0,232.75,237.0,52.25,0.0,735,735,0,0,0,1
2026-06-10,A,A01VMC10,VM,18,552.0,160.0,100.0,392.0,60.0,0.0,600,600,0,0,0,1
2026-06-10,A,A01VMC11,VM,18,552.0,540.0,508.25,12.0,31.75,0.0,1605,1605,0,0,0,1
2026-06-10,A,A01VMC12,VM,18,582.0,545.0,494.0,37.0,51.0,0.0,1560,1560,0,0,0,1
2026-06-10,A,A01HB022,HB,18,532.0,467.0,467.0,65.0,0.0,0.0,420,420,0,0,0,1
2026-06-10,A,A01HB024,HB,18,532.0,485.0,431.1,47.0,53.9,0.0,594,594,0,0,0,1
2026-06-10,A,A01VMC15,VM,18,510.0,469.0,414.0,41.0,55.0,0.0,1380,1380,0,0,0,1
2026-06-10,A,A01VMC16,VM,18,517.0,424.0,342.0,93.0,82.0,0.0,1140,1140,0,0,0,1
2026-06-10,A,A01CN019,CN,18,559.0,559.0,340.2,0.0,218.8,0.0,567,567,0,0,0,1
2026-06-10,A,A01CN020,CN,18,559.0,490.0,274.0,69.0,216.0,0.0,548,548,0,0,0,1
2026-06-10,A,A01VMC18,VM,18,516.0,442.0,442.0,74.0,0.0,0.0,1240,1240,0,0,0,1
2026-06-10,B,A01CN121,CN,21,112.0,5.0,5.0,107.0,0.0,0.0,9,9,0,0,0,1
2026-06-10,B,A01VMC07,VM,21,107.0,104.0,84.5,3.0,19.5,0.0,65,65,0,0,0,1
2026-06-10,A,A01CN095,CN,21,701.0,112.0,65.33,589.0,46.67,0.0,245,245,0,0,0,1
2026-06-10,B,A01CN052,CN,22,105.0,69.0,36.73,36.0,32.27,0.0,38,38,0,0,0,1
2026-06-10,B,A01CN053,CN,22,135.0,99.0,99.0,36.0,0.0,0.0,347,347,0,0,0,1
2026-06-10,B,A01CN054,CN,22,135.0,133.0,126.67,2.0,6.33,0.0,380,380,0,0,0,1
2026-06-10,B,A01CN055,CN,22,135.0,131.0,131.0,4.0,0.0,0.0,409,409,0,0,0,1
2026-06-10,B,A01CN056,CN,22,135.0,124.0,110.4,11.0,13.6,0.6,368,366,2,0,2,1
2026-06-10,B,A01CN057,CN,22,135.0,120.0,120.0,15.0,0.0,0.0,408,408,0,0,0,1
2026-06-10,B,A01CN058,CN,22,135.0,124.0,124.0,11.0,0.0,0.0,375,375,0,0,0,1
2026-06-10,B,A01CN059,CN,22,135.0,112.0,109.33,23.0,2.67,0.0,328,328,0,0,0,1
2026-06-10,B,A01CN060,CN,22,135.0,116.0,108.3,19.0,7.7,0.0,361,361,0,0,0,1
2026-06-10,B,A01CN133,CN,22,144.0,137.0,137.0,7.0,0.0,0.0,98,98,0,0,0,1
2026-06-10,B,A01CN072,CN,22,135.0,134.0,122.7,1.0,11.3,0.6,409,407,0,2,2,1
2026-06-10,B,A01CN073,CN,22,135.0,104.0,85.0,31.0,19.0,0.0,255,255,0,0,0,1
2026-06-10,B,A01CN076,CN,22,135.0,124.0,124.0,11.0,0.0,0.0,423,423,0,0,0,1
2026-06-10,B,A01CN077,CN,22,135.0,91.0,77.7,44.0,13.3,0.3,259,258,0,1,1,1
2026-06-10,B,A01CN078,CN,22,145.0,47.0,20.0,98.0,27.0,0.0,40,40,0,0,0,1
2026-06-10,B,A01CN088,CN,22,145.0,68.0,24.0,77.0,44.0,0.0,30,30,0,0,0,1
2026-06-10,B,A01CN089,CN,22,145.0,38.0,22.62,107.0,15.38,0.0,59,59,0,0,0,1
2026-06-10,B,A01HB001,HB,22,135.0,130.0,130.0,5.0,0.0,0.0,354,354,0,0,0,1
2026-06-10,B,A01HB002,HB,22,135.0,130.0,130.0,5.0,0.0,0.0,330,330,0,0,0,1
2026-06-10,B,A01HB003,HB,22,135.0,129.0,129.0,6.0,0.0,0.0,350,350,0,0,0,1
2026-06-10,B,A01HB004,HB,22,135.0,128.0,107.8,7.0,20.2,0.0,264,264,0,0,0,1
2026-06-10,B,A01HB005,HB,22,135.0,130.0,119.87,5.0,10.13,0.0,406,406,0,0,0,1
2026-06-10,B,A01HB006,HB,22,135.0,132.0,118.75,3.0,13.25,0.0,375,375,0,0,0,1
2026-06-10,B,A01HB007,HB,22,135.0,132.0,130.35,3.0,1.65,0.0,316,316,0,0,0,1
2026-06-10,B,A01HB008,HB,22,135.0,130.0,130.0,5.0,0.0,0.0,372,372,0,0,0,1
2026-06-10,B,A01HB009,HB,22,135.0,130.0,130.0,5.0,0.0,0.0,385,385,0,0,0,1
2026-06-10,B,A01HB010,HB,22,135.0,129.0,129.0,6.0,0.0,2.93,176,172,2,2,4,1
2026-06-10,B,A01HB011,HB,22,135.0,131.0,131.0,4.0,0.0,0.0,750,750,0,0,0,1
2026-06-10,B,A01HB012,HB,22,135.0,61.0,61.0,74.0,0.0,0.0,234,234,0,0,0,1
2026-06-10,B,A01HB015,HB,22,135.0,108.0,89.95,27.0,18.05,0.0,112,112,0,0,0,1
2026-06-10,B,A01HB017,HB,22,135.0,130.0,130.0,5.0,0.0,0.0,318,318,0,0,0,1
2026-06-10,B,A01HB018,HB,22,135.0,126.0,126.0,9.0,0.0,0.0,192,192,0,0,0,1
2026-06-10,B,A01HB019,HB,22,135.0,39.0,39.0,96.0,0.0,0.0,72,72,0,0,0,1
2026-06-10,B,A01HB020,HB,22,135.0,130.0,118.83,5.0,11.17,0.0,276,276,0,0,0,1
2026-06-10,B,A01BR007,BR,22,47.0,1.0,0.0,46.0,1.0,0.0,0,0,0,0,0,1
2026-06-10,B,A01TAP14,TA,22,47.0,8.0,3.6,39.0,4.4,0.0,18,18,0,0,0,1
2026-06-10,B,A01CN114,CN,22,145.0,46.0,13.0,99.0,33.0,0.0,30,30,0,0,0,1
2026-06-10,B,A01CN137,CN,22,57.0,54.0,54.0,3.0,0.0,0.0,99,99,0,0,0,1
2026-06-10,B,A01CN124,CN,22,124.0,29.0,16.47,95.0,12.53,0.0,38,38,0,0,0,1
2026-06-10,B,A01CN125,CN,22,124.0,61.0,61.0,63.0,0.0,0.0,54,54,0,0,0,1
2026-06-10,B,A01CN127,CN,22,124.0,124.0,0.0,0.0,124.0,0.0,0,0,0,0,0,1
2026-06-10,B,A01CN129,CN,22,124.0,0.0,0.0,124.0,0.0,0.0,0,0,0,0,0,1
2026-06-10,B,A01CN130,CN,22,124.0,0.0,0.0,124.0,0.0,0.0,0,0,0,0,0,1
2026-06-10,B,A01CN131,CN,22,124.0,73.0,73.0,51.0,0.0,0.0,146,146,0,0,0,1
2026-06-10,B,A01CN132,CN,22,124.0,124.0,124.0,0.0,0.0,0.0,216,216,0,0,0,1
2026-06-10,B,A01CN135,CN,22,124.0,0.0,0.0,124.0,0.0,0.0,0,0,0,0,0,1
2026-06-10,B,A01CN096,CN,22,115.0,93.0,93.0,22.0,0.0,0.0,204,204,0,0,0,1
2026-06-10,B,A01CN134,CN,22,184.0,159.0,159.0,25.0,0.0,0.0,114,114,0,0,0,1
2026-06-10,B,A01CN038,CN,23,115.0,97.0,97.0,18.0,0.0,0.0,504,504,0,0,0,1
2026-06-10,B,A01CN039,CN,23,115.0,96.0,96.0,19.0,0.0,0.0,486,486,0,0,0,1
2026-06-10,A,A01CN049,CN,23,701.0,398.0,398.0,303.0,0.0,0.0,467,467,0,0,0,1
2026-06-10,A,A01CN061,CN,23,701.0,395.0,395.0,306.0,0.0,0.0,413,413,0,0,0,1
2026-06-10,A,A01CN069,CN,23,701.0,194.0,182.4,507.0,11.6,2.4,228,225,0,3,3,1
2026-06-10,B,A01CN028,CN,23,77.0,0.0,0.0,77.0,0.0,0.0,0,0,0,0,0,1
2026-06-10,B,A01CN120,CN,23,170.0,105.0,105.0,65.0,0.0,0.0,161,161,0,0,0,1
2026-06-10,B,A01CN002,CN,23,175.0,131.0,125.7,44.0,5.3,0.0,419,419,0,0,0,1
2026-06-10,B,A01CN090,CN,23,165.0,117.0,117.0,48.0,0.0,0.0,507,507,0,0,0,1
2026-06-10,B,A01CN091,CN,23,165.0,134.0,134.0,31.0,0.0,0.0,681,681,0,0,0,1
2026-06-10,B,A01CN092,CN,23,175.0,173.0,173.0,2.0,0.0,0.0,717,717,0,0,0,1
2026-06-10,B,A01CN093,CN,23,165.0,144.0,144.0,21.0,0.0,0.0,586,586,0,0,0,1
2026-06-10,B,A01CN094,CN,23,175.0,171.0,107.5,4.0,63.5,0.0,258,258,0,0,0,1
2026-06-10,B,A01CN008,CN,1,271.0,225.0,225.0,46.0,0.0,0.0,289,289,0,0,0,1
2026-06-10,B,A01CN027,CN,2,396.0,310.0,310.0,86.0,0.0,0.0,548,548,0,0,0,1
2026-06-10,B,A01CN063,CN,2,306.0,289.0,289.0,17.0,0.0,1.7,682,678,4,0,4,1
2026-06-10,B,A01CN122,CN,2,306.0,267.0,267.0,39.0,0.0,0.0,638,638,0,0,0,1
2026-06-10,B,A01TMC07,TM,2,413.0,269.0,269.0,144.0,0.0,0.0,660,660,0,0,0,1
2026-06-10,B,A01TMC09,TM,2,411.0,377.0,364.0,34.0,13.0,0.0,520,520,0,0,0,1
2026-06-10,B,A01TMC08,TM,2,413.0,399.0,399.0,14.0,0.0,0.0,879,879,0,0,0,1
2026-06-10,B,A01CN115,CN,2,184.0,4.0,0.0,180.0,4.0,0.0,0,0,0,0,0,1
2026-06-10,B,A01CN066,CN,2,394.0,282.0,282.0,112.0,0.0,0.0,2103,2103,0,0,0,1
2026-06-10,B,A01CN074,CN,2,48.0,32.0,24.8,16.0,7.2,0.0,31,31,0,0,0,1
2026-06-10,B,A01VMC04,VM,2,260.0,172.0,118.75,88.0,53.25,0.0,375,375,0,0,0,1
2026-06-10,B,A01VMC06,VM,2,190.0,174.0,127.0,16.0,47.0,0.0,127,127,0,0,0,1
2026-06-10,B,A01CN003,CN,3,351.0,320.0,262.5,31.0,57.5,3.33,630,622,4,4,8,1
2026-06-10,B,A01CN004,CN,3,341.0,320.0,320.0,21.0,0.0,0.0,480,480,0,0,0,1
2026-06-10,B,A01CN006,CN,3,341.0,282.0,282.0,59.0,0.0,0.0,920,920,0,0,0,1
2026-06-10,B,A01CN016,CN,3,391.0,111.0,52.27,280.0,58.73,0.0,98,98,0,0,0,1
2026-06-10,B,A01CN025,CN,3,202.0,199.0,199.0,3.0,0.0,0.0,441,441,0,0,0,1
2026-06-10,B,A01CN097,CN,3,351.0,292.0,292.0,59.0,0.0,0.0,1084,1084,0,0,0,1
2026-06-10,B,A01CN100,CN,3,437.0,415.0,413.33,22.0,1.67,0.0,248,248,0,0,0,1
2026-06-10,B,A01CN102,CN,3,351.0,30.0,9.33,321.0,20.67,0.0,16,16,0,0,0,1
2026-06-10,B,A01CN104,CN,3,351.0,112.0,107.0,239.0,5.0,0.0,214,214,0,0,0,1
2026-06-10,B,A01HB023,HB,3,438.0,261.0,261.0,177.0,0.0,0.0,330,330,0,0,0,1
2026-06-10,B,A01CN116,CN,3,437.0,256.0,195.2,181.0,60.8,0.0,244,244,0,0,0,1
2026-06-10,B,A01CN138,CN,3,447.0,427.0,424.67,20.0,2.33,0.0,637,637,0,0,0,1
2026-06-10,B,A01CN139,CN,3,445.0,405.0,405.0,40.0,0.0,0.0,617,617,0,0,0,1
2026-06-10,B,A01CN117,CN,3,447.0,397.0,332.93,50.0,64.07,0.0,454,454,0,0,0,1
2026-06-10,B,A01CN118,CN,3,349.0,0.0,0.0,349.0,0.0,0.0,0,0,0,0,0,1
2026-06-10,B,A01TMC10,TM,4,536.0,454.0,454.0,82.0,0.0,0.0,468,468,0,0,0,1
2026-06-10,B,A01CN044,CN,4,342.0,324.0,303.6,18.0,20.4,0.0,506,506,0,0,0,1
2026-06-10,B,A01VMC05,VM,4,344.0,301.0,268.4,43.0,32.6,1.02,264,263,1,0,1,1
2026-06-10,B,A01VMC07,VM,4,345.0,336.0,336.0,9.0,0.0,4.1,328,324,0,4,4,1
2026-06-10,B,A01CN001,CN,5,503.0,477.0,455.0,26.0,22.0,0.0,455,455,0,0,0,1
2026-06-10,B,A01CN005,CN,5,501.0,449.0,449.0,52.0,0.0,0.0,678,678,0,0,0,1
2026-06-10,B,A01CN014,CN,5,521.0,265.0,197.1,256.0,67.9,0.0,657,657,0,0,0,1
2026-06-10,B,A01CN015,CN,5,521.0,159.0,79.67,362.0,79.33,0.0,239,239,0,0,0,1
2026-06-10,B,A01CN021,CN,5,521.0,257.0,190.33,264.0,66.67,0.0,571,571,0,0,0,1
2026-06-10,B,A01CN022,CN,5,521.0,18.0,9.3,503.0,8.7,0.0,31,31,0,0,0,1
2026-06-10,B,A01CN023,CN,5,521.0,224.0,141.67,297.0,82.33,0.0,425,425,0,0,0,1
2026-06-10,B,A01CN026,CN,5,521.0,251.0,196.67,270.0,54.33,0.0,590,590,0,0,0,1
2026-06-10,B,A01CN041,CN,5,501.0,470.0,470.0,31.0,0.0,0.0,669,669,0,0,0,1
2026-06-10,B,A01CN065,CN,5,501.0,411.0,411.0,90.0,0.0,0.0,597,597,0,0,0,1
2026-06-10,B,A01CN067,CN,5,521.0,240.0,98.05,281.0,141.95,0.0,159,159,0,0,0,1
2026-06-10,B,A01CN071,CN,5,521.0,256.0,174.6,265.0,81.4,0.0,582,582,0,0,0,1
2026-06-10,B,A01CN081,CN,5,501.0,453.0,446.0,48.0,7.0,0.0,446,446,0,0,0,1
2026-06-10,B,A01CN083,CN,5,511.0,343.0,290.0,168.0,53.0,0.0,1740,1740,0,0,0,1
2026-06-10,B,A01CN084,CN,5,501.0,353.0,353.0,148.0,0.0,0.0,2540,2540,0,0,0,1
2026-06-10,B,A01CN085,CN,5,511.0,483.0,478.93,28.0,4.07,0.0,449,449,0,0,0,1
2026-06-10,B,A01HB025,HB,5,558.0,526.0,518.0,32.0,8.0,0.0,714,714,0,0,0,1
2026-06-10,B,A01HB013,HB,5,501.0,465.0,462.0,36.0,3.0,0.0,660,660,0,0,0,1
2026-06-10,B,A01BR005,BR,5,521.0,211.0,167.53,310.0,43.47,0.0,1436,1436,0,0,0,1
2026-06-10,B,A01HB024,HB,5,558.0,388.0,255.47,170.0,132.53,0.0,352,352,0,0,0,1
2026-06-10,B,A01CN113,CN,5,521.0,275.0,156.67,246.0,118.33,0.0,188,188,0,0,0,1
2026-06-10,B,A01CN018,CN,5,531.0,494.0,494.0,37.0,0.0,0.0,662,662,0,0,0,1
2026-06-10,B,A01CN030,CN,5,531.0,485.0,451.0,46.0,34.0,0.0,451,451,0,0,0,1
2026-06-10,B,A01CN098,CN,5,531.0,480.0,463.0,51.0,17.0,0.0,463,463,0,0,0,1
2026-06-10,B,A01CN099,CN,5,541.0,512.0,460.0,29.0,52.0,0.0,460,460,0,0,0,1
2026-06-10,B,A01CN019,CN,5,544.0,543.0,236.4,1.0,306.6,0.0,394,394,0,0,0,1
2026-06-10,B,A01CN064,CN,5,544.0,392.0,254.0,152.0,138.0,0.0,254,254,0,0,0,1
2026-06-10,B,A01CN108,CN,5,544.0,447.0,325.0,97.0,122.0,0.0,325,325,0,0,0,1
2026-06-10,B,A01CN111,CN,5,544.0,480.0,480.0,64.0,0.0,0.0,534,534,0,0,0,1
2026-06-10,B,A01HB016,HB,6,561.0,281.0,250.63,280.0,30.37,0.0,721,721,0,0,0,1
2026-06-10,B,A01CN017,CN,6,591.0,470.0,466.5,121.0,3.5,0.0,622,622,0,0,0,1
2026-06-10,B,A01HB014,HB,6,638.0,605.0,605.0,33.0,0.0,0.0,1026,1026,0,0,0,1
2026-06-10,B,A01VMC08,VM,6,616.0,437.0,418.0,179.0,19.0,0.32,1320,1319,0,1,1,1
2026-06-10,B,A01HB021,HB,6,668.0,608.0,599.87,60.0,8.13,0.0,528,528,0,0,0,1
2026-06-10,B,A01HB022,HB,6,648.0,267.0,267.0,381.0,0.0,0.0,336,336,0,0,0,1
2026-06-10,B,A01CN020,CN,6,604.0,337.0,189.0,267.0,148.0,0.0,378,378,0,0,0,1
2026-06-10,B,A01CN112,CN,6,604.0,441.0,441.0,163.0,0.0,0.0,491,491,0,0,0,1
2026-06-10,B,A01CN045,CN,6,506.0,414.0,414.0,92.0,0.0,0.0,758,758,0,0,0,1
2026-06-10,B,A01CN046,CN,6,506.0,407.0,324.33,99.0,82.67,0.0,556,556,0,0,0,1
2026-06-10,B,A01TMC04,TM,6,679.0,602.0,602.0,77.0,0.0,0.0,710,710,0,0,0,1
2026-06-10,B,A01TMC05,TM,6,679.0,574.0,574.0,105.0,0.0,0.0,1415,1415,0,0,0,1
2026-06-10,B,A01TMC06,TM,6,679.0,620.0,613.9,59.0,6.1,0.0,877,877,0,0,0,1
2026-06-10,B,A01CN047,CN,6,644.0,579.0,540.17,65.0,38.83,0.0,926,926,0,0,0,1
2026-06-10,B,A01CN048,CN,6,636.0,518.0,506.33,118.0,11.67,0.0,868,868,0,0,0,1
2026-06-10,B,A01CN050,CN,6,644.0,591.0,570.5,53.0,20.5,1.17,978,976,0,2,2,1
2026-06-10,B,A01CN051,CN,6,636.0,525.0,525.0,111.0,0.0,0.0,940,940,0,0,0,1
2026-06-10,B,A01CN062,CN,6,643.0,572.0,541.33,71.0,30.67,0.0,928,928,0,0,0,1
2026-06-10,B,A01CN068,CN,6,633.0,569.0,569.0,64.0,0.0,2.17,1050,1046,4,0,4,1
2026-06-10,B,A01CN075,CN,6,643.0,471.0,452.67,172.0,18.33,0.0,776,776,0,0,0,1
2026-06-10,B,A01VMC03,VM,6,642.0,549.0,549.0,93.0,0.0,0.0,3200,3200,0,0,0,1
2026-06-10,B,A01VMC09,VM,6,641.0,482.0,460.75,159.0,21.25,0.0,1455,1455,0,0,0,1
2026-06-10,B,A01VMC12,VM,6,641.0,544.0,544.0,97.0,0.0,0.0,1785,1785,0,0,0,1
2026-06-10,B,A01VMC15,VM,6,641.0,580.0,553.5,61.0,26.5,0.0,1845,1845,0,0,0,1
2026-06-10,B,A01CN042,CN,7,646.0,594.0,541.2,52.0,52.8,0.0,984,984,0,0,0,1
2026-06-10,B,A01VMC10,VM,7,641.0,567.0,493.33,74.0,73.67,0.0,2960,2960,0,0,0,1
2026-06-10,B,A01VMC11,VM,7,641.0,503.0,470.25,138.0,32.75,0.0,1485,1485,0,0,0,1
2026-06-10,B,A01VMC16,VM,7,636.0,545.0,526.5,91.0,18.5,0.0,1755,1755,0,0,0,1
2026-06-10,B,A01VMC18,VM,7,669.0,610.0,610.0,59.0,0.0,0.0,1980,1980,0,0,0,1
2026-06-11,A,A01CN084,CN,9,49.0,16.0,13.33,33.0,2.67,0.0,80,80,0,0,0,1
2026-06-11,A,A01CN083,CN,10,99.0,53.0,53.0,46.0,0.0,0.0,330,330,0,0,0,1
2026-06-11,A,A01HB009,HB,10,40.0,40.0,40.0,0.0,0.0,0.0,154,154,0,0,0,1
2026-06-11,A,A01CN028,CN,12,131.0,0.0,0.0,131.0,0.0,0.0,0,0,0,0,0,1
2026-06-11,A,A01TRP35,TR,12,91.0,1.0,0.0,90.0,1.0,0.0,0,0,0,0,0,1
2026-06-11,A,A01CN019,CN,12,199.0,199.0,88.2,0.0,110.8,0.0,147,147,0,0,0,1
2026-06-11,A,A01CN020,CN,12,199.0,80.0,41.5,119.0,38.5,0.0,83,83,0,0,0,1
2026-06-11,A,A01CN053,CN,12,141.0,124.0,124.0,17.0,0.0,0.0,461,461,0,0,0,1
2026-06-11,A,A01CN054,CN,12,141.0,122.0,121.67,19.0,0.33,0.0,365,365,0,0,0,1
2026-06-11,A,A01CN055,CN,12,141.0,115.0,110.33,26.0,4.67,0.0,331,331,0,0,0,1
2026-06-11,A,A01CN056,CN,12,141.0,104.0,104.0,37.0,0.0,2.05,355,348,7,0,7,1
2026-06-11,A,A01CN057,CN,12,141.0,94.0,94.0,47.0,0.0,0.0,318,318,0,0,0,1
2026-06-11,A,A01CN058,CN,12,141.0,127.0,127.0,14.0,0.0,0.0,430,430,0,0,0,1
2026-06-11,A,A01CN059,CN,12,141.0,137.0,137.0,4.0,0.0,0.0,464,464,0,0,0,1
2026-06-11,A,A01CN060,CN,12,141.0,126.0,126.0,15.0,0.0,0.0,422,422,0,0,0,1
2026-06-11,A,A01CN072,CN,12,141.0,135.0,129.6,6.0,5.4,0.0,432,432,0,0,0,1
2026-06-11,A,A01CN073,CN,12,141.0,118.0,113.67,23.0,4.33,0.0,341,341,0,0,0,1
2026-06-11,A,A01CN076,CN,12,141.0,119.0,119.0,22.0,0.0,0.0,400,400,0,0,0,1
2026-06-11,A,A01CN077,CN,12,141.0,110.0,108.6,31.0,1.4,0.0,362,362,0,0,0,1
2026-06-11,A,A01CN120,CN,12,171.0,106.0,106.0,65.0,0.0,0.02,8779,8777,2,0,2,1
2026-06-11,A,A01CN121,CN,12,171.0,58.0,16.0,113.0,42.0,1.6,20,18,1,1,2,1
2026-06-11,A,A01CN138,CN,12,206.0,188.0,176.0,18.0,12.0,0.0,264,264,0,0,0,1
2026-06-11,A,A01CN139,CN,12,206.0,186.0,166.67,20.0,19.33,0.0,250,250,0,0,0,1
2026-06-11,A,A01CN117,CN,12,206.0,165.0,158.4,41.0,6.6,0.0,216,216,0,0,0,1
2026-06-11,A,A01CN118,CN,12,206.0,0.0,0.0,206.0,0.0,0.0,0,0,0,0,0,1
2026-06-11,A,A01CN003,CN,12,171.0,86.0,86.0,85.0,0.0,3.28,210,202,4,4,8,1
2026-06-11,A,A01CN070,CN,12,199.0,183.0,121.0,16.0,62.0,0.0,121,121,0,0,0,1
2026-06-11,A,A01HB001,HB,12,142.0,133.0,124.67,9.0,8.33,0.0,330,330,0,0,0,1
2026-06-11,A,A01HB002,HB,12,142.0,133.0,132.6,9.0,0.4,0.0,306,306,0,0,0,1
2026-06-11,A,A01HB003,HB,12,142.0,134.0,134.0,8.0,0.0,0.0,364,364,0,0,0,1
2026-06-11,A,A01HB004,HB,12,142.0,133.0,120.87,9.0,12.13,0.0,296,296,0,0,0,1
2026-06-11,A,A01HB005,HB,12,142.0,126.0,126.0,16.0,0.0,0.0,455,455,0,0,0,1
2026-06-11,A,A01HB006,HB,12,142.0,126.0,98.17,16.0,27.83,0.0,310,310,0,0,0,1
2026-06-11,A,A01HB007,HB,12,142.0,0.0,0.0,142.0,0.0,0.0,0,0,0,0,0,1
2026-06-11,A,A01HB008,HB,12,142.0,127.0,127.0,15.0,0.0,0.0,366,366,0,0,0,1
2026-06-11,A,A01HB012,HB,12,142.0,70.0,70.0,72.0,0.0,0.0,234,234,0,0,0,1
2026-06-11,A,A01HB017,HB,12,142.0,133.0,133.0,9.0,0.0,0.0,378,378,0,0,0,1
2026-06-11,A,A01HB018,HB,12,142.0,131.0,131.0,11.0,0.0,0.0,216,216,0,0,0,1
2026-06-11,A,A01CN102,CN,12,171.0,33.0,7.58,138.0,25.42,0.0,13,13,0,0,0,1
2026-06-11,A,A01CN112,CN,13,229.0,164.0,122.0,65.0,42.0,0.0,122,122,0,0,0,1
2026-06-11,A,A01CN122,CN,13,201.0,127.0,68.9,74.0,58.1,1.3,159,156,1,2,3,1
2026-06-11,A,A01BR007,BR,14,171.0,94.0,94.0,77.0,0.0,0.0,704,704,0,0,0,1
2026-06-11,A,A01CN089,CN,16,261.0,227.0,222.33,34.0,4.67,0.0,580,580,0,0,0,1
2026-06-11,A,A01BR005,BR,16,261.0,197.0,197.0,64.0,0.0,0.0,2276,2276,0,0,0,1
2026-06-11,A,A01CN002,CN,16,359.0,222.0,222.0,137.0,0.0,0.0,1152,1152,0,0,0,1
2026-06-11,A,A01CN006,CN,16,359.0,315.0,315.0,44.0,0.0,0.0,948,948,0,0,0,1
2026-06-11,A,A01CN008,CN,16,359.0,310.0,261.0,49.0,49.0,0.0,261,261,0,0,0,1
2026-06-11,A,A01CN013,CN,16,359.0,334.0,264.0,25.0,70.0,0.0,990,990,0,0,0,1
2026-06-11,A,A01CN025,CN,16,359.0,327.0,327.0,32.0,0.0,0.0,692,692,0,0,0,1
2026-06-11,A,A01CN031,CN,16,359.0,339.0,339.0,20.0,0.0,0.0,1368,1368,0,0,0,1
2026-06-11,A,A01CN038,CN,16,359.0,266.0,263.15,93.0,2.85,0.0,831,831,0,0,0,1
2026-06-11,A,A01CN039,CN,16,359.0,344.0,344.0,15.0,0.0,0.0,1101,1101,0,0,0,1
2026-06-11,A,A01CN090,CN,16,359.0,333.0,333.0,26.0,0.0,0.0,1269,1269,0,0,0,1
2026-06-11,A,A01CN091,CN,16,359.0,334.0,332.8,25.0,1.2,0.0,1248,1248,0,0,0,1
2026-06-11,A,A01CN092,CN,16,359.0,338.0,338.0,21.0,0.0,0.0,1098,1098,0,0,0,1
2026-06-11,A,A01CN093,CN,16,359.0,284.0,280.57,75.0,3.43,0.0,886,886,0,0,0,1
2026-06-11,A,A01CN094,CN,16,359.0,257.0,167.5,102.0,89.5,0.0,402,402,0,0,0,1
2026-06-11,A,A01CN096,CN,16,359.0,342.0,307.4,17.0,34.6,0.0,636,636,0,0,0,1
2026-06-11,A,A01CN097,CN,16,359.0,340.0,340.0,19.0,0.0,0.0,1260,1260,0,0,0,1
2026-06-11,A,A01CN103,CN,16,359.0,329.0,329.0,30.0,0.0,0.0,507,507,0,0,0,1
2026-06-11,A,A01CN125,CN,16,429.0,300.0,196.8,129.0,103.2,0.0,144,144,0,0,0,1
2026-06-11,A,A01TMC06,TM,16,419.0,387.0,140.7,32.0,246.3,1.4,201,199,1,1,2,1
2026-06-11,A,A01TMC09,TM,16,422.0,160.0,152.6,262.0,7.4,0.7,218,217,1,0,1,1
2026-06-11,A,A01VMC06,VM,16,391.0,339.0,230.0,52.0,109.0,0.0,230,230,0,0,0,1
2026-06-11,A,A01TMC08,TM,16,422.0,168.0,168.0,254.0,0.0,4.32,350,341,3,6,9,1
2026-06-11,A,A01CN016,CN,16,378.0,355.0,353.07,23.0,1.93,0.0,662,662,0,0,0,1
2026-06-11,A,A01CN067,CN,16,289.0,139.0,113.47,150.0,25.53,0.0,184,184,0,0,0,1
2026-06-11,A,A01CN071,CN,16,319.0,234.0,201.6,85.0,32.4,0.0,672,672,0,0,0,1
2026-06-11,A,A01CN087,CN,16,319.0,227.0,178.27,92.0,48.73,0.0,382,382,0,0,0,1
2026-06-11,A,A01CN101,CN,16,369.0,332.0,312.97,37.0,19.03,0.0,458,458,0,0,0,1
2026-06-11,A,A01CN104,CN,16,369.0,30.0,10.0,339.0,20.0,0.0,20,20,0,0,0,1
2026-06-11,A,A01HB021,HB,16,406.0,376.0,376.0,30.0,0.0,0.0,348,348,0,0,0,1
2026-06-11,A,A01HB022,HB,16,406.0,180.0,180.0,226.0,0.0,0.0,180,180,0,0,0,1
2026-06-11,A,A01HB023,HB,16,104.0,104.0,104.0,0.0,0.0,0.0,132,132,0,0,0,1
2026-06-11,A,A01HB024,HB,16,269.0,233.0,233.0,36.0,0.0,0.0,352,352,0,0,0,1
2026-06-11,A,A01CN114,CN,16,379.0,335.0,171.6,44.0,163.4,0.0,396,396,0,0,0,1
2026-06-11,A,A01CN128,CN,16,394.0,390.0,390.0,4.0,0.0,0.0,654,654,0,0,0,1
2026-06-11,A,A01CN027,CN,17,429.0,415.0,415.0,14.0,0.0,0.0,746,746,0,0,0,1
2026-06-11,A,A01CN100,CN,17,431.0,246.0,183.33,185.0,62.67,0.0,110,110,0,0,0,1
2026-06-11,A,A01CN014,CN,18,468.0,399.0,399.0,69.0,0.0,0.0,1478,1478,0,0,0,1
2026-06-11,A,A01CN015,CN,18,468.0,278.0,278.0,190.0,0.0,0.0,1038,1038,0,0,0,1
2026-06-11,A,A01CN021,CN,18,467.0,339.0,339.0,128.0,0.0,0.0,1074,1074,0,0,0,1
2026-06-11,A,A01CN022,CN,18,467.0,64.0,52.2,403.0,11.8,0.0,174,174,0,0,0,1
2026-06-11,A,A01CN023,CN,18,467.0,407.0,407.0,60.0,0.0,0.0,1312,1312,0,0,0,1
2026-06-11,A,A01CN026,CN,18,466.0,414.0,414.0,52.0,0.0,0.0,1374,1374,0,0,0,1
2026-06-11,A,A01CN042,CN,18,509.0,415.0,415.0,94.0,0.0,0.0,760,760,0,0,0,1
2026-06-11,A,A01CN078,CN,18,379.0,310.0,208.5,69.0,101.5,0.0,417,417,0,0,0,1
2026-06-11,A,A01CN080,CN,18,466.0,351.0,296.33,115.0,54.67,0.0,889,889,0,0,0,1
2026-06-11,A,A01CN088,CN,18,379.0,265.0,265.0,114.0,0.0,0.0,333,333,0,0,0,1
2026-06-11,A,A01CN129,CN,18,547.0,0.0,0.0,547.0,0.0,0.0,0,0,0,0,0,1
2026-06-11,A,A01CN130,CN,18,547.0,0.0,0.0,547.0,0.0,0.0,0,0,0,0,0,1
2026-06-11,A,A01CN131,CN,18,546.0,400.0,400.0,146.0,0.0,0.0,896,896,0,0,0,1
2026-06-11,A,A01CN132,CN,18,544.0,347.0,347.0,197.0,0.0,0.0,710,710,0,0,0,1
2026-06-11,A,A01CN135,CN,18,544.0,0.0,0.0,544.0,0.0,0.0,0,0,0,0,0,1
2026-06-11,A,A01CN001,CN,18,514.0,494.0,409.0,20.0,85.0,0.0,409,409,0,0,0,1
2026-06-11,A,A01CN017,CN,18,512.0,466.0,466.0,46.0,0.0,0.0,647,647,0,0,0,1
2026-06-11,A,A01CN018,CN,18,514.0,462.0,432.0,52.0,30.0,0.0,576,576,0,0,0,1
2026-06-11,A,A01CN030,CN,18,514.0,498.0,457.0,16.0,41.0,0.0,457,457,0,0,0,1
2026-06-11,A,A01CN041,CN,18,512.0,491.0,431.25,21.0,59.75,0.0,575,575,0,0,0,1
2026-06-11,A,A01CN044,CN,18,534.0,437.0,422.4,97.0,14.6,0.0,704,704,0,0,0,1
2026-06-11,A,A01CN045,CN,18,534.0,474.0,473.67,60.0,0.33,0.0,812,812,0,0,0,1
2026-06-11,A,A01CN046,CN,18,534.0,469.0,369.83,65.0,99.17,0.0,634,634,0,0,0,1
2026-06-11,A,A01CN047,CN,18,534.0,418.0,415.33,116.0,2.67,0.0,712,712,0,0,0,1
2026-06-11,A,A01CN048,CN,18,534.0,459.0,446.83,75.0,12.17,0.0,766,766,0,0,0,1
2026-06-11,A,A01CN050,CN,18,534.0,479.0,473.67,55.0,5.33,0.0,812,812,0,0,0,1
2026-06-11,A,A01CN051,CN,18,534.0,463.0,458.5,71.0,4.5,0.0,786,786,0,0,0,1
2026-06-11,A,A01CN062,CN,18,534.0,471.0,429.33,63.0,41.67,0.0,736,736,0,0,0,1
2026-06-11,A,A01CN065,CN,18,512.0,477.0,369.0,35.0,108.0,0.0,492,492,0,0,0,1
2026-06-11,A,A01CN068,CN,18,534.0,492.0,491.17,42.0,0.83,4.67,842,834,8,0,8,1
2026-06-11,A,A01CN075,CN,18,343.0,336.0,306.83,7.0,29.17,0.0,526,526,0,0,0,1
2026-06-11,A,A01CN081,CN,18,514.0,471.0,429.0,43.0,42.0,0.0,429,429,0,0,0,1
2026-06-11,A,A01CN085,CN,18,514.0,488.0,438.4,26.0,49.6,0.0,411,411,0,0,0,1
2026-06-11,A,A01CN086,CN,18,454.0,395.0,290.5,59.0,104.5,0.0,420,420,0,0,0,1
2026-06-11,A,A01HB025,HB,18,86.0,60.0,60.0,26.0,0.0,0.0,510,510,0,0,0,1
2026-06-11,A,A01VMC03,VM,18,534.0,245.0,245.0,289.0,0.0,0.0,1440,1440,0,0,0,1
2026-06-11,A,A01VMC05,VM,18,137.0,91.0,61.0,46.0,30.0,0.0,60,60,0,0,0,1
2026-06-11,A,A01VMC08,VM,18,524.0,461.0,446.5,63.0,14.5,0.63,1410,1408,0,2,2,1
2026-06-11,A,A01VMC09,VM,18,342.0,331.0,313.5,11.0,17.5,0.0,990,990,0,0,0,1
2026-06-11,A,A01VMC10,VM,18,534.0,441.0,366.67,93.0,74.33,0.0,2200,2200,0,0,0,1
2026-06-11,A,A01VMC11,VM,18,534.0,517.0,475.0,17.0,42.0,0.0,1500,1500,0,0,0,1
2026-06-11,A,A01VMC12,VM,18,564.0,514.0,489.25,50.0,24.75,0.0,1545,1545,0,0,0,1
2026-06-11,A,A01VMC15,VM,18,534.0,521.0,495.0,13.0,26.0,0.0,1650,1650,0,0,0,1
2026-06-11,B,A01CN031,CN,22,42.0,31.0,31.0,11.0,0.0,0.0,147,147,0,0,0,1
2026-06-11,B,A01CN052,CN,22,102.0,85.0,53.17,17.0,31.83,0.0,55,55,0,0,0,1
2026-06-11,B,A01CN053,CN,22,152.0,135.0,135.0,17.0,0.0,0.0,460,460,0,0,0,1
2026-06-11,B,A01CN055,CN,22,152.0,89.0,88.67,63.0,0.33,0.33,266,265,0,1,1,1
2026-06-11,B,A01CN057,CN,22,152.0,127.0,127.0,25.0,0.0,0.0,430,430,0,0,0,1
2026-06-11,B,A01CN058,CN,22,152.0,142.0,142.0,10.0,0.0,0.65,437,435,0,2,2,1
2026-06-11,B,A01CN059,CN,22,152.0,144.0,144.0,8.0,0.0,0.0,444,444,0,0,0,1
2026-06-11,B,A01CN060,CN,22,152.0,146.0,146.0,6.0,0.0,0.0,490,490,0,0,0,1
2026-06-11,B,A01CN133,CN,22,141.0,0.0,0.0,141.0,0.0,0.0,0,0,0,0,0,1
2026-06-11,B,A01CN073,CN,22,102.0,62.0,44.67,40.0,17.33,0.0,134,134,0,0,0,1
2026-06-11,B,A01CN077,CN,22,102.0,26.0,18.9,76.0,7.1,0.0,63,63,0,0,0,1
2026-06-11,B,A01CN078,CN,22,137.0,135.0,102.0,2.0,33.0,0.0,204,204,0,0,0,1
2026-06-11,B,A01CN080,CN,22,137.0,64.0,50.67,73.0,13.33,0.0,152,152,0,0,0,1
2026-06-11,B,A01CN088,CN,22,137.0,124.0,103.2,13.0,20.8,0.0,129,129,0,0,0,1
2026-06-11,B,A01HB003,HB,22,107.0,101.0,101.0,6.0,0.0,0.0,266,266,0,0,0,1
2026-06-11,B,A01HB004,HB,22,107.0,97.0,75.13,10.0,21.87,0.0,184,184,0,0,0,1
2026-06-11,B,A01HB005,HB,22,107.0,99.0,79.8,8.0,19.2,0.0,228,228,0,0,0,1
2026-06-11,B,A01HB006,HB,22,132.0,128.0,107.67,4.0,20.33,0.0,340,340,0,0,0,1
2026-06-11,B,A01HB008,HB,22,107.0,104.0,75.0,3.0,29.0,0.0,250,250,0,0,0,1
2026-06-11,B,A01HB009,HB,22,107.0,101.0,101.0,6.0,0.0,0.0,252,252,0,0,0,1
2026-06-11,B,A01HB010,HB,22,132.0,126.0,126.0,6.0,0.0,1.62,312,308,2,2,4,1
2026-06-11,B,A01HB011,HB,22,132.0,116.0,116.0,16.0,0.0,0.0,700,700,0,0,0,1
2026-06-11,B,A01HB012,HB,22,107.0,34.0,34.0,73.0,0.0,0.0,180,180,0,0,0,1
2026-06-11,B,A01HB015,HB,22,132.0,95.0,95.0,37.0,0.0,0.0,128,128,0,0,0,1
2026-06-11,B,A01HB016,HB,22,129.0,121.0,97.33,8.0,23.67,0.35,280,279,1,0,1,1
2026-06-11,B,A01HB017,HB,22,107.0,97.0,97.0,10.0,0.0,0.0,240,240,0,0,0,1
2026-06-11,B,A01HB018,HB,22,107.0,64.0,64.0,43.0,0.0,0.0,114,114,0,0,0,1
2026-06-11,B,A01HB019,HB,22,132.0,53.0,34.6,79.0,18.4,0.0,36,36,0,0,0,1
2026-06-11,B,A01HB020,HB,22,132.0,119.0,105.92,13.0,13.08,0.0,246,246,0,0,0,1
2026-06-11,B,A01CN107,CN,22,142.0,129.0,109.53,13.0,19.47,0.0,124,124,0,0,0,1
2026-06-11,B,A01BR005,BR,22,142.0,116.0,116.0,26.0,0.0,0.0,1212,1212,0,0,0,1
2026-06-11,B,A01BR007,BR,22,42.0,8.0,8.0,34.0,0.0,0.0,388,388,0,0,0,1
2026-06-11,B,A01TAP14,TA,22,42.0,27.0,22.0,15.0,5.0,0.0,110,110,0,0,0,1
2026-06-11,B,A01CN114,CN,22,142.0,125.0,66.73,17.0,58.27,0.0,154,154,0,0,0,1
2026-06-11,B,A01CN124,CN,22,117.0,65.0,65.0,52.0,0.0,0.0,156,156,0,0,0,1
2026-06-11,B,A01CN125,CN,22,117.0,108.0,108.0,9.0,0.0,0.0,94,94,0,0,0,1
2026-06-11,B,A01CN129,CN,22,117.0,0.0,0.0,117.0,0.0,0.0,0,0,0,0,0,1
2026-06-11,B,A01CN130,CN,22,117.0,0.0,0.0,117.0,0.0,0.0,0,0,0,0,0,1
2026-06-11,B,A01CN131,CN,22,117.0,81.0,81.0,36.0,0.0,0.0,210,210,0,0,0,1
2026-06-11,B,A01CN132,CN,22,117.0,33.0,27.13,84.0,5.87,0.0,44,44,0,0,0,1
2026-06-11,B,A01CN135,CN,22,117.0,0.0,0.0,117.0,0.0,0.0,0,0,0,0,0,1
2026-06-11,A,A01CN095,CN,22,701.0,316.0,316.0,385.0,0.0,0.0,1459,1459,0,0,0,1
2026-06-11,B,A01CN134,CN,22,181.0,0.0,0.0,181.0,0.0,0.0,0,0,0,0,0,1
2026-06-11,B,A01CN038,CN,23,62.0,59.0,59.0,3.0,0.0,0.0,372,372,0,0,0,1
2026-06-11,B,A01CN039,CN,23,62.0,58.0,58.0,4.0,0.0,0.0,348,348,0,0,0,1
2026-06-11,A,A01CN061,CN,23,701.0,621.0,611.0,80.0,10.0,1.0,611,610,0,1,1,1
2026-06-11,A,A01CN069,CN,23,701.0,611.0,611.0,90.0,0.0,0.0,643,643,0,0,0,1
2026-06-11,B,A01CN028,CN,23,102.0,0.0,0.0,102.0,0.0,0.0,0,0,0,0,0,1
2026-06-11,A,A01CN049,CN,23,701.0,655.0,648.2,46.0,6.8,0.0,926,926,0,0,0,1
2026-06-11,B,A01CN002,CN,23,122.0,80.0,75.3,42.0,4.7,0.0,251,251,0,0,0,1
2026-06-11,B,A01CN013,CN,23,122.0,52.0,52.0,70.0,0.0,0.0,333,333,0,0,0,1
2026-06-11,B,A01CN101,CN,23,121.0,108.0,107.97,13.0,0.03,0.0,158,158,0,0,0,1
2026-06-11,B,A01CN063,CN,23,117.0,106.0,106.0,11.0,0.0,0.84,253,251,2,0,2,1
2026-06-11,B,A01CN005,CN,1,250.0,218.0,218.0,32.0,0.0,0.0,358,358,0,0,0,1
2026-06-11,B,A01CN024,CN,1,250.0,209.0,209.0,41.0,0.0,0.0,316,316,0,0,0,1
2026-06-11,B,A01CN008,CN,1,222.0,191.0,191.0,31.0,0.0,0.0,226,226,0,0,0,1
2026-06-11,B,A01CN027,CN,2,437.0,394.0,394.0,43.0,0.0,0.0,690,690,0,0,0,1
2026-06-11,B,A01CN120,CN,2,229.0,175.0,175.0,54.0,0.0,0.0,195,195,0,0,0,1
2026-06-11,B,A01CN121,CN,2,229.0,166.0,166.0,63.0,0.0,0.0,241,241,0,0,0,1
2026-06-11,B,A01CN122,CN,2,229.0,191.0,164.67,38.0,26.33,0.0,380,380,0,0,0,1
2026-06-11,B,A01TMC09,TM,2,432.0,420.0,415.8,12.0,4.2,0.0,594,594,0,0,0,1
2026-06-11,B,A01TMC08,TM,2,432.0,421.0,421.0,11.0,0.0,0.0,923,923,0,0,0,1
2026-06-11,B,A01CN123,CN,2,229.0,219.0,219.0,10.0,0.0,0.0,768,768,0,0,0,1
2026-06-11,B,A01CN066,CN,2,287.0,257.0,257.0,30.0,0.0,0.0,2061,2061,0,0,0,1
2026-06-11,B,A01CN074,CN,2,48.0,3.0,3.0,45.0,0.0,0.0,6,6,0,0,0,1
2026-06-11,B,A01VMC06,VM,2,234.0,206.0,146.0,28.0,60.0,0.0,146,146,0,0,0,1
2026-06-11,B,A01CN003,CN,3,302.0,291.0,260.83,11.0,30.17,1.67,626,622,2,2,4,1
2026-06-11,B,A01CN006,CN,3,292.0,265.0,265.0,27.0,0.0,0.0,968,968,0,0,0,1
2026-06-11,B,A01CN025,CN,3,302.0,293.0,293.0,9.0,0.0,0.0,644,644,0,0,0,1
2026-06-11,B,A01CN079,CN,3,392.0,336.0,323.0,56.0,13.0,0.0,570,570,0,0,0,1
2026-06-11,B,A01CN090,CN,3,292.0,253.0,253.0,39.0,0.0,0.0,1149,1149,0,0,0,1
2026-06-11,B,A01CN091,CN,3,292.0,247.0,247.0,45.0,0.0,0.0,1098,1098,0,0,0,1
2026-06-11,B,A01CN092,CN,3,302.0,297.0,297.0,5.0,0.0,0.0,1215,1215,0,0,0,1
2026-06-11,B,A01CN093,CN,3,292.0,260.0,260.0,32.0,0.0,0.0,1052,1052,0,0,0,1
2026-06-11,B,A01CN094,CN,3,302.0,298.0,195.83,4.0,102.17,0.0,470,470,0,0,0,1
2026-06-11,B,A01CN096,CN,3,292.0,270.0,270.0,22.0,0.0,0.0,610,610,0,0,0,1
2026-06-11,B,A01CN097,CN,3,302.0,101.0,101.0,201.0,0.0,0.0,364,364,0,0,0,1
2026-06-11,B,A01CN100,CN,3,415.0,395.0,386.67,20.0,8.33,0.0,232,232,0,0,0,1
2026-06-11,B,A01CN102,CN,3,302.0,31.0,8.75,271.0,22.25,0.0,15,15,0,0,0,1
2026-06-11,B,A01CN103,CN,3,291.0,156.0,122.32,135.0,33.68,0.0,179,179,0,0,0,1
2026-06-11,B,A01CN104,CN,3,301.0,21.0,7.0,280.0,14.0,0.0,14,14,0,0,0,1
2026-06-11,B,A01HB023,HB,3,348.0,307.0,307.0,41.0,0.0,0.0,418,418,0,0,0,1
2026-06-11,B,A01HB024,HB,3,348.0,311.0,255.47,37.0,55.53,0.0,352,352,0,0,0,1
2026-06-11,B,A01CN138,CN,3,424.0,407.0,407.0,17.0,0.0,0.0,642,642,0,0,0,1
2026-06-11,B,A01CN139,CN,3,424.0,389.0,389.0,35.0,0.0,0.0,621,621,0,0,0,1
2026-06-11,B,A01CN117,CN,3,421.0,381.0,363.73,40.0,17.27,0.0,496,496,0,0,0,1
2026-06-11,B,A01CN118,CN,3,425.0,362.0,334.4,63.0,27.6,0.0,456,456,0,0,0,1
2026-06-11,B,A01CN054,CN,3,422.0,392.0,388.0,30.0,4.0,0.0,1164,1164,0,0,0,1
2026-06-11,B,A01CN056,CN,3,422.0,344.0,335.4,78.0,8.6,0.6,1118,1116,2,0,2,1
2026-06-11,B,A01CN072,CN,3,422.0,417.0,385.8,5.0,31.2,0.0,1286,1286,0,0,0,1
2026-06-11,B,A01CN076,CN,3,422.0,394.0,394.0,28.0,0.0,0.0,1322,1322,0,0,0,1
2026-06-11,B,A01HB007,HB,3,422.0,0.0,0.0,422.0,0.0,0.0,16,16,0,0,0,1
2026-06-11,B,A01TMC10,TM,3,477.0,468.0,468.0,9.0,0.0,0.0,485,485,0,0,0,1
2026-06-11,B,A01HB001,HB,3,422.0,402.0,402.0,20.0,0.0,0.0,1092,1092,0,0,0,1
2026-06-11,B,A01HB002,HB,3,422.0,414.0,379.6,8.0,34.4,0.0,876,876,0,0,0,1
2026-06-11,B,A01TMC04,TM,4,560.0,522.0,520.0,38.0,2.0,0.0,600,600,0,0,0,1
2026-06-11,B,A01TMC05,TM,4,560.0,478.0,478.0,82.0,0.0,0.0,1190,1190,0,0,0,1
2026-06-11,B,A01TMC06,TM,4,560.0,507.0,507.0,53.0,0.0,0.0,737,737,0,0,0,1
2026-06-11,B,A01VMC05,VM,4,514.0,456.0,329.4,58.0,126.6,2.03,324,322,2,0,2,1
2026-06-11,B,A01CN001,CN,5,482.0,457.0,456.0,25.0,1.0,0.0,456,456,0,0,0,1
2026-06-11,B,A01CN014,CN,5,522.0,480.0,480.0,42.0,0.0,0.0,1723,1723,0,0,0,1
2026-06-11,B,A01CN015,CN,5,522.0,452.0,452.0,70.0,0.0,0.0,1589,1589,0,0,0,1
2026-06-11,B,A01CN021,CN,5,522.0,181.0,181.0,341.0,0.0,0.0,554,554,0,0,0,1
2026-06-11,B,A01CN022,CN,5,522.0,4.0,0.0,518.0,4.0,0.0,0,0,0,0,0,1
2026-06-11,B,A01CN023,CN,5,517.0,88.0,88.0,429.0,0.0,0.0,273,273,0,0,0,1
2026-06-11,B,A01CN026,CN,5,517.0,497.0,497.0,20.0,0.0,0.0,1588,1588,0,0,0,1
2026-06-11,B,A01CN041,CN,5,480.0,442.0,442.0,38.0,0.0,0.0,640,640,0,0,0,1
2026-06-11,B,A01CN065,CN,5,480.0,382.0,382.0,98.0,0.0,0.0,565,565,0,0,0,1
2026-06-11,B,A01CN081,CN,5,482.0,455.0,455.0,27.0,0.0,0.0,486,486,0,0,0,1
2026-06-11,B,A01CN083,CN,5,194.0,148.0,148.0,46.0,0.0,0.0,1000,1000,0,0,0,1
2026-06-11,B,A01CN084,CN,5,482.0,311.0,311.0,171.0,0.0,0.0,2090,2090,0,0,0,1
2026-06-11,B,A01CN085,CN,5,492.0,480.0,480.0,12.0,0.0,0.0,453,453,0,0,0,1
2026-06-11,B,A01HB013,HB,5,500.0,471.0,471.0,29.0,0.0,0.0,700,700,0,0,0,1
2026-06-11,B,A01VMC01,VM,5,477.0,0.0,0.0,477.0,0.0,0.0,0,0,0,0,0,1
2026-06-11,B,A01CN113,CN,5,522.0,386.0,386.0,136.0,0.0,0.0,488,488,0,0,0,1
2026-06-11,B,A01CN018,CN,5,510.0,468.0,468.0,42.0,0.0,0.0,633,633,0,0,0,1
2026-06-11,B,A01CN030,CN,5,510.0,432.0,430.0,78.0,2.0,0.0,430,430,0,0,0,1
2026-06-11,B,A01CN098,CN,5,532.0,239.0,235.0,293.0,4.0,0.0,235,235,0,0,0,1
2026-06-11,B,A01CN099,CN,5,542.0,493.0,474.0,49.0,19.0,0.0,474,474,0,0,0,1
2026-06-11,B,A01HB025,HB,6,569.0,542.0,542.0,27.0,0.0,0.0,748,748,0,0,0,1
2026-06-11,B,A01CN017,CN,6,570.0,434.0,434.0,136.0,0.0,0.0,606,606,0,0,0,1
2026-06-11,B,A01HB014,HB,6,589.0,565.0,565.0,24.0,0.0,0.0,969,969,0,0,0,1
2026-06-11,B,A01CN045,CN,6,622.0,539.0,539.0,83.0,0.0,0.0,960,960,0,0,0,1
2026-06-11,B,A01CN046,CN,6,620.0,532.0,494.67,88.0,37.33,0.0,742,742,0,0,0,1
2026-06-11,B,A01CN044,CN,6,632.0,502.0,462.0,130.0,40.0,0.0,770,770,0,0,0,1
2026-06-11,B,A01CN047,CN,6,634.0,481.0,470.17,153.0,10.83,0.0,806,806,0,0,0,1
2026-06-11,B,A01CN048,CN,6,625.0,509.0,509.0,116.0,0.0,0.0,878,878,0,0,0,1
2026-06-11,B,A01CN050,CN,6,635.0,508.0,500.5,127.0,7.5,1.75,858,855,0,3,3,1
2026-06-11,B,A01CN051,CN,6,625.0,494.0,494.0,131.0,0.0,0.0,930,930,0,0,0,1
2026-06-11,B,A01CN062,CN,6,635.0,541.0,527.33,94.0,13.67,0.0,904,904,0,0,0,1
2026-06-11,B,A01CN068,CN,6,625.0,536.0,536.0,89.0,0.0,0.52,1022,1021,1,0,1,1
2026-06-11,B,A01CN075,CN,6,635.0,527.0,513.33,108.0,13.67,0.0,880,880,0,0,0,1
2026-06-11,B,A01VMC03,VM,6,635.0,517.0,517.0,118.0,0.0,0.0,2280,2280,0,0,0,1
2026-06-11,B,A01VMC09,VM,6,642.0,536.0,536.0,106.0,0.0,0.0,1755,1755,0,0,0,1
2026-06-11,B,A01VMC12,VM,6,642.0,158.0,128.25,484.0,29.75,0.32,405,404,1,0,1,1
2026-06-11,B,A01VMC15,VM,6,642.0,560.0,526.5,82.0,33.5,0.0,1755,1755,0,0,0,1
2026-06-11,B,A01CN042,CN,7,647.0,583.0,568.7,64.0,14.3,0.0,1034,1034,0,0,0,1
2026-06-11,B,A01VMC08,VM,7,639.0,530.0,530.0,109.0,0.0,0.0,1695,1695,0,0,0,1
2026-06-11,B,A01VMC10,VM,7,637.0,569.0,506.67,68.0,62.33,0.0,3040,3040,0,0,0,1
2026-06-11,B,A01VMC11,VM,7,642.0,532.0,532.0,110.0,0.0,0.0,1695,1695,0,0,0,1
2026-06-11,A,A01HB021,HB,7,624.0,520.0,422.63,104.0,97.37,0.0,372,372,0,0,0,1
2026-06-11,A,A01HB022,HB,7,605.0,544.0,544.0,61.0,0.0,0.0,480,480,0,0,0,1
2026-06-11,B,A01HB023,HB,7,206.0,134.0,134.0,72.0,0.0,0.0,176,176,0,0,0,1
2026-06-11,B,A01HB024,HB,7,207.0,140.0,127.73,67.0,12.27,0.0,176,176,0,0,0,1
2026-06-11,B,A01VMC16,VM,7,677.0,570.0,535.5,107.0,34.5,0.0,1785,1785,0,0,0,1
2026-06-12,A,A01CN132,CN,8,0.0,0.0,0.0,0.0,0.0,0.0,26,26,0,0,0,0
2026-06-12,A,A01CN124,CN,8,0.0,0.0,0.0,0.0,0.0,0.0,0,0,0,0,0,0
2026-06-12,A,A01HB008,HB,10,40.0,31.0,28.5,9.0,2.5,0.0,95,95,0,0,0,1
2026-06-12,A,A01CN028,CN,12,149.0,0.0,0.0,149.0,0.0,0.0,0,0,0,0,0,1
2026-06-12,A,A01CN041,CN,12,174.0,153.0,150.0,21.0,3.0,0.0,200,200,0,0,0,1
2026-06-12,A,A01CN065,CN,12,174.0,165.0,123.75,9.0,41.25,0.0,165,165,0,0,0,1
2026-06-12,A,A01TMC04,TM,12,214.0,203.0,200.2,11.0,2.8,0.0,231,231,0,0,0,1
2026-06-12,A,A01TMC06,TM,12,214.0,202.0,202.0,12.0,0.0,0.0,291,291,0,0,0,1
2026-06-12,A,A01TMC09,TM,12,217.0,214.0,208.6,3.0,5.4,0.0,298,298,0,0,0,1
2026-06-12,A,A01TRP35,TR,12,109.0,1.0,0.0,108.0,1.0,0.0,0,0,0,0,0,1
2026-06-12,A,A01CN019,CN,12,199.0,199.0,132.6,0.0,66.4,0.0,221,221,0,0,0,1
2026-06-12,A,A01CN020,CN,12,199.0,0.0,0.0,199.0,0.0,0.0,1,1,0,0,0,1
2026-06-12,A,A01CN120,CN,12,189.0,167.0,167.0,22.0,0.0,0.0,201,201,0,0,0,1
2026-06-12,A,A01CN121,CN,12,189.0,165.0,134.4,24.0,30.6,0.0,168,168,0,0,0,1
2026-06-12,A,A01CN138,CN,12,224.0,181.0,150.0,43.0,31.0,0.0,225,225,0,0,0,1
2026-06-12,A,A01CN117,CN,12,169.0,142.0,140.07,27.0,1.93,0.0,191,191,0,0,0,1
2026-06-12,A,A01CN118,CN,12,169.0,142.0,140.07,27.0,1.93,0.0,191,191,0,0,0,1
2026-06-12,A,A01CN003,CN,12,189.0,130.0,86.67,59.0,43.33,0.0,208,208,0,0,0,1
2026-06-12,A,A01CN070,CN,12,204.0,186.0,135.0,18.0,51.0,0.0,135,135,0,0,0,1
2026-06-12,A,A01HB001,HB,12,171.0,162.0,156.4,9.0,5.6,0.0,414,414,0,0,0,1
2026-06-12,A,A01HB002,HB,12,174.0,163.0,148.2,11.0,14.8,0.0,342,342,0,0,0,1
2026-06-12,A,A01HB003,HB,12,174.0,174.0,164.22,0.0,9.78,0.0,413,413,0,0,0,1
2026-06-12,A,A01HB004,HB,12,174.0,174.0,153.53,0.0,20.47,0.0,376,376,0,0,0,1
2026-06-12,A,A01HB005,HB,12,171.0,165.0,149.1,6.0,15.9,0.0,426,426,0,0,0,1
2026-06-12,A,A01HB006,HB,12,174.0,53.0,33.25,121.0,19.75,0.0,105,105,0,0,0,1
2026-06-12,A,A01HB007,HB,12,174.0,174.0,174.0,0.0,0.0,0.0,476,476,0,0,0,1
2026-06-12,A,A01HB009,HB,12,169.0,169.0,169.0,0.0,0.0,0.0,408,408,0,0,0,1
2026-06-12,A,A01HB010,HB,12,169.0,169.0,160.17,0.0,8.83,0.0,372,372,0,0,0,1
2026-06-12,A,A01HB012,HB,12,169.0,19.0,19.0,150.0,0.0,0.0,60,60,0,0,0,1
2026-06-12,A,A01HB017,HB,12,169.0,169.0,169.0,0.0,0.0,0.0,414,414,0,0,0,1
2026-06-12,A,A01HB018,HB,12,169.0,169.0,169.0,0.0,0.0,0.0,264,264,0,0,0,1
2026-06-12,A,A01VMC10,VM,12,224.0,187.0,153.33,37.0,33.67,0.0,920,920,0,0,0,1
2026-06-12,A,A01CN102,CN,12,189.0,14.0,3.5,175.0,10.5,0.0,6,6,0,0,0,1
2026-06-12,A,A01CN005,CN,13,204.0,183.0,139.5,21.0,43.5,0.0,186,186,0,0,0,1
2026-06-12,A,A01CN112,CN,13,229.0,0.0,0.0,229.0,0.0,0.0,0,0,0,0,0,1
2026-06-12,A,A01CN122,CN,13,219.0,134.0,108.33,85.0,25.67,0.0,250,250,0,0,0,1
2026-06-12,U,A01CN064,CN,14,0.0,0.0,0.0,0.0,0.0,0.0,38,38,0,0,0,0
2026-06-12,A,A01CN108,CN,14,79.0,65.0,61.0,14.0,4.0,0.0,61,61,0,0,0,1
2026-06-12,A,A01CN111,CN,14,79.0,70.0,66.0,9.0,4.0,0.0,66,66,0,0,0,1
2026-06-12,A,A01BR007,BR,14,209.0,107.0,107.0,102.0,0.0,0.0,890,890,0,0,0,1
2026-06-12,A,A01CN069,CN,15,274.0,269.0,269.0,5.0,0.0,0.0,290,290,0,0,0,1
2026-06-12,A,A01CN061,CN,15,279.0,269.0,269.0,10.0,0.0,0.0,271,271,0,0,0,1
2026-06-12,A,A01CN053,CN,16,344.0,321.0,321.0,23.0,0.0,0.0,1109,1109,0,0,0,1
2026-06-12,A,A01CN054,CN,16,341.0,278.0,273.33,63.0,4.67,0.0,820,820,0,0,0,1
2026-06-12,A,A01CN055,CN,16,344.0,342.0,342.0,2.0,0.0,0.0,1043,1043,0,0,0,1
2026-06-12,A,A01CN056,CN,16,341.0,226.0,226.0,115.0,0.0,0.0,778,778,0,0,0,1
2026-06-12,A,A01CN057,CN,16,344.0,310.0,310.0,34.0,0.0,0.0,1063,1063,0,0,0,1
2026-06-12,A,A01CN058,CN,16,341.0,317.0,317.0,24.0,0.0,1.6,990,985,0,5,5,1
2026-06-12,A,A01CN059,CN,16,344.0,337.0,337.0,7.0,0.0,0.0,1065,1065,0,0,0,1
2026-06-12,A,A01CN060,CN,16,344.0,297.0,297.0,47.0,0.0,0.0,997,997,0,0,0,1
2026-06-12,A,A01CN072,CN,16,344.0,318.0,281.1,26.0,36.9,0.0,937,937,0,0,0,1
2026-06-12,A,A01CN073,CN,16,344.0,311.0,227.0,33.0,84.0,0.0,681,681,0,0,0,1
2026-06-12,A,A01CN076,CN,16,344.0,266.0,249.3,78.0,16.7,0.0,831,831,0,0,0,1
2026-06-12,A,A01CN077,CN,16,344.0,225.0,194.1,119.0,30.9,0.3,647,646,0,1,1,1
2026-06-12,A,A01CN089,CN,16,293.0,160.0,160.0,133.0,0.0,0.0,444,444,0,0,0,1
2026-06-12,A,A01BR005,BR,16,299.0,122.0,122.0,177.0,0.0,0.0,1432,1432,0,0,0,1
2026-06-12,A,A01CN006,CN,16,379.0,255.0,222.67,124.0,32.33,0.0,668,668,0,0,0,1
2026-06-12,A,A01CN008,CN,16,379.0,355.0,268.0,24.0,87.0,0.0,268,268,0,0,0,1
2026-06-12,A,A01CN013,CN,16,379.0,331.0,260.8,48.0,70.2,0.0,978,978,0,0,0,1
2026-06-12,A,A01CN025,CN,16,379.0,352.0,352.0,27.0,0.0,0.0,758,758,0,0,0,1
2026-06-12,A,A01CN031,CN,16,379.0,356.0,356.0,23.0,0.0,0.0,1398,1398,0,0,0,1
2026-06-12,A,A01CN038,CN,16,379.0,371.0,371.0,8.0,0.0,0.0,1215,1215,0,0,0,1
2026-06-12,A,A01CN039,CN,16,379.0,373.0,373.0,6.0,0.0,0.0,1191,1191,0,0,0,1
2026-06-12,A,A01CN090,CN,16,379.0,365.0,357.6,14.0,7.4,0.0,1341,1341,0,0,0,1
2026-06-12,A,A01CN091,CN,16,379.0,350.0,343.2,29.0,6.8,0.0,1287,1287,0,0,0,1
2026-06-12,A,A01CN092,CN,16,379.0,372.0,372.0,7.0,0.0,0.0,1188,1188,0,0,0,1
2026-06-12,A,A01CN093,CN,16,379.0,355.0,354.67,24.0,0.33,0.0,1120,1120,0,0,0,1
2026-06-12,A,A01CN094,CN,16,379.0,320.0,198.33,59.0,121.67,0.0,476,476,0,0,0,1
2026-06-12,A,A01CN096,CN,16,379.0,369.0,339.3,10.0,29.7,0.0,702,702,0,0,0,1
2026-06-12,A,A01CN097,CN,16,379.0,376.0,376.0,3.0,0.0,0.0,1344,1344,0,0,0,1
2026-06-12,A,A01CN103,CN,16,379.0,352.0,352.0,27.0,0.0,0.0,548,548,0,0,0,1
2026-06-12,A,A01CN125,CN,16,429.0,357.0,306.13,72.0,50.87,0.0,224,224,0,0,0,1
2026-06-12,A,A01CN084,CN,16,399.0,358.0,358.0,41.0,0.0,0.0,2480,2480,0,0,0,1
2026-06-12,A,A01VMC06,VM,16,411.0,348.0,231.0,63.0,117.0,0.0,231,231,0,0,0,1
2026-06-12,A,A01TMC08,TM,16,442.0,419.0,419.0,23.0,0.0,0.0,869,869,0,0,0,1
2026-06-12,A,A01CN124,CN,16,419.0,223.0,129.0,196.0,94.0,0.0,387,387,0,0,0,1
2026-06-12,A,A01CN126,CN,16,419.0,225.0,149.0,194.0,76.0,0.0,447,447,0,0,0,1
2026-06-12,A,A01CN016,CN,16,324.0,195.0,195.0,129.0,0.0,0.0,383,383,0,0,0,1
2026-06-12,A,A01CN067,CN,16,323.0,82.0,61.05,241.0,20.95,0.0,99,99,0,0,0,1
2026-06-12,A,A01CN071,CN,16,354.0,143.0,134.1,211.0,8.9,0.0,447,447,0,0,0,1
2026-06-12,A,A01CN087,CN,16,339.0,175.0,130.2,164.0,44.8,0.0,279,279,0,0,0,1
2026-06-12,A,A01VMC03,VM,16,431.0,407.0,407.0,24.0,0.0,0.0,2560,2560,0,0,0,1
2026-06-12,A,A01VMC05,VM,16,103.0,103.0,73.2,0.0,29.8,0.0,72,72,0,0,0,1
2026-06-12,A,A01CN101,CN,16,389.0,336.0,292.47,53.0,43.53,0.0,428,428,0,0,0,1
2026-06-12,A,A01CN104,CN,16,389.0,14.0,5.0,375.0,9.0,0.0,10,10,0,0,0,1
2026-06-12,A,A01CN107,CN,16,324.0,75.0,44.17,249.0,30.83,0.0,50,50,0,0,0,1
2026-06-12,A,A01HB023,HB,16,404.0,333.0,333.0,71.0,0.0,0.0,418,418,0,0,0,1
2026-06-12,A,A01HB024,HB,16,389.0,389.0,319.33,0.0,69.67,0.0,440,440,0,0,0,1
2026-06-12,A,A01CN114,CN,16,319.0,132.0,65.0,187.0,67.0,0.0,150,150,0,0,0,1
2026-06-12,A,A01CN128,CN,16,394.0,388.0,388.0,6.0,0.0,0.0,658,658,0,0,0,1
2026-06-12,A,A01CN027,CN,17,449.0,439.0,439.0,10.0,0.0,0.0,778,778,0,0,0,1
2026-06-12,A,A01TMC05,TM,17,499.0,487.0,487.0,12.0,0.0,0.0,1174,1174,0,0,0,1
2026-06-12,A,A01CN123,CN,17,448.0,367.0,338.8,81.0,28.2,0.0,968,968,0,0,0,1
2026-06-12,A,A01TMC10,TM,17,505.0,493.0,493.0,12.0,0.0,0.0,501,501,0,0,0,1
2026-06-12,A,A01CN063,CN,17,84.0,30.0,9.97,54.0,20.03,0.0,23,23,0,0,0,1
2026-06-12,A,A01CN100,CN,17,84.0,18.0,18.0,66.0,0.0,0.0,17,17,0,0,0,1
2026-06-12,A,A01CN066,CN,17,94.0,92.0,92.0,2.0,0.0,0.0,753,753,0,0,0,1
2026-06-12,A,A01CN116,CN,17,94.0,22.0,20.8,72.0,1.2,0.0,26,26,0,0,0,1
2026-06-12,A,A01CN014,CN,18,414.0,212.0,212.0,202.0,0.0,0.0,803,803,0,0,0,1
2026-06-12,A,A01CN015,CN,18,414.0,20.0,20.0,394.0,0.0,0.0,91,91,0,0,0,1
2026-06-12,A,A01CN021,CN,18,409.0,201.0,201.0,208.0,0.0,0.0,675,675,0,0,0,1
2026-06-12,A,A01CN023,CN,18,414.0,141.0,141.0,273.0,0.0,0.0,473,473,0,0,0,1
2026-06-12,A,A01CN026,CN,18,414.0,174.0,174.0,240.0,0.0,0.0,557,557,0,0,0,1
2026-06-12,A,A01CN042,CN,18,529.0,433.0,433.0,96.0,0.0,0.0,814,814,0,0,0,1
2026-06-12,A,A01CN080,CN,18,414.0,139.0,129.33,275.0,9.67,0.0,388,388,0,0,0,1
2026-06-12,A,A01CN113,CN,18,409.0,7.0,0.0,402.0,7.0,0.0,0,0,0,0,0,1
2026-06-12,A,A01CN129,CN,18,547.0,0.0,0.0,547.0,0.0,0.0,0,0,0,0,0,1
2026-06-12,A,A01CN130,CN,18,547.0,0.0,0.0,547.0,0.0,0.0,0,0,0,0,0,1
2026-06-12,A,A01CN131,CN,18,546.0,219.0,219.0,327.0,0.0,0.0,488,488,0,0,0,1
2026-06-12,A,A01CN132,CN,18,544.0,422.0,276.1,122.0,145.9,0.0,753,753,0,0,0,1
2026-06-12,A,A01CN135,CN,18,544.0,0.0,0.0,544.0,0.0,0.0,0,0,0,0,0,1
2026-06-12,A,A01CN001,CN,18,519.0,503.0,422.0,16.0,81.0,0.0,422,422,0,0,0,1
2026-06-12,A,A01CN017,CN,18,519.0,367.0,267.0,152.0,100.0,0.0,356,356,0,0,0,1
2026-06-12,A,A01CN018,CN,18,519.0,455.0,440.25,64.0,14.75,0.0,587,587,0,0,0,1
2026-06-12,A,A01CN030,CN,18,519.0,483.0,452.0,36.0,31.0,0.0,452,452,0,0,0,1
2026-06-12,A,A01CN044,CN,18,554.0,427.0,362.4,127.0,64.6,0.0,604,604,0,0,0,1
2026-06-12,A,A01CN045,CN,18,554.0,527.0,509.83,27.0,17.17,1.17,874,872,0,2,2,1
2026-06-12,A,A01CN046,CN,18,554.0,529.0,405.73,25.0,123.27,0.0,716,716,0,0,0,1
2026-06-12,A,A01CN047,CN,18,554.0,526.0,511.0,28.0,15.0,0.0,876,876,0,0,0,1
2026-06-12,A,A01CN048,CN,18,554.0,471.0,469.0,83.0,2.0,0.0,804,804,0,0,0,1
2026-06-12,A,A01CN050,CN,18,554.0,527.0,513.33,27.0,13.67,0.0,880,880,0,0,0,1
2026-06-12,A,A01CN051,CN,18,554.0,466.0,466.0,88.0,0.0,0.0,800,800,0,0,0,1
2026-06-12,A,A01CN062,CN,18,554.0,530.0,460.83,24.0,69.17,0.58,790,789,0,1,1,1
2026-06-12,A,A01CN068,CN,18,554.0,519.0,518.0,35.0,1.0,0.0,888,888,0,0,0,1
2026-06-12,A,A01CN075,CN,18,544.0,509.0,509.0,35.0,0.0,0.0,882,882,0,0,0,1
2026-06-12,A,A01CN081,CN,18,519.0,497.0,379.0,22.0,118.0,0.0,379,379,0,0,0,1
2026-06-12,A,A01CN086,CN,18,474.0,223.0,168.77,251.0,54.23,0.0,244,244,0,0,0,1
2026-06-12,A,A01CN099,CN,18,475.0,412.0,367.0,63.0,45.0,0.0,367,367,0,0,0,1
2026-06-12,A,A01HB025,HB,18,204.0,204.0,204.0,0.0,0.0,0.0,697,697,0,0,0,1
2026-06-12,A,A01HB014,HB,18,519.0,489.0,489.0,30.0,0.0,0.0,836,836,0,0,0,1
2026-06-12,A,A01VMC07,VM,18,236.0,0.0,0.0,236.0,0.0,0.0,0,0,0,0,0,1
2026-06-12,A,A01VMC08,VM,18,544.0,504.0,504.0,40.0,0.0,0.0,1605,1605,0,0,0,1
2026-06-12,A,A01VMC09,VM,18,544.0,423.0,408.5,121.0,14.5,0.0,1290,1290,0,0,0,1
2026-06-12,A,A01VMC11,VM,18,544.0,527.0,513.0,17.0,14.0,0.0,1620,1620,0,0,0,1
2026-06-12,A,A01VMC12,VM,18,584.0,445.0,266.0,139.0,179.0,0.95,840,837,3,0,3,1
2026-06-12,A,A01VMC15,VM,18,554.0,531.0,490.5,23.0,40.5,0.0,1635,1635,0,0,0,1
2026-06-12,A,A01VMC16,VM,18,554.0,524.0,454.5,30.0,69.5,0.0,1515,1515,0,0,0,1
2026-06-12,B,A01CN049,CN,20,49.0,49.0,49.0,0.0,0.0,0.0,82,82,0,0,0,1
2026-06-12,B,A01CN073,CN,20,49.0,47.0,47.0,2.0,0.0,0.0,163,163,0,0,0,1
2026-06-12,B,A01CN077,CN,20,49.0,22.0,18.0,27.0,4.0,0.0,60,60,0,0,0,1
2026-06-12,B,A01CN052,CN,21,49.0,0.0,0.0,49.0,0.0,0.0,0,0,0,0,0,1
2026-06-12,A,A01CN095,CN,21,701.0,558.0,558.0,143.0,0.0,0.0,2572,2572,0,0,0,1
2026-06-12,B,A01CN061,CN,21,109.0,109.0,108.0,0.0,1.0,0.0,108,108,0,0,0,1
2026-06-12,B,A01CN069,CN,21,109.0,107.0,102.47,2.0,4.53,0.0,106,106,0,0,0,1
2026-06-12,B,A01CN031,CN,22,119.0,119.0,119.0,0.0,0.0,0.0,492,492,0,0,0,1
2026-06-12,B,A01CN063,CN,22,109.0,73.0,65.87,36.0,7.13,0.0,152,152,0,0,0,1
2026-06-12,B,A01CN133,CN,22,148.0,0.0,0.0,148.0,0.0,0.0,0,0,0,0,0,1
2026-06-12,B,A01CN078,CN,22,107.0,17.0,10.33,90.0,6.67,0.0,20,20,0,0,0,1
2026-06-12,B,A01CN080,CN,22,139.0,15.0,15.0,124.0,0.0,0.0,45,45,0,0,0,1
2026-06-12,B,A01CN088,CN,22,144.0,21.0,15.2,123.0,5.8,0.0,19,19,0,0,0,1
2026-06-12,B,A01CN089,CN,22,139.0,18.0,14.18,121.0,3.82,0.0,37,37,0,0,0,1
2026-06-12,B,A01TMC09,TM,22,76.0,69.0,67.9,7.0,1.1,0.0,97,97,0,0,0,1
2026-06-12,B,A01HB011,HB,22,139.0,139.0,139.0,0.0,0.0,0.0,820,820,0,0,0,1
2026-06-12,B,A01HB015,HB,22,139.0,0.0,0.0,139.0,0.0,0.0,0,0,0,0,0,1
2026-06-12,B,A01HB019,HB,22,139.0,0.0,0.0,139.0,0.0,0.0,0,0,0,0,0,1
2026-06-12,B,A01HB020,HB,22,139.0,0.0,0.0,139.0,0.0,0.0,0,0,0,0,0,1
2026-06-12,B,A01CN107,CN,22,139.0,0.0,0.0,139.0,0.0,0.0,1,1,0,0,0,1
2026-06-12,B,A01BR005,BR,22,129.0,17.0,17.0,112.0,0.0,0.0,924,924,0,0,0,1
2026-06-12,B,A01BR007,BR,22,49.0,8.0,8.0,41.0,0.0,0.0,490,490,0,0,0,1
2026-06-12,B,A01TAP14,TA,22,49.0,1.0,0.0,48.0,1.0,0.0,0,0,0,0,0,1
2026-06-12,B,A01CN114,CN,22,139.0,19.0,8.67,120.0,10.33,0.0,20,20,0,0,0,1
2026-06-12,B,A01CN130,CN,22,124.0,0.0,0.0,124.0,0.0,0.0,0,0,0,0,0,1
2026-06-12,B,A01CN135,CN,22,124.0,0.0,0.0,124.0,0.0,0.0,0,0,0,0,0,1
2026-06-12,B,A01CN134,CN,22,188.0,0.0,0.0,188.0,0.0,0.0,0,0,0,0,0,1
2026-06-12,B,A01CN038,CN,23,137.0,134.0,134.0,3.0,0.0,0.0,606,606,0,0,0,1
2026-06-12,B,A01CN039,CN,23,137.0,134.0,134.0,3.0,0.0,0.0,531,531,0,0,0,1
2026-06-12,B,A01VMC04,VM,23,178.0,141.0,104.5,37.0,36.5,1.27,330,326,2,2,4,1
2026-06-12,B,A01CN013,CN,23,196.0,164.0,164.0,32.0,0.0,0.0,696,696,0,0,0,1
2026-06-12,B,A01CN090,CN,23,186.0,153.0,153.0,33.0,0.0,0.0,699,699,0,0,0,1
2026-06-12,B,A01CN101,CN,23,194.0,182.0,182.0,12.0,0.0,0.0,290,290,0,0,0,1
2026-06-12,B,A01HB015,HB,23,36.0,36.0,36.0,0.0,0.0,0.0,48,48,0,0,0,1
2026-06-12,B,A01HB017,HB,23,36.0,29.0,29.0,7.0,0.0,0.0,72,72,0,0,0,1
2026-06-12,B,A01HB019,HB,23,36.0,36.0,34.6,0.0,1.4,0.0,36,36,0,0,0,1
2026-06-12,B,A01HB020,HB,23,36.0,24.0,24.0,12.0,0.0,0.0,60,60,0,0,0,1
2026-06-12,B,A01HB016,HB,23,233.0,207.0,194.67,26.0,12.33,0.0,560,560,0,0,0,1
2026-06-12,B,A01CN120,CN,0,240.0,153.0,153.0,87.0,0.0,0.0,196,196,0,0,0,1
2026-06-12,B,A01CN121,CN,0,240.0,162.0,162.0,78.0,0.0,0.0,235,235,0,0,0,1
2026-06-12,B,A01CN125,CN,1,43.0,34.0,34.0,9.0,0.0,0.0,30,30,0,0,0,1
2026-06-12,B,A01CN126,CN,1,43.0,0.0,0.0,43.0,0.0,0.0,0,0,0,0,0,1
2026-06-12,B,A01CN127,CN,1,43.0,0.0,0.0,43.0,0.0,0.0,0,0,0,0,0,1
2026-06-12,B,A01CN129,CN,1,43.0,0.0,0.0,43.0,0.0,0.0,0,0,0,0,0,1
2026-06-12,B,A01CN131,CN,1,43.0,0.0,0.0,43.0,0.0,0.0,0,0,0,0,0,1
2026-06-12,B,A01CN132,CN,1,43.0,30.0,30.0,13.0,0.0,0.0,91,91,0,0,0,1
2026-06-12,B,A01HB014,HB,2,339.0,236.0,193.23,103.0,42.77,0.0,323,323,0,0,0,1
2026-06-12,B,A01CN139,CN,2,388.0,240.0,193.33,148.0,46.67,0.0,290,290,0,0,0,1
2026-06-12,B,A01CN027,CN,2,420.0,356.0,356.0,64.0,0.0,0.0,658,658,0,0,0,1
2026-06-12,B,A01CN122,CN,2,345.0,265.0,237.9,80.0,27.1,0.0,549,549,0,0,0,1
2026-06-12,B,A01TMC04,TM,2,438.0,418.0,418.0,20.0,0.0,0.0,490,490,0,0,0,1
2026-06-12,B,A01TMC06,TM,2,438.0,410.0,410.0,28.0,0.0,0.0,600,600,0,0,0,1
2026-06-12,B,A01TMC07,TM,2,430.0,409.0,409.0,21.0,0.0,0.0,944,944,0,0,0,1
2026-06-12,B,A01TMC08,TM,2,430.0,416.0,416.0,14.0,0.0,0.0,907,907,0,0,0,1
2026-06-12,B,A01CN123,CN,2,345.0,306.0,306.0,39.0,0.0,0.0,1036,1036,0,0,0,1
2026-06-12,B,A01CN066,CN,2,354.0,311.0,311.0,43.0,0.0,0.0,2496,2496,0,0,0,1
2026-06-12,B,A01VMC06,VM,2,345.0,284.0,175.0,61.0,109.0,0.0,175,175,0,0,0,1
2026-06-12,B,A01CN002,CN,3,370.0,321.0,282.0,49.0,39.0,0.0,282,282,0,0,0,1
2026-06-12,B,A01CN003,CN,3,370.0,288.0,133.33,82.0,154.67,3.33,320,312,4,4,8,1
2026-06-12,B,A01CN006,CN,3,360.0,219.0,205.33,141.0,13.67,0.0,616,616,0,0,0,1
2026-06-12,B,A01CN008,CN,3,360.0,307.0,307.0,53.0,0.0,0.0,388,388,0,0,0,1
2026-06-12,B,A01CN016,CN,3,380.0,221.0,221.0,159.0,0.0,0.0,421,421,0,0,0,1
2026-06-12,B,A01CN025,CN,3,370.0,352.0,352.0,18.0,0.0,0.0,763,763,0,0,0,1
2026-06-12,B,A01CN091,CN,3,360.0,324.0,324.0,36.0,0.0,0.0,1284,1284,0,0,0,1
2026-06-12,B,A01CN092,CN,3,370.0,361.0,361.0,9.0,0.0,0.0,1416,1416,0,0,0,1
2026-06-12,B,A01CN093,CN,3,360.0,332.0,332.0,28.0,0.0,0.0,1240,1240,0,0,0,1
2026-06-12,B,A01CN094,CN,3,368.0,360.0,235.0,8.0,125.0,0.0,564,564,0,0,0,1
2026-06-12,B,A01CN096,CN,3,358.0,330.0,328.67,28.0,1.33,0.0,680,680,0,0,0,1
2026-06-12,B,A01CN097,CN,3,368.0,352.0,352.0,16.0,0.0,0.0,1464,1464,0,0,0,1
2026-06-12,B,A01HB025,HB,3,408.0,370.0,370.0,38.0,0.0,0.0,510,510,0,0,0,1
2026-06-12,B,A01CN100,CN,3,440.0,368.0,356.67,72.0,11.33,0.0,214,214,0,0,0,1
2026-06-12,B,A01CN103,CN,3,358.0,285.0,285.0,73.0,0.0,0.0,560,560,0,0,0,1
2026-06-12,B,A01CN104,CN,3,368.0,26.0,8.0,342.0,18.0,0.0,16,16,0,0,0,1
2026-06-12,B,A01CN116,CN,3,440.0,380.0,300.8,60.0,79.2,0.0,376,376,0,0,0,1
2026-06-12,B,A01CN138,CN,3,448.0,307.0,305.33,141.0,1.67,0.0,458,458,0,0,0,1
2026-06-12,B,A01CN053,CN,3,420.0,384.0,384.0,36.0,0.0,0.0,1324,1324,0,0,0,1
2026-06-12,B,A01CN055,CN,3,420.0,402.0,402.0,18.0,0.0,0.0,1243,1243,0,0,0,1
2026-06-12,B,A01CN057,CN,3,420.0,410.0,410.0,10.0,0.0,0.0,1394,1394,0,0,0,1
2026-06-12,B,A01CN059,CN,3,420.0,400.0,400.0,20.0,0.0,0.0,1224,1224,0,0,0,1
2026-06-12,B,A01HB001,HB,3,360.0,350.0,350.0,10.0,0.0,0.0,984,984,0,0,0,1
2026-06-12,B,A01HB002,HB,3,360.0,351.0,351.0,9.0,0.0,0.0,894,894,0,0,0,1
2026-06-12,B,A01HB003,HB,3,360.0,348.0,348.0,12.0,0.0,0.0,903,903,0,0,0,1
2026-06-12,B,A01HB004,HB,3,360.0,350.0,294.0,10.0,56.0,0.0,720,720,0,0,0,1
2026-06-12,B,A01HB005,HB,3,360.0,340.0,285.6,20.0,54.4,0.0,816,816,0,0,0,1
2026-06-12,B,A01HB008,HB,3,360.0,349.0,196.5,11.0,152.5,0.0,655,655,0,0,0,1
2026-06-12,B,A01HB009,HB,3,360.0,353.0,353.0,7.0,0.0,0.0,828,828,0,0,0,1
2026-06-12,B,A01HB010,HB,3,360.0,350.0,348.75,10.0,1.25,1.72,810,806,4,0,4,1
2026-06-12,B,A01HB012,HB,3,360.0,100.0,100.0,260.0,0.0,0.0,483,483,0,0,0,1
2026-06-12,B,A01HB018,HB,3,360.0,313.0,313.0,47.0,0.0,0.0,474,474,0,0,0,1
2026-06-12,B,A01TMC10,TM,3,475.0,410.0,410.0,65.0,0.0,0.0,448,448,0,0,0,1
2026-06-12,B,A01TMC05,TM,4,558.0,483.0,483.0,75.0,0.0,0.0,1188,1188,0,0,0,1
2026-06-12,B,A01VMC05,VM,4,525.0,495.0,488.0,30.0,7.0,0.0,480,480,0,0,0,1
2026-06-12,B,A01VMC07,VM,4,525.0,0.0,0.0,525.0,0.0,0.0,0,0,0,0,0,1
2026-06-12,B,A01CN001,CN,5,455.0,419.0,413.0,36.0,6.0,0.0,413,413,0,0,0,1
2026-06-12,B,A01CN005,CN,5,452.0,411.0,411.0,41.0,0.0,0.0,644,644,0,0,0,1
2026-06-12,B,A01CN014,CN,5,510.0,370.0,370.0,140.0,0.0,0.0,1297,1297,0,0,0,1
2026-06-12,B,A01CN015,CN,5,510.0,330.0,330.0,180.0,0.0,0.0,1141,1141,0,0,0,1
2026-06-12,B,A01CN021,CN,5,510.0,326.0,326.0,184.0,0.0,0.0,998,998,0,0,0,1
2026-06-12,B,A01CN022,CN,5,520.0,326.0,302.4,194.0,23.6,0.0,1008,1008,0,0,0,1
2026-06-12,B,A01CN023,CN,5,510.0,358.0,358.0,152.0,0.0,0.0,1103,1103,0,0,0,1
2026-06-12,B,A01CN024,CN,5,452.0,407.0,407.0,45.0,0.0,0.0,565,565,0,0,0,1
2026-06-12,B,A01CN026,CN,5,510.0,388.0,388.0,122.0,0.0,0.0,1207,1207,0,0,0,1
2026-06-12,B,A01CN041,CN,5,455.0,354.0,354.0,101.0,0.0,0.0,579,579,0,0,0,1
2026-06-12,B,A01CN065,CN,5,455.0,206.0,206.0,249.0,0.0,0.0,314,314,0,0,0,1
2026-06-12,B,A01CN071,CN,5,510.0,0.0,0.0,510.0,0.0,0.0,0,0,0,0,0,1
2026-06-12,B,A01CN081,CN,5,455.0,379.0,379.0,76.0,0.0,0.0,406,406,0,0,0,1
2026-06-12,B,A01CN084,CN,5,455.0,301.0,301.0,154.0,0.0,0.0,1980,1980,0,0,0,1
2026-06-12,B,A01CN085,CN,5,465.0,391.0,316.8,74.0,74.2,0.0,297,297,0,0,0,1
2026-06-12,B,A01HB013,HB,5,520.0,483.0,483.0,37.0,0.0,0.0,735,735,0,0,0,1
2026-06-12,B,A01CN113,CN,5,510.0,290.0,290.0,220.0,0.0,0.0,362,362,0,0,0,1
2026-06-12,B,A01CN117,CN,5,570.0,424.0,319.73,146.0,104.27,0.0,436,436,0,0,0,1
2026-06-12,B,A01CN118,CN,5,569.0,424.0,319.73,145.0,104.27,0.0,436,436,0,0,0,1
2026-06-12,B,A01CN058,CN,5,540.0,528.0,528.0,12.0,0.0,2.92,1625,1616,0,9,9,1
2026-06-12,B,A01CN060,CN,5,540.0,501.0,501.0,39.0,0.0,0.0,1701,1701,0,0,0,1
2026-06-12,B,A01CN073,CN,5,49.0,48.0,48.0,1.0,0.0,0.0,160,160,0,0,0,1
2026-06-12,B,A01CN077,CN,5,49.0,47.0,47.0,2.0,0.0,0.0,174,174,0,0,0,1
2026-06-12,B,A01CN018,CN,5,485.0,451.0,451.0,34.0,0.0,0.0,650,650,0,0,0,1
2026-06-12,B,A01CN070,CN,5,460.0,422.0,322.0,38.0,100.0,0.0,322,322,0,0,0,1
2026-06-12,B,A01CN054,CN,6,600.0,569.0,553.0,31.0,16.0,0.0,1659,1659,0,0,0,1
2026-06-12,B,A01CN056,CN,6,600.0,520.0,468.0,80.0,52.0,1.2,1560,1556,4,0,4,1
2026-06-12,B,A01CN072,CN,6,600.0,570.0,513.6,30.0,56.4,1.2,1712,1708,4,0,4,1
2026-06-12,B,A01CN076,CN,6,600.0,533.0,527.1,67.0,5.9,0.0,1757,1757,0,0,0,1
2026-06-12,B,A01CN017,CN,6,542.0,417.0,417.0,125.0,0.0,0.0,558,558,0,0,0,1
2026-06-12,B,A01CN074,CN,6,641.0,480.0,450.33,161.0,29.67,2.33,772,768,0,4,4,1
2026-06-12,B,A01CN044,CN,6,643.0,467.0,439.2,176.0,27.8,0.0,732,732,0,0,0,1
2026-06-12,B,A01CN045,CN,6,648.0,467.0,459.67,181.0,7.33,0.0,788,788,0,0,0,1
2026-06-12,B,A01CN046,CN,6,648.0,406.0,266.33,242.0,139.67,0.0,470,470,0,0,0,1
2026-06-12,B,A01CN047,CN,6,648.0,263.0,263.0,385.0,0.0,0.0,472,472,0,0,0,1
2026-06-12,B,A01CN048,CN,6,638.0,515.0,515.0,123.0,0.0,0.0,982,982,0,0,0,1
2026-06-12,B,A01CN050,CN,6,647.0,162.0,162.0,485.0,0.0,2.22,292,288,0,4,4,1
2026-06-12,B,A01CN051,CN,6,637.0,511.0,511.0,126.0,0.0,0.0,1018,1018,0,0,0,1
2026-06-12,B,A01CN062,CN,6,646.0,555.0,543.67,91.0,11.33,0.0,932,932,0,0,0,1
2026-06-12,B,A01CN068,CN,6,636.0,254.0,254.0,382.0,0.0,2.0,508,504,4,0,4,1
2026-06-12,B,A01CN075,CN,6,646.0,474.0,470.17,172.0,3.83,0.0,806,806,0,0,0,1
2026-06-12,B,A01VMC03,VM,6,645.0,496.0,496.0,149.0,0.0,0.0,2800,2800,0,0,0,1
2026-06-12,B,A01VMC09,VM,6,640.0,450.0,450.0,190.0,0.0,0.0,1425,1425,0,0,0,1
2026-06-12,B,A01VMC12,VM,6,640.0,482.0,427.5,158.0,54.5,0.0,1350,1350,0,0,0,1
2026-06-12,B,A01VMC15,VM,6,640.0,481.0,450.0,159.0,31.0,0.0,1500,1500,0,0,0,1
2026-06-12,B,A01CN042,CN,7,645.0,608.0,558.8,37.0,49.2,0.0,1016,1016,0,0,0,1
2026-06-12,B,A01VMC08,VM,7,650.0,477.0,475.0,173.0,2.0,0.0,1500,1500,0,0,0,1
2026-06-12,B,A01VMC10,VM,7,635.0,492.0,426.67,143.0,65.33,0.0,2560,2560,0,0,0,1
2026-06-12,B,A01VMC11,VM,7,649.0,439.0,439.0,210.0,0.0,0.0,1515,1515,0,0,0,1
2026-06-12,B,A01HB021,HB,7,684.0,632.0,586.23,52.0,45.77,0.0,516,516,0,0,0,1
2026-06-12,B,A01HB022,HB,7,665.0,596.0,596.0,69.0,0.0,0.0,600,600,0,0,0,1
2026-06-12,B,A01VMC16,VM,7,675.0,541.0,504.0,134.0,37.0,0.0,1680,1680,0,0,0,1
2026-06-13,A,A01HB001,HB,10,39.0,39.0,39.0,0.0,0.0,0.0,132,132,0,0,0,1
2026-06-13,A,A01HB002,HB,10,39.0,39.0,39.0,0.0,0.0,0.0,114,114,0,0,0,1
2026-06-13,A,A01HB017,HB,10,39.0,39.0,39.0,0.0,0.0,0.0,126,126,0,0,0,1
2026-06-13,A,A01CN049,CN,10,25.0,23.0,23.0,2.0,0.0,0.0,33,33,0,0,0,1
2026-06-13,A,A01HB003,HB,11,99.0,99.0,99.0,0.0,0.0,0.0,273,273,0,0,0,1
2026-06-13,A,A01HB004,HB,11,99.0,99.0,94.73,0.0,4.27,0.0,232,232,0,0,0,1
2026-06-13,A,A01HB009,HB,11,99.0,99.0,90.42,0.0,8.58,0.0,210,210,0,0,0,1
2026-06-13,A,A01HB010,HB,11,99.0,99.0,90.42,0.0,8.58,0.0,210,210,0,0,0,1
2026-06-13,A,A01HB011,HB,11,99.0,99.0,99.0,0.0,0.0,0.0,660,660,0,0,0,1
2026-06-13,A,A01HB012,HB,11,99.0,59.0,59.0,40.0,0.0,0.0,153,153,0,0,0,1
2026-06-13,A,A01HB018,HB,11,99.0,99.0,99.0,0.0,0.0,0.0,168,168,0,0,0,1
2026-06-13,A,A01VMC04,VM,11,54.0,54.0,38.0,0.0,16.0,0.0,120,120,0,0,0,1
2026-06-13,A,A01CN005,CN,12,169.0,147.0,106.5,22.0,40.5,0.0,142,142,0,0,0,1
2026-06-13,A,A01CN024,CN,12,169.0,146.0,115.5,23.0,30.5,0.0,154,154,0,0,0,1
2026-06-13,A,A01CN098,CN,12,159.0,156.0,156.0,3.0,0.0,0.0,179,179,0,0,0,1
2026-06-13,A,A01TMC04,TM,12,214.0,172.0,164.67,42.0,7.33,0.0,190,190,0,0,0,1
2026-06-13,A,A01TMC06,TM,12,214.0,161.0,156.1,53.0,4.9,0.0,223,223,0,0,0,1
2026-06-13,A,A01TRP35,TR,12,109.0,1.0,0.0,108.0,1.0,0.0,0,0,0,0,0,1
2026-06-13,A,A01CN019,CN,12,199.0,199.0,127.8,0.0,71.2,0.0,213,213,0,0,0,1
2026-06-13,A,A01CN020,CN,12,199.0,185.0,109.5,14.0,75.5,0.0,219,219,0,0,0,1
2026-06-13,A,A01CN120,CN,12,189.0,142.0,142.0,47.0,0.0,0.0,185,185,0,0,0,1
2026-06-13,A,A01CN121,CN,12,155.0,119.0,119.0,36.0,0.0,0.0,159,159,0,0,0,1
2026-06-13,A,A01CN138,CN,12,155.0,148.0,142.67,7.0,5.33,0.0,214,214,0,0,0,1
2026-06-13,A,A01CN139,CN,12,155.0,148.0,130.67,7.0,17.33,0.0,196,196,0,0,0,1
2026-06-13,A,A01CN003,CN,12,189.0,172.0,106.67,17.0,65.33,0.0,256,256,0,0,0,1
2026-06-13,A,A01CN070,CN,12,199.0,69.0,35.0,130.0,34.0,0.0,35,35,0,0,0,1
2026-06-13,A,A01HB007,HB,12,174.0,0.0,0.0,174.0,0.0,0.0,0,0,0,0,0,1
2026-06-13,U,A01CN064,CN,12,0.0,0.0,0.0,0.0,0.0,0.0,23,23,0,0,0,0
2026-06-13,A,A01CN108,CN,12,209.0,146.0,83.0,63.0,63.0,0.0,83,83,0,0,0,1
2026-06-13,A,A01CN111,CN,12,209.0,151.0,78.0,58.0,73.0,0.0,78,78,0,0,0,1
2026-06-13,A,A01CN124,CN,12,214.0,153.0,115.0,61.0,38.0,0.0,345,345,0,0,0,1
2026-06-13,A,A01CN125,CN,12,229.0,131.0,95.67,98.0,35.33,0.0,70,70,0,0,0,1
2026-06-13,A,A01CN126,CN,12,214.0,130.0,111.0,84.0,19.0,0.0,333,333,0,0,0,1
2026-06-13,A,A01CN127,CN,12,214.0,52.0,52.0,162.0,0.0,0.0,194,194,0,0,0,1
2026-06-13,A,A01CN129,CN,12,227.0,0.0,0.0,227.0,0.0,0.0,0,0,0,0,0,1
2026-06-13,A,A01CN130,CN,12,214.0,0.0,0.0,214.0,0.0,0.0,0,0,0,0,0,1
2026-06-13,A,A01CN131,CN,12,226.0,0.0,0.0,226.0,0.0,0.0,0,0,0,0,0,1
2026-06-13,A,A01CN132,CN,12,214.0,193.0,167.6,21.0,25.4,0.0,419,419,0,0,0,1
2026-06-13,A,A01CN112,CN,13,229.0,205.0,155.0,24.0,50.0,0.0,155,155,0,0,0,1
2026-06-13,A,A01CN122,CN,13,175.0,93.0,72.8,82.0,20.2,0.0,168,168,0,0,0,1
2026-06-13,A,A01CN098,CN,14,10.0,8.0,8.0,2.0,0.0,0.0,29,29,0,0,0,1
2026-06-13,A,A01CN106,CN,14,179.0,13.0,13.0,166.0,0.0,0.0,28,28,0,0,0,1
2026-06-13,A,A01HB015,HB,14,40.0,40.0,40.0,0.0,0.0,0.0,64,64,0,0,0,1
2026-06-13,A,A01BR007,BR,14,209.0,150.0,150.0,59.0,0.0,0.0,1184,1184,0,0,0,1
2026-06-13,A,A01CN046,CN,14,54.0,37.0,19.27,17.0,17.73,0.0,34,34,0,0,0,1
2026-06-13,A,A01CN048,CN,14,54.0,54.0,54.0,0.0,0.0,0.0,94,94,0,0,0,1
2026-06-13,A,A01CN050,CN,14,54.0,50.0,50.0,4.0,0.0,0.0,86,86,0,0,0,1
2026-06-13,A,A01HB005,HB,15,49.0,44.0,44.0,5.0,0.0,0.0,138,138,0,0,0,1
2026-06-13,A,A01HB006,HB,15,49.0,40.0,22.17,9.0,17.83,0.0,70,70,0,0,0,1
2026-06-13,A,A01HB020,HB,15,49.0,49.0,33.58,0.0,15.42,0.0,78,78,0,0,0,1
2026-06-13,A,A01CN069,CN,15,274.0,271.0,271.0,3.0,0.0,0.0,290,290,0,0,0,1
2026-06-13,A,A01CN061,CN,15,279.0,268.0,268.0,11.0,0.0,1.96,273,271,1,1,2,1
2026-06-13,A,A01HB016,HB,15,115.0,99.0,97.33,16.0,1.67,0.0,280,280,0,0,0,1
2026-06-13,A,A01CN029,CN,16,194.0,3.0,3.0,191.0,0.0,0.0,12,12,0,0,0,1
2026-06-13,A,A01CN089,CN,16,299.0,236.0,233.07,63.0,2.93,0.0,608,608,0,0,0,1
2026-06-13,A,A01BR005,BR,16,299.0,234.0,234.0,65.0,0.0,0.0,2956,2956,0,0,0,1
2026-06-13,A,A01CN002,CN,16,379.0,322.0,307.0,57.0,15.0,0.0,307,307,0,0,0,1
2026-06-13,A,A01CN006,CN,16,379.0,349.0,349.0,30.0,0.0,0.0,1140,1140,0,0,0,1
2026-06-13,A,A01CN008,CN,16,379.0,363.0,309.0,16.0,54.0,0.0,309,309,0,0,0,1
2026-06-13,A,A01CN013,CN,16,379.0,368.0,324.0,11.0,44.0,0.0,1215,1215,0,0,0,1
2026-06-13,A,A01CN025,CN,16,379.0,320.0,320.0,59.0,0.0,0.0,666,666,0,0,0,1
2026-06-13,A,A01CN031,CN,16,379.0,370.0,370.0,9.0,0.0,0.0,1512,1512,0,0,0,1
2026-06-13,A,A01CN038,CN,16,379.0,192.0,192.0,187.0,0.0,0.0,645,645,0,0,0,1
2026-06-13,A,A01CN039,CN,16,379.0,210.0,204.25,169.0,5.75,0.0,645,645,0,0,0,1
2026-06-13,A,A01CN133,CN,16,379.0,351.0,351.0,28.0,0.0,0.0,248,248,0,0,0,1
2026-06-13,A,A01CN090,CN,16,379.0,373.0,373.0,6.0,0.0,0.26,1446,1445,0,1,1,1
2026-06-13,A,A01CN091,CN,16,379.0,362.0,362.0,17.0,0.0,0.0,1374,1374,0,0,0,1
2026-06-13,A,A01CN092,CN,16,379.0,79.0,77.9,300.0,1.1,0.0,246,246,0,0,0,1
2026-06-13,A,A01CN094,CN,16,379.0,156.0,108.33,223.0,47.67,0.0,260,260,0,0,0,1
2026-06-13,A,A01CN096,CN,16,379.0,275.0,241.67,104.0,33.33,0.0,500,500,0,0,0,1
2026-06-13,A,A01CN097,CN,16,379.0,370.0,370.0,9.0,0.0,0.0,1336,1336,0,0,0,1
2026-06-13,A,A01CN134,CN,16,409.0,359.0,352.5,50.0,6.5,0.0,235,235,0,0,0,1
2026-06-13,A,A01CN103,CN,16,379.0,365.0,365.0,14.0,0.0,0.0,564,564,0,0,0,1
2026-06-13,A,A01CN081,CN,16,399.0,366.0,268.0,33.0,98.0,0.0,268,268,0,0,0,1
2026-06-13,A,A01CN084,CN,16,399.0,272.0,265.0,127.0,7.0,0.0,1590,1590,0,0,0,1
2026-06-13,A,A01TMC07,TM,16,284.0,265.0,261.73,19.0,3.27,0.0,604,604,0,0,0,1
2026-06-13,A,A01VMC06,VM,16,411.0,341.0,216.0,70.0,125.0,0.0,216,216,0,0,0,1
2026-06-13,A,A01TMC08,TM,16,442.0,406.0,406.0,36.0,0.0,0.0,857,857,0,0,0,1
2026-06-13,A,A01CN016,CN,16,329.0,313.0,313.0,16.0,0.0,0.0,604,604,0,0,0,1
2026-06-13,A,A01CN053,CN,16,429.0,379.0,379.0,50.0,0.0,0.0,1271,1271,0,0,0,1
2026-06-13,A,A01CN054,CN,16,429.0,415.0,414.67,14.0,0.33,0.0,1244,1244,0,0,0,1
2026-06-13,A,A01CN055,CN,16,429.0,426.0,426.0,3.0,0.0,0.0,1308,1308,0,0,0,1
2026-06-13,A,A01CN056,CN,16,429.0,361.0,348.3,68.0,12.7,0.0,1161,1161,0,0,0,1
2026-06-13,A,A01CN057,CN,16,429.0,388.0,387.9,41.0,0.1,0.0,1293,1293,0,0,0,1
2026-06-13,A,A01CN058,CN,16,429.0,395.0,389.0,34.0,6.0,1.33,1167,1163,0,4,4,1
2026-06-13,A,A01CN059,CN,16,429.0,382.0,382.0,47.0,0.0,0.0,1182,1182,0,0,0,1
2026-06-13,A,A01CN060,CN,16,429.0,366.0,366.0,63.0,0.0,0.0,1244,1244,0,0,0,1
2026-06-13,A,A01CN071,CN,16,359.0,0.0,0.0,359.0,0.0,0.0,0,0,0,0,0,1
2026-06-13,A,A01CN072,CN,16,429.0,405.0,353.7,24.0,51.3,0.0,1179,1179,0,0,0,1
2026-06-13,A,A01CN073,CN,16,429.0,341.0,314.0,88.0,27.0,0.0,942,942,0,0,0,1
2026-06-13,A,A01CN076,CN,16,429.0,331.0,309.0,98.0,22.0,0.0,1030,1030,0,0,0,1
2026-06-13,A,A01CN077,CN,16,429.0,350.0,318.3,79.0,31.7,0.0,1061,1061,0,0,0,1
2026-06-13,A,A01CN086,CN,16,360.0,330.0,247.62,30.0,82.38,0.0,358,358,0,0,0,1
2026-06-13,A,A01CN087,CN,16,360.0,282.0,220.73,78.0,61.27,0.0,473,473,0,0,0,1
2026-06-13,A,A01VMC08,VM,16,424.0,394.0,394.0,30.0,0.0,0.0,1245,1245,0,0,0,1
2026-06-13,A,A01VMC09,VM,16,424.0,398.0,346.75,26.0,51.25,0.0,1095,1095,0,0,0,1
2026-06-13,A,A01VMC11,VM,16,424.0,409.0,380.0,15.0,29.0,0.0,1200,1200,0,0,0,1
2026-06-13,A,A01VMC12,VM,16,454.0,418.0,337.25,36.0,80.75,0.0,1065,1065,0,0,0,1
2026-06-13,A,A01CN101,CN,16,389.0,339.0,281.53,50.0,57.47,0.0,412,412,0,0,0,1
2026-06-13,A,A01CN104,CN,16,389.0,14.0,4.0,375.0,10.0,0.0,8,8,0,0,0,1
2026-06-13,A,A01CN107,CN,16,224.0,169.0,63.0,55.0,106.0,0.0,90,90,0,0,0,1
2026-06-13,A,A01HB023,HB,16,399.0,399.0,371.35,0.0,27.65,0.0,462,462,0,0,0,1
2026-06-13,A,A01HB024,HB,16,160.0,160.0,127.73,0.0,32.27,0.0,176,176,0,0,0,1
2026-06-13,A,A01VMC15,VM,16,424.0,59.0,40.5,365.0,18.5,0.0,135,135,0,0,0,1
2026-06-13,A,A01CN114,CN,16,329.0,299.0,146.47,30.0,152.53,0.0,338,338,0,0,0,1
2026-06-13,A,A01CN128,CN,16,394.0,356.0,356.0,38.0,0.0,0.0,588,588,0,0,0,1
2026-06-13,A,A01CN074,CN,17,371.0,245.0,197.17,126.0,47.83,0.0,338,338,0,0,0,1
2026-06-13,A,A01CN075,CN,17,372.0,312.0,227.5,60.0,84.5,0.0,390,390,0,0,0,1
2026-06-13,A,A01TMC05,TM,17,499.0,485.0,485.0,14.0,0.0,0.0,1177,1177,0,0,0,1
2026-06-13,A,A01CN123,CN,17,448.0,425.0,425.0,23.0,0.0,0.0,1320,1320,0,0,0,1
2026-06-13,A,A01TMC10,TM,17,505.0,462.0,462.0,43.0,0.0,0.0,464,464,0,0,0,1
2026-06-13,A,A01CN063,CN,17,429.0,341.0,216.67,88.0,124.33,0.0,500,500,0,0,0,1
2026-06-13,A,A01CN100,CN,17,430.0,295.0,258.33,135.0,36.67,0.0,155,155,0,0,0,1
2026-06-13,A,A01CN066,CN,17,444.0,434.0,434.0,10.0,0.0,0.0,3636,3636,0,0,0,1
2026-06-13,A,A01CN014,CN,18,450.0,407.0,407.0,43.0,0.0,0.0,1495,1495,0,0,0,1
2026-06-13,A,A01CN015,CN,18,419.0,353.0,353.0,66.0,0.0,0.0,1285,1285,0,0,0,1
2026-06-13,A,A01CN021,CN,18,419.0,395.0,395.0,24.0,0.0,0.0,1269,1269,0,0,0,1
2026-06-13,A,A01CN022,CN,18,419.0,412.0,412.0,7.0,0.0,0.0,1429,1429,0,0,0,1
2026-06-13,A,A01CN023,CN,18,419.0,376.0,376.0,43.0,0.0,0.0,1162,1162,0,0,0,1
2026-06-13,A,A01CN026,CN,18,419.0,362.0,362.0,57.0,0.0,0.0,1172,1172,0,0,0,1
2026-06-13,A,A01CN078,CN,18,309.0,287.0,185.48,22.0,101.52,0.0,359,359,0,0,0,1
2026-06-13,A,A01CN079,CN,18,104.0,72.0,52.13,32.0,19.87,0.0,92,92,0,0,0,1
2026-06-13,A,A01CN080,CN,18,419.0,262.0,243.67,157.0,18.33,0.0,731,731,0,0,0,1
2026-06-13,A,A01CN088,CN,18,419.0,340.0,340.0,79.0,0.0,0.0,459,459,0,0,0,1
2026-06-13,A,A01TAP14,TA,18,419.0,1.0,0.0,418.0,1.0,0.0,0,0,0,0,0,1
2026-06-13,A,A01CN113,CN,18,419.0,178.0,82.5,241.0,95.5,0.0,99,99,0,0,0,1
2026-06-13,A,A01CN135,CN,18,544.0,0.0,0.0,544.0,0.0,0.0,0,0,0,0,0,1
2026-06-13,A,A01CN001,CN,18,519.0,493.0,379.0,26.0,114.0,0.0,379,379,0,0,0,1
2026-06-13,A,A01CN017,CN,18,514.0,463.0,462.0,51.0,1.0,0.0,616,616,0,0,0,1
2026-06-13,A,A01CN018,CN,18,519.0,444.0,396.75,75.0,47.25,0.0,529,529,0,0,0,1
2026-06-13,A,A01CN030,CN,18,520.0,496.0,465.0,24.0,31.0,0.0,465,465,0,0,0,1
2026-06-13,A,A01CN044,CN,18,275.0,177.0,151.2,98.0,25.8,0.0,252,252,0,0,0,1
2026-06-13,A,A01CN045,CN,18,431.0,204.0,145.83,227.0,58.17,0.0,250,250,0,0,0,1
2026-06-13,A,A01CN047,CN,18,432.0,362.0,281.17,70.0,80.83,0.0,482,482,0,0,0,1
2026-06-13,A,A01CN051,CN,18,431.0,209.0,204.17,222.0,4.83,0.0,350,350,0,0,0,1
2026-06-13,A,A01CN068,CN,18,431.0,228.0,138.83,203.0,89.17,0.0,238,238,0,0,0,1
2026-06-13,A,A01CN085,CN,18,519.0,415.0,274.13,104.0,140.87,3.2,257,254,0,3,3,1
2026-06-13,A,A01CN099,CN,18,514.0,482.0,432.0,32.0,50.0,0.0,432,432,0,0,0,1
2026-06-13,A,A01VMC03,VM,18,554.0,554.0,554.0,0.0,0.0,0.0,3120,3120,0,0,0,1
2026-06-13,A,A01VMC07,VM,18,275.0,0.0,0.0,275.0,0.0,0.0,0,0,0,0,0,1
2026-06-13,A,A01HB021,HB,18,514.0,514.0,463.53,0.0,50.47,0.0,408,408,0,0,0,1
2026-06-13,A,A01HB022,HB,18,514.0,451.0,451.0,63.0,0.0,0.0,432,432,0,0,0,1
2026-06-13,A,A01VMC16,VM,18,275.0,275.0,247.5,0.0,27.5,0.0,825,825,0,0,0,1
2026-06-13,A,A01CN042,CN,18,280.0,85.0,47.3,195.0,37.7,0.0,86,86,0,0,0,1
2026-06-13,A,A01VMC05,VM,18,280.0,280.0,244.0,0.0,36.0,0.0,240,240,0,0,0,1
2026-06-13,A,A01VMC10,VM,18,280.0,246.0,213.33,34.0,32.67,0.0,1280,1280,0,0,0,1
2026-06-13,B,A01CN052,CN,21,49.0,0.0,0.0,49.0,0.0,0.0,0,0,0,0,0,1
2026-06-13,B,A01HB025,HB,21,137.0,137.0,111.0,0.0,26.0,0.0,153,153,0,0,0,1
2026-06-13,B,A01HB014,HB,21,137.0,137.0,125.03,0.0,11.97,0.0,209,209,0,0,0,1
2026-06-13,A,A01CN095,CN,21,701.0,405.0,405.0,296.0,0.0,0.0,2240,2240,0,0,0,1
2026-06-13,B,A01HB015,HB,21,109.0,109.0,109.0,0.0,0.0,0.0,144,144,0,0,0,1
2026-06-13,B,A01HB017,HB,21,109.0,109.0,103.33,0.0,5.67,0.0,240,240,0,0,0,1
2026-06-13,B,A01HB020,HB,21,109.0,109.0,109.0,0.0,0.0,0.0,282,282,0,0,0,1
2026-06-13,B,A01CN002,CN,22,109.0,88.0,70.0,21.0,18.0,0.0,70,70,0,0,0,1
2026-06-13,B,A01CN025,CN,22,108.0,96.0,93.5,12.0,2.5,0.0,187,187,0,0,0,1
2026-06-13,B,A01CN031,CN,22,108.0,104.0,104.0,4.0,0.0,0.0,444,444,0,0,0,1
2026-06-13,B,A01CN078,CN,22,149.0,89.0,48.57,60.0,40.43,0.0,94,94,0,0,0,1
2026-06-13,B,A01CN080,CN,22,149.0,113.0,104.33,36.0,8.67,0.0,313,313,0,0,0,1
2026-06-13,B,A01CN088,CN,22,149.0,149.0,149.0,0.0,0.0,0.0,198,198,0,0,0,1
2026-06-13,B,A01CN096,CN,22,107.0,104.0,95.7,3.0,8.3,0.0,198,198,0,0,0,1
2026-06-13,B,A01HB006,HB,22,119.0,103.0,34.83,16.0,68.17,0.0,110,110,0,0,0,1
2026-06-13,B,A01CN103,CN,22,107.0,0.0,0.0,107.0,0.0,0.0,0,0,0,0,0,1
2026-06-13,B,A01CN107,CN,22,149.0,88.0,30.1,61.0,57.9,0.0,43,43,0,0,0,1
2026-06-13,B,A01BR005,BR,22,149.0,118.0,118.0,31.0,0.0,0.0,1604,1604,0,0,0,1
2026-06-13,B,A01BR007,BR,22,49.0,6.0,6.0,43.0,0.0,0.0,298,298,0,0,0,1
2026-06-13,B,A01TAP14,TA,22,49.0,12.0,12.0,37.0,0.0,0.0,166,166,0,0,0,1
2026-06-13,B,A01CN114,CN,22,149.0,142.0,72.8,7.0,69.2,0.0,168,168,0,0,0,1
2026-06-13,B,A01CN135,CN,22,124.0,0.0,0.0,124.0,0.0,0.0,0,0,0,0,0,1
2026-06-13,B,A01CN049,CN,22,39.0,37.0,18.9,2.0,18.1,0.0,27,27,0,0,0,1
2026-06-13,B,A01CN061,CN,22,39.0,22.0,22.0,17.0,0.0,0.0,28,28,0,0,0,1
2026-06-13,B,A01CN069,CN,22,39.0,23.0,23.0,16.0,0.0,0.0,30,30,0,0,0,1
2026-06-13,B,A01CN038,CN,23,127.0,124.0,124.0,3.0,0.0,0.0,597,597,0,0,0,1
2026-06-13,B,A01CN039,CN,23,127.0,123.0,123.0,4.0,0.0,0.0,489,489,0,0,0,1
2026-06-13,B,A01CN100,CN,23,84.0,0.0,0.0,84.0,0.0,0.0,1,1,0,0,0,1
2026-06-13,B,A01CN013,CN,23,188.0,121.0,121.0,67.0,0.0,0.0,606,606,0,0,0,1
2026-06-13,B,A01CN027,CN,23,274.0,265.0,265.0,9.0,0.0,0.0,486,486,0,0,0,1
2026-06-13,B,A01CN090,CN,23,177.0,126.0,126.0,51.0,0.0,0.0,597,597,0,0,0,1
2026-06-13,B,A01HB016,HB,23,229.0,0.0,0.0,229.0,0.0,0.0,0,0,0,0,0,1
2026-06-13,B,A01CN017,CN,1,291.0,257.0,257.0,34.0,0.0,0.0,355,355,0,0,0,1
2026-06-13,B,A01CN018,CN,1,291.0,258.0,258.0,33.0,0.0,0.0,355,355,0,0,0,1
2026-06-13,B,A01HB019,HB,1,39.0,39.0,17.3,0.0,21.7,0.0,18,18,0,0,0,1
2026-06-13,B,A01CN125,CN,1,19.0,12.0,12.0,7.0,0.0,0.0,16,16,0,0,0,1
2026-06-13,B,A01CN131,CN,1,14.0,0.0,0.0,14.0,0.0,0.0,0,0,0,0,0,1
2026-06-13,B,A01CN126,CN,1,29.0,0.0,0.0,29.0,0.0,0.0,0,0,0,0,0,1
2026-06-13,B,A01CN124,CN,1,49.0,0.0,0.0,49.0,0.0,0.0,0,0,0,0,0,1
2026-06-13,B,A01CN127,CN,1,49.0,0.0,0.0,49.0,0.0,0.0,0,0,0,0,0,1
2026-06-13,B,A01CN129,CN,1,49.0,0.0,0.0,49.0,0.0,0.0,0,0,0,0,0,1
2026-06-13,B,A01CN130,CN,1,49.0,0.0,0.0,49.0,0.0,0.0,0,0,0,0,0,1
2026-06-13,B,A01CN132,CN,1,49.0,40.0,40.0,9.0,0.0,0.0,111,111,0,0,0,1
2026-06-13,B,A01CN139,CN,2,354.0,196.0,179.33,158.0,16.67,0.0,269,269,0,0,0,1
2026-06-13,B,A01CN063,CN,2,284.0,226.0,215.37,58.0,10.63,0.0,497,497,0,0,0,1
2026-06-13,B,A01CN121,CN,2,284.0,207.0,207.0,77.0,0.0,0.0,291,291,0,0,0,1
2026-06-13,B,A01TMC07,TM,2,439.0,426.0,426.0,13.0,0.0,0.0,1004,1004,0,0,0,1
2026-06-13,B,A01TMC10,TM,2,377.0,366.0,366.0,11.0,0.0,0.0,406,406,0,0,0,1
2026-06-13,B,A01TMC08,TM,2,439.0,436.0,436.0,3.0,0.0,0.0,963,963,0,0,0,1
2026-06-13,B,A01CN118,CN,2,284.0,269.0,232.47,15.0,36.53,0.0,317,317,0,0,0,1
2026-06-13,B,A01CN048,CN,2,258.0,225.0,220.5,33.0,4.5,0.0,378,378,0,0,0,1
2026-06-13,B,A01CN066,CN,2,391.0,335.0,335.0,56.0,0.0,0.0,2616,2616,0,0,0,1
2026-06-13,B,A01VMC06,VM,2,286.0,68.0,32.0,218.0,36.0,0.0,32,32,0,0,0,1
2026-06-13,B,A01VMC08,VM,2,434.0,421.0,421.0,13.0,0.0,0.0,1410,1410,0,0,0,1
2026-06-13,B,A01VMC09,VM,2,382.0,368.0,368.0,14.0,0.0,0.0,1245,1245,0,0,0,1
2026-06-13,B,A01VMC11,VM,2,434.0,420.0,420.0,14.0,0.0,0.0,1425,1425,0,0,0,1
2026-06-13,B,A01VMC12,VM,2,434.0,414.0,414.0,20.0,0.0,0.0,1350,1350,0,0,0,1
2026-06-13,B,A01VMC15,VM,2,434.0,423.0,423.0,11.0,0.0,0.0,1440,1440,0,0,0,1
2026-06-13,B,A01CN003,CN,3,368.0,262.0,136.67,106.0,125.33,0.0,328,328,0,0,0,1
2026-06-13,B,A01CN004,CN,3,358.0,320.0,313.25,38.0,6.75,0.0,537,537,0,0,0,1
2026-06-13,B,A01CN006,CN,3,358.0,153.0,124.0,205.0,29.0,0.0,372,372,0,0,0,1
2026-06-13,B,A01CN008,CN,3,358.0,289.0,289.0,69.0,0.0,0.0,337,337,0,0,0,1
2026-06-13,B,A01CN079,CN,3,409.0,279.0,237.43,130.0,41.57,0.0,419,419,0,0,0,1
2026-06-13,B,A01CN091,CN,3,357.0,323.0,323.0,34.0,0.0,0.0,1416,1416,0,0,0,1
2026-06-13,B,A01CN092,CN,3,367.0,359.0,359.0,8.0,0.0,0.0,1446,1446,0,0,0,1
2026-06-13,B,A01CN093,CN,3,369.0,127.0,81.7,242.0,45.3,0.0,258,258,0,0,0,1
2026-06-13,B,A01CN094,CN,3,367.0,315.0,205.83,52.0,109.17,0.0,494,494,0,0,0,1
2026-06-13,B,A01CN097,CN,3,367.0,363.0,363.0,4.0,0.0,0.0,1520,1520,0,0,0,1
2026-06-13,B,A01HB021,HB,3,448.0,448.0,448.0,0.0,0.0,0.0,408,408,0,0,0,1
2026-06-13,B,A01HB022,HB,3,428.0,428.0,428.0,0.0,0.0,0.0,420,420,0,0,0,1
2026-06-13,B,A01CN116,CN,3,430.0,347.0,204.6,83.0,142.4,0.0,372,372,0,0,0,1
2026-06-13,B,A01CN053,CN,3,429.0,426.0,426.0,3.0,0.0,0.0,1471,1471,0,0,0,1
2026-06-13,B,A01CN055,CN,3,429.0,410.0,410.0,19.0,0.0,0.0,1298,1298,0,0,0,1
2026-06-13,B,A01CN057,CN,3,429.0,385.0,385.0,44.0,0.0,0.0,1320,1320,0,0,0,1
2026-06-13,B,A01CN058,CN,3,429.0,367.0,367.0,62.0,0.0,0.32,1139,1138,0,1,1,1
2026-06-13,B,A01CN059,CN,3,429.0,415.0,415.0,14.0,0.0,0.0,1357,1357,0,0,0,1
2026-06-13,B,A01HB005,HB,3,154.0,154.0,136.5,0.0,17.5,0.0,390,390,0,0,0,1
2026-06-13,B,A01HB008,HB,3,369.0,364.0,238.5,5.0,125.5,0.0,795,795,0,0,0,1
2026-06-13,B,A01HB009,HB,3,389.0,389.0,389.0,0.0,0.0,0.0,960,960,0,0,0,1
2026-06-13,B,A01HB010,HB,3,389.0,389.0,389.0,0.0,0.0,0.0,966,966,0,0,0,1
2026-06-13,B,A01HB012,HB,3,389.0,152.0,152.0,237.0,0.0,0.0,627,627,0,0,0,1
2026-06-13,B,A01HB018,HB,3,389.0,380.0,380.0,9.0,0.0,0.0,558,558,0,0,0,1
2026-06-13,B,A01HB001,HB,3,429.0,423.0,423.0,6.0,0.0,0.0,1194,1194,0,0,0,1
2026-06-13,B,A01HB002,HB,3,429.0,422.0,422.0,7.0,0.0,0.0,1104,1104,0,0,0,1
2026-06-13,B,A01HB003,HB,3,429.0,419.0,409.15,10.0,9.85,0.0,1029,1029,0,0,0,1
2026-06-13,B,A01HB004,HB,3,429.0,417.0,343.0,12.0,74.0,0.0,840,840,0,0,0,1
2026-06-13,B,A01HB007,HB,3,429.0,348.0,348.0,81.0,0.0,0.0,924,924,0,0,0,1
2026-06-13,B,A01HB011,HB,3,429.0,423.0,423.0,6.0,0.0,0.0,2360,2360,0,0,0,1
2026-06-13,B,A01TMC04,TM,4,454.0,405.0,405.0,49.0,0.0,0.0,473,473,0,0,0,1
2026-06-13,B,A01TMC06,TM,4,454.0,409.0,409.0,45.0,0.0,0.0,589,589,0,0,0,1
2026-06-13,B,A01VMC16,VM,4,493.0,467.0,459.0,26.0,8.0,0.0,1530,1530,0,0,0,1
2026-06-13,B,A01TMC05,TM,4,567.0,474.0,474.0,93.0,0.0,0.0,1186,1186,0,0,0,1
2026-06-13,B,A01CN046,CN,4,467.0,441.0,441.0,26.0,0.0,0.0,802,802,0,0,0,1
2026-06-13,B,A01CN047,CN,4,467.0,432.0,432.0,35.0,0.0,0.0,772,772,0,0,0,1
2026-06-13,B,A01CN050,CN,4,467.0,463.0,463.0,4.0,0.0,0.0,824,824,0,0,0,1
2026-06-13,B,A01CN051,CN,4,457.0,109.0,109.0,348.0,0.0,0.0,262,262,0,0,0,1
2026-06-13,B,A01CN074,CN,4,435.0,409.0,409.0,26.0,0.0,0.0,730,730,0,0,0,1
2026-06-13,B,A01CN075,CN,4,463.0,443.0,443.0,20.0,0.0,0.55,800,799,0,1,1,1
2026-06-13,B,A01CN001,CN,5,524.0,457.0,457.0,67.0,0.0,0.0,494,494,0,0,0,1
2026-06-13,B,A01CN005,CN,5,219.0,206.0,189.75,13.0,16.25,0.0,253,253,0,0,0,1
2026-06-13,B,A01CN014,CN,5,529.0,516.0,516.0,13.0,0.0,0.0,1868,1868,0,0,0,1
2026-06-13,B,A01CN015,CN,5,529.0,506.0,506.0,23.0,0.0,0.0,1764,1764,0,0,0,1
2026-06-13,B,A01CN021,CN,5,529.0,521.0,521.0,8.0,0.0,0.0,1688,1688,0,0,0,1
2026-06-13,B,A01CN022,CN,5,529.0,470.0,453.6,59.0,16.4,0.0,1512,1512,0,0,0,1
2026-06-13,B,A01CN023,CN,5,529.0,523.0,523.0,6.0,0.0,0.0,1656,1656,0,0,0,1
2026-06-13,B,A01CN024,CN,5,219.0,195.0,159.75,24.0,35.25,0.0,213,213,0,0,0,1
2026-06-13,B,A01CN026,CN,5,529.0,519.0,519.0,10.0,0.0,0.0,1668,1668,0,0,0,1
2026-06-13,B,A01CN041,CN,5,521.0,421.0,399.0,100.0,22.0,0.0,684,684,0,0,0,1
2026-06-13,B,A01CN065,CN,5,524.0,372.0,367.5,152.0,4.5,0.0,630,630,0,0,0,1
2026-06-13,B,A01CN081,CN,5,524.0,474.0,474.0,50.0,0.0,0.0,484,484,0,0,0,1
2026-06-13,B,A01CN084,CN,5,524.0,217.0,210.0,307.0,7.0,0.0,1260,1260,0,0,0,1
2026-06-13,B,A01CN085,CN,5,534.0,426.0,410.67,108.0,15.33,0.0,385,385,0,0,0,1
2026-06-13,B,A01VMC01,VM,5,519.0,0.0,0.0,519.0,0.0,0.0,0,0,0,0,0,1
2026-06-13,B,A01CN113,CN,5,529.0,492.0,492.0,37.0,0.0,0.0,659,659,0,0,0,1
2026-06-13,B,A01CN060,CN,5,549.0,426.0,418.5,123.0,7.5,0.0,1395,1395,0,0,0,1
2026-06-13,B,A01CN073,CN,5,557.0,544.0,514.33,13.0,29.67,0.0,1543,1543,0,0,0,1
2026-06-13,B,A01CN077,CN,5,557.0,510.0,481.2,47.0,28.8,0.0,1604,1604,0,0,0,1
2026-06-13,B,A01CN070,CN,5,561.0,515.0,369.0,46.0,146.0,0.0,369,369,0,0,0,1
2026-06-13,B,A01CN019,CN,5,579.0,579.0,364.8,0.0,214.2,0.0,608,608,0,0,0,1
2026-06-13,B,A01CN064,CN,5,574.0,410.0,281.0,164.0,129.0,0.0,281,281,0,0,0,1
2026-06-13,B,A01CN108,CN,5,574.0,423.0,394.0,151.0,29.0,0.0,394,394,0,0,0,1
2026-06-13,B,A01CN111,CN,5,574.0,502.0,475.0,72.0,27.0,0.0,475,475,0,0,0,1
2026-06-13,B,A01CN054,CN,6,609.0,582.0,570.0,27.0,12.0,0.0,1710,1710,0,0,0,1
2026-06-13,B,A01CN056,CN,6,609.0,533.0,498.3,76.0,34.7,0.0,1661,1661,0,0,0,1
2026-06-13,B,A01CN072,CN,6,609.0,573.0,511.5,36.0,61.5,0.0,1705,1705,0,0,0,1
2026-06-13,B,A01CN076,CN,6,609.0,534.0,514.8,75.0,19.2,0.0,1716,1716,0,0,0,1
2026-06-13,B,A01CN020,CN,6,629.0,444.0,293.5,185.0,150.5,0.0,587,587,0,0,0,1
2026-06-13,B,A01CN112,CN,6,634.0,478.0,478.0,156.0,0.0,0.0,497,497,0,0,0,1
2026-06-13,B,A01CN062,CN,6,555.0,417.0,357.0,138.0,60.0,0.0,612,612,0,0,0,1
2026-06-13,B,A01CN068,CN,6,545.0,453.0,453.0,92.0,0.0,0.0,894,894,0,0,0,1
2026-06-13,B,A01CN042,CN,7,654.0,583.0,533.5,71.0,49.5,0.0,970,970,0,0,0,1
2026-06-14,A,A01TMC04,TM,12,214.0,0.0,0.0,214.0,0.0,0.0,0,0,0,0,0,1
2026-06-14,A,A01TMC06,TM,12,214.0,0.0,0.0,214.0,0.0,0.0,0,0,0,0,0,1
2026-06-14,A,A01TRP35,TR,12,109.0,1.0,0.0,108.0,1.0,0.0,0,0,0,0,0,1
2026-06-14,A,A01CN124,CN,12,214.0,0.0,0.0,214.0,0.0,0.0,0,0,0,0,0,1
2026-06-14,A,A01CN125,CN,12,229.0,0.0,0.0,229.0,0.0,0.0,0,0,0,0,0,1
2026-06-14,A,A01CN126,CN,12,214.0,0.0,0.0,214.0,0.0,0.0,0,0,0,0,0,1
2026-06-14,A,A01CN127,CN,12,214.0,0.0,0.0,214.0,0.0,0.0,0,0,0,0,0,1
2026-06-14,A,A01CN129,CN,12,227.0,0.0,0.0,227.0,0.0,0.0,0,0,0,0,0,1
2026-06-14,A,A01CN130,CN,12,214.0,0.0,0.0,214.0,0.0,0.0,0,0,0,0,0,1
2026-06-14,A,A01CN131,CN,12,226.0,0.0,0.0,226.0,0.0,0.0,0,0,0,0,0,1
2026-06-14,A,A01CN132,CN,12,214.0,39.0,39.0,175.0,0.0,0.0,128,128,0,0,0,1
2026-06-14,A,A01CN128,CN,16,394.0,0.0,0.0,394.0,0.0,0.0,0,0,0,0,0,1
2026-06-14,A,A01TMC05,TM,17,499.0,0.0,0.0,499.0,0.0,0.0,0,0,0,0,0,1
2026-06-14,A,A01CN135,CN,18,544.0,0.0,0.0,544.0,0.0,0.0,0,0,0,0,0,1
2026-06-14,B,A01HB025,HB,21,137.0,0.0,0.0,137.0,0.0,0.0,0,0,0,0,0,1
2026-06-14,B,A01HB014,HB,21,137.0,0.0,0.0,137.0,0.0,0.0,0,0,0,0,0,1
2026-06-14,B,A01HB016,HB,23,229.0,0.0,0.0,229.0,0.0,0.0,0,0,0,0,0,1
2026-06-14,B,A01CN017,CN,1,291.0,0.0,0.0,291.0,0.0,0.0,0,0,0,0,0,1
2026-06-14,B,A01CN018,CN,1,291.0,0.0,0.0,291.0,0.0,0.0,0,0,0,0,0,1
2026-06-14,B,A01TMC04,TM,4,454.0,0.0,0.0,454.0,0.0,0.0,0,0,0,0,0,1
2026-06-14,B,A01TMC06,TM,4,454.0,0.0,0.0,454.0,0.0,0.0,0,0,0,0,0,1
2026-06-14,B,A01TMC05,TM,4,567.0,0.0,0.0,567.0,0.0,0.0,0,0,0,0,0,1
2026-06-14,B,A01CN001,CN,5,524.0,0.0,0.0,524.0,0.0,0.0,0,0,0,0,0,1
2026-06-14,B,A01CN005,CN,5,219.0,0.0,0.0,219.0,0.0,0.0,0,0,0,0,0,1
2026-06-14,B,A01CN024,CN,5,219.0,0.0,0.0,219.0,0.0,0.0,0,0,0,0,0,1
2026-06-14,B,A01CN041,CN,5,521.0,0.0,0.0,521.0,0.0,0.0,0,0,0,0,0,1
2026-06-14,B,A01CN065,CN,5,524.0,0.0,0.0,524.0,0.0,0.0,0,0,0,0,0,1
2026-06-14,B,A01CN081,CN,5,524.0,0.0,0.0,524.0,0.0,0.0,0,0,0,0,0,1
2026-06-14,B,A01CN084,CN,5,524.0,0.0,0.0,524.0,0.0,0.0,10,10,0,0,0,1
2026-06-14,B,A01CN085,CN,5,534.0,0.0,0.0,534.0,0.0,0.0,0,0,0,0,0,1
2026-06-14,B,A01CN070,CN,5,561.0,0.0,0.0,561.0,0.0,0.0,0,0,0,0,0,1
2026-06-14,B,A01CN019,CN,5,579.0,579.0,0.0,0.0,579.0,0.0,0,0,0,0,0,1
2026-06-14,B,A01CN064,CN,5,574.0,0.0,0.0,574.0,0.0,0.0,0,0,0,0,0,1
2026-06-14,B,A01CN108,CN,5,574.0,0.0,0.0,574.0,0.0,0.0,0,0,0,0,0,1
2026-06-14,B,A01CN111,CN,5,574.0,0.0,0.0,574.0,0.0,0.0,0,0,0,0,0,1
2026-06-14,B,A01CN020,CN,6,629.0,0.0,0.0,629.0,0.0,0.0,1,1,0,0,0,1
2026-06-14,B,A01CN112,CN,6,634.0,0.0,0.0,634.0,0.0,0.0,0,0,0,0,0,1
2026-06-15,A,A01CN069,CN,11,34.0,34.0,32.87,0.0,1.13,0.0,34,34,0,0,0,1
2026-06-15,A,A01HB019,HB,11,49.0,49.0,34.6,0.0,14.4,0.0,36,36,0,0,0,1
2026-06-15,A,A01HB025,HB,11,157.0,157.0,148.0,0.0,9.0,0.0,204,204,0,0,0,1
2026-06-15,A,A01CN065,CN,12,4.0,4.0,4.0,0.0,0.0,0.0,18,18,0,0,0,1
2026-06-15,A,A01TRP35,TR,12,109.0,1.0,0.0,108.0,1.0,0.0,0,0,0,0,0,1
2026-06-15,A,A01HB001,HB,12,109.0,109.0,102.0,0.0,7.0,0.0,270,270,0,0,0,1
2026-06-15,A,A01HB002,HB,12,109.0,109.0,98.8,0.0,10.2,0.0,228,228,0,0,0,1
2026-06-15,A,A01HB003,HB,12,109.0,109.0,109.0,0.0,0.0,0.0,246,246,0,0,0,1
2026-06-15,A,A01HB004,HB,12,109.0,109.0,109.0,0.0,0.0,0.0,232,232,0,0,0,1
2026-06-15,A,A01HB005,HB,12,109.0,109.0,84.0,0.0,25.0,0.0,240,240,0,0,0,1
2026-06-15,A,A01HB006,HB,12,109.0,105.0,63.33,4.0,41.67,0.0,200,200,0,0,0,1
2026-06-15,A,A01HB008,HB,12,109.0,109.0,66.0,0.0,43.0,0.0,220,220,0,0,0,1
2026-06-15,A,A01HB009,HB,12,109.0,109.0,109.0,0.0,0.0,0.0,264,264,0,0,0,1
2026-06-15,A,A01HB010,HB,12,109.0,91.0,91.0,18.0,0.0,0.0,216,216,0,0,0,1
2026-06-15,A,A01HB012,HB,12,109.0,28.0,28.0,81.0,0.0,0.0,165,165,0,0,0,1
2026-06-15,A,A01HB017,HB,12,109.0,109.0,103.33,0.0,5.67,0.0,240,240,0,0,0,1
2026-06-15,A,A01HB018,HB,12,109.0,109.0,109.0,0.0,0.0,0.0,162,162,0,0,0,1
2026-06-15,A,A01HB020,HB,12,109.0,109.0,98.17,0.0,10.83,0.0,228,228,0,0,0,1
2026-06-15,A,A01CN003,CN,12,189.0,165.0,92.5,24.0,72.5,0.0,222,222,0,0,0,1
2026-06-15,A,A01HB007,HB,12,109.0,109.0,109.0,0.0,0.0,0.0,284,284,0,0,0,1
2026-06-15,A,A01VMC10,VM,12,219.0,171.0,113.33,48.0,57.67,0.0,680,680,0,0,0,1
2026-06-15,A,A01CN124,CN,12,214.0,14.0,2.67,200.0,11.33,0.0,8,8,0,0,0,1
2026-06-15,A,A01CN125,CN,12,229.0,27.0,5.47,202.0,21.53,0.0,4,4,0,0,0,1
2026-06-15,A,A01CN126,CN,12,214.0,0.0,0.0,214.0,0.0,0.0,0,0,0,0,0,1
2026-06-15,A,A01CN127,CN,12,214.0,0.0,0.0,214.0,0.0,0.0,0,0,0,0,0,1
2026-06-15,A,A01CN129,CN,12,227.0,0.0,0.0,227.0,0.0,0.0,0,0,0,0,0,1
2026-06-15,A,A01CN130,CN,12,214.0,0.0,0.0,214.0,0.0,0.0,0,0,0,0,0,1
2026-06-15,A,A01CN131,CN,12,226.0,0.0,0.0,226.0,0.0,0.0,0,0,0,0,0,1
2026-06-15,A,A01CN132,CN,12,214.0,159.0,126.4,55.0,32.6,0.0,316,316,0,0,0,1
2026-06-15,A,A01CN049,CN,15,302.0,289.0,289.0,13.0,0.0,0.0,376,376,0,0,0,1
2026-06-15,A,A01HB016,HB,15,356.0,262.0,184.93,94.0,77.07,0.0,532,532,0,0,0,1
2026-06-15,A,A01CN029,CN,16,207.0,148.0,148.0,59.0,0.0,0.0,434,434,0,0,0,1
2026-06-15,A,A01BR005,BR,16,212.0,145.0,145.0,67.0,0.0,0.0,1752,1752,0,0,0,1
2026-06-15,A,A01CN002,CN,16,361.0,279.0,216.0,82.0,63.0,0.0,216,216,0,0,0,1
2026-06-15,A,A01CN004,CN,16,361.0,342.0,340.08,19.0,1.92,0.0,583,583,0,0,0,1
2026-06-15,A,A01CN006,CN,16,361.0,336.0,285.33,25.0,50.67,0.0,856,856,0,0,0,1
2026-06-15,A,A01CN008,CN,16,361.0,341.0,341.0,20.0,0.0,0.0,356,356,0,0,0,1
2026-06-15,A,A01CN013,CN,16,361.0,299.0,222.4,62.0,76.6,0.0,834,834,0,0,0,1
2026-06-15,A,A01CN038,CN,16,361.0,339.0,339.0,22.0,0.0,0.0,1101,1101,0,0,0,1
2026-06-15,A,A01CN039,CN,16,361.0,341.0,341.0,20.0,0.0,0.0,1080,1080,0,0,0,1
2026-06-15,A,A01CN133,CN,16,361.0,323.0,323.0,38.0,0.0,0.0,222,222,0,0,0,1
2026-06-15,A,A01CN090,CN,16,361.0,334.0,304.8,27.0,29.2,0.0,1143,1143,0,0,0,1
2026-06-15,A,A01CN091,CN,16,361.0,352.0,352.0,9.0,0.0,0.0,1422,1422,0,0,0,1
2026-06-15,A,A01CN092,CN,16,361.0,352.0,352.0,9.0,0.0,0.0,1116,1116,0,0,0,1
2026-06-15,A,A01CN094,CN,16,361.0,329.0,210.83,32.0,118.17,0.0,506,506,0,0,0,1
2026-06-15,A,A01CN096,CN,16,361.0,298.0,225.23,63.0,72.77,0.0,466,466,0,0,0,1
2026-06-15,A,A01CN097,CN,16,361.0,348.0,348.0,13.0,0.0,0.0,1368,1368,0,0,0,1
2026-06-15,B,A01TMC09,TM,16,389.0,343.0,331.8,46.0,11.2,0.0,474,474,0,0,0,1
2026-06-15,A,A01CN134,CN,16,391.0,326.0,326.0,65.0,0.0,0.0,224,224,0,0,0,1
2026-06-15,A,A01CN103,CN,16,361.0,309.0,282.22,52.0,26.78,0.0,413,413,0,0,0,1
2026-06-15,A,A01CN081,CN,16,211.0,168.0,131.0,43.0,37.0,0.0,131,131,0,0,0,1
2026-06-15,A,A01CN084,CN,16,211.0,52.0,52.0,159.0,0.0,0.0,730,730,0,0,0,1
2026-06-15,A,A01TMC04,TM,16,424.0,233.0,182.87,191.0,50.13,0.0,211,211,0,0,0,1
2026-06-15,A,A01TMC06,TM,16,424.0,392.0,385.0,32.0,7.0,0.0,550,550,0,0,0,1
2026-06-15,A,A01TMC07,TM,16,191.0,165.0,163.37,26.0,1.63,0.0,377,377,0,0,0,1
2026-06-15,A,A01TMC10,TM,16,313.0,271.0,271.0,42.0,0.0,0.0,271,271,0,0,0,1
2026-06-15,B,A01TMC08,TM,16,394.0,353.0,353.0,41.0,0.0,0.0,735,735,0,0,0,1
2026-06-15,A,A01CN007,CN,16,236.0,163.0,117.5,73.0,45.5,0.0,235,235,0,0,0,1
2026-06-15,A,A01CN016,CN,16,241.0,205.0,193.07,36.0,11.93,0.0,362,362,0,0,0,1
2026-06-15,A,A01CN067,CN,16,231.0,194.0,160.93,37.0,33.07,0.0,284,284,0,0,0,1
2026-06-15,A,A01CN086,CN,16,321.0,284.0,242.08,37.0,41.92,0.0,350,350,0,0,0,1
2026-06-15,A,A01CN087,CN,16,119.0,83.0,49.0,36.0,34.0,0.0,105,105,0,0,0,1
2026-06-15,A,A01CN101,CN,16,371.0,175.0,156.48,196.0,18.52,0.0,229,229,0,0,0,1
2026-06-15,A,A01CN107,CN,16,239.0,176.0,54.6,63.0,121.4,0.0,78,78,0,0,0,1
2026-06-15,A,A01BR007,BR,16,241.0,30.0,30.0,211.0,0.0,0.0,150,150,0,0,0,1
2026-06-15,A,A01CN114,CN,16,239.0,206.0,107.47,33.0,98.53,0.0,248,248,0,0,0,1
2026-06-15,A,A01CN128,CN,16,372.0,332.0,332.0,40.0,0.0,0.0,558,558,0,0,0,1
2026-06-15,A,A01CN074,CN,17,456.0,439.0,403.67,17.0,35.33,2.92,692,687,0,5,5,1
2026-06-15,A,A01CN005,CN,17,276.0,220.0,213.0,56.0,7.0,0.0,284,284,0,0,0,1
2026-06-15,A,A01CN053,CN,17,371.0,331.0,323.4,40.0,7.6,0.0,1078,1078,0,0,0,1
2026-06-15,A,A01CN054,CN,17,371.0,295.0,276.0,76.0,19.0,0.0,828,828,0,0,0,1
2026-06-15,A,A01CN055,CN,17,371.0,273.0,267.0,98.0,6.0,0.67,801,799,0,2,2,1
2026-06-15,A,A01CN056,CN,17,371.0,268.0,233.1,103.0,34.9,1.5,777,772,5,0,5,1
2026-06-15,A,A01CN057,CN,17,371.0,223.0,205.8,148.0,17.2,0.0,686,686,0,0,0,1
2026-06-15,A,A01CN058,CN,17,371.0,239.0,205.33,132.0,33.67,2.33,616,609,0,7,7,1
2026-06-15,A,A01CN059,CN,17,371.0,353.0,352.67,18.0,0.33,0.0,1058,1058,0,0,0,1
2026-06-15,A,A01CN060,CN,17,371.0,186.0,166.8,185.0,19.2,0.0,556,556,0,0,0,1
2026-06-15,A,A01CN072,CN,17,371.0,337.0,292.8,34.0,44.2,1.8,976,970,0,6,6,1
2026-06-15,A,A01CN073,CN,17,371.0,288.0,238.33,83.0,49.67,0.0,715,715,0,0,0,1
2026-06-15,A,A01CN076,CN,17,371.0,291.0,270.9,80.0,20.1,0.0,903,903,0,0,0,1
2026-06-15,A,A01CN077,CN,17,371.0,265.0,228.9,106.0,36.1,1.5,763,758,0,5,5,1
2026-06-15,A,A01HB014,HB,17,262.0,213.0,180.0,49.0,33.0,0.0,240,240,0,0,0,1
2026-06-15,A,A01CN019,CN,17,282.0,274.0,157.2,8.0,116.8,0.0,262,262,0,0,0,1
2026-06-15,A,A01CN020,CN,17,272.0,184.0,126.5,88.0,57.5,0.0,253,253,0,0,0,1
2026-06-15,A,A01CN064,CN,17,272.0,164.0,102.0,108.0,62.0,0.0,102,102,0,0,0,1
2026-06-15,A,A01CN108,CN,17,272.0,214.0,155.0,58.0,59.0,0.0,155,155,0,0,0,1
2026-06-15,A,A01CN111,CN,17,272.0,220.0,180.0,52.0,40.0,0.0,180,180,0,0,0,1
2026-06-15,A,A01CN112,CN,17,272.0,194.0,194.0,78.0,0.0,0.0,208,208,0,0,0,1
2026-06-15,A,A01CN066,CN,17,441.0,422.0,422.0,19.0,0.0,0.0,3459,3459,0,0,0,1
2026-06-15,A,A01CN014,CN,18,331.0,292.0,292.0,39.0,0.0,0.0,1061,1061,0,0,0,1
2026-06-15,A,A01CN015,CN,18,331.0,264.0,264.0,67.0,0.0,0.0,976,976,0,0,0,1
2026-06-15,A,A01CN021,CN,18,329.0,292.0,292.0,37.0,0.0,0.0,970,970,0,0,0,1
2026-06-15,A,A01CN022,CN,18,329.0,308.0,308.0,21.0,0.0,0.0,1106,1106,0,0,0,1
2026-06-15,A,A01CN023,CN,18,329.0,262.0,262.0,67.0,0.0,0.0,804,804,0,0,0,1
2026-06-15,A,A01CN026,CN,18,329.0,310.0,310.0,19.0,0.0,0.0,972,972,0,0,0,1
2026-06-15,A,A01CN078,CN,18,326.0,202.0,128.65,124.0,73.35,0.0,249,249,0,0,0,1
2026-06-15,A,A01CN079,CN,18,326.0,292.0,231.2,34.0,60.8,0.0,408,408,0,0,0,1
2026-06-15,A,A01CN080,CN,18,329.0,308.0,308.0,21.0,0.0,0.0,952,952,0,0,0,1
2026-06-15,A,A01CN088,CN,18,330.0,242.0,242.0,88.0,0.0,0.0,328,328,0,0,0,1
2026-06-15,A,A01TAP14,TA,18,326.0,315.0,280.4,11.0,34.6,0.0,1402,1402,0,0,0,1
2026-06-15,A,A01CN113,CN,18,253.0,177.0,169.17,76.0,7.83,0.0,203,203,0,0,0,1
2026-06-15,A,A01CN135,CN,18,522.0,0.0,0.0,522.0,0.0,0.0,0,0,0,0,0,1
2026-06-15,A,A01CN001,CN,18,331.0,292.0,271.0,39.0,21.0,0.0,271,271,0,0,0,1
2026-06-15,A,A01CN017,CN,18,331.0,204.0,153.75,127.0,50.25,0.0,205,205,0,0,0,1
2026-06-15,A,A01CN018,CN,18,331.0,275.0,228.0,56.0,47.0,0.0,304,304,0,0,0,1
2026-06-15,A,A01CN030,CN,18,331.0,147.0,122.0,184.0,25.0,0.0,122,122,0,0,0,1
2026-06-15,A,A01CN047,CN,18,516.0,446.0,429.33,70.0,16.67,0.0,736,736,0,0,0,1
2026-06-15,A,A01CN048,CN,18,516.0,404.0,381.5,112.0,22.5,0.0,654,654,0,0,0,1
2026-06-15,A,A01CN050,CN,18,516.0,456.0,450.33,60.0,5.67,0.58,772,771,0,1,1,1
2026-06-15,A,A01CN051,CN,18,516.0,345.0,345.0,171.0,0.0,0.0,608,608,0,0,0,1
2026-06-15,A,A01CN062,CN,18,516.0,445.0,401.33,71.0,43.67,0.0,688,688,0,0,0,1
2026-06-15,A,A01CN063,CN,18,64.0,58.0,57.2,6.0,0.8,0.0,132,132,0,0,0,1
2026-06-15,A,A01CN068,CN,18,516.0,450.0,450.0,66.0,0.0,2.23,808,804,4,0,4,1
2026-06-15,A,A01CN075,CN,18,516.0,476.0,441.0,40.0,35.0,0.0,756,756,0,0,0,1
2026-06-15,A,A01CN120,CN,18,64.0,33.0,33.0,31.0,0.0,0.0,55,55,0,0,0,1
2026-06-15,A,A01CN122,CN,18,64.0,39.0,36.83,25.0,2.17,0.0,85,85,0,0,0,1
2026-06-15,A,A01CN085,CN,18,331.0,255.0,205.87,76.0,49.13,0.0,193,193,0,0,0,1
2026-06-15,A,A01CN099,CN,18,331.0,153.0,153.0,178.0,0.0,0.0,157,157,0,0,0,1
2026-06-15,A,A01TMC05,TM,18,544.0,504.0,504.0,40.0,0.0,0.0,1193,1193,0,0,0,1
2026-06-15,A,A01VMC03,VM,18,516.0,482.0,482.0,34.0,0.0,0.0,2640,2640,0,0,0,1
2026-06-15,A,A01VMC07,VM,18,516.0,0.0,0.0,516.0,0.0,0.0,0,0,0,0,0,1
2026-06-15,A,A01VMC08,VM,18,516.0,473.0,465.5,43.0,7.5,0.0,1470,1470,0,0,0,1
2026-06-15,A,A01VMC09,VM,18,516.0,474.0,427.5,42.0,46.5,0.0,1350,1350,0,0,0,1
2026-06-15,A,A01VMC11,VM,18,516.0,335.0,237.5,181.0,97.5,0.0,750,750,0,0,0,1
2026-06-15,A,A01VMC12,VM,18,546.0,495.0,456.0,51.0,39.0,0.32,1440,1439,1,0,1,1
2026-06-15,A,A01HB021,HB,18,515.0,446.0,395.37,69.0,50.63,0.0,348,348,0,0,0,1
2026-06-15,A,A01HB022,HB,18,515.0,369.0,355.77,146.0,13.23,0.0,312,312,0,0,0,1
2026-06-15,A,A01VMC15,VM,18,516.0,469.0,400.5,47.0,68.5,0.0,1335,1335,0,0,0,1
2026-06-15,A,A01VMC16,VM,18,516.0,469.0,360.0,47.0,109.0,0.0,1200,1200,0,0,0,1
2026-06-15,A,A01CN138,CN,18,64.0,49.0,49.0,15.0,0.0,0.0,79,79,0,0,0,1
2026-06-15,A,A01CN139,CN,18,64.0,38.0,38.0,26.0,0.0,0.0,65,65,0,0,0,1
2026-06-15,A,A01CN117,CN,18,64.0,26.0,26.0,38.0,0.0,0.0,43,43,0,0,0,1
2026-06-15,A,A01CN118,CN,18,69.0,31.0,31.0,38.0,0.0,0.0,50,50,0,0,0,1
2026-06-15,A,A01CN123,CN,18,64.0,0.0,0.0,64.0,0.0,0.0,10,10,0,0,0,1
2026-06-15,A,A01CN042,CN,18,521.0,456.0,415.8,65.0,40.2,0.0,756,756,0,0,0,1
2026-06-15,A,A01VMC05,VM,18,521.0,272.0,231.8,249.0,40.2,0.0,228,228,0,0,0,1
2026-06-15,B,A01TMC09,TM,20,49.0,47.0,47.0,2.0,0.0,0.0,77,77,0,0,0,1
2026-06-15,B,A01TMC06,TM,20,69.0,69.0,69.0,0.0,0.0,0.0,109,109,0,0,0,1
2026-06-15,B,A01CN054,CN,20,49.0,49.0,49.0,0.0,0.0,0.0,172,172,0,0,0,1
2026-06-15,B,A01CN056,CN,20,49.0,49.0,49.0,0.0,0.0,0.0,201,201,0,0,0,1
2026-06-15,B,A01HB019,HB,20,49.0,0.0,0.0,49.0,0.0,0.0,0,0,0,0,0,1
2026-06-15,B,A01CN053,CN,21,109.0,108.0,108.0,1.0,0.0,0.0,375,375,0,0,0,1
2026-06-15,B,A01CN055,CN,21,109.0,103.0,103.0,6.0,0.0,0.0,330,330,0,0,0,1
2026-06-15,B,A01CN057,CN,21,109.0,105.0,105.0,4.0,0.0,0.0,366,366,0,0,0,1
2026-06-15,B,A01CN058,CN,21,109.0,94.0,94.0,15.0,0.0,0.0,298,298,0,0,0,1
2026-06-15,B,A01CN059,CN,21,109.0,107.0,107.0,2.0,0.0,0.0,345,345,0,0,0,1
2026-06-15,B,A01CN060,CN,21,109.0,99.0,96.3,10.0,2.7,0.0,321,321,0,0,0,1
2026-06-15,B,A01CN072,CN,21,109.0,107.0,97.8,2.0,9.2,0.0,326,326,0,0,0,1
2026-06-15,B,A01CN073,CN,21,109.0,92.0,78.67,17.0,13.33,0.0,236,236,0,0,0,1
2026-06-15,B,A01CN076,CN,21,109.0,109.0,109.0,0.0,0.0,0.0,373,373,0,0,0,1
2026-06-15,B,A01CN077,CN,21,109.0,84.0,84.0,25.0,0.0,0.0,288,288,0,0,0,1
2026-06-15,B,A01CN015,CN,22,49.0,43.0,43.0,6.0,0.0,0.0,144,144,0,0,0,1
2026-06-15,B,A01CN067,CN,22,49.0,46.0,46.0,3.0,0.0,0.0,82,82,0,0,0,1
2026-06-15,B,A01CN078,CN,22,119.0,112.0,59.0,7.0,53.0,0.0,118,118,0,0,0,1
2026-06-15,B,A01CN079,CN,22,49.0,46.0,46.0,3.0,0.0,0.0,93,93,0,0,0,1
2026-06-15,B,A01CN080,CN,22,119.0,114.0,114.0,5.0,0.0,0.0,354,354,0,0,0,1
2026-06-15,B,A01CN088,CN,22,119.0,117.0,117.0,2.0,0.0,0.0,147,147,0,0,0,1
2026-06-15,B,A01CN089,CN,22,49.0,40.0,29.52,9.0,10.48,0.0,77,77,0,0,0,1
2026-06-15,B,A01CN093,CN,22,124.0,102.0,102.0,22.0,0.0,0.0,197,197,0,0,0,1
2026-06-15,B,A01CN095,CN,22,124.0,81.0,81.0,43.0,0.0,0.0,413,413,0,0,0,1
2026-06-15,B,A01CN096,CN,22,124.0,124.0,118.9,0.0,5.1,0.0,246,246,0,0,0,1
2026-06-15,B,A01HB018,HB,22,124.0,94.0,53.3,30.0,40.7,0.0,78,78,0,0,0,1
2026-06-15,B,A01VMC07,VM,22,122.0,0.0,0.0,122.0,0.0,0.0,0,0,0,0,0,1
2026-06-15,B,A01CN107,CN,22,119.0,74.0,30.8,45.0,43.2,0.0,44,44,0,0,0,1
2026-06-15,B,A01BR005,BR,22,119.0,107.0,107.0,12.0,0.0,0.0,1624,1624,0,0,0,1
2026-06-15,B,A01BR007,BR,22,49.0,14.0,14.0,35.0,0.0,0.0,466,466,0,0,0,1
2026-06-15,B,A01TAP14,TA,22,49.0,10.0,10.0,39.0,0.0,0.0,340,340,0,0,0,1
2026-06-15,B,A01HB022,HB,22,126.0,70.0,70.0,56.0,0.0,0.0,84,84,0,0,0,1
2026-06-15,B,A01CN114,CN,22,119.0,104.0,55.47,15.0,48.53,0.0,128,128,0,0,0,1
2026-06-15,B,A01CN049,CN,22,19.0,19.0,19.0,0.0,0.0,0.0,70,70,0,0,0,1
2026-06-15,B,A01CN038,CN,23,144.0,128.0,128.0,16.0,0.0,0.0,552,552,0,0,0,1
2026-06-15,B,A01CN039,CN,23,144.0,119.0,119.0,25.0,0.0,0.0,456,456,0,0,0,1
2026-06-15,B,A01CN005,CN,23,180.0,134.0,90.75,46.0,43.25,0.0,121,121,0,0,0,1
2026-06-15,B,A01CN122,CN,23,164.0,29.0,16.03,135.0,12.97,0.0,37,37,0,0,0,1
2026-06-15,B,A01CN138,CN,23,164.0,72.0,43.33,92.0,28.67,0.0,65,65,0,0,0,1
2026-06-15,B,A01CN123,CN,23,164.0,157.0,157.0,7.0,0.0,0.0,488,488,0,0,0,1
2026-06-15,B,A01CN013,CN,23,237.0,195.0,195.0,42.0,0.0,0.0,807,807,0,0,0,1
2026-06-15,B,A01CN090,CN,23,227.0,185.0,185.0,42.0,0.0,0.0,837,837,0,0,0,1
2026-06-15,B,A01CN117,CN,23,234.0,192.0,181.13,42.0,10.87,0.0,247,247,0,0,0,1
2026-06-15,B,A01CN118,CN,23,260.0,217.0,202.4,43.0,14.6,0.0,276,276,0,0,0,1
2026-06-15,B,A01HB015,HB,0,44.0,44.0,25.7,0.0,18.3,0.0,32,32,0,0,0,1
2026-06-15,B,A01HB017,HB,0,44.0,29.0,23.25,15.0,5.75,0.0,54,54,0,0,0,1
2026-06-15,B,A01HB020,HB,0,44.0,24.0,10.33,20.0,13.67,0.0,24,24,0,0,0,1
2026-06-15,A,A01CN041,CN,1,701.0,479.0,372.75,222.0,106.25,0.0,639,639,0,0,0,1
2026-06-15,B,A01CN028,CN,2,394.0,0.0,0.0,394.0,0.0,0.0,0,0,0,0,0,1
2026-06-15,B,A01CN063,CN,2,354.0,306.0,306.0,48.0,0.0,0.0,730,730,0,0,0,1
2026-06-15,B,A01TMC04,TM,2,409.0,388.0,388.0,21.0,0.0,0.0,468,468,0,0,0,1
2026-06-15,B,A01TMC05,TM,2,444.0,357.0,357.0,87.0,0.0,0.0,929,929,0,0,0,1
2026-06-15,B,A01TMC06,TM,2,299.0,288.0,288.0,11.0,0.0,0.0,432,432,0,0,0,1
2026-06-15,B,A01TMC07,TM,2,444.0,387.0,387.0,57.0,0.0,0.0,911,911,0,0,0,1
2026-06-15,B,A01TMC09,TM,2,299.0,270.0,270.0,29.0,0.0,0.0,417,417,0,0,0,1
2026-06-15,B,A01TMC10,TM,2,444.0,444.0,444.0,0.0,0.0,0.0,484,484,0,0,0,1
2026-06-15,B,A01CN066,CN,2,359.0,310.0,310.0,49.0,0.0,0.0,2403,2403,0,0,0,1
2026-06-15,B,A01CN003,CN,3,384.0,289.0,163.33,95.0,125.67,0.0,392,392,0,0,0,1
2026-06-15,B,A01CN004,CN,3,374.0,343.0,343.0,31.0,0.0,0.0,676,676,0,0,0,1
2026-06-15,B,A01CN006,CN,3,374.0,304.0,257.33,70.0,46.67,0.0,772,772,0,0,0,1
2026-06-15,B,A01CN008,CN,3,374.0,350.0,345.0,24.0,5.0,0.0,345,345,0,0,0,1
2026-06-15,B,A01CN016,CN,3,359.0,308.0,308.0,51.0,0.0,0.0,635,635,0,0,0,1
2026-06-15,B,A01CN029,CN,3,379.0,325.0,325.0,54.0,0.0,0.0,802,802,0,0,0,1
2026-06-15,B,A01CN031,CN,3,374.0,363.0,363.0,11.0,0.0,0.0,1563,1563,0,0,0,1
2026-06-15,B,A01CN133,CN,3,374.0,290.0,290.0,84.0,0.0,0.0,236,236,0,0,0,1
2026-06-15,B,A01CN091,CN,3,374.0,344.0,344.0,30.0,0.0,0.0,1392,1392,0,0,0,1
2026-06-15,B,A01CN092,CN,3,384.0,382.0,382.0,2.0,0.0,0.28,1347,1346,1,0,1,1
2026-06-15,B,A01CN094,CN,3,384.0,369.0,234.17,15.0,134.83,0.0,562,562,0,0,0,1
2026-06-15,B,A01CN097,CN,3,384.0,373.0,373.0,11.0,0.0,0.0,1500,1500,0,0,0,1
2026-06-15,B,A01CN134,CN,3,404.0,307.0,307.0,97.0,0.0,0.0,231,231,0,0,0,1
2026-06-15,B,A01CN101,CN,3,384.0,338.0,338.0,46.0,0.0,0.0,555,555,0,0,0,1
2026-06-15,B,A01HB023,HB,3,222.0,222.0,212.2,0.0,9.8,0.0,264,264,0,0,0,1
2026-06-15,B,A01HB005,HB,3,394.0,382.0,354.9,12.0,27.1,0.0,1014,1014,0,0,0,1
2026-06-15,B,A01HB008,HB,3,394.0,378.0,244.5,16.0,133.5,0.0,815,815,0,0,0,1
2026-06-15,B,A01HB009,HB,3,394.0,384.0,384.0,10.0,0.0,0.0,942,942,0,0,0,1
2026-06-15,B,A01HB010,HB,3,394.0,384.0,384.0,10.0,0.0,0.0,942,942,0,0,0,1
2026-06-15,B,A01HB012,HB,3,394.0,148.0,148.0,246.0,0.0,0.0,438,438,0,0,0,1
2026-06-15,B,A01HB006,HB,3,414.0,372.0,216.92,42.0,155.08,0.0,685,685,0,0,0,1
2026-06-15,B,A01HB001,HB,3,434.0,422.0,422.0,12.0,0.0,0.0,1164,1164,0,0,0,1
2026-06-15,B,A01HB002,HB,3,434.0,421.0,421.0,13.0,0.0,0.0,1056,1056,0,0,0,1
2026-06-15,B,A01HB003,HB,3,314.0,297.0,295.03,17.0,1.97,0.0,636,636,0,0,0,1
2026-06-15,B,A01HB004,HB,3,434.0,421.0,386.33,13.0,34.67,0.0,760,760,0,0,0,1
2026-06-15,B,A01HB007,HB,3,434.0,419.0,419.0,15.0,0.0,0.0,1092,1092,0,0,0,1
2026-06-15,B,A01HB011,HB,3,434.0,418.0,368.5,16.0,49.5,0.0,2010,2010,0,0,0,1
2026-06-15,B,A01TMC08,TM,4,564.0,485.0,485.0,79.0,0.0,0.0,1060,1060,0,0,0,1
2026-06-15,B,A01CN001,CN,5,504.0,458.0,444.0,46.0,14.0,0.0,444,444,0,0,0,1
2026-06-15,B,A01CN014,CN,5,499.0,483.0,483.0,16.0,0.0,0.0,1747,1747,0,0,0,1
2026-06-15,B,A01CN021,CN,5,499.0,477.0,477.0,22.0,0.0,0.0,1542,1542,0,0,0,1
2026-06-15,B,A01CN022,CN,5,499.0,462.0,438.9,37.0,23.1,0.0,1463,1463,0,0,0,1
2026-06-15,B,A01CN023,CN,5,499.0,454.0,454.0,45.0,0.0,0.0,1408,1408,0,0,0,1
2026-06-15,B,A01CN024,CN,5,219.0,161.0,123.75,58.0,37.25,0.0,165,165,0,0,0,1
2026-06-15,B,A01CN026,CN,5,499.0,496.0,496.0,3.0,0.0,0.0,1607,1607,0,0,0,1
2026-06-15,B,A01CN045,CN,5,504.0,414.0,414.0,90.0,0.0,0.57,722,721,1,0,1,1
2026-06-15,B,A01CN071,CN,5,499.0,450.0,450.0,49.0,0.0,0.0,1574,1574,0,0,0,1
2026-06-15,B,A01CN081,CN,5,437.0,245.0,243.0,192.0,2.0,0.0,243,243,0,0,0,1
2026-06-15,B,A01CN085,CN,5,513.0,436.0,372.27,77.0,63.73,0.0,349,349,0,0,0,1
2026-06-15,B,A01CN113,CN,5,499.0,407.0,407.0,92.0,0.0,0.0,585,585,0,0,0,1
2026-06-15,B,A01CN017,CN,5,533.0,464.0,424.5,69.0,39.5,0.0,566,566,0,0,0,1
2026-06-15,B,A01CN018,CN,5,534.0,488.0,466.5,46.0,21.5,0.0,622,622,0,0,0,1
2026-06-15,B,A01CN030,CN,5,534.0,467.0,455.0,67.0,12.0,0.0,455,455,0,0,0,1
2026-06-15,B,A01CN065,CN,5,530.0,252.0,252.0,278.0,0.0,0.0,442,442,0,0,0,1
2026-06-15,B,A01CN070,CN,5,561.0,533.0,478.0,28.0,55.0,0.0,478,478,0,0,0,1
2026-06-15,B,A01CN098,CN,5,466.0,420.0,381.0,46.0,39.0,0.0,381,381,0,0,0,1
2026-06-15,B,A01CN099,CN,5,541.0,497.0,476.0,44.0,21.0,0.0,476,476,0,0,0,1
2026-06-15,B,A01CN019,CN,5,550.0,550.0,268.2,0.0,281.8,0.0,447,447,0,0,0,1
2026-06-15,B,A01CN064,CN,5,551.0,330.0,243.0,221.0,87.0,0.0,243,243,0,0,0,1
2026-06-15,B,A01CN108,CN,5,489.0,415.0,349.0,74.0,66.0,0.0,349,349,0,0,0,1
2026-06-15,B,A01CN111,CN,5,489.0,432.0,355.0,57.0,77.0,0.0,355,355,0,0,0,1
2026-06-15,B,A01CN047,CN,6,593.0,499.0,499.0,94.0,0.0,0.0,884,884,0,0,0,1
2026-06-15,B,A01CN050,CN,6,594.0,495.0,495.0,99.0,0.0,0.0,898,898,0,0,0,1
2026-06-15,B,A01CN051,CN,6,584.0,551.0,551.0,33.0,0.0,0.0,1020,1020,0,0,0,1
2026-06-15,B,A01CN020,CN,6,610.0,391.0,243.5,219.0,147.5,0.0,487,487,0,0,0,1
2026-06-15,B,A01CN112,CN,6,611.0,405.0,405.0,206.0,0.0,0.0,409,409,0,0,0,1
2026-06-15,B,A01CN048,CN,6,639.0,376.0,376.0,263.0,0.0,0.0,668,668,0,0,0,1
2026-06-15,B,A01CN062,CN,6,648.0,585.0,518.0,63.0,67.0,0.0,888,888,0,0,0,1
2026-06-15,B,A01CN068,CN,6,638.0,594.0,594.0,44.0,0.0,0.0,1038,1038,0,0,0,1
2026-06-15,B,A01CN074,CN,6,649.0,560.0,536.67,89.0,23.33,0.0,920,920,0,0,0,1
2026-06-15,B,A01CN075,CN,6,649.0,563.0,543.67,86.0,19.33,0.0,932,932,0,0,0,1
2026-06-15,B,A01VMC03,VM,6,644.0,522.0,522.0,122.0,0.0,0.0,2960,2960,0,0,0,1
2026-06-15,B,A01VMC08,VM,6,646.0,568.0,568.0,78.0,0.0,0.63,1800,1798,1,1,2,1
2026-06-15,B,A01VMC09,VM,6,647.0,567.0,567.0,80.0,0.0,0.0,1830,1830,0,0,0,1
2026-06-15,B,A01VMC11,VM,6,646.0,556.0,479.75,90.0,76.25,0.0,1515,1515,0,0,0,1
2026-06-15,B,A01VMC12,VM,6,646.0,603.0,574.75,43.0,28.25,0.0,1815,1815,0,0,0,1
2026-06-15,B,A01VMC15,VM,6,646.0,341.0,292.5,305.0,48.5,0.0,975,975,0,0,0,1
2026-06-15,B,A01VMC16,VM,6,637.0,543.0,517.5,94.0,25.5,0.0,1725,1725,0,0,0,1
2026-06-15,B,A01CN042,CN,7,652.0,489.0,444.4,163.0,44.6,0.0,808,808,0,0,0,1
2026-06-15,B,A01HB025,HB,7,429.0,387.0,370.0,42.0,17.0,0.0,510,510,0,0,0,1
2026-06-15,B,A01HB013,HB,7,429.0,363.0,305.67,66.0,57.33,0.0,448,448,0,0,0,1
2026-06-15,B,A01HB014,HB,7,429.0,373.0,348.0,56.0,25.0,0.0,464,464,0,0,0,1
2026-06-15,B,A01HB021,HB,7,649.0,543.0,543.0,106.0,0.0,0.0,480,480,0,0,0,1
2026-06-15,B,A01HB022,HB,7,464.0,69.0,69.0,395.0,0.0,0.0,72,72,0,0,0,1
2026-06-15,B,A01HB024,HB,7,463.0,429.0,351.27,34.0,77.73,0.0,484,484,0,0,0,1
2026-06-16,A,A01HB025,HB,11,151.0,151.0,148.0,0.0,3.0,0.0,204,204,0,0,0,1
2026-06-16,B,A01HB016,HB,11,701.0,400.0,265.23,301.0,134.77,0.0,763,763,0,0,0,1
2026-06-16,A,A01HB001,HB,11,109.0,109.0,95.2,0.0,13.8,0.0,252,252,0,0,0,1
2026-06-16,A,A01HB002,HB,11,109.0,109.0,93.6,0.0,15.4,0.0,216,216,0,0,0,1
2026-06-16,A,A01HB003,HB,11,109.0,109.0,109.0,0.0,0.0,0.0,252,252,0,0,0,1
2026-06-16,A,A01HB004,HB,11,109.0,109.0,109.0,0.0,0.0,0.0,232,232,0,0,0,1
2026-06-16,A,A01HB005,HB,11,109.0,109.0,102.9,0.0,6.1,0.0,294,294,0,0,0,1
2026-06-16,A,A01HB006,HB,11,109.0,109.0,57.0,0.0,52.0,0.0,180,180,0,0,0,1
2026-06-16,A,A01HB008,HB,11,109.0,109.0,70.5,0.0,38.5,0.0,235,235,0,0,0,1
2026-06-16,A,A01HB009,HB,11,109.0,102.0,102.0,7.0,0.0,0.0,240,240,0,0,0,1
2026-06-16,A,A01HB010,HB,11,109.0,109.0,109.0,0.0,0.0,0.0,258,258,0,0,0,1
2026-06-16,A,A01HB011,HB,11,109.0,109.0,109.0,0.0,0.0,0.0,640,640,0,0,0,1
2026-06-16,A,A01HB012,HB,11,109.0,48.0,48.0,61.0,0.0,0.0,147,147,0,0,0,1
2026-06-16,A,A01HB017,HB,11,109.0,92.0,77.5,17.0,14.5,0.0,180,180,0,0,0,1
2026-06-16,A,A01HB018,HB,11,109.0,109.0,109.0,0.0,0.0,0.0,168,168,0,0,0,1
2026-06-16,A,A01HB020,HB,11,109.0,27.0,23.25,82.0,3.75,0.0,54,54,0,0,0,1
2026-06-16,A,A01CN122,CN,12,219.0,144.0,125.67,75.0,18.33,0.0,290,290,0,0,0,1
2026-06-16,A,A01CN003,CN,12,189.0,186.0,186.0,3.0,0.0,0.0,764,764,0,0,0,1
2026-06-16,A,A01VMC10,VM,12,219.0,82.0,6.67,137.0,75.33,0.0,40,40,0,0,0,1
2026-06-16,A,A01CN124,CN,12,189.0,73.0,35.12,116.0,37.88,0.0,43,43,0,0,0,1
2026-06-16,A,A01CN127,CN,12,189.0,162.0,131.73,27.0,30.27,0.0,304,304,0,0,0,1
2026-06-16,A,A01CN129,CN,12,189.0,0.0,0.0,189.0,0.0,0.0,0,0,0,0,0,1
2026-06-16,A,A01CN130,CN,12,189.0,0.0,0.0,189.0,0.0,0.0,0,0,0,0,0,1
2026-06-16,A,A01CN098,CN,14,137.0,17.0,8.0,120.0,9.0,0.0,8,8,0,0,0,1
2026-06-16,A,A01HB013,HB,14,258.0,230.0,218.33,28.0,11.67,0.0,320,320,0,0,0,1
2026-06-16,A,A01HB014,HB,14,258.0,226.0,216.0,32.0,10.0,0.0,288,288,0,0,0,1
2026-06-16,A,A01CN106,CN,14,16.0,0.0,0.0,16.0,0.0,0.0,3,3,0,0,0,1
2026-06-16,A,A01HB021,HB,14,258.0,226.0,204.5,32.0,21.5,0.0,180,180,0,0,0,1
2026-06-16,A,A01CN061,CN,15,258.0,253.0,253.0,5.0,0.0,0.0,322,322,0,0,0,1
2026-06-16,A,A01CN069,CN,15,258.0,254.0,254.0,4.0,0.0,0.0,350,350,0,0,0,1
2026-06-16,A,A01CN083,CN,15,304.0,171.0,141.67,133.0,29.33,0.0,850,850,0,0,0,1
2026-06-16,A,A01BR007,BR,15,101.0,24.0,24.0,77.0,0.0,0.0,344,344,0,0,0,1
2026-06-16,B,A01VMC07,VM,15,64.0,49.0,40.83,15.0,8.17,0.0,49,49,0,0,0,1
2026-06-16,A,A01CN029,CN,16,137.0,133.0,133.0,4.0,0.0,0.0,366,366,0,0,0,1
2026-06-16,A,A01CN089,CN,16,137.0,118.0,118.0,19.0,0.0,0.0,311,311,0,0,0,1
2026-06-16,A,A01CN054,CN,16,49.0,49.0,49.0,0.0,0.0,0.0,171,171,0,0,0,1
2026-06-16,A,A01CN056,CN,16,49.0,49.0,49.0,0.0,0.0,0.0,201,201,0,0,0,1
2026-06-16,A,A01CN073,CN,16,49.0,0.0,0.0,49.0,0.0,0.0,0,0,0,0,0,1
2026-06-16,A,A01CN077,CN,16,49.0,49.0,49.0,0.0,0.0,0.0,186,186,0,0,0,1
2026-06-16,A,A01CN002,CN,16,376.0,278.0,210.0,98.0,68.0,0.0,210,210,0,0,0,1
2026-06-16,A,A01CN004,CN,16,376.0,372.0,372.0,4.0,0.0,0.0,718,718,0,0,0,1
2026-06-16,A,A01CN006,CN,16,376.0,0.0,0.0,376.0,0.0,0.0,0,0,0,0,0,1
2026-06-16,A,A01CN008,CN,16,376.0,321.0,321.0,55.0,0.0,0.0,337,337,0,0,0,1
2026-06-16,A,A01CN013,CN,16,376.0,333.0,333.0,43.0,0.0,0.0,1281,1281,0,0,0,1
2026-06-16,A,A01CN031,CN,16,376.0,352.0,352.0,24.0,0.0,0.0,1446,1446,0,0,0,1
2026-06-16,A,A01CN038,CN,16,376.0,335.0,335.0,41.0,0.0,0.0,1212,1212,0,0,0,1
2026-06-16,A,A01CN039,CN,16,376.0,362.0,362.0,14.0,0.0,0.0,1308,1308,0,0,0,1
2026-06-16,A,A01CN090,CN,16,376.0,372.0,370.4,4.0,1.6,0.0,1389,1389,0,0,0,1
2026-06-16,A,A01CN091,CN,16,376.0,372.0,372.0,4.0,0.0,0.0,1452,1452,0,0,0,1
2026-06-16,A,A01CN092,CN,16,376.0,360.0,329.65,16.0,30.35,2.22,1041,1034,7,0,7,1
2026-06-16,A,A01CN094,CN,16,376.0,358.0,230.83,18.0,127.17,0.0,554,554,0,0,0,1
2026-06-16,A,A01CN096,CN,16,376.0,363.0,319.0,13.0,44.0,0.48,660,659,1,0,1,1
2026-06-16,A,A01CN097,CN,16,376.0,360.0,360.0,16.0,0.0,0.0,1364,1364,0,0,0,1
2026-06-16,A,A01TMC07,TM,16,401.0,243.0,243.0,158.0,0.0,0.0,577,577,0,0,0,1
2026-06-16,A,A01TMC09,TM,16,401.0,389.0,381.5,12.0,7.5,0.0,545,545,0,0,0,1
2026-06-16,A,A01CN103,CN,16,376.0,25.0,19.82,351.0,5.18,0.0,29,29,0,0,0,1
2026-06-16,A,A01TMC08,TM,16,401.0,389.0,389.0,12.0,0.0,0.0,817,817,0,0,0,1
2026-06-16,A,A01CN048,CN,16,236.0,194.0,194.0,42.0,0.0,0.0,362,362,0,0,0,1
2026-06-16,A,A01CN066,CN,16,421.0,413.0,413.0,8.0,0.0,0.0,3435,3435,0,0,0,1
2026-06-16,A,A01CN081,CN,16,281.0,158.0,123.0,123.0,35.0,0.0,123,123,0,0,0,1
2026-06-16,A,A01CN084,CN,16,281.0,82.0,82.0,199.0,0.0,0.0,660,660,0,0,0,1
2026-06-16,A,A01TMC04,TM,16,439.0,425.0,425.0,14.0,0.0,0.0,516,516,0,0,0,1
2026-06-16,A,A01TMC05,TM,16,439.0,410.0,410.0,29.0,0.0,0.0,999,999,0,0,0,1
2026-06-16,A,A01TMC06,TM,16,439.0,423.0,411.6,16.0,11.4,0.0,588,588,0,0,0,1
2026-06-16,A,A01CN016,CN,16,171.0,168.0,133.87,3.0,34.13,0.0,251,251,0,0,0,1
2026-06-16,A,A01CN028,CN,16,416.0,0.0,0.0,416.0,0.0,0.0,0,0,0,0,0,1
2026-06-16,A,A01CN041,CN,16,364.0,332.0,248.5,32.0,83.5,0.0,426,426,0,0,0,1
2026-06-16,A,A01CN053,CN,16,346.0,228.0,179.4,118.0,48.6,0.0,598,598,0,0,0,1
2026-06-16,A,A01CN055,CN,16,348.0,324.0,324.0,24.0,0.0,0.0,995,995,0,0,0,1
2026-06-16,A,A01CN057,CN,16,348.0,324.0,310.8,24.0,13.2,0.0,1036,1036,0,0,0,1
2026-06-16,A,A01CN058,CN,16,348.0,321.0,319.67,27.0,1.33,1.33,959,955,0,4,4,1
2026-06-16,A,A01CN059,CN,16,348.0,255.0,224.33,93.0,30.67,0.0,673,673,0,0,0,1
2026-06-16,A,A01CN065,CN,16,363.0,310.0,242.67,53.0,67.33,0.0,416,416,0,0,0,1
2026-06-16,A,A01CN067,CN,16,166.0,147.0,117.87,19.0,29.13,0.0,208,208,0,0,0,1
2026-06-16,A,A01CN101,CN,16,386.0,346.0,346.0,40.0,0.0,0.0,508,508,0,0,0,1
2026-06-16,A,A01CN105,CN,16,165.0,128.0,128.0,37.0,0.0,0.0,165,165,0,0,0,1
2026-06-16,A,A01CN107,CN,16,171.0,130.0,52.5,41.0,77.5,0.0,75,75,0,0,0,1
2026-06-16,A,A01HB023,HB,16,357.0,312.0,282.93,45.0,29.07,0.0,352,352,0,0,0,1
2026-06-16,A,A01HB024,HB,16,357.0,317.0,255.47,40.0,61.53,0.0,352,352,0,0,0,1
2026-06-16,A,A01CN114,CN,16,171.0,121.0,56.33,50.0,64.67,0.0,130,130,0,0,0,1
2026-06-16,A,A01CN138,CN,16,421.0,256.0,253.33,165.0,2.67,0.0,380,380,0,0,0,1
2026-06-16,A,A01CN139,CN,16,421.0,325.0,324.67,96.0,0.33,0.0,487,487,0,0,0,1
2026-06-16,A,A01CN128,CN,16,391.0,320.0,279.97,71.0,40.03,0.0,454,454,0,0,0,1
2026-06-16,A,A01HB007,HB,16,109.0,109.0,107.25,0.0,1.75,0.0,260,260,0,0,0,1
2026-06-16,A,A01HB015,HB,16,162.0,131.0,131.0,31.0,0.0,0.0,224,224,0,0,0,1
2026-06-16,A,A01CN005,CN,17,421.0,343.0,343.0,78.0,0.0,0.0,468,468,0,0,0,1
2026-06-16,A,A01CN024,CN,17,421.0,346.0,304.5,75.0,41.5,0.0,406,406,0,0,0,1
2026-06-16,A,A01CN060,CN,17,159.0,159.0,159.0,0.0,0.0,0.0,577,577,0,0,0,1
2026-06-16,A,A01CN070,CN,17,423.0,405.0,272.0,18.0,133.0,0.0,272,272,0,0,0,1
2026-06-16,A,A01CN072,CN,17,159.0,158.0,141.0,1.0,17.0,0.0,470,470,0,0,0,1
2026-06-16,A,A01CN076,CN,17,159.0,154.0,148.8,5.0,5.2,0.0,496,496,0,0,0,1
2026-06-16,A,A01CN064,CN,17,441.0,279.0,145.0,162.0,134.0,0.0,145,145,0,0,0,1
2026-06-16,A,A01CN108,CN,17,441.0,408.0,313.0,33.0,95.0,0.0,313,313,0,0,0,1
2026-06-16,A,A01CN111,CN,17,441.0,414.0,328.0,27.0,86.0,0.0,328,328,0,0,0,1
2026-06-16,A,A01CN112,CN,17,441.0,338.0,338.0,103.0,0.0,0.0,359,359,0,0,0,1
2026-06-16,A,A01CN014,CN,18,261.0,135.0,135.0,126.0,0.0,0.0,535,535,0,0,0,1
2026-06-16,A,A01CN015,CN,18,261.0,134.0,134.0,127.0,0.0,0.0,513,513,0,0,0,1
2026-06-16,A,A01CN021,CN,18,260.0,137.0,137.0,123.0,0.0,0.0,482,482,0,0,0,1
2026-06-16,A,A01CN022,CN,18,260.0,130.0,130.0,130.0,0.0,0.0,454,454,0,0,0,1
2026-06-16,A,A01CN023,CN,18,260.0,133.0,133.0,127.0,0.0,0.0,450,450,0,0,0,1
2026-06-16,A,A01CN026,CN,18,259.0,137.0,137.0,122.0,0.0,0.0,476,476,0,0,0,1
2026-06-16,A,A01CN080,CN,18,258.0,194.0,194.0,64.0,0.0,0.0,610,610,0,0,0,1
2026-06-16,A,A01CN088,CN,18,258.0,28.0,28.0,230.0,0.0,0.0,38,38,0,0,0,1
2026-06-16,A,A01BR005,BR,18,253.0,125.0,125.0,128.0,0.0,0.0,1076,1076,0,0,0,1
2026-06-16,A,A01CN113,CN,18,261.0,132.0,121.67,129.0,10.33,0.0,146,146,0,0,0,1
2026-06-16,A,A01VMC06,VM,18,14.0,14.0,14.0,0.0,0.0,0.0,17,17,0,0,0,1
2026-06-16,A,A01CN115,CN,18,19.0,19.0,19.0,0.0,0.0,0.0,54,54,0,0,0,1
2026-06-16,A,A01CN123,CN,18,14.0,8.0,8.0,6.0,0.0,0.0,52,52,0,0,0,1
2026-06-16,A,A01CN001,CN,18,481.0,441.0,441.0,40.0,0.0,0.0,448,448,0,0,0,1
2026-06-16,A,A01CN017,CN,18,476.0,344.0,287.25,132.0,56.75,0.0,383,383,0,0,0,1
2026-06-16,A,A01CN018,CN,18,476.0,359.0,309.75,117.0,49.25,0.0,413,413,0,0,0,1
2026-06-16,A,A01CN030,CN,18,479.0,454.0,444.0,25.0,10.0,0.0,444,444,0,0,0,1
2026-06-16,A,A01CN044,CN,18,471.0,122.0,92.4,349.0,29.6,0.0,154,154,0,0,0,1
2026-06-16,A,A01CN045,CN,18,471.0,384.0,381.5,87.0,2.5,0.0,654,654,0,0,0,1
2026-06-16,A,A01CN047,CN,18,471.0,427.0,418.83,44.0,8.17,0.0,718,718,0,0,0,1
2026-06-16,A,A01CN050,CN,18,531.0,500.0,500.0,31.0,0.0,0.58,862,861,0,1,1,1
2026-06-16,A,A01CN051,CN,18,496.0,427.0,427.0,69.0,0.0,0.0,782,782,0,0,0,1
2026-06-16,A,A01CN062,CN,18,109.0,81.0,80.5,28.0,0.5,0.0,138,138,0,0,0,1
2026-06-16,A,A01CN075,CN,18,471.0,419.0,383.83,52.0,35.17,0.0,658,658,0,0,0,1
2026-06-16,A,A01CN120,CN,18,64.0,22.0,22.0,42.0,0.0,0.0,32,32,0,0,0,1
2026-06-16,A,A01CN085,CN,18,479.0,433.0,347.73,46.0,85.27,0.0,326,326,0,0,0,1
2026-06-16,A,A01CN099,CN,18,479.0,422.0,407.0,57.0,15.0,0.0,407,407,0,0,0,1
2026-06-16,A,A01VMC03,VM,18,471.0,242.0,242.0,229.0,0.0,0.0,1320,1320,0,0,0,1
2026-06-16,A,A01VMC08,VM,18,471.0,336.0,308.75,135.0,27.25,0.0,975,975,0,0,0,1
2026-06-16,A,A01VMC09,VM,18,471.0,437.0,399.0,34.0,38.0,0.0,1260,1260,0,0,0,1
2026-06-16,A,A01VMC11,VM,18,471.0,446.0,380.0,25.0,66.0,0.0,1200,1200,0,0,0,1
2026-06-16,A,A01VMC12,VM,18,501.0,447.0,437.0,54.0,10.0,0.0,1380,1380,0,0,0,1
2026-06-16,A,A01HB022,HB,18,472.0,353.0,353.0,119.0,0.0,0.0,348,348,0,0,0,1
2026-06-16,A,A01VMC15,VM,18,471.0,462.0,414.0,9.0,48.0,0.0,1380,1380,0,0,0,1
2026-06-16,A,A01VMC16,VM,18,531.0,509.0,436.5,22.0,72.5,0.0,1455,1455,0,0,0,1
2026-06-16,A,A01CN117,CN,18,541.0,383.0,360.07,158.0,22.93,0.0,491,491,0,0,0,1
2026-06-16,A,A01CN118,CN,18,536.0,378.0,358.6,158.0,19.4,0.0,489,489,0,0,0,1
2026-06-16,A,A01CN042,CN,18,114.0,86.0,53.9,28.0,32.1,0.0,98,98,0,0,0,1
2026-06-16,B,A01CN049,CN,20,49.0,28.0,16.33,21.0,11.67,0.0,20,20,0,0,0,1
2026-06-16,B,A01CN052,CN,20,49.0,25.0,0.0,24.0,25.0,0.0,0,0,0,0,0,1
2026-06-16,B,A01CN061,CN,20,49.0,49.0,49.0,0.0,0.0,0.0,64,64,0,0,0,1
2026-06-16,B,A01CN069,CN,20,49.0,49.0,49.0,0.0,0.0,0.0,70,70,0,0,0,1
2026-06-16,B,A01CN124,CN,20,49.0,44.0,43.28,5.0,0.72,0.0,53,53,0,0,0,1
2026-06-16,B,A01CN125,CN,20,49.0,49.0,13.67,0.0,35.33,0.0,10,10,0,0,0,1
2026-06-16,B,A01CN126,CN,20,49.0,0.0,0.0,49.0,0.0,0.0,0,0,0,0,0,1
2026-06-16,B,A01CN127,CN,20,49.0,0.0,0.0,49.0,0.0,0.0,0,0,0,0,0,1
2026-06-16,B,A01CN129,CN,20,49.0,0.0,0.0,49.0,0.0,0.0,0,0,0,0,0,1
2026-06-16,B,A01CN130,CN,20,49.0,0.0,0.0,49.0,0.0,0.0,0,0,0,0,0,1
2026-06-16,B,A01CN131,CN,20,49.0,0.0,0.0,49.0,0.0,0.0,0,0,0,0,0,1
2026-06-16,B,A01CN132,CN,20,49.0,0.0,0.0,49.0,0.0,0.0,0,0,0,0,0,1
2026-06-16,B,A01CN135,CN,20,49.0,0.0,0.0,49.0,0.0,0.0,0,0,0,0,0,1
2026-06-16,B,A01HB019,HB,20,84.0,44.0,44.0,40.0,0.0,0.0,54,54,0,0,0,1
2026-06-16,B,A01CN006,CN,22,114.0,103.0,103.0,11.0,0.0,0.0,320,320,0,0,0,1
2026-06-16,B,A01CN015,CN,22,49.0,45.0,45.0,4.0,0.0,0.0,196,196,0,0,0,1
2026-06-16,B,A01CN016,CN,22,49.0,17.0,17.0,32.0,0.0,0.0,107,107,0,0,0,1
2026-06-16,B,A01CN023,CN,22,49.0,45.0,45.0,4.0,0.0,0.0,169,169,0,0,0,1
2026-06-16,B,A01CN025,CN,22,114.0,112.0,112.0,2.0,0.0,0.0,256,256,0,0,0,1
2026-06-16,B,A01CN067,CN,22,134.0,46.0,38.53,88.0,7.47,0.0,68,68,0,0,0,1
2026-06-16,B,A01CN078,CN,22,49.0,14.0,8.5,35.0,5.5,0.0,17,17,0,0,0,1
2026-06-16,B,A01CN079,CN,22,49.0,15.0,15.0,34.0,0.0,0.0,29,29,0,0,0,1
2026-06-16,B,A01CN080,CN,22,49.0,49.0,47.0,0.0,2.0,0.0,141,141,0,0,0,1
2026-06-16,B,A01CN088,CN,22,134.0,122.0,91.2,12.0,30.8,0.0,114,114,0,0,0,1
2026-06-16,B,A01CN089,CN,22,24.0,9.0,9.0,15.0,0.0,0.0,47,47,0,0,0,1
2026-06-16,B,A01CN093,CN,22,114.0,113.0,113.0,1.0,0.0,0.0,218,218,0,0,0,1
2026-06-16,B,A01CN095,CN,22,124.0,0.0,0.0,124.0,0.0,0.0,0,0,0,0,0,1
2026-06-16,B,A01CN096,CN,22,112.0,109.0,106.33,3.0,2.67,0.0,220,220,0,0,0,1
2026-06-16,B,A01CN103,CN,22,112.0,99.0,95.67,13.0,3.33,0.0,140,140,0,0,0,1
2026-06-16,B,A01CN107,CN,22,134.0,100.0,42.0,34.0,58.0,0.0,60,60,0,0,0,1
2026-06-16,B,A01BR005,BR,22,49.0,43.0,43.0,6.0,0.0,0.0,656,656,0,0,0,1
2026-06-16,B,A01BR007,BR,22,49.0,32.0,32.0,17.0,0.0,0.0,284,284,0,0,0,1
2026-06-16,B,A01TAP14,TA,22,49.0,8.0,8.0,41.0,0.0,0.0,240,240,0,0,0,1
2026-06-16,B,A01CN114,CN,22,134.0,121.0,62.4,13.0,58.6,0.0,144,144,0,0,0,1
2026-06-16,A,A01CN046,CN,22,701.0,576.0,571.2,125.0,4.8,0.0,1008,1008,0,0,0,1
2026-06-16,A,A01CN074,CN,22,701.0,639.0,575.17,62.0,63.83,1.17,986,984,0,2,2,1
2026-06-16,B,A01CN038,CN,23,132.0,109.0,109.0,23.0,0.0,0.0,492,492,0,0,0,1
2026-06-16,B,A01CN039,CN,23,132.0,108.0,108.0,24.0,0.0,0.0,432,432,0,0,0,1
2026-06-16,B,A01CN068,CN,23,701.0,627.0,627.0,74.0,0.0,1.1,1136,1134,2,0,2,1
2026-06-16,B,A01VMC07,VM,23,139.0,101.0,88.33,38.0,12.67,0.0,106,106,0,0,0,1
2026-06-16,B,A01CN100,CN,23,187.0,120.0,120.0,67.0,0.0,0.0,84,84,0,0,0,1
2026-06-16,B,A01CN090,CN,23,184.0,147.0,147.0,37.0,0.0,0.0,675,675,0,0,0,1
2026-06-16,B,A01CN139,CN,23,244.0,178.0,178.0,66.0,0.0,0.0,280,280,0,0,0,1
2026-06-16,B,A01CN118,CN,23,260.0,16.0,8.8,244.0,7.2,0.0,12,12,0,0,0,1
2026-06-16,B,A01CN063,CN,0,279.0,248.0,248.0,31.0,0.0,0.0,655,655,0,0,0,1
2026-06-16,B,A01TMC02,TM,0,74.0,74.0,74.0,0.0,0.0,0.0,114,114,0,0,0,1
2026-06-16,B,A01CN027,CN,2,424.0,412.0,412.0,12.0,0.0,0.0,473,473,0,0,0,1
2026-06-16,B,A01CN028,CN,2,424.0,0.0,0.0,424.0,0.0,0.0,0,0,0,0,0,1
2026-06-16,B,A01CN120,CN,2,384.0,311.0,311.0,73.0,0.0,0.0,389,389,0,0,0,1
2026-06-16,B,A01TMC05,TM,2,444.0,435.0,435.0,9.0,0.0,0.0,1090,1090,0,0,0,1
2026-06-16,B,A01TMC06,TM,2,444.0,437.0,437.0,7.0,0.0,0.0,637,637,0,0,0,1
2026-06-16,B,A01TMC09,TM,2,184.0,179.0,179.0,5.0,0.0,0.0,260,260,0,0,0,1
2026-06-16,B,A01TMC10,TM,2,447.0,445.0,445.0,2.0,0.0,0.0,478,478,0,0,0,1
2026-06-16,B,A01CN002,CN,3,141.0,141.0,141.0,0.0,0.0,0.0,150,150,0,0,0,1
2026-06-16,B,A01CN003,CN,3,374.0,368.0,368.0,6.0,0.0,0.0,1476,1476,0,0,0,1
2026-06-16,B,A01CN004,CN,3,364.0,331.0,331.0,33.0,0.0,0.0,643,643,0,0,0,1
2026-06-16,B,A01CN008,CN,3,364.0,342.0,342.0,22.0,0.0,0.0,342,342,0,0,0,1
2026-06-16,B,A01CN029,CN,3,394.0,335.0,335.0,59.0,0.0,0.0,1030,1030,0,0,0,1
2026-06-16,B,A01CN053,CN,3,419.0,393.0,393.0,26.0,0.0,0.0,1408,1408,0,0,0,1
2026-06-16,B,A01CN054,CN,3,419.0,352.0,322.0,67.0,30.0,0.0,966,966,0,0,0,1
2026-06-16,B,A01CN055,CN,3,419.0,415.0,415.0,4.0,0.0,0.32,1313,1312,0,1,1,1
2026-06-16,B,A01CN056,CN,3,419.0,311.0,309.6,108.0,1.4,0.0,1032,1032,0,0,0,1
2026-06-16,B,A01CN057,CN,3,419.0,412.0,412.0,7.0,0.0,0.0,1412,1412,0,0,0,1
2026-06-16,B,A01CN058,CN,3,419.0,407.0,407.0,12.0,0.0,1.94,1257,1251,0,6,6,1
2026-06-16,B,A01CN059,CN,3,419.0,412.0,412.0,7.0,0.0,0.0,1369,1369,0,0,0,1
2026-06-16,B,A01CN060,CN,3,419.0,357.0,357.0,62.0,0.0,0.0,1256,1256,0,0,0,1
2026-06-16,B,A01CN133,CN,3,374.0,30.0,27.0,344.0,3.0,0.0,18,18,0,0,0,1
2026-06-16,B,A01CN072,CN,3,419.0,400.0,349.8,19.0,50.2,0.0,1166,1166,0,0,0,1
2026-06-16,B,A01CN073,CN,3,419.0,403.0,379.0,16.0,24.0,0.0,1137,1137,0,0,0,1
2026-06-16,B,A01CN076,CN,3,419.0,364.0,348.0,55.0,16.0,0.0,1160,1160,0,0,0,1
2026-06-16,B,A01CN077,CN,3,419.0,351.0,336.3,68.0,14.7,0.0,1121,1121,0,0,0,1
2026-06-16,B,A01CN091,CN,3,364.0,339.0,339.0,25.0,0.0,0.0,1434,1434,0,0,0,1
2026-06-16,B,A01CN092,CN,3,374.0,372.0,372.0,2.0,0.0,0.0,1371,1371,0,0,0,1
2026-06-16,B,A01CN094,CN,3,373.0,369.0,230.0,4.0,139.0,0.0,552,552,0,0,0,1
2026-06-16,B,A01CN097,CN,3,372.0,361.0,361.0,11.0,0.0,0.0,1460,1460,0,0,0,1
2026-06-16,B,A01CN134,CN,3,404.0,29.0,27.0,375.0,2.0,0.0,18,18,0,0,0,1
2026-06-16,B,A01HB001,HB,3,419.0,419.0,419.0,0.0,0.0,0.0,1164,1164,0,0,0,1
2026-06-16,B,A01HB002,HB,3,419.0,419.0,405.6,0.0,13.4,0.0,936,936,0,0,0,1
2026-06-16,B,A01HB003,HB,3,419.0,419.0,353.48,0.0,65.52,0.0,762,762,0,0,0,1
2026-06-16,B,A01HB004,HB,3,419.0,409.0,366.0,10.0,43.0,0.0,720,720,0,0,0,1
2026-06-16,B,A01HB005,HB,3,419.0,406.0,331.8,13.0,74.2,0.0,948,948,0,0,0,1
2026-06-16,B,A01HB006,HB,3,419.0,413.0,261.25,6.0,151.75,0.0,825,825,0,0,0,1
2026-06-16,B,A01HB007,HB,3,419.0,414.0,414.0,5.0,0.0,0.0,1080,1080,0,0,0,1
2026-06-16,B,A01HB008,HB,3,419.0,413.0,247.5,6.0,165.5,0.0,825,825,0,0,0,1
2026-06-16,B,A01HB009,HB,3,419.0,419.0,419.0,0.0,0.0,0.0,1026,1026,0,0,0,1
2026-06-16,B,A01HB010,HB,3,419.0,419.0,419.0,0.0,0.0,0.0,1020,1020,0,0,0,1
2026-06-16,B,A01HB015,HB,3,399.0,312.0,231.3,87.0,80.7,0.0,288,288,0,0,0,1
2026-06-16,B,A01HB017,HB,3,419.0,351.0,268.67,68.0,82.33,0.0,624,624,0,0,0,1
2026-06-16,B,A01HB018,HB,3,419.0,419.0,414.1,0.0,4.9,0.0,606,606,0,0,0,1
2026-06-16,B,A01HB020,HB,3,399.0,383.0,258.33,16.0,124.67,0.0,600,600,0,0,0,1
2026-06-16,B,A01CN101,CN,3,372.0,359.0,359.0,13.0,0.0,0.0,594,594,0,0,0,1
2026-06-16,B,A01CN102,CN,3,372.0,30.0,7.67,342.0,22.33,0.0,10,10,0,0,0,1
2026-06-16,B,A01CN104,CN,3,372.0,18.0,5.0,354.0,13.0,0.0,10,10,0,0,0,1
2026-06-16,B,A01CN005,CN,3,365.0,256.0,256.0,109.0,0.0,0.0,374,374,0,0,0,1
2026-06-16,B,A01HB012,HB,3,429.0,211.0,211.0,218.0,0.0,0.0,621,621,0,0,0,1
2026-06-16,B,A01HB011,HB,3,469.0,294.0,291.5,175.0,2.5,0.0,1590,1590,0,0,0,1
2026-06-16,B,A01CN047,CN,4,473.0,467.0,467.0,6.0,0.0,0.0,846,846,0,0,0,1
2026-06-16,B,A01CN050,CN,4,474.0,469.0,469.0,5.0,0.0,0.0,872,872,0,0,0,1
2026-06-16,B,A01CN075,CN,4,472.0,465.0,465.0,7.0,0.0,0.0,804,804,0,0,0,1
2026-06-16,B,A01CN042,CN,4,502.0,478.0,465.3,24.0,12.7,0.0,846,846,0,0,0,1
2026-06-16,B,A01CN045,CN,4,505.0,494.0,494.0,11.0,0.0,0.0,876,876,0,0,0,1
2026-06-16,B,A01CN048,CN,4,439.0,429.0,429.0,10.0,0.0,0.0,836,836,0,0,0,1
2026-06-16,B,A01CN051,CN,4,492.0,489.0,489.0,3.0,0.0,0.0,944,944,0,0,0,1
2026-06-16,B,A01CN062,CN,4,503.0,499.0,469.0,4.0,30.0,0.0,804,804,0,0,0,1
2026-06-16,B,A01VMC03,VM,4,502.0,463.0,463.0,39.0,0.0,0.0,2080,2080,0,0,0,1
2026-06-16,B,A01VMC08,VM,4,505.0,43.0,19.0,462.0,24.0,0.0,60,60,0,0,0,1
2026-06-16,B,A01VMC09,VM,4,505.0,386.0,386.0,119.0,0.0,0.0,1230,1230,0,0,0,1
2026-06-16,B,A01VMC11,VM,4,504.0,485.0,465.5,19.0,19.5,0.32,1470,1469,1,0,1,1
2026-06-16,B,A01VMC12,VM,4,504.0,463.0,361.0,41.0,102.0,0.0,1140,1140,0,0,0,1
2026-06-16,B,A01VMC15,VM,4,503.0,452.0,378.0,51.0,74.0,0.0,1260,1260,0,0,0,1
2026-06-16,B,A01VMC16,VM,4,492.0,453.0,445.5,39.0,7.5,0.0,1485,1485,0,0,0,1
2026-06-16,B,A01TMC04,TM,4,564.0,494.0,494.0,70.0,0.0,0.0,608,608,0,0,0,1
2026-06-16,B,A01TMC08,TM,4,564.0,484.0,484.0,80.0,0.0,0.0,1058,1058,0,0,0,1
2026-06-16,B,A01CN001,CN,5,483.0,421.0,393.0,62.0,28.0,0.0,393,393,0,0,0,1
2026-06-16,B,A01CN014,CN,5,514.0,510.0,510.0,4.0,0.0,0.0,1846,1846,0,0,0,1
2026-06-16,B,A01CN021,CN,5,514.0,505.0,505.0,9.0,0.0,0.0,1629,1629,0,0,0,1
2026-06-16,B,A01CN022,CN,5,514.0,505.0,505.0,9.0,0.0,0.0,1704,1704,0,0,0,1
2026-06-16,B,A01CN026,CN,5,514.0,513.0,513.0,1.0,0.0,0.0,1669,1669,0,0,0,1
2026-06-16,B,A01CN041,CN,5,478.0,423.0,413.0,55.0,10.0,0.0,708,708,0,0,0,1
2026-06-16,B,A01CN081,CN,5,482.0,419.0,264.0,63.0,155.0,0.0,264,264,0,0,0,1
2026-06-16,B,A01CN084,CN,5,481.0,409.0,409.0,72.0,0.0,0.0,2960,2960,0,0,0,1
2026-06-16,B,A01CN085,CN,5,491.0,255.0,184.53,236.0,70.47,0.0,173,173,0,0,0,1
2026-06-16,B,A01CN113,CN,5,514.0,426.0,426.0,88.0,0.0,0.0,562,562,0,0,0,1
2026-06-16,B,A01CN018,CN,5,512.0,467.0,467.0,45.0,0.0,0.0,629,629,0,0,0,1
2026-06-16,B,A01CN030,CN,5,513.0,443.0,437.0,70.0,6.0,0.0,437,437,0,0,0,1
2026-06-16,B,A01CN065,CN,5,508.0,408.0,364.0,100.0,44.0,0.0,624,624,0,0,0,1
2026-06-16,B,A01CN098,CN,5,511.0,483.0,477.0,28.0,6.0,0.0,477,477,0,0,0,1
2026-06-16,B,A01CN099,CN,5,520.0,487.0,475.0,33.0,12.0,0.0,475,475,0,0,0,1
2026-06-16,B,A01CN020,CN,5,535.0,378.0,250.5,157.0,127.5,0.0,501,501,0,0,0,1
2026-06-16,U,A01CN064,CN,5,0.0,0.0,0.0,0.0,0.0,0.0,176,176,0,0,0,0
2026-06-16,B,A01CN111,CN,5,537.0,14.0,3.0,523.0,11.0,0.0,3,3,0,0,0,1
2026-06-16,B,A01CN112,CN,5,536.0,292.0,231.0,244.0,61.0,0.0,231,231,0,0,0,1
2026-06-16,B,A01HB025,HB,7,677.0,602.0,602.0,75.0,0.0,0.0,867,867,0,0,0,1
2026-06-16,B,A01HB013,HB,7,667.0,584.0,534.92,83.0,49.08,0.0,784,784,0,0,0,1
2026-06-16,B,A01HB014,HB,7,669.0,566.0,564.0,103.0,2.0,0.0,752,752,0,0,0,1
2026-06-16,B,A01HB021,HB,7,693.0,583.0,583.0,110.0,0.0,0.0,528,528,0,0,0,1
2026-06-16,B,A01HB022,HB,7,674.0,561.0,561.0,113.0,0.0,0.0,528,528,0,0,0,1
2026-06-16,B,A01HB023,HB,7,613.0,563.0,563.0,50.0,0.0,0.0,748,748,0,0,0,1
2026-06-16,B,A01HB024,HB,7,614.0,557.0,510.93,57.0,46.07,0.0,704,704,0,0,0,1
2026-06-17,A,A01CN049,CN,10,39.0,39.0,39.0,0.0,0.0,0.0,70,70,0,0,0,1
2026-06-17,A,A01TMC09,TM,11,89.0,88.0,88.0,1.0,0.0,0.0,145,145,0,0,0,1
2026-06-17,A,A01HB025,HB,11,155.0,155.0,148.0,0.0,7.0,0.0,204,204,0,0,0,1
2026-06-17,A,A01HB023,HB,11,155.0,155.0,155.0,0.0,0.0,0.0,198,198,0,0,0,1
2026-06-17,A,A01HB024,HB,11,155.0,155.0,143.7,0.0,11.3,0.0,198,198,0,0,0,1
2026-06-17,A,A01HB001,HB,11,109.0,103.0,103.0,6.0,0.0,0.0,288,288,0,0,0,1
2026-06-17,A,A01HB003,HB,11,109.0,109.0,108.55,0.0,0.45,0.0,234,234,0,0,0,1
2026-06-17,A,A01HB004,HB,11,109.0,109.0,109.0,0.0,0.0,0.0,216,216,0,0,0,1
2026-06-17,A,A01HB005,HB,11,109.0,103.0,102.9,6.0,0.1,0.0,294,294,0,0,0,1
2026-06-17,A,A01HB006,HB,11,109.0,103.0,44.33,6.0,58.67,0.0,140,140,0,0,0,1
2026-06-17,A,A01HB008,HB,11,109.0,104.0,66.0,5.0,38.0,0.0,220,220,0,0,0,1
2026-06-17,A,A01HB009,HB,11,109.0,109.0,108.5,0.0,0.5,0.0,252,252,0,0,0,1
2026-06-17,A,A01HB010,HB,11,109.0,109.0,108.5,0.0,0.5,0.0,252,252,0,0,0,1
2026-06-17,A,A01HB017,HB,11,109.0,109.0,105.92,0.0,3.08,0.0,246,246,0,0,0,1
2026-06-17,A,A01HB018,HB,11,109.0,109.0,106.6,0.0,2.4,0.0,156,156,0,0,0,1
2026-06-17,A,A01HB020,HB,11,109.0,92.0,62.0,17.0,30.0,0.0,144,144,0,0,0,1
2026-06-17,A,A01CN120,CN,12,169.0,41.0,38.5,128.0,2.5,0.0,42,42,0,0,0,1
2026-06-17,A,A01TRP35,TR,12,109.0,1.0,0.0,108.0,1.0,0.0,0,0,0,0,0,1
2026-06-17,A,A01CN122,CN,12,219.0,199.0,197.17,20.0,1.83,0.0,455,455,0,0,0,1
2026-06-17,A,A01CN121,CN,12,194.0,26.0,26.0,168.0,0.0,0.0,36,36,0,0,0,1
2026-06-17,A,A01CN003,CN,12,189.0,189.0,189.0,0.0,0.0,0.0,724,724,0,0,0,1
2026-06-17,A,A01HB012,HB,12,99.0,16.0,16.0,83.0,0.0,0.0,153,153,0,0,0,1
2026-06-17,A,A01CN102,CN,12,189.0,9.0,3.83,180.0,5.17,0.0,5,5,0,0,0,1
2026-06-17,A,A01VMC04,VM,12,224.0,208.0,147.25,16.0,60.75,0.32,465,464,1,0,1,1
2026-06-17,A,A01VMC07,VM,12,224.0,192.0,192.0,32.0,0.0,0.0,231,231,0,0,0,1
2026-06-17,A,A01HB002,HB,12,39.0,39.0,39.0,0.0,0.0,0.0,108,108,0,0,0,1
2026-06-17,A,A01CN100,CN,13,189.0,145.0,138.33,44.0,6.67,0.0,83,83,0,0,0,1
2026-06-17,A,A01HB013,HB,14,115.0,86.0,86.0,29.0,0.0,0.0,128,128,0,0,0,1
2026-06-17,A,A01HB014,HB,14,115.0,83.0,83.0,32.0,0.0,0.0,144,144,0,0,0,1
2026-06-17,A,A01HB021,HB,14,235.0,235.0,235.0,0.0,0.0,0.0,216,216,0,0,0,1
2026-06-17,A,A01HB015,HB,14,45.0,45.0,38.55,0.0,6.45,0.0,48,48,0,0,0,1
2026-06-17,A,A01VMC06,VM,14,284.0,65.0,32.0,219.0,33.0,0.0,32,32,0,0,0,1
2026-06-17,A,A01CN061,CN,15,289.0,283.0,283.0,6.0,0.0,0.0,358,358,0,0,0,1
2026-06-17,A,A01CN069,CN,15,289.0,281.0,281.0,8.0,0.0,0.0,372,372,0,0,0,1
2026-06-17,A,A01TAP14,TA,15,149.0,133.0,80.8,16.0,52.2,0.0,404,404,0,0,0,1
2026-06-17,A,A01CN083,CN,15,319.0,178.0,178.0,141.0,0.0,0.0,1120,1120,0,0,0,1
2026-06-17,A,A01HB022,HB,15,324.0,288.0,288.0,36.0,0.0,0.0,288,288,0,0,0,1
2026-06-17,A,A01CN029,CN,16,360.0,310.0,310.0,50.0,0.0,0.0,858,858,0,0,0,1
2026-06-17,A,A01CN089,CN,16,330.0,91.0,91.0,239.0,0.0,0.0,245,245,0,0,0,1
2026-06-17,A,A01CN054,CN,16,366.0,340.0,333.33,26.0,6.67,0.0,1000,1000,0,0,0,1
2026-06-17,A,A01CN056,CN,16,366.0,308.0,308.0,58.0,0.0,0.0,1047,1047,0,0,0,1
2026-06-17,A,A01CN073,CN,16,364.0,226.0,171.67,138.0,54.33,0.0,515,515,0,0,0,1
2026-06-17,A,A01CN077,CN,16,364.0,170.0,160.8,194.0,9.2,0.0,536,536,0,0,0,1
2026-06-17,A,A01CN002,CN,16,379.0,365.0,334.0,14.0,31.0,0.0,334,334,0,0,0,1
2026-06-17,A,A01CN004,CN,16,379.0,361.0,361.0,18.0,0.0,0.0,638,638,0,0,0,1
2026-06-17,A,A01CN006,CN,16,379.0,296.0,276.0,83.0,20.0,0.0,828,828,0,0,0,1
2026-06-17,A,A01CN008,CN,16,379.0,361.0,361.0,18.0,0.0,0.0,366,366,0,0,0,1
2026-06-17,A,A01CN013,CN,16,379.0,263.0,212.0,116.0,51.0,0.0,795,795,0,0,0,1
2026-06-17,A,A01CN025,CN,16,379.0,349.0,349.0,30.0,0.0,0.0,766,766,0,0,0,1
2026-06-17,A,A01CN031,CN,16,379.0,361.0,361.0,18.0,0.0,0.0,1488,1488,0,0,0,1
2026-06-17,A,A01CN038,CN,16,379.0,350.0,350.0,29.0,0.0,0.0,1302,1302,0,0,0,1
2026-06-17,A,A01CN039,CN,16,379.0,333.0,333.0,46.0,0.0,0.0,1215,1215,0,0,0,1
2026-06-17,A,A01CN090,CN,16,379.0,374.0,373.6,5.0,0.4,0.27,1401,1400,0,1,1,1
2026-06-17,A,A01CN091,CN,16,379.0,328.0,328.0,51.0,0.0,0.0,1287,1287,0,0,0,1
2026-06-17,A,A01CN092,CN,16,379.0,348.0,310.65,31.0,37.35,0.32,981,980,1,0,1,1
2026-06-17,A,A01CN094,CN,16,379.0,374.0,240.83,5.0,133.17,0.0,578,578,0,0,0,1
2026-06-17,A,A01CN096,CN,16,379.0,36.0,3.87,343.0,32.13,0.0,8,8,0,0,0,1
2026-06-17,A,A01CN097,CN,16,379.0,376.0,376.0,3.0,0.0,0.0,1472,1472,0,0,0,1
2026-06-17,A,A01CN103,CN,16,379.0,369.0,369.0,10.0,0.0,0.0,554,554,0,0,0,1
2026-06-17,A,A01TMC08,TM,16,404.0,396.0,396.0,8.0,0.0,0.0,847,847,0,0,0,1
2026-06-17,A,A01CN126,CN,16,400.0,321.0,321.0,79.0,0.0,0.0,1013,1013,0,0,0,1
2026-06-17,A,A01CN129,CN,16,400.0,0.0,0.0,400.0,0.0,0.0,0,0,0,0,0,1
2026-06-17,A,A01CN130,CN,16,389.0,0.0,0.0,389.0,0.0,0.0,0,0,0,0,0,1
2026-06-17,A,A01CN131,CN,16,399.0,273.0,0.0,126.0,273.0,0.0,0,0,0,0,0,1
2026-06-17,A,A01CN132,CN,16,400.0,177.0,160.8,223.0,16.2,0.0,402,402,0,0,0,1
2026-06-17,A,A01CN048,CN,16,424.0,415.0,415.0,9.0,0.0,0.0,764,764,0,0,0,1
2026-06-17,A,A01CN081,CN,16,374.0,298.0,218.0,76.0,80.0,0.0,218,218,0,0,0,1
2026-06-17,A,A01CN084,CN,16,374.0,332.0,332.0,42.0,0.0,0.0,2630,2630,0,0,0,1
2026-06-17,A,A01TMC05,TM,16,442.0,432.0,432.0,10.0,0.0,0.0,1021,1021,0,0,0,1
2026-06-17,A,A01TMC07,TM,16,249.0,240.0,238.77,9.0,1.23,0.0,551,551,0,0,0,1
2026-06-17,A,A01VMC01,VM,16,374.0,0.0,0.0,374.0,0.0,0.0,0,0,0,0,0,1
2026-06-17,A,A01CN123,CN,16,74.0,73.0,73.0,1.0,0.0,0.0,246,246,0,0,0,1
2026-06-17,A,A01CN014,CN,16,384.0,377.0,377.0,7.0,0.0,0.0,1394,1394,0,0,0,1
2026-06-17,A,A01CN015,CN,16,384.0,375.0,375.0,9.0,0.0,0.0,1347,1347,0,0,0,1
2026-06-17,A,A01CN016,CN,16,384.0,254.0,254.0,130.0,0.0,0.0,478,478,0,0,0,1
2026-06-17,A,A01CN021,CN,16,384.0,378.0,378.0,6.0,0.0,0.0,1285,1285,0,0,0,1
2026-06-17,A,A01CN022,CN,16,373.0,256.0,248.4,117.0,7.6,0.0,828,828,0,0,0,1
2026-06-17,A,A01CN023,CN,16,360.0,330.0,330.0,30.0,0.0,0.0,1010,1010,0,0,0,1
2026-06-17,A,A01CN026,CN,16,384.0,375.0,375.0,9.0,0.0,0.0,1237,1237,0,0,0,1
2026-06-17,A,A01CN028,CN,16,419.0,0.0,0.0,419.0,0.0,0.0,0,0,0,0,0,1
2026-06-17,A,A01CN041,CN,16,379.0,355.0,266.0,24.0,89.0,0.0,456,456,0,0,0,1
2026-06-17,A,A01CN053,CN,16,384.0,272.0,264.6,112.0,7.4,0.0,882,882,0,0,0,1
2026-06-17,A,A01CN055,CN,16,383.0,290.0,278.0,93.0,12.0,0.0,834,834,0,0,0,1
2026-06-17,A,A01CN057,CN,16,383.0,233.0,215.1,150.0,17.9,0.0,717,717,0,0,0,1
2026-06-17,A,A01CN058,CN,16,382.0,347.0,347.0,35.0,0.0,0.0,1043,1043,0,0,0,1
2026-06-17,A,A01CN059,CN,16,382.0,271.0,259.67,111.0,11.33,0.0,779,779,0,0,0,1
2026-06-17,A,A01CN060,CN,16,382.0,323.0,323.0,59.0,0.0,0.0,1102,1102,0,0,0,1
2026-06-17,A,A01CN063,CN,16,399.0,336.0,325.43,63.0,10.57,0.0,751,751,0,0,0,1
2026-06-17,A,A01CN065,CN,16,379.0,325.0,272.42,54.0,52.58,0.0,467,467,0,0,0,1
2026-06-17,A,A01CN067,CN,16,30.0,18.0,10.2,12.0,7.8,0.0,18,18,0,0,0,1
2026-06-17,A,A01CN071,CN,16,414.0,369.0,369.0,45.0,0.0,0.0,1302,1302,0,0,0,1
2026-06-17,A,A01CN072,CN,16,382.0,329.0,290.1,53.0,38.9,0.3,967,966,1,0,1,1
2026-06-17,A,A01CN076,CN,16,381.0,306.0,280.5,75.0,25.5,0.0,935,935,0,0,0,1
2026-06-17,A,A01CN086,CN,16,374.0,336.0,304.33,38.0,31.67,0.0,440,440,0,0,0,1
2026-06-17,A,A01CN087,CN,16,374.0,274.0,178.27,100.0,95.73,0.0,382,382,0,0,0,1
2026-06-17,A,A01CN088,CN,16,384.0,304.0,278.4,80.0,25.6,0.0,348,348,0,0,0,1
2026-06-17,A,A01CN098,CN,16,379.0,344.0,323.0,35.0,21.0,0.0,323,323,0,0,0,1
2026-06-17,A,A01CN101,CN,16,389.0,374.0,360.12,15.0,13.88,0.0,527,527,0,0,0,1
2026-06-17,A,A01CN104,CN,16,389.0,19.0,5.5,370.0,13.5,0.0,11,11,0,0,0,1
2026-06-17,A,A01CN105,CN,16,360.0,246.0,224.0,114.0,22.0,0.0,280,280,0,0,0,1
2026-06-17,A,A01CN106,CN,16,374.0,246.0,246.0,128.0,0.0,0.0,453,453,0,0,0,1
2026-06-17,A,A01CN107,CN,16,389.0,185.0,63.7,204.0,121.3,0.0,91,91,0,0,0,1
2026-06-17,A,A01BR005,BR,16,374.0,289.0,289.0,85.0,0.0,0.0,3928,3928,0,0,0,1
2026-06-17,A,A01BR007,BR,16,374.0,162.0,162.0,212.0,0.0,0.0,846,846,0,0,0,1
2026-06-17,A,A01CN113,CN,16,389.0,306.0,269.17,83.0,36.83,0.0,323,323,0,0,0,1
2026-06-17,A,A01CN114,CN,16,389.0,325.0,152.53,64.0,172.47,0.0,352,352,0,0,0,1
2026-06-17,A,A01CN116,CN,16,399.0,346.0,189.2,53.0,156.8,0.0,344,344,0,0,0,1
2026-06-17,A,A01CN138,CN,16,424.0,370.0,356.0,54.0,14.0,0.0,534,534,0,0,0,1
2026-06-17,A,A01CN139,CN,16,424.0,374.0,316.67,50.0,57.33,0.0,475,475,0,0,0,1
2026-06-17,A,A01CN128,CN,16,394.0,362.0,358.9,32.0,3.1,0.0,582,582,0,0,0,1
2026-06-17,A,A01TMC02,TM,17,37.0,16.0,16.0,21.0,0.0,0.0,30,30,0,0,0,1
2026-06-17,A,A01TMC10,TM,17,37.0,33.0,33.0,4.0,0.0,0.0,37,37,0,0,0,1
2026-06-17,A,A01CN027,CN,17,454.0,440.0,424.42,14.0,15.58,0.0,463,463,0,0,0,1
2026-06-17,A,A01CN005,CN,17,439.0,336.0,233.25,103.0,102.75,0.0,311,311,0,0,0,1
2026-06-17,A,A01CN024,CN,17,424.0,239.0,181.5,185.0,57.5,0.0,242,242,0,0,0,1
2026-06-17,A,A01CN070,CN,17,439.0,403.0,293.0,36.0,110.0,0.0,293,293,0,0,0,1
2026-06-17,A,A01HB007,HB,17,109.0,65.0,57.75,44.0,7.25,0.0,140,140,0,0,0,1
2026-06-17,A,A01HB011,HB,17,109.0,109.0,109.0,0.0,0.0,0.0,730,730,0,0,0,1
2026-06-17,A,A01CN108,CN,17,444.0,365.0,288.0,79.0,77.0,0.0,288,288,0,0,0,1
2026-06-17,A,A01CN080,CN,18,474.0,445.0,445.0,29.0,0.0,0.0,1381,1381,0,0,0,1
2026-06-17,A,A01CN124,CN,18,139.0,105.0,70.23,34.0,34.77,0.0,86,86,0,0,0,1
2026-06-17,A,A01CN125,CN,18,139.0,47.0,32.8,92.0,14.2,0.0,24,24,0,0,0,1
2026-06-17,A,A01CN127,CN,18,520.0,419.0,299.0,101.0,120.0,0.0,690,690,0,0,0,1
2026-06-17,A,A01CN001,CN,18,494.0,465.0,445.0,29.0,20.0,0.0,445,445,0,0,0,1
2026-06-17,A,A01CN017,CN,18,494.0,434.0,366.0,60.0,68.0,0.0,488,488,0,0,0,1
2026-06-17,A,A01CN018,CN,18,494.0,467.0,424.5,27.0,42.5,0.0,566,566,0,0,0,1
2026-06-17,A,A01CN030,CN,18,494.0,470.0,448.0,24.0,22.0,0.0,448,448,0,0,0,1
2026-06-17,A,A01CN044,CN,18,154.0,70.0,55.2,84.0,14.8,0.0,92,92,0,0,0,1
2026-06-17,A,A01CN045,CN,18,554.0,522.0,516.83,32.0,5.17,0.0,886,886,0,0,0,1
2026-06-17,A,A01CN046,CN,18,554.0,513.0,500.93,41.0,12.07,0.0,884,884,0,0,0,1
2026-06-17,A,A01CN047,CN,18,544.0,425.0,332.5,119.0,92.5,0.0,570,570,0,0,0,1
2026-06-17,A,A01CN050,CN,18,544.0,489.0,487.67,55.0,1.33,0.0,836,836,0,0,0,1
2026-06-17,A,A01CN051,CN,18,544.0,433.0,357.0,111.0,76.0,0.0,612,612,0,0,0,1
2026-06-17,A,A01CN062,CN,18,544.0,455.0,404.83,89.0,50.17,0.58,694,693,0,1,1,1
2026-06-17,A,A01CN068,CN,18,544.0,504.0,504.0,40.0,0.0,0.0,880,880,0,0,0,1
2026-06-17,A,A01CN074,CN,18,544.0,129.0,101.5,415.0,27.5,0.0,174,174,0,0,0,1
2026-06-17,A,A01CN075,CN,18,544.0,479.0,429.33,65.0,49.67,0.0,736,736,0,0,0,1
2026-06-17,A,A01CN085,CN,18,494.0,460.0,358.4,34.0,101.6,0.0,336,336,0,0,0,1
2026-06-17,A,A01CN099,CN,18,494.0,448.0,415.0,46.0,33.0,0.0,415,415,0,0,0,1
2026-06-17,A,A01TMC04,TM,18,192.0,161.0,161.0,31.0,0.0,0.0,195,195,0,0,0,1
2026-06-17,A,A01TMC06,TM,18,562.0,526.0,511.7,36.0,14.3,0.0,731,731,0,0,0,1
2026-06-17,A,A01VMC03,VM,18,544.0,520.0,520.0,24.0,0.0,0.0,2720,2720,0,0,0,1
2026-06-17,A,A01VMC09,VM,18,544.0,520.0,498.75,24.0,21.25,0.0,1575,1575,0,0,0,1
2026-06-17,A,A01VMC10,VM,18,156.0,133.0,106.67,23.0,26.33,0.0,640,640,0,0,0,1
2026-06-17,A,A01VMC11,VM,18,544.0,532.0,479.75,12.0,52.25,0.0,1515,1515,0,0,0,1
2026-06-17,A,A01VMC12,VM,18,574.0,532.0,503.5,42.0,28.5,2.85,1590,1581,4,5,9,1
2026-06-17,A,A01VMC15,VM,18,554.0,529.0,472.5,25.0,56.5,0.0,1575,1575,0,0,0,1
2026-06-17,A,A01VMC16,VM,18,539.0,508.0,468.0,31.0,40.0,0.0,1560,1560,0,0,0,1
2026-06-17,A,A01CN117,CN,18,544.0,435.0,429.0,109.0,6.0,0.0,585,585,0,0,0,1
2026-06-17,A,A01CN118,CN,18,539.0,430.0,426.8,109.0,3.2,0.0,582,582,0,0,0,1
2026-06-17,A,A01CN042,CN,18,544.0,289.0,216.7,255.0,72.3,0.0,394,394,0,0,0,1
2026-06-17,B,A01CN124,CN,20,49.0,0.0,0.0,49.0,0.0,0.0,0,0,0,0,0,1
2026-06-17,B,A01CN125,CN,20,49.0,49.0,49.0,0.0,0.0,0.0,44,44,0,0,0,1
2026-06-17,B,A01CN126,CN,20,49.0,0.0,0.0,49.0,0.0,0.0,0,0,0,0,0,1
2026-06-17,B,A01CN127,CN,20,49.0,0.0,0.0,49.0,0.0,0.0,0,0,0,0,0,1
2026-06-17,B,A01CN129,CN,20,49.0,0.0,0.0,49.0,0.0,0.0,0,0,0,0,0,1
2026-06-17,B,A01CN130,CN,20,49.0,0.0,0.0,49.0,0.0,0.0,0,0,0,0,0,1
2026-06-17,B,A01CN132,CN,20,49.0,0.0,0.0,49.0,0.0,0.0,0,0,0,0,0,1
2026-06-17,B,A01CN135,CN,20,49.0,0.0,0.0,49.0,0.0,0.0,0,0,0,0,0,1
2026-06-17,B,A01HB019,HB,20,84.0,0.0,0.0,84.0,0.0,0.0,0,0,0,0,0,1
2026-06-17,B,A01CN049,CN,21,49.0,0.0,0.0,49.0,0.0,0.0,0,0,0,0,0,1
2026-06-17,B,A01CN052,CN,21,49.0,0.0,0.0,49.0,0.0,0.0,0,0,0,0,0,1
2026-06-17,B,A01CN061,CN,21,49.0,0.0,0.0,49.0,0.0,0.0,0,0,0,0,0,1
2026-06-17,B,A01CN069,CN,21,49.0,0.0,0.0,49.0,0.0,0.0,0,0,0,0,0,1
2026-06-17,B,A01CN131,CN,21,49.0,49.0,0.0,0.0,49.0,0.0,0,0,0,0,0,1
2026-06-17,B,A01CN053,CN,21,109.0,109.0,109.0,0.0,0.0,0.0,394,394,0,0,0,1
2026-06-17,B,A01CN054,CN,21,109.0,106.0,106.0,3.0,0.0,0.0,329,329,0,0,0,1
2026-06-17,B,A01CN055,CN,21,109.0,107.0,107.0,2.0,0.0,0.0,342,342,0,0,0,1
2026-06-17,B,A01CN057,CN,21,109.0,90.0,88.8,19.0,1.2,0.0,296,296,0,0,0,1
2026-06-17,B,A01CN058,CN,21,109.0,109.0,109.0,0.0,0.0,0.0,330,330,0,0,0,1
2026-06-17,B,A01CN059,CN,21,109.0,109.0,109.0,0.0,0.0,0.0,353,353,0,0,0,1
2026-06-17,B,A01CN060,CN,21,109.0,105.0,105.0,4.0,0.0,0.0,385,385,0,0,0,1
2026-06-17,B,A01CN072,CN,21,109.0,87.0,71.1,22.0,15.9,0.0,237,237,0,0,0,1
2026-06-17,B,A01CN073,CN,21,109.0,56.0,51.0,53.0,5.0,0.0,153,153,0,0,0,1
2026-06-17,B,A01CN076,CN,21,109.0,103.0,102.9,6.0,0.1,0.0,343,343,0,0,0,1
2026-06-17,B,A01CN077,CN,21,109.0,101.0,101.0,8.0,0.0,0.0,352,352,0,0,0,1
2026-06-17,B,A01CN004,CN,22,119.0,97.0,51.92,22.0,45.08,0.0,89,89,0,0,0,1
2026-06-17,B,A01CN006,CN,22,119.0,111.0,111.0,8.0,0.0,0.0,352,352,0,0,0,1
2026-06-17,B,A01CN007,CN,22,49.0,5.0,5.0,44.0,0.0,0.0,155,155,0,0,0,1
2026-06-17,B,A01CN015,CN,22,124.0,122.0,122.0,2.0,0.0,0.0,443,443,0,0,0,1
2026-06-17,B,A01CN016,CN,22,124.0,96.0,96.0,28.0,0.0,0.0,208,208,0,0,0,1
2026-06-17,B,A01CN023,CN,22,124.0,122.0,122.0,2.0,0.0,0.0,404,404,0,0,0,1
2026-06-17,B,A01CN067,CN,22,59.0,45.0,20.4,14.0,24.6,0.0,36,36,0,0,0,1
2026-06-17,B,A01CN071,CN,22,49.0,49.0,49.0,0.0,0.0,0.0,193,193,0,0,0,1
2026-06-17,B,A01CN078,CN,22,49.0,41.0,21.0,8.0,20.0,0.0,42,42,0,0,0,1
2026-06-17,B,A01CN079,CN,22,49.0,30.0,17.57,19.0,12.43,0.0,31,31,0,0,0,1
2026-06-17,B,A01CN080,CN,22,119.0,117.0,117.0,2.0,0.0,0.0,373,373,0,0,0,1
2026-06-17,B,A01CN088,CN,22,119.0,119.0,119.0,0.0,0.0,0.0,171,171,0,0,0,1
2026-06-17,B,A01CN089,CN,22,49.0,28.0,20.32,21.0,7.68,0.0,53,53,0,0,0,1
2026-06-17,B,A01CN093,CN,22,114.0,32.0,20.42,82.0,11.58,0.0,35,35,0,0,0,1
2026-06-17,B,A01CN095,CN,22,124.0,7.0,2.93,117.0,4.07,0.0,11,11,0,0,0,1
2026-06-17,B,A01CN096,CN,22,117.0,0.0,0.0,117.0,0.0,0.0,0,0,0,0,0,1
2026-06-17,B,A01VMC04,VM,22,169.0,81.0,66.5,88.0,14.5,0.0,210,210,0,0,0,1
2026-06-17,B,A01CN103,CN,22,116.0,103.0,103.0,13.0,0.0,0.0,165,165,0,0,0,1
2026-06-17,B,A01CN105,CN,22,59.0,55.0,42.0,4.0,13.0,0.0,60,60,0,0,0,1
2026-06-17,B,A01CN106,CN,22,114.0,89.0,89.0,25.0,0.0,0.0,212,212,0,0,0,1
2026-06-17,B,A01CN107,CN,22,124.0,92.0,47.6,32.0,44.4,0.0,68,68,0,0,0,1
2026-06-17,B,A01BR005,BR,22,124.0,119.0,119.0,5.0,0.0,0.0,1684,1684,0,0,0,1
2026-06-17,B,A01BR007,BR,22,49.0,8.0,8.0,41.0,0.0,0.0,920,920,0,0,0,1
2026-06-17,B,A01CN114,CN,22,124.0,89.0,48.53,35.0,40.47,0.0,112,112,0,0,0,1
2026-06-17,B,A01CN038,CN,23,137.0,126.0,126.0,11.0,0.0,0.0,549,549,0,0,0,1
2026-06-17,B,A01CN039,CN,23,137.0,126.0,126.0,11.0,0.0,0.0,495,495,0,0,0,1
2026-06-17,B,A01CN063,CN,23,224.0,184.0,175.07,40.0,8.93,0.0,404,404,0,0,0,1
2026-06-17,B,A01CN013,CN,23,199.0,170.0,160.0,29.0,10.0,0.0,600,600,0,0,0,1
2026-06-17,B,A01CN090,CN,23,188.0,160.0,160.0,28.0,0.0,0.0,633,633,0,0,0,1
2026-06-17,B,A01CN095,CN,23,71.0,48.0,48.0,23.0,0.0,0.0,208,208,0,0,0,1
2026-06-17,B,A01HB019,HB,0,29.0,29.0,0.0,0.0,29.0,0.0,0,0,0,0,0,1
2026-06-17,B,A01VMC01,VM,0,167.0,0.0,0.0,167.0,0.0,0.0,0,0,0,0,0,1
2026-06-17,B,A01VMC07,VM,0,110.0,82.0,62.5,28.0,19.5,0.0,75,75,0,0,0,1
2026-06-17,B,A01CN122,CN,1,294.0,246.0,230.53,48.0,15.47,0.0,532,532,0,0,0,1
2026-06-17,B,A01VMC06,VM,1,344.0,301.0,217.0,43.0,84.0,0.0,217,217,0,0,0,1
2026-06-17,B,A01CN137,CN,1,294.0,116.0,22.67,178.0,93.33,0.0,34,34,0,0,0,1
2026-06-17,B,A01CN123,CN,1,294.0,277.0,277.0,17.0,0.0,0.0,934,934,0,0,0,1
2026-06-17,B,A01CN027,CN,2,444.0,430.0,430.0,14.0,0.0,0.0,494,494,0,0,0,1
2026-06-17,B,A01CN028,CN,2,444.0,0.0,0.0,444.0,0.0,0.0,0,0,0,0,0,1
2026-06-17,B,A01TMC02,TM,2,447.0,434.0,434.0,13.0,0.0,0.0,652,652,0,0,0,1
2026-06-17,B,A01TMC06,TM,2,444.0,438.0,438.0,6.0,0.0,0.0,642,642,0,0,0,1
2026-06-17,B,A01CN066,CN,2,412.0,0.0,0.0,412.0,0.0,0.0,3,3,0,0,0,1
2026-06-17,B,A01CN002,CN,3,379.0,375.0,375.0,4.0,0.0,0.0,428,428,0,0,0,1
2026-06-17,B,A01CN003,CN,3,379.0,369.0,369.0,10.0,0.0,0.0,1528,1528,0,0,0,1
2026-06-17,B,A01CN008,CN,3,369.0,318.0,282.0,51.0,36.0,0.0,282,282,0,0,0,1
2026-06-17,B,A01CN025,CN,3,379.0,366.0,366.0,13.0,0.0,0.0,804,804,0,0,0,1
2026-06-17,B,A01CN029,CN,3,379.0,345.0,345.0,34.0,0.0,0.0,1062,1062,0,0,0,1
2026-06-17,B,A01CN031,CN,3,369.0,344.0,344.0,25.0,0.0,0.0,1563,1563,0,0,0,1
2026-06-17,B,A01CN056,CN,3,249.0,216.0,216.0,33.0,0.0,0.0,735,735,0,0,0,1
2026-06-17,B,A01CN133,CN,3,374.0,350.0,350.0,24.0,0.0,0.0,297,297,0,0,0,1
2026-06-17,B,A01CN091,CN,3,368.0,351.0,351.0,17.0,0.0,0.0,1464,1464,0,0,0,1
2026-06-17,B,A01CN092,CN,3,378.0,375.0,375.0,3.0,0.0,0.26,1431,1430,1,0,1,1
2026-06-17,B,A01CN094,CN,3,377.0,340.0,214.17,37.0,125.83,0.0,514,514,0,0,0,1
2026-06-17,B,A01CN097,CN,3,376.0,355.0,355.0,21.0,0.0,0.0,1276,1276,0,0,0,1
2026-06-17,B,A01CN134,CN,3,404.0,383.0,383.0,21.0,0.0,0.0,291,291,0,0,0,1
2026-06-17,B,A01HB001,HB,3,419.0,408.0,408.0,11.0,0.0,0.0,1152,1152,0,0,0,1
2026-06-17,B,A01HB002,HB,3,419.0,393.0,393.0,26.0,0.0,0.0,924,924,0,0,0,1
2026-06-17,B,A01HB003,HB,3,419.0,373.0,370.18,46.0,2.82,0.0,798,798,0,0,0,1
2026-06-17,B,A01HB004,HB,3,419.0,409.0,394.47,10.0,14.53,0.0,776,776,0,0,0,1
2026-06-17,B,A01HB005,HB,3,419.0,414.0,359.1,5.0,54.9,0.0,1026,1026,0,0,0,1
2026-06-17,B,A01HB006,HB,3,419.0,399.0,267.58,20.0,131.42,0.0,845,845,0,0,0,1
2026-06-17,B,A01HB007,HB,3,419.0,398.0,398.0,21.0,0.0,0.0,1024,1024,0,0,0,1
2026-06-17,B,A01HB008,HB,3,419.0,378.0,232.5,41.0,145.5,0.0,775,775,0,0,0,1
2026-06-17,B,A01HB009,HB,3,419.0,412.0,412.0,7.0,0.0,0.0,1032,1032,0,0,0,1
2026-06-17,B,A01HB010,HB,3,419.0,411.0,411.0,8.0,0.0,0.0,1032,1032,0,0,0,1
2026-06-17,B,A01HB015,HB,3,399.0,8.0,8.0,391.0,0.0,0.0,32,32,0,0,0,1
2026-06-17,B,A01HB017,HB,3,419.0,406.0,364.25,13.0,41.75,0.0,846,846,0,0,0,1
2026-06-17,B,A01HB018,HB,3,419.0,410.0,410.0,9.0,0.0,0.0,624,624,0,0,0,1
2026-06-17,B,A01HB020,HB,3,399.0,384.0,310.0,15.0,74.0,0.0,720,720,0,0,0,1
2026-06-17,B,A01CN101,CN,3,376.0,342.0,342.0,34.0,0.0,0.0,528,528,0,0,0,1
2026-06-17,B,A01CN102,CN,3,376.0,41.0,11.5,335.0,29.5,0.0,15,15,0,0,0,1
2026-06-17,B,A01CN104,CN,3,376.0,16.0,4.5,360.0,11.5,0.0,9,9,0,0,0,1
2026-06-17,B,A01CN116,CN,3,187.0,168.0,91.3,19.0,76.7,0.0,332,332,0,0,0,1
2026-06-17,B,A01HB012,HB,3,429.0,125.0,125.0,304.0,0.0,0.0,783,783,0,0,0,1
2026-06-17,B,A01HB011,HB,3,469.0,314.0,314.0,155.0,0.0,0.0,1780,1780,0,0,0,1
2026-06-17,B,A01CN042,CN,4,519.0,61.0,61.0,458.0,0.0,0.0,112,112,0,0,0,1
2026-06-17,B,A01VMC08,VM,4,519.0,519.0,519.0,0.0,0.0,0.0,1695,1695,0,0,0,1
2026-06-17,B,A01VMC09,VM,4,519.0,481.0,481.0,38.0,0.0,0.0,1665,1665,0,0,0,1
2026-06-17,B,A01TMC04,TM,4,564.0,490.0,490.0,74.0,0.0,0.0,612,612,0,0,0,1
2026-06-17,B,A01TMC05,TM,4,564.0,480.0,480.0,84.0,0.0,0.0,1192,1192,0,0,0,1
2026-06-17,B,A01TMC07,TM,4,567.0,491.0,491.0,76.0,0.0,0.0,1141,1141,0,0,0,1
2026-06-17,B,A01TMC09,TM,4,567.0,516.0,516.0,51.0,0.0,0.0,747,747,0,0,0,1
2026-06-17,B,A01TMC10,TM,4,567.0,483.0,483.0,84.0,0.0,0.0,514,514,0,0,0,1
2026-06-17,B,A01TMC08,TM,4,567.0,488.0,488.0,79.0,0.0,0.0,1067,1067,0,0,0,1
2026-06-17,B,A01CN001,CN,5,541.0,492.0,492.0,49.0,0.0,0.0,533,533,0,0,0,1
2026-06-17,B,A01CN005,CN,5,540.0,511.0,483.0,29.0,28.0,0.0,644,644,0,0,0,1
2026-06-17,B,A01CN014,CN,5,504.0,490.0,490.0,14.0,0.0,0.0,1840,1840,0,0,0,1
2026-06-17,B,A01CN021,CN,5,504.0,492.0,492.0,12.0,0.0,0.0,1575,1575,0,0,0,1
2026-06-17,B,A01CN022,CN,5,504.0,490.0,490.0,14.0,0.0,0.0,1636,1636,0,0,0,1
2026-06-17,B,A01CN024,CN,5,543.0,469.0,381.0,74.0,88.0,0.0,508,508,0,0,0,1
2026-06-17,B,A01CN026,CN,5,504.0,501.0,501.0,3.0,0.0,0.0,1630,1630,0,0,0,1
2026-06-17,B,A01CN081,CN,5,539.0,136.0,113.0,403.0,23.0,0.0,113,113,0,0,0,1
2026-06-17,B,A01CN083,CN,5,544.0,413.0,335.0,131.0,78.0,0.0,2010,2010,0,0,0,1
2026-06-17,B,A01CN084,CN,5,468.0,127.0,127.0,341.0,0.0,0.0,137,137,0,0,0,1
2026-06-17,B,A01CN085,CN,5,552.0,489.0,424.53,63.0,64.47,0.0,398,398,0,0,0,1
2026-06-17,B,A01VMC16,VM,5,539.0,449.0,387.0,90.0,62.0,0.0,1290,1290,0,0,0,1
2026-06-17,B,A01CN113,CN,5,504.0,459.0,459.0,45.0,0.0,0.0,625,625,0,0,0,1
2026-06-17,B,A01CN017,CN,5,573.0,489.0,444.75,84.0,44.25,0.0,593,593,0,0,0,1
2026-06-17,B,A01CN018,CN,5,564.0,536.0,525.0,28.0,11.0,0.0,700,700,0,0,0,1
2026-06-17,B,A01CN030,CN,5,570.0,511.0,504.0,59.0,7.0,0.0,504,504,0,0,0,1
2026-06-17,B,A01CN065,CN,5,487.0,420.0,314.42,67.0,105.58,0.0,539,539,0,0,0,1
2026-06-17,B,A01CN070,CN,5,584.0,504.0,444.0,80.0,60.0,0.0,444,444,0,0,0,1
2026-06-17,B,A01CN098,CN,5,484.0,418.0,418.0,66.0,0.0,0.0,438,438,0,0,0,1
2026-06-17,B,A01CN099,CN,5,581.0,542.0,542.0,39.0,0.0,0.0,546,546,0,0,0,1
2026-06-17,B,A01CN112,CN,5,530.0,303.0,303.0,227.0,0.0,0.0,312,312,0,0,0,1
2026-06-17,B,A01CN041,CN,6,517.0,471.0,352.92,46.0,118.08,0.0,605,605,0,0,0,1
2026-06-17,B,A01CN044,CN,6,664.0,609.0,554.4,55.0,54.6,0.0,924,924,0,0,0,1
2026-06-17,B,A01CN045,CN,7,671.0,551.0,551.0,120.0,0.0,0.0,988,988,0,0,0,1
2026-06-17,B,A01CN046,CN,7,674.0,585.0,566.67,89.0,18.33,0.0,1000,1000,0,0,0,1
2026-06-17,B,A01CN047,CN,7,669.0,497.0,336.0,172.0,161.0,0.0,576,576,0,0,0,1
2026-06-17,B,A01CN048,CN,7,659.0,568.0,568.0,91.0,0.0,0.0,978,978,0,0,0,1
2026-06-17,B,A01CN050,CN,7,669.0,527.0,527.0,142.0,0.0,0.0,946,946,0,0,0,1
2026-06-17,B,A01CN051,CN,7,659.0,581.0,581.0,78.0,0.0,0.0,1008,1008,0,0,0,1
2026-06-17,B,A01CN062,CN,7,669.0,498.0,498.0,171.0,0.0,0.57,868,867,0,1,1,1
2026-06-17,B,A01CN068,CN,7,659.0,428.0,288.17,231.0,139.83,0.0,494,494,0,0,0,1
2026-06-17,B,A01CN074,CN,7,669.0,527.0,364.0,142.0,163.0,0.58,624,623,0,1,1,1
2026-06-17,B,A01CN075,CN,7,669.0,554.0,542.5,115.0,11.5,0.0,930,930,0,0,0,1
2026-06-17,B,A01HB025,HB,7,599.0,553.0,553.0,46.0,0.0,0.0,799,799,0,0,0,1
2026-06-17,B,A01HB013,HB,7,589.0,540.0,513.08,49.0,26.92,0.0,752,752,0,0,0,1
2026-06-17,B,A01HB014,HB,7,589.0,541.0,541.0,48.0,0.0,0.0,752,752,0,0,0,1
2026-06-17,B,A01VMC03,VM,7,669.0,560.0,560.0,109.0,0.0,0.0,2400,2400,0,0,0,1
2026-06-17,B,A01VMC10,VM,7,669.0,555.0,466.67,114.0,88.33,0.0,2800,2800,0,0,0,1
2026-06-17,B,A01VMC11,VM,7,669.0,598.0,584.25,71.0,13.75,0.0,1845,1845,0,0,0,1
2026-06-17,B,A01VMC12,VM,7,669.0,634.0,612.75,35.0,21.25,0.0,1935,1935,0,0,0,1
2026-06-17,B,A01HB021,HB,7,619.0,533.0,531.7,86.0,1.3,0.0,468,468,0,0,0,1
2026-06-17,B,A01HB022,HB,7,599.0,447.0,447.0,152.0,0.0,0.0,408,408,0,0,0,1
2026-06-17,B,A01HB023,HB,7,599.0,533.0,533.0,66.0,0.0,0.0,814,814,0,0,0,1
2026-06-17,B,A01VMC15,VM,7,669.0,570.0,562.5,99.0,7.5,0.0,1875,1875,0,0,0,1
2026-06-17,B,A01CN019,CN,7,701.0,701.0,433.8,0.0,267.2,0.0,723,723,0,0,0,1
2026-06-17,B,A01CN020,CN,7,701.0,547.0,419.0,154.0,128.0,0.0,838,838,0,0,0,1
2026-06-17,C,A01CN108,CN,7,701.0,319.0,177.0,382.0,142.0,0.0,177,177,0,0,0,1
2026-06-18,B,A01CN120,CN,8,701.0,246.0,246.0,455.0,0.0,0.0,387,387,0,0,0,1
2026-06-18,B,A01CN121,CN,8,701.0,206.0,206.0,495.0,0.0,0.0,395,395,0,0,0,1
2026-06-18,U,A01CN064,CN,8,0.0,0.0,0.0,0.0,0.0,0.0,0,0,0,0,0,0
2026-06-18,B,A01CN111,CN,8,530.9,213.57,126.48,317.33,87.1,0.0,167,167,0,0,0,1
2026-06-18,A,A01CN049,CN,10,39.0,39.0,39.0,0.0,0.0,0.0,68,68,0,0,0,1
2026-06-18,A,A01TMC09,TM,11,139.0,78.0,78.0,61.0,0.0,0.0,128,128,0,0,0,1
2026-06-18,A,A01CN137,CN,11,79.0,31.0,9.33,48.0,21.67,0.0,14,14,0,0,0,1
2026-06-18,A,A01HB002,HB,11,99.0,99.0,99.0,0.0,0.0,0.0,234,234,0,0,0,1
2026-06-18,A,A01HB012,HB,11,99.0,32.0,32.0,67.0,0.0,0.0,174,174,0,0,0,1
2026-06-18,A,A01CN004,CN,11,119.0,87.0,49.58,32.0,37.42,0.0,85,85,0,0,0,1
2026-06-18,A,A01BR007,BR,11,119.0,73.0,73.0,46.0,0.0,0.0,392,392,0,0,0,1
2026-06-18,A,A01HB001,HB,11,109.0,102.0,97.47,7.0,4.53,0.0,258,258,0,0,0,1
2026-06-18,A,A01HB003,HB,11,109.0,109.0,102.98,0.0,6.02,0.0,222,222,0,0,0,1
2026-06-18,A,A01HB004,HB,11,109.0,109.0,109.0,0.0,0.0,0.0,224,224,0,0,0,1
2026-06-18,A,A01HB005,HB,11,109.0,101.0,98.7,8.0,2.3,0.0,282,282,0,0,0,1
2026-06-18,A,A01HB006,HB,11,109.0,101.0,63.33,8.0,37.67,0.0,200,200,0,0,0,1
2026-06-18,A,A01HB008,HB,11,109.0,101.0,61.5,8.0,39.5,0.0,205,205,0,0,0,1
2026-06-18,A,A01HB009,HB,11,109.0,109.0,109.0,0.0,0.0,0.0,258,258,0,0,0,1
2026-06-18,A,A01HB010,HB,11,109.0,109.0,109.0,0.0,0.0,0.0,258,258,0,0,0,1
2026-06-18,A,A01HB017,HB,11,109.0,100.0,100.0,9.0,0.0,0.0,246,246,0,0,0,1
2026-06-18,A,A01HB018,HB,11,109.0,109.0,109.0,0.0,0.0,0.0,168,168,0,0,0,1
2026-06-18,A,A01HB020,HB,11,109.0,64.0,41.33,45.0,22.67,0.0,96,96,0,0,0,1
2026-06-18,A,A01CN120,CN,12,169.0,142.0,142.0,27.0,0.0,0.0,178,178,0,0,0,1
2026-06-18,A,A01TRP35,TR,12,109.0,1.0,0.0,108.0,1.0,0.0,0,0,0,0,0,1
2026-06-18,A,A01CN122,CN,12,219.0,185.0,162.5,34.0,22.5,0.0,375,375,0,0,0,1
2026-06-18,A,A01HB015,HB,12,109.0,109.0,109.0,0.0,0.0,0.0,144,144,0,0,0,1
2026-06-18,A,A01CN123,CN,12,199.0,187.0,96.0,12.0,91.0,0.0,640,640,0,0,0,1
2026-06-18,A,A01CN121,CN,12,194.0,129.0,129.0,65.0,0.0,0.0,183,183,0,0,0,1
2026-06-18,A,A01CN003,CN,12,189.0,104.0,50.0,85.0,54.0,0.0,120,120,0,0,0,1
2026-06-18,A,A01CN089,CN,12,179.0,143.0,143.0,36.0,0.0,0.0,408,408,0,0,0,1
2026-06-18,A,A01CN097,CN,12,189.0,183.0,183.0,6.0,0.0,0.0,692,692,0,0,0,1
2026-06-18,A,A01CN102,CN,12,104.0,11.0,3.83,93.0,7.17,0.0,5,5,0,0,0,1
2026-06-18,A,A01CN103,CN,12,189.0,160.0,145.55,29.0,14.45,0.0,213,213,0,0,0,1
2026-06-18,A,A01CN005,CN,13,191.0,176.0,141.75,15.0,34.25,0.0,189,189,0,0,0,1
2026-06-18,A,A01CN100,CN,13,189.0,102.0,66.67,87.0,35.33,0.0,40,40,0,0,0,1
2026-06-18,A,A01HB025,HB,14,215.0,215.0,215.0,0.0,0.0,0.0,374,374,0,0,0,1
2026-06-18,A,A01HB013,HB,14,266.0,266.0,240.17,0.0,25.83,0.0,352,352,0,0,0,1
2026-06-18,A,A01HB014,HB,14,266.0,266.0,264.0,0.0,2.0,0.0,352,352,0,0,0,1
2026-06-18,A,A01CN024,CN,14,209.0,124.0,87.75,85.0,36.25,0.0,117,117,0,0,0,1
2026-06-18,A,A01CN049,CN,15,219.0,219.0,219.0,0.0,0.0,0.0,276,276,0,0,0,1
2026-06-18,A,A01CN052,CN,15,270.0,263.0,263.0,7.0,0.0,0.0,378,378,0,0,0,1
2026-06-18,A,A01CN061,CN,15,289.0,207.0,176.0,82.0,31.0,0.8,220,219,0,1,1,1
2026-06-18,A,A01CN069,CN,15,289.0,227.0,142.4,62.0,84.6,0.0,178,178,0,0,0,1
2026-06-18,A,A01CN123,CN,15,99.0,98.0,98.0,1.0,0.0,0.0,372,372,0,0,0,1
2026-06-18,A,A01CN083,CN,15,331.0,221.0,221.0,110.0,0.0,0.0,1370,1370,0,0,0,1
2026-06-18,A,A01CN029,CN,16,219.0,203.0,203.0,16.0,0.0,0.0,622,622,0,0,0,1
2026-06-18,A,A01CN054,CN,16,420.0,395.0,395.0,25.0,0.0,0.0,1198,1198,0,0,0,1
2026-06-18,A,A01CN056,CN,16,417.0,343.0,296.7,74.0,46.3,0.0,989,989,0,0,0,1
2026-06-18,A,A01CN073,CN,16,417.0,307.0,280.0,110.0,27.0,0.0,840,840,0,0,0,1
2026-06-18,A,A01CN077,CN,16,417.0,252.0,236.7,165.0,15.3,0.0,789,789,0,0,0,1
2026-06-18,A,A01CN002,CN,16,379.0,349.0,328.0,30.0,21.0,0.0,328,328,0,0,0,1
2026-06-18,A,A01CN006,CN,16,379.0,301.0,174.67,78.0,126.33,0.0,524,524,0,0,0,1
2026-06-18,A,A01CN008,CN,16,379.0,372.0,372.0,7.0,0.0,0.0,390,390,0,0,0,1
2026-06-18,A,A01CN013,CN,16,379.0,341.0,341.0,38.0,0.0,0.0,963,963,0,0,0,1
2026-06-18,A,A01CN025,CN,16,379.0,341.0,341.0,38.0,0.0,0.0,737,737,0,0,0,1
2026-06-18,A,A01CN031,CN,16,379.0,363.0,363.0,16.0,0.0,0.0,1446,1446,0,0,0,1
2026-06-18,A,A01CN038,CN,16,254.0,124.0,91.2,130.0,32.8,0.95,288,285,0,3,3,1
2026-06-18,A,A01CN039,CN,16,254.0,176.0,145.35,78.0,30.65,0.0,459,459,0,0,0,1
2026-06-18,A,A01CN133,CN,16,379.0,364.0,364.0,15.0,0.0,0.0,259,259,0,0,0,1
2026-06-18,A,A01CN090,CN,16,379.0,374.0,364.8,5.0,9.2,0.0,1368,1368,0,0,0,1
2026-06-18,A,A01CN091,CN,16,379.0,357.0,349.6,22.0,7.4,0.0,1311,1311,0,0,0,1
2026-06-18,A,A01CN092,CN,16,379.0,339.0,322.05,40.0,16.95,0.63,1017,1015,2,0,2,1
2026-06-18,A,A01CN094,CN,16,379.0,362.0,227.5,17.0,134.5,0.0,546,546,0,0,0,1
2026-06-18,A,A01TMC02,TM,16,424.0,171.0,171.0,253.0,0.0,0.0,242,242,0,0,0,1
2026-06-18,A,A01TMC10,TM,16,221.0,203.0,187.0,18.0,16.0,0.0,187,187,0,0,0,1
2026-06-18,A,A01CN134,CN,16,409.0,368.0,368.0,41.0,0.0,0.0,254,254,0,0,0,1
2026-06-18,A,A01TMC08,TM,16,419.0,292.0,292.0,127.0,0.0,0.0,640,640,0,0,0,1
2026-06-18,A,A01CN137,CN,16,224.0,112.0,24.0,112.0,88.0,0.0,36,36,0,0,0,1
2026-06-18,A,A01CN130,CN,16,419.0,0.0,0.0,419.0,0.0,0.0,0,0,0,0,0,1
2026-06-18,A,A01CN132,CN,16,400.0,48.0,32.8,352.0,15.2,0.0,82,82,0,0,0,1
2026-06-18,A,A01CN081,CN,16,386.0,317.0,227.0,69.0,90.0,0.0,227,227,0,0,0,1
2026-06-18,A,A01CN084,CN,16,386.0,357.0,296.0,29.0,61.0,0.0,296,296,0,0,0,1
2026-06-18,A,A01TMC07,TM,16,424.0,290.0,290.0,134.0,0.0,0.0,674,674,0,0,0,1
2026-06-18,A,A01CN014,CN,16,379.0,375.0,375.0,4.0,0.0,0.0,1408,1408,0,0,0,1
2026-06-18,A,A01CN015,CN,16,379.0,376.0,376.0,3.0,0.0,0.0,1385,1385,0,0,0,1
2026-06-18,A,A01CN021,CN,16,379.0,375.0,375.0,4.0,0.0,0.0,1258,1258,0,0,0,1
2026-06-18,A,A01CN022,CN,16,379.0,367.0,367.0,12.0,0.0,0.0,1299,1299,0,0,0,1
2026-06-18,A,A01CN023,CN,16,379.0,372.0,372.0,7.0,0.0,0.0,1214,1214,0,0,0,1
2026-06-18,A,A01CN026,CN,16,379.0,376.0,376.0,3.0,0.0,0.0,1250,1250,0,0,0,1
2026-06-18,A,A01CN028,CN,16,419.0,0.0,0.0,419.0,0.0,0.0,0,0,0,0,0,1
2026-06-18,A,A01CN041,CN,16,391.0,327.0,218.75,64.0,108.25,0.0,375,375,0,0,0,1
2026-06-18,A,A01CN053,CN,16,438.0,332.0,309.0,106.0,23.0,0.0,1030,1030,0,0,0,1
2026-06-18,A,A01CN055,CN,16,434.0,385.0,385.0,49.0,0.0,0.0,1176,1176,0,0,0,1
2026-06-18,A,A01CN057,CN,16,434.0,387.0,367.5,47.0,19.5,0.0,1225,1225,0,0,0,1
2026-06-18,A,A01CN058,CN,16,434.0,422.0,422.0,12.0,0.0,0.0,1298,1298,0,0,0,1
2026-06-18,A,A01CN059,CN,16,434.0,369.0,343.0,65.0,26.0,0.0,1029,1029,0,0,0,1
2026-06-18,A,A01CN060,CN,16,434.0,389.0,382.8,45.0,6.2,0.0,1276,1276,0,0,0,1
2026-06-18,A,A01CN063,CN,16,399.0,324.0,299.87,75.0,24.13,0.0,692,692,0,0,0,1
2026-06-18,A,A01CN065,CN,16,391.0,295.0,190.75,96.0,104.25,0.0,327,327,0,0,0,1
2026-06-18,A,A01CN067,CN,16,287.0,234.0,102.0,53.0,132.0,0.0,180,180,0,0,0,1
2026-06-18,A,A01CN071,CN,16,409.0,210.0,171.0,199.0,39.0,0.0,570,570,0,0,0,1
2026-06-18,A,A01CN072,CN,16,434.0,299.0,255.6,135.0,43.4,0.9,852,849,1,2,3,1
2026-06-18,A,A01CN076,CN,16,434.0,257.0,247.2,177.0,9.8,0.0,824,824,0,0,0,1
2026-06-18,A,A01CN080,CN,16,287.0,279.0,261.33,8.0,17.67,0.0,784,784,0,0,0,1
2026-06-18,A,A01CN086,CN,16,374.0,328.0,261.45,46.0,66.55,0.0,378,378,0,0,0,1
2026-06-18,A,A01CN087,CN,16,374.0,273.0,208.6,101.0,64.4,0.0,447,447,0,0,0,1
2026-06-18,A,A01CN088,CN,16,379.0,333.0,333.0,46.0,0.0,0.0,459,459,0,0,0,1
2026-06-18,A,A01CN098,CN,16,391.0,360.0,335.0,31.0,25.0,0.0,335,335,0,0,0,1
2026-06-18,A,A01CN101,CN,16,304.0,105.0,89.52,199.0,15.48,0.0,131,131,0,0,0,1
2026-06-18,A,A01CN104,CN,16,304.0,8.0,2.5,296.0,5.5,0.0,5,5,0,0,0,1
2026-06-18,A,A01CN105,CN,16,379.0,276.0,217.7,103.0,58.3,0.0,311,311,0,0,0,1
2026-06-18,A,A01CN106,CN,16,379.0,332.0,332.0,47.0,0.0,0.0,752,752,0,0,0,1
2026-06-18,A,A01CN107,CN,16,379.0,289.0,111.3,90.0,177.7,0.0,159,159,0,0,0,1
2026-06-18,A,A01BR005,BR,16,379.0,302.0,302.0,77.0,0.0,0.0,3044,3044,0,0,0,1
2026-06-18,A,A01HB021,HB,16,415.0,342.0,299.93,73.0,42.07,0.0,264,264,0,0,0,1
2026-06-18,A,A01CN113,CN,16,379.0,320.0,290.83,59.0,29.17,0.0,349,349,0,0,0,1
2026-06-18,A,A01CN114,CN,16,379.0,315.0,158.6,64.0,156.4,0.0,366,366,0,0,0,1
2026-06-18,A,A01CN116,CN,16,399.0,292.0,154.0,107.0,138.0,0.0,560,560,0,0,0,1
2026-06-18,A,A01CN138,CN,16,424.0,171.0,158.0,253.0,13.0,0.0,237,237,0,0,0,1
2026-06-18,A,A01CN139,CN,16,424.0,40.0,28.0,384.0,12.0,0.0,42,42,0,0,0,1
2026-06-18,A,A01CN128,CN,16,394.0,384.0,353.97,10.0,30.03,0.0,574,574,0,0,0,1
2026-06-18,A,A01HB007,HB,16,109.0,17.0,17.0,92.0,0.0,0.0,52,52,0,0,0,1
2026-06-18,A,A01CN027,CN,17,484.0,476.0,460.17,8.0,15.83,0.0,502,502,0,0,0,1
2026-06-18,A,A01CN070,CN,17,451.0,366.0,234.0,85.0,132.0,0.0,234,234,0,0,0,1
2026-06-18,A,A01CN019,CN,17,470.0,470.0,195.0,0.0,275.0,0.0,325,325,0,0,0,1
2026-06-18,A,A01CN020,CN,17,470.0,393.0,246.5,77.0,146.5,0.0,493,493,0,0,0,1
2026-06-18,A,A01CN064,CN,17,470.0,366.0,309.0,104.0,57.0,0.0,309,309,0,0,0,1
2026-06-18,A,A01CN108,CN,17,470.0,411.0,363.0,59.0,48.0,0.0,363,363,0,0,0,1
2026-06-18,A,A01CN111,CN,17,470.0,390.0,278.0,80.0,112.0,0.0,278,278,0,0,0,1
2026-06-18,A,A01CN112,CN,17,470.0,401.0,341.0,69.0,60.0,0.0,341,341,0,0,0,1
2026-06-18,A,A01CN124,CN,18,539.0,157.0,124.13,382.0,32.87,0.0,152,152,0,0,0,1
2026-06-18,A,A01CN125,CN,18,539.0,388.0,251.47,151.0,136.53,0.0,184,184,0,0,0,1
2026-06-18,A,A01CN126,CN,18,539.0,279.0,277.33,260.0,1.67,0.0,832,832,0,0,0,1
2026-06-18,A,A01CN127,CN,18,529.0,83.0,67.6,446.0,15.4,0.0,156,156,0,0,0,1
2026-06-18,A,A01CN129,CN,18,539.0,0.0,0.0,539.0,0.0,0.0,0,0,0,0,0,1
2026-06-18,A,A01CN131,CN,18,539.0,228.0,0.0,311.0,228.0,0.0,0,0,0,0,0,1
2026-06-18,A,A01CN001,CN,18,506.0,500.0,476.0,6.0,24.0,0.0,476,476,0,0,0,1
2026-06-18,A,A01CN017,CN,18,506.0,452.0,381.0,54.0,71.0,0.0,508,508,0,0,0,1
2026-06-18,A,A01CN018,CN,18,506.0,460.0,407.25,46.0,52.75,0.0,543,543,0,0,0,1
2026-06-18,A,A01CN030,CN,18,506.0,486.0,452.0,20.0,34.0,0.0,452,452,0,0,0,1
2026-06-18,A,A01CN045,CN,18,554.0,527.0,527.0,27.0,0.0,0.0,930,930,0,0,0,1
2026-06-18,A,A01CN046,CN,18,554.0,541.0,523.6,13.0,17.4,0.0,924,924,0,0,0,1
2026-06-18,A,A01CN047,CN,18,554.0,443.0,292.83,111.0,150.17,0.0,502,502,0,0,0,1
2026-06-18,A,A01CN048,CN,18,554.0,475.0,466.67,79.0,8.33,0.0,800,800,0,0,0,1
2026-06-18,A,A01CN050,CN,18,554.0,512.0,504.0,42.0,8.0,0.58,864,863,0,1,1,1
2026-06-18,A,A01CN051,CN,18,554.0,512.0,512.0,42.0,0.0,0.0,918,918,0,0,0,1
2026-06-18,A,A01CN062,CN,18,554.0,512.0,512.0,42.0,0.0,0.0,894,894,0,0,0,1
2026-06-18,A,A01CN068,CN,18,554.0,500.0,500.0,54.0,0.0,0.0,914,914,0,0,0,1
2026-06-18,A,A01CN074,CN,18,554.0,240.0,116.67,314.0,123.33,0.0,200,200,0,0,0,1
2026-06-18,A,A01CN075,CN,18,554.0,232.0,197.17,322.0,34.83,0.0,338,338,0,0,0,1
2026-06-18,A,A01CN085,CN,18,506.0,422.0,323.2,84.0,98.8,0.0,303,303,0,0,0,1
2026-06-18,A,A01CN099,CN,18,506.0,461.0,417.0,45.0,44.0,0.0,417,417,0,0,0,1
2026-06-18,A,A01TMC04,TM,18,562.0,477.0,477.0,85.0,0.0,0.0,576,576,0,0,0,1
2026-06-18,A,A01TMC05,TM,18,562.0,469.0,469.0,93.0,0.0,0.0,1123,1123,0,0,0,1
2026-06-18,A,A01TMC06,TM,18,562.0,457.0,448.7,105.0,8.3,0.0,641,641,0,0,0,1
2026-06-18,A,A01VMC03,VM,18,114.0,91.0,40.0,23.0,51.0,0.0,160,160,0,0,0,1
2026-06-18,A,A01VMC08,VM,18,554.0,435.0,418.0,119.0,17.0,0.0,1320,1320,0,0,0,1
2026-06-18,A,A01VMC09,VM,18,554.0,533.0,479.75,21.0,53.25,0.0,1515,1515,0,0,0,1
2026-06-18,A,A01VMC10,VM,18,554.0,516.0,406.67,38.0,109.33,0.0,2440,2440,0,0,0,1
2026-06-18,A,A01VMC11,VM,18,554.0,533.0,489.25,21.0,43.75,0.0,1545,1545,0,0,0,1
2026-06-18,A,A01VMC12,VM,18,584.0,515.0,513.0,69.0,2.0,0.32,1620,1619,1,0,1,1
2026-06-18,A,A01VMC15,VM,18,554.0,545.0,486.0,9.0,59.0,0.0,1620,1620,0,0,0,1
2026-06-18,A,A01VMC16,VM,18,554.0,538.0,459.0,16.0,79.0,0.0,1530,1530,0,0,0,1
2026-06-18,A,A01CN117,CN,18,544.0,86.0,55.73,458.0,30.27,0.0,76,76,0,0,0,1
2026-06-18,A,A01CN118,CN,18,539.0,86.0,55.73,453.0,30.27,0.0,76,76,0,0,0,1
2026-06-18,A,A01CN042,CN,18,559.0,111.0,72.6,448.0,38.4,0.0,132,132,0,0,0,1
2026-06-18,A,A01CN044,CN,18,124.0,88.0,66.0,36.0,22.0,0.0,110,110,0,0,0,1
2026-06-18,B,A01CN124,CN,20,49.0,6.0,1.63,43.0,4.37,0.0,2,2,0,0,0,1
2026-06-18,B,A01CN125,CN,20,49.0,49.0,41.0,0.0,8.0,0.0,30,30,0,0,0,1
2026-06-18,B,A01CN126,CN,20,49.0,3.0,0.67,46.0,2.33,0.0,2,2,0,0,0,1
2026-06-18,B,A01CN127,CN,20,49.0,10.0,1.3,39.0,8.7,0.0,3,3,0,0,0,1
2026-06-18,B,A01CN129,CN,20,49.0,0.0,0.0,49.0,0.0,0.0,0,0,0,0,0,1
2026-06-18,B,A01CN130,CN,20,49.0,0.0,0.0,49.0,0.0,0.0,0,0,0,0,0,1
2026-06-18,B,A01CN132,CN,20,49.0,42.0,36.4,7.0,5.6,0.0,91,91,0,0,0,1
2026-06-18,B,A01CN135,CN,20,49.0,0.0,0.0,49.0,0.0,0.0,0,0,0,0,0,1
2026-06-18,B,A01HB019,HB,21,109.0,74.0,51.9,35.0,22.1,0.0,54,54,0,0,0,1
2026-06-18,B,A01CN049,CN,21,109.0,96.0,96.0,13.0,0.0,0.0,122,122,0,0,0,1
2026-06-18,B,A01CN052,CN,21,109.0,88.0,87.5,21.0,0.5,0.0,125,125,0,0,0,1
2026-06-18,B,A01CN061,CN,21,109.0,70.0,70.0,39.0,0.0,0.0,88,88,0,0,0,1
2026-06-18,B,A01CN069,CN,21,109.0,101.0,101.0,8.0,0.0,0.0,136,136,0,0,0,1
2026-06-18,B,A01CN131,CN,21,49.0,0.0,0.0,49.0,0.0,0.0,0,0,0,0,0,1
2026-06-18,B,A01CN006,CN,22,157.0,149.0,141.33,8.0,7.67,0.0,424,424,0,0,0,1
2026-06-18,B,A01CN007,CN,22,49.0,2.0,2.0,47.0,0.0,0.0,166,166,0,0,0,1
2026-06-18,B,A01CN016,CN,22,54.0,10.0,10.0,44.0,0.0,0.0,143,143,0,0,0,1
2026-06-18,B,A01CN025,CN,22,157.0,148.0,148.0,9.0,0.0,0.0,327,327,0,0,0,1
2026-06-18,B,A01CN067,CN,22,149.0,131.0,61.2,18.0,69.8,0.0,108,108,0,0,0,1
2026-06-18,B,A01CN071,CN,22,149.0,143.0,143.0,6.0,0.0,0.0,512,512,0,0,0,1
2026-06-18,B,A01CN078,CN,22,54.0,41.0,16.0,13.0,25.0,0.0,32,32,0,0,0,1
2026-06-18,B,A01CN079,CN,22,54.0,19.0,11.33,35.0,7.67,0.0,20,20,0,0,0,1
2026-06-18,B,A01CN080,CN,22,149.0,116.0,116.0,33.0,0.0,0.0,381,381,0,0,0,1
2026-06-18,B,A01CN084,CN,22,169.0,158.0,125.0,11.0,33.0,0.0,125,125,0,0,0,1
2026-06-18,B,A01CN089,CN,22,54.0,28.0,18.4,26.0,9.6,0.0,48,48,0,0,0,1
2026-06-18,B,A01CN096,CN,22,151.0,0.0,0.0,151.0,0.0,0.0,0,0,0,0,0,1
2026-06-18,B,A01VMC04,VM,22,123.0,112.0,85.5,11.0,26.5,0.0,270,270,0,0,0,1
2026-06-18,B,A01VMC05,VM,22,100.0,68.0,46.5,32.0,21.5,0.0,45,45,0,0,0,1
2026-06-18,B,A01CN102,CN,22,134.0,7.0,3.07,127.0,3.93,0.0,4,4,0,0,0,1
2026-06-18,B,A01CN103,CN,22,154.0,134.0,134.0,20.0,0.0,0.0,208,208,0,0,0,1
2026-06-18,B,A01CN105,CN,22,149.0,139.0,100.8,10.0,38.2,0.0,144,144,0,0,0,1
2026-06-18,B,A01CN106,CN,22,149.0,142.0,138.6,7.0,3.4,0.0,308,308,0,0,0,1
2026-06-18,B,A01BR005,BR,22,149.0,124.0,124.0,25.0,0.0,0.0,1764,1764,0,0,0,1
2026-06-18,B,A01BR007,BR,22,59.0,8.0,8.0,51.0,0.0,0.0,728,728,0,0,0,1
2026-06-18,B,A01TAP14,TA,22,49.0,10.0,10.0,39.0,0.0,0.0,313,313,0,0,0,1
2026-06-18,B,A01CN114,CN,22,149.0,145.0,74.53,4.0,70.47,0.0,172,172,0,0,0,1
2026-06-18,B,A01CN063,CN,23,223.0,162.0,155.57,61.0,6.43,0.0,359,359,0,0,0,1
2026-06-18,B,A01CN013,CN,23,237.0,174.0,174.0,63.0,0.0,0.0,561,561,0,0,0,1
2026-06-18,B,A01CN090,CN,23,227.0,179.0,179.0,48.0,0.0,0.0,843,843,0,0,0,1
2026-06-18,B,A01VMC07,VM,0,110.0,0.0,0.0,110.0,0.0,0.0,0,0,0,0,0,1
2026-06-18,B,A01VMC06,VM,1,344.0,215.0,167.0,129.0,48.0,0.0,167,167,0,0,0,1
2026-06-18,B,A01CN100,CN,1,274.0,265.0,253.33,9.0,11.67,0.0,152,152,0,0,0,1
2026-06-18,B,A01CN116,CN,1,274.0,258.0,152.9,16.0,105.1,0.0,556,556,0,0,0,1
2026-06-18,B,A01CN115,CN,1,284.0,37.0,0.0,247.0,37.0,0.0,0,0,0,0,0,1
2026-06-18,B,A01CN137,CN,1,294.0,22.0,3.33,272.0,18.67,0.0,5,5,0,0,0,1
2026-06-18,B,A01TMC01,TM,1,99.0,98.0,94.8,1.0,3.2,0.0,158,158,0,0,0,1
2026-06-18,B,A01CN070,CN,2,109.0,99.0,82.0,10.0,17.0,0.0,82,82,0,0,0,1
2026-06-18,B,A01CN027,CN,2,444.0,386.0,386.0,58.0,0.0,0.0,434,434,0,0,0,1
2026-06-18,B,A01CN028,CN,2,444.0,0.0,0.0,444.0,0.0,0.0,0,0,0,0,0,1
2026-06-18,B,A01CN122,CN,2,343.0,310.0,293.37,33.0,16.63,0.0,677,677,0,0,0,1
2026-06-18,B,A01TMC02,TM,2,429.0,421.0,421.0,8.0,0.0,0.0,619,619,0,0,0,1
2026-06-18,B,A01TMC06,TM,2,444.0,441.0,441.0,3.0,0.0,0.0,631,631,0,0,0,1
2026-06-18,B,A01TMC10,TM,2,447.0,447.0,447.0,0.0,0.0,0.0,450,450,0,0,0,1
2026-06-18,B,A01CN123,CN,2,341.0,314.0,314.0,27.0,0.0,0.0,1126,1126,0,0,0,1
2026-06-18,B,A01CN066,CN,2,412.0,330.0,330.0,82.0,0.0,0.0,2442,2442,0,0,0,1
2026-06-18,B,A01CN002,CN,3,417.0,379.0,379.0,38.0,0.0,0.0,394,394,0,0,0,1
2026-06-18,B,A01CN003,CN,3,417.0,332.0,190.0,85.0,142.0,0.0,456,456,0,0,0,1
2026-06-18,B,A01CN008,CN,3,407.0,385.0,378.0,22.0,7.0,0.0,378,378,0,0,0,1
2026-06-18,B,A01CN029,CN,3,409.0,383.0,383.0,26.0,0.0,0.0,1202,1202,0,0,0,1
2026-06-18,B,A01CN031,CN,3,407.0,403.0,403.0,4.0,0.0,0.0,1821,1821,0,0,0,1
2026-06-18,B,A01CN038,CN,3,404.0,378.0,378.0,26.0,0.0,0.27,1410,1409,0,1,1,1
2026-06-18,B,A01CN039,CN,3,404.0,376.0,376.0,28.0,0.0,0.0,1335,1335,0,0,0,1
2026-06-18,B,A01CN133,CN,3,401.0,382.0,382.0,19.0,0.0,0.0,314,314,0,0,0,1
2026-06-18,B,A01CN091,CN,3,404.0,380.0,380.0,24.0,0.0,0.0,1590,1590,0,0,0,1
2026-06-18,B,A01CN092,CN,3,417.0,415.0,415.0,2.0,0.0,0.0,1458,1458,0,0,0,1
2026-06-18,B,A01CN094,CN,3,414.0,400.0,244.17,14.0,155.83,0.0,586,586,0,0,0,1
2026-06-18,B,A01CN097,CN,3,414.0,414.0,414.0,0.0,0.0,0.0,1596,1596,0,0,0,1
2026-06-18,B,A01CN134,CN,3,431.0,370.0,370.0,61.0,0.0,0.0,294,294,0,0,0,1
2026-06-18,B,A01HB001,HB,3,419.0,407.0,407.0,12.0,0.0,0.0,1134,1134,0,0,0,1
2026-06-18,B,A01HB002,HB,3,419.0,413.0,413.0,6.0,0.0,0.0,1074,1074,0,0,0,1
2026-06-18,B,A01HB003,HB,3,419.0,412.0,403.58,7.0,8.42,0.0,870,870,0,0,0,1
2026-06-18,B,A01HB004,HB,3,419.0,404.0,341.6,15.0,62.4,0.51,672,671,1,0,1,1
2026-06-18,B,A01HB005,HB,3,419.0,415.0,331.8,4.0,83.2,0.0,948,948,0,0,0,1
2026-06-18,B,A01HB006,HB,3,419.0,331.0,129.83,88.0,201.17,0.0,410,410,0,0,0,1
2026-06-18,B,A01HB007,HB,3,419.0,134.0,134.0,285.0,0.0,0.0,428,428,0,0,0,1
2026-06-18,B,A01HB008,HB,3,419.0,419.0,270.0,0.0,149.0,0.0,900,900,0,0,0,1
2026-06-18,B,A01HB009,HB,3,419.0,419.0,419.0,0.0,0.0,0.0,1020,1020,0,0,0,1
2026-06-18,B,A01HB010,HB,3,419.0,419.0,419.0,0.0,0.0,0.0,1038,1038,0,0,0,1
2026-06-18,B,A01HB015,HB,3,399.0,31.0,31.0,368.0,0.0,0.0,48,48,0,0,0,1
2026-06-18,B,A01HB017,HB,3,419.0,383.0,312.58,36.0,70.42,0.0,726,726,0,0,0,1
2026-06-18,B,A01HB018,HB,3,419.0,410.0,410.0,9.0,0.0,0.0,612,612,0,0,0,1
2026-06-18,B,A01HB020,HB,3,399.0,359.0,255.75,40.0,103.25,0.0,594,594,0,0,0,1
2026-06-18,B,A01CN101,CN,3,414.0,378.0,378.0,36.0,0.0,0.0,574,574,0,0,0,1
2026-06-18,B,A01CN104,CN,3,411.0,13.0,5.0,398.0,8.0,0.0,10,10,0,0,0,1
2026-06-18,B,A01HB012,HB,3,429.0,132.0,132.0,297.0,0.0,0.0,789,789,0,0,0,1
2026-06-18,B,A01HB011,HB,3,469.0,461.0,461.0,8.0,0.0,0.0,2570,2570,0,0,0,1
2026-06-18,B,A01CN042,CN,4,519.0,471.0,471.0,48.0,0.0,0.0,884,884,0,0,0,1
2026-06-18,B,A01VMC08,VM,4,519.0,505.0,505.0,14.0,0.0,0.0,1710,1710,0,0,0,1
2026-06-18,B,A01VMC09,VM,4,519.0,519.0,519.0,0.0,0.0,0.31,1665,1664,1,0,1,1
2026-06-18,B,A01TMC04,TM,4,564.0,485.0,485.0,79.0,0.0,0.0,602,602,0,0,0,1
2026-06-18,B,A01TMC05,TM,4,564.0,465.0,465.0,99.0,0.0,0.0,1168,1168,0,0,0,1
2026-06-18,B,A01TMC07,TM,4,567.0,488.0,488.0,79.0,0.0,0.0,1137,1137,0,0,0,1
2026-06-18,B,A01TMC09,TM,4,474.0,419.0,419.0,55.0,0.0,0.0,622,622,0,0,0,1
2026-06-18,B,A01TMC08,TM,4,567.0,496.0,496.0,71.0,0.0,0.0,1068,1068,0,0,0,1
2026-06-18,B,A01CN001,CN,5,509.0,451.0,451.0,58.0,0.0,0.0,458,458,0,0,0,1
2026-06-18,B,A01CN014,CN,5,529.0,500.0,500.0,29.0,0.0,0.0,1878,1878,0,0,0,1
2026-06-18,B,A01CN015,CN,5,529.0,503.0,503.0,26.0,0.0,0.0,1775,1775,0,0,0,1
2026-06-18,B,A01CN021,CN,5,529.0,480.0,480.0,49.0,0.0,0.0,1526,1526,0,0,0,1
2026-06-18,B,A01CN022,CN,5,529.0,522.0,509.7,7.0,12.3,0.0,1699,1699,0,0,0,1
2026-06-18,B,A01CN023,CN,5,529.0,513.0,513.0,16.0,0.0,0.0,1606,1606,0,0,0,1
2026-06-18,B,A01CN026,CN,5,529.0,526.0,526.0,3.0,0.0,0.0,1690,1690,0,0,0,1
2026-06-18,B,A01CN081,CN,5,509.0,435.0,368.0,74.0,67.0,0.0,368,368,0,0,0,1
2026-06-18,B,A01CN083,CN,5,519.0,395.0,386.67,124.0,8.33,0.0,2320,2320,0,0,0,1
2026-06-18,B,A01CN085,CN,5,519.0,491.0,491.0,28.0,0.0,0.0,471,471,0,0,0,1
2026-06-18,B,A01CN088,CN,5,499.0,463.0,463.0,36.0,0.0,0.0,699,699,0,0,0,1
2026-06-18,B,A01VMC16,VM,5,539.0,499.0,481.5,40.0,17.5,0.0,1605,1605,0,0,0,1
2026-06-18,B,A01CN113,CN,5,529.0,519.0,519.0,10.0,0.0,0.0,712,712,0,0,0,1
2026-06-18,B,A01CN017,CN,5,489.0,425.0,425.0,64.0,0.0,0.0,567,567,0,0,0,1
2026-06-18,B,A01CN018,CN,5,574.0,532.0,532.0,42.0,0.0,0.0,714,714,0,0,0,1
2026-06-18,B,A01CN030,CN,5,539.0,458.0,428.0,81.0,30.0,0.0,428,428,0,0,0,1
2026-06-18,B,A01CN065,CN,5,571.0,417.0,310.92,154.0,106.08,0.0,533,533,0,0,0,1
2026-06-18,B,A01CN098,CN,5,539.0,380.0,333.0,159.0,47.0,0.0,333,333,0,0,0,1
2026-06-18,B,A01CN099,CN,5,549.0,486.0,470.0,63.0,16.0,0.0,470,470,0,0,0,1
2026-06-18,B,A01CN112,CN,5,599.0,578.0,479.0,21.0,99.0,0.0,479,479,0,0,0,1
2026-06-18,B,A01CN005,CN,6,599.0,537.0,478.5,62.0,58.5,0.0,638,638,0,0,0,1
2026-06-18,B,A01CN024,CN,6,601.0,465.0,372.0,136.0,93.0,0.0,496,496,0,0,0,1
2026-06-18,B,A01CN041,CN,6,601.0,475.0,362.25,126.0,112.75,0.0,621,621,0,0,0,1
2026-06-18,B,A01CN053,CN,6,589.0,550.0,550.0,39.0,0.0,0.0,1845,1845,0,0,0,1
2026-06-18,B,A01CN054,CN,6,589.0,570.0,569.67,19.0,0.33,0.0,1709,1709,0,0,0,1
2026-06-18,B,A01CN055,CN,6,589.0,512.0,512.0,77.0,0.0,0.61,1687,1685,0,2,2,1
2026-06-18,B,A01CN056,CN,6,589.0,539.0,534.3,50.0,4.7,0.0,1781,1781,0,0,0,1
2026-06-18,B,A01CN057,CN,6,589.0,530.0,530.0,59.0,0.0,0.0,1847,1847,0,0,0,1
2026-06-18,B,A01CN058,CN,6,589.0,535.0,535.0,54.0,0.0,0.0,1707,1707,0,0,0,1
2026-06-18,B,A01CN059,CN,6,589.0,530.0,530.0,59.0,0.0,0.0,1771,1771,0,0,0,1
2026-06-18,B,A01CN060,CN,6,589.0,503.0,503.0,86.0,0.0,0.0,1795,1795,0,0,0,1
2026-06-18,B,A01CN072,CN,6,589.0,566.0,509.4,23.0,56.6,0.0,1698,1698,0,0,0,1
2026-06-18,B,A01CN073,CN,6,589.0,491.0,478.33,98.0,12.67,0.0,1435,1435,0,0,0,1
2026-06-18,B,A01CN076,CN,6,589.0,552.0,519.6,37.0,32.4,0.0,1732,1732,0,0,0,1
2026-06-18,B,A01CN077,CN,6,589.0,444.0,444.0,145.0,0.0,0.0,1490,1490,0,0,0,1
2026-06-18,B,A01HB021,HB,6,409.0,409.0,395.37,0.0,13.63,0.0,348,348,0,0,0,1
2026-06-18,B,A01CN019,CN,6,627.0,627.0,468.6,0.0,158.4,0.0,781,781,0,0,0,1
2026-06-18,B,A01CN020,CN,6,659.0,501.0,387.0,158.0,114.0,0.0,774,774,0,0,0,1
2026-06-18,B,A01CN064,CN,6,659.0,508.0,400.0,151.0,108.0,0.0,400,400,0,0,0,1
2026-06-18,B,A01CN108,CN,6,659.0,523.0,418.0,136.0,105.0,0.0,418,418,0,0,0,1
2026-06-18,B,A01CN111,CN,6,499.1,450.62,373.38,48.47,77.25,0.0,493,493,0,0,0,1
2026-06-18,B,A01CN044,CN,6,594.0,509.0,492.0,85.0,17.0,0.0,820,820,0,0,0,1
2026-06-18,B,A01CN045,CN,7,671.0,365.0,365.0,306.0,0.0,0.0,646,646,0,0,0,1
2026-06-18,B,A01CN046,CN,7,674.0,594.0,584.8,80.0,9.2,0.0,1032,1032,0,0,0,1
2026-06-18,B,A01CN047,CN,7,669.0,487.0,357.0,182.0,130.0,0.0,612,612,0,0,0,1
2026-06-18,B,A01CN048,CN,7,659.0,598.0,598.0,61.0,0.0,0.0,1036,1036,0,0,0,1
2026-06-18,B,A01CN050,CN,7,669.0,517.0,517.0,152.0,0.0,0.55,940,939,0,1,1,1
2026-06-18,B,A01CN051,CN,7,659.0,580.0,580.0,79.0,0.0,0.0,1068,1068,0,0,0,1
2026-06-18,B,A01CN062,CN,7,669.0,596.0,596.0,73.0,0.0,0.0,1058,1058,0,0,0,1
2026-06-18,B,A01CN068,CN,7,659.0,606.0,606.0,53.0,0.0,0.0,1058,1058,0,0,0,1
2026-06-18,B,A01CN074,CN,7,669.0,518.0,361.67,151.0,156.33,0.0,620,620,0,0,0,1
2026-06-18,B,A01CN075,CN,7,669.0,545.0,545.0,124.0,0.0,0.0,952,952,0,0,0,1
2026-06-18,B,A01HB025,HB,7,672.0,625.0,625.0,47.0,0.0,0.0,867,867,0,0,0,1
2026-06-18,B,A01HB013,HB,7,662.0,599.0,545.83,63.0,53.17,0.0,800,800,0,0,0,1
2026-06-18,B,A01VMC03,VM,7,609.0,459.0,459.0,150.0,0.0,0.0,2120,2120,0,0,0,1
2026-06-18,B,A01VMC10,VM,7,669.0,567.0,453.33,102.0,113.67,0.0,2720,2720,0,0,0,1
2026-06-18,B,A01VMC11,VM,7,599.0,527.0,527.0,72.0,0.0,0.0,1725,1725,0,0,0,1
2026-06-18,B,A01VMC12,VM,7,669.0,631.0,612.75,38.0,18.25,0.0,1935,1935,0,0,0,1
2026-06-18,B,A01VMC15,VM,7,669.0,577.0,562.5,92.0,14.5,0.0,1875,1875,0,0,0,1
2026-06-19,B,A01CN120,CN,8,701.0,270.0,270.0,431.0,0.0,0.0,350,350,0,0,0,1
2026-06-19,B,A01CN121,CN,8,701.0,153.0,153.0,548.0,0.0,0.0,194,194,0,0,0,1
2026-06-19,A,A01CN027,CN,9,54.0,54.0,54.0,0.0,0.0,0.0,61,61,0,0,0,1
2026-06-19,A,A01CN028,CN,9,49.0,0.0,0.0,49.0,0.0,0.0,0,0,0,0,0,1
2026-06-19,A,A01CN075,CN,11,149.0,143.0,143.0,6.0,0.0,0.0,264,264,0,0,0,1
2026-06-19,A,A01HB002,HB,11,99.0,73.0,70.2,26.0,2.8,3.47,162,154,0,8,8,1
2026-06-19,A,A01HB012,HB,11,99.0,59.0,59.0,40.0,0.0,0.0,162,162,0,0,0,1
2026-06-19,A,A01CN100,CN,11,99.0,64.0,64.0,35.0,0.0,0.0,49,49,0,0,0,1
2026-06-19,A,A01HB015,HB,11,109.0,109.0,77.1,0.0,31.9,0.0,96,96,0,0,0,1
2026-06-19,A,A01HB001,HB,11,109.0,109.0,88.4,0.0,20.6,0.0,234,234,0,0,0,1
2026-06-19,A,A01HB003,HB,11,109.0,109.0,109.0,0.0,0.0,0.0,246,246,0,0,0,1
2026-06-19,A,A01HB004,HB,11,109.0,109.0,109.0,0.0,0.0,0.0,216,216,0,0,0,1
2026-06-19,A,A01HB005,HB,11,109.0,109.0,84.0,0.0,25.0,0.0,240,240,0,0,0,1
2026-06-19,A,A01HB006,HB,11,109.0,109.0,63.33,0.0,45.67,0.0,200,200,0,0,0,1
2026-06-19,A,A01HB008,HB,11,109.0,105.0,57.0,4.0,48.0,0.0,190,190,0,0,0,1
2026-06-19,A,A01HB009,HB,11,109.0,90.0,80.08,19.0,9.92,0.0,186,186,0,0,0,1
2026-06-19,A,A01HB010,HB,11,109.0,109.0,93.0,0.0,16.0,0.86,216,214,1,1,2,1
2026-06-19,A,A01HB017,HB,11,109.0,98.0,85.25,11.0,12.75,0.0,198,198,0,0,0,1
2026-06-19,A,A01HB020,HB,11,109.0,97.0,67.17,12.0,29.83,0.0,156,156,0,0,0,1
2026-06-19,A,A01CN120,CN,12,169.0,130.0,130.0,39.0,0.0,0.0,163,163,0,0,0,1
2026-06-19,A,A01TMC09,TM,12,199.0,191.0,191.0,8.0,0.0,0.0,277,277,0,0,0,1
2026-06-19,A,A01TRP35,TR,12,109.0,1.0,0.0,108.0,1.0,0.0,0,0,0,0,0,1
2026-06-19,A,A01CN122,CN,12,219.0,202.0,172.03,17.0,29.97,0.0,397,397,0,0,0,1
2026-06-19,A,A01CN123,CN,12,189.0,178.0,178.0,11.0,0.0,0.0,602,602,0,0,0,1
2026-06-19,A,A01CN121,CN,12,194.0,149.0,149.0,45.0,0.0,0.0,198,198,0,0,0,1
2026-06-19,A,A01CN003,CN,12,189.0,174.0,142.5,15.0,31.5,0.0,342,342,0,0,0,1
2026-06-19,A,A01CN097,CN,12,189.0,186.0,186.0,3.0,0.0,0.0,664,664,0,0,0,1
2026-06-19,A,A01CN102,CN,12,189.0,22.0,6.13,167.0,15.87,0.0,8,8,0,0,0,1
2026-06-19,A,A01CN103,CN,12,89.0,87.0,87.0,2.0,0.0,0.0,129,129,0,0,0,1
2026-06-19,A,A01CN004,CN,12,141.0,56.0,51.73,85.0,4.27,0.0,194,194,0,0,0,1
2026-06-19,A,A01CN133,CN,12,189.0,181.0,181.0,8.0,0.0,0.0,122,122,0,0,0,1
2026-06-19,A,A01CN134,CN,12,209.0,183.0,183.0,26.0,0.0,0.0,130,130,0,0,0,1
2026-06-19,A,A01HB014,HB,14,266.0,266.0,264.0,0.0,2.0,0.0,352,352,0,0,0,1
2026-06-19,A,A01CN095,CN,14,259.0,90.0,81.33,169.0,8.67,0.0,305,305,0,0,0,1
2026-06-19,A,A01CN024,CN,14,274.0,158.0,140.25,116.0,17.75,0.0,187,187,0,0,0,1
2026-06-19,A,A01CN049,CN,15,249.0,192.0,176.4,57.0,15.6,0.0,216,216,0,0,0,1
2026-06-19,A,A01CN052,CN,15,270.0,222.0,192.5,48.0,29.5,0.0,275,275,0,0,0,1
2026-06-19,A,A01CN061,CN,15,289.0,283.0,281.6,6.0,1.4,0.0,352,352,0,0,0,1
2026-06-19,A,A01CN069,CN,15,289.0,277.0,277.0,12.0,0.0,0.0,360,360,0,0,0,1
2026-06-19,A,A01CN005,CN,15,334.0,223.0,171.0,111.0,52.0,0.0,228,228,0,0,0,1
2026-06-19,A,A01CN083,CN,15,341.0,176.0,176.0,165.0,0.0,0.0,1100,1100,0,0,0,1
2026-06-19,A,A01HB025,HB,15,199.0,199.0,199.0,0.0,0.0,0.0,442,442,0,0,0,1
2026-06-19,A,A01HB013,HB,15,339.0,294.0,262.0,45.0,32.0,0.0,384,384,0,0,0,1
2026-06-19,A,A01HB016,HB,15,183.0,176.0,146.0,7.0,30.0,0.0,420,420,0,0,0,1
2026-06-19,A,A01HB023,HB,15,337.0,275.0,229.88,62.0,45.12,0.0,286,286,0,0,0,1
2026-06-19,A,A01HB024,HB,15,338.0,278.0,191.6,60.0,86.4,0.0,264,264,0,0,0,1
2026-06-19,A,A01HB007,HB,15,105.0,0.0,0.0,105.0,0.0,0.0,4,4,0,0,0,1
2026-06-19,A,A01CN029,CN,16,304.0,280.0,280.0,24.0,0.0,0.0,880,880,0,0,0,1
2026-06-19,A,A01CN054,CN,16,420.0,371.0,357.33,49.0,13.67,0.0,1072,1072,0,0,0,1
2026-06-19,A,A01CN056,CN,16,417.0,320.0,309.9,97.0,10.1,0.0,1033,1033,0,0,0,1
2026-06-19,A,A01CN073,CN,16,417.0,331.0,310.0,86.0,21.0,0.0,930,930,0,0,0,1
2026-06-19,A,A01CN077,CN,16,417.0,312.0,293.7,105.0,18.3,0.3,979,978,0,1,1,1
2026-06-19,A,A01CN002,CN,16,379.0,365.0,323.0,14.0,42.0,0.0,323,323,0,0,0,1
2026-06-19,A,A01CN006,CN,16,379.0,348.0,348.0,31.0,0.0,0.0,1044,1044,0,0,0,1
2026-06-19,A,A01CN008,CN,16,379.0,334.0,334.0,45.0,0.0,0.0,349,349,0,0,0,1
2026-06-19,A,A01CN013,CN,16,379.0,225.0,225.0,154.0,0.0,0.0,495,495,0,0,0,1
2026-06-19,A,A01CN025,CN,16,131.0,55.0,42.0,76.0,13.0,0.0,84,84,0,0,0,1
2026-06-19,A,A01CN031,CN,16,379.0,326.0,326.0,53.0,0.0,0.0,1290,1290,0,0,0,1
2026-06-19,A,A01CN038,CN,16,379.0,347.0,319.2,32.0,27.8,0.0,1008,1008,0,0,0,1
2026-06-19,A,A01CN039,CN,16,379.0,316.0,279.3,63.0,36.7,0.0,882,882,0,0,0,1
2026-06-19,A,A01CN090,CN,16,379.0,377.0,377.0,2.0,0.0,0.0,1437,1437,0,0,0,1
2026-06-19,A,A01CN091,CN,16,379.0,351.0,351.0,28.0,0.0,0.0,1329,1329,0,0,0,1
2026-06-19,A,A01CN092,CN,16,379.0,365.0,350.55,14.0,14.45,0.32,1107,1106,1,0,1,1
2026-06-19,A,A01CN093,CN,16,379.0,357.0,353.4,22.0,3.6,0.0,1116,1116,0,0,0,1
2026-06-19,A,A01CN094,CN,16,379.0,368.0,230.83,11.0,137.17,0.0,554,554,0,0,0,1
2026-06-19,A,A01CN096,CN,16,379.0,298.0,293.33,81.0,4.67,0.0,704,704,0,0,0,1
2026-06-19,A,A01TMC01,TM,16,409.0,361.0,356.4,48.0,4.6,0.0,486,486,0,0,0,1
2026-06-19,A,A01TMC02,TM,16,424.0,406.0,406.0,18.0,0.0,0.0,579,579,0,0,0,1
2026-06-19,A,A01TMC10,TM,16,409.0,353.0,334.0,56.0,19.0,0.0,334,334,0,0,0,1
2026-06-19,A,A01VMC05,VM,16,214.0,161.0,98.17,53.0,62.83,0.0,95,95,0,0,0,1
2026-06-19,A,A01TMC08,TM,16,424.0,396.0,396.0,28.0,0.0,0.0,842,842,0,0,0,1
2026-06-19,A,A01CN137,CN,16,224.0,1.0,0.0,223.0,1.0,0.0,0,0,0,0,0,1
2026-06-19,A,A01CN066,CN,16,414.0,406.0,406.0,8.0,0.0,0.0,3381,3381,0,0,0,1
2026-06-19,A,A01CN081,CN,16,396.0,287.0,217.0,109.0,70.0,0.0,217,217,0,0,0,1
2026-06-19,A,A01CN084,CN,16,396.0,160.0,100.0,236.0,60.0,0.0,100,100,0,0,0,1
2026-06-19,A,A01TMC07,TM,16,429.0,404.0,386.97,25.0,17.03,0.0,893,893,0,0,0,1
2026-06-19,A,A01CN007,CN,16,331.0,89.0,60.0,242.0,29.0,0.0,180,180,0,0,0,1
2026-06-19,A,A01CN014,CN,16,334.0,266.0,266.0,68.0,0.0,0.0,931,931,0,0,0,1
2026-06-19,A,A01CN015,CN,16,334.0,272.0,272.0,62.0,0.0,0.0,905,905,0,0,0,1
2026-06-19,A,A01CN016,CN,16,124.0,74.0,50.0,50.0,24.0,0.0,150,150,0,0,0,1
2026-06-19,A,A01CN021,CN,16,334.0,273.0,273.0,61.0,0.0,0.0,910,910,0,0,0,1
2026-06-19,A,A01CN022,CN,16,334.0,272.0,272.0,62.0,0.0,0.0,955,955,0,0,0,1
2026-06-19,A,A01CN023,CN,16,334.0,324.0,324.0,10.0,0.0,0.0,1042,1042,0,0,0,1
2026-06-19,A,A01CN026,CN,16,334.0,276.0,276.0,58.0,0.0,0.0,894,894,0,0,0,1
2026-06-19,A,A01CN041,CN,16,400.0,368.0,231.0,32.0,137.0,0.0,396,396,0,0,0,1
2026-06-19,A,A01CN053,CN,16,438.0,59.0,59.0,379.0,0.0,0.0,198,198,0,0,0,1
2026-06-19,A,A01CN055,CN,16,434.0,281.0,281.0,153.0,0.0,0.33,851,850,0,1,1,1
2026-06-19,A,A01CN057,CN,16,434.0,404.0,381.0,30.0,23.0,0.0,1270,1270,0,0,0,1
2026-06-19,A,A01CN058,CN,16,434.0,424.0,424.0,10.0,0.0,0.0,1306,1306,0,0,0,1
2026-06-19,A,A01CN059,CN,16,434.0,320.0,290.67,114.0,29.33,0.0,872,872,0,0,0,1
2026-06-19,A,A01CN060,CN,16,434.0,248.0,248.0,186.0,0.0,0.0,832,832,0,0,0,1
2026-06-19,A,A01CN065,CN,16,400.0,318.0,201.25,82.0,116.75,0.0,345,345,0,0,0,1
2026-06-19,A,A01CN067,CN,16,334.0,69.0,27.2,265.0,41.8,0.0,48,48,0,0,0,1
2026-06-19,A,A01CN071,CN,16,364.0,324.0,324.0,40.0,0.0,0.0,1120,1120,0,0,0,1
2026-06-19,A,A01CN072,CN,16,434.0,390.0,348.3,44.0,41.7,0.0,1161,1161,0,0,0,1
2026-06-19,A,A01CN076,CN,16,434.0,322.0,282.6,112.0,39.4,0.0,942,942,0,0,0,1
2026-06-19,A,A01CN078,CN,16,123.0,110.0,70.5,13.0,39.5,0.0,141,141,0,0,0,1
2026-06-19,A,A01CN079,CN,16,48.0,43.0,39.67,5.0,3.33,0.0,70,70,0,0,0,1
2026-06-19,A,A01CN080,CN,16,334.0,271.0,271.0,63.0,0.0,0.0,907,907,0,0,0,1
2026-06-19,A,A01CN086,CN,16,374.0,347.0,275.28,27.0,71.72,0.0,398,398,0,0,0,1
2026-06-19,A,A01CN087,CN,16,374.0,270.0,213.27,104.0,56.73,0.0,457,457,0,0,0,1
2026-06-19,A,A01CN088,CN,16,334.0,222.0,172.0,112.0,50.0,0.0,215,215,0,0,0,1
2026-06-19,A,A01CN098,CN,16,401.0,285.0,234.0,116.0,51.0,0.0,234,234,0,0,0,1
2026-06-19,A,A01CN101,CN,16,389.0,244.0,209.78,145.0,34.22,0.0,307,307,0,0,0,1
2026-06-19,A,A01CN104,CN,16,389.0,18.0,5.0,371.0,13.0,0.0,10,10,0,0,0,1
2026-06-19,A,A01CN105,CN,16,329.0,302.0,268.1,27.0,33.9,0.0,383,383,0,0,0,1
2026-06-19,A,A01CN106,CN,16,277.0,224.0,216.45,53.0,7.55,0.0,481,481,0,0,0,1
2026-06-19,A,A01BR005,BR,16,334.0,242.0,242.0,92.0,0.0,0.0,2656,2656,0,0,0,1
2026-06-19,A,A01HB021,HB,16,398.0,362.0,286.3,36.0,75.7,0.0,252,252,0,0,0,1
2026-06-19,A,A01CN113,CN,16,334.0,258.0,246.67,76.0,11.33,0.0,296,296,0,0,0,1
2026-06-19,A,A01CN114,CN,16,334.0,270.0,110.07,64.0,159.93,0.0,254,254,0,0,0,1
2026-06-19,A,A01CN116,CN,16,399.0,132.0,53.35,267.0,78.65,0.0,194,194,0,0,0,1
2026-06-19,A,A01CN138,CN,16,424.0,375.0,375.0,49.0,0.0,0.0,585,585,0,0,0,1
2026-06-19,A,A01CN139,CN,16,424.0,378.0,368.0,46.0,10.0,0.0,552,552,0,0,0,1
2026-06-19,A,A01CN128,CN,16,394.0,383.0,383.0,11.0,0.0,0.0,628,628,0,0,0,1
2026-06-19,A,A01CN070,CN,17,411.0,395.0,309.0,16.0,86.0,0.0,309,309,0,0,0,1
2026-06-19,A,A01CN019,CN,17,474.0,474.0,306.0,0.0,168.0,0.0,510,510,0,0,0,1
2026-06-19,A,A01CN020,CN,17,470.0,421.0,294.0,49.0,127.0,0.0,588,588,0,0,0,1
2026-06-19,A,A01CN064,CN,17,459.0,336.0,186.0,123.0,150.0,0.0,186,186,0,0,0,1
2026-06-19,A,A01CN108,CN,17,459.0,332.0,220.0,127.0,112.0,0.0,220,220,0,0,0,1
2026-06-19,A,A01CN111,CN,17,459.0,361.0,240.0,98.0,121.0,0.0,240,240,0,0,0,1
2026-06-19,A,A01CN112,CN,17,439.0,314.0,174.0,125.0,140.0,0.0,174,174,0,0,0,1
2026-06-19,A,A01CN124,CN,18,539.0,0.0,0.0,539.0,0.0,0.0,0,0,0,0,0,1
2026-06-19,A,A01CN001,CN,18,516.0,494.0,494.0,22.0,0.0,0.0,506,506,0,0,0,1
2026-06-19,A,A01CN017,CN,18,509.0,424.0,375.0,85.0,49.0,0.0,500,500,0,0,0,1
2026-06-19,A,A01CN018,CN,18,515.0,493.0,450.0,22.0,43.0,0.0,600,600,0,0,0,1
2026-06-19,A,A01CN030,CN,18,515.0,492.0,474.0,23.0,18.0,0.0,474,474,0,0,0,1
2026-06-19,A,A01CN045,CN,18,346.0,326.0,326.0,20.0,0.0,0.0,568,568,0,0,0,1
2026-06-19,A,A01CN046,CN,18,346.0,334.0,323.0,12.0,11.0,0.0,570,570,0,0,0,1
2026-06-19,A,A01CN047,CN,18,554.0,446.0,323.17,108.0,122.83,0.0,554,554,0,0,0,1
2026-06-19,A,A01CN048,CN,18,554.0,239.0,231.0,315.0,8.0,0.0,396,396,0,0,0,1
2026-06-19,A,A01CN050,CN,18,554.0,518.0,518.0,36.0,0.0,0.0,904,904,0,0,0,1
2026-06-19,A,A01CN051,CN,18,554.0,503.0,503.0,51.0,0.0,0.0,922,922,0,0,0,1
2026-06-19,A,A01CN062,CN,18,554.0,532.0,525.0,22.0,7.0,0.0,900,900,0,0,0,1
2026-06-19,A,A01CN068,CN,18,554.0,527.0,527.0,27.0,0.0,0.58,904,903,1,0,1,1
2026-06-19,A,A01CN074,CN,18,554.0,138.0,127.17,416.0,10.83,0.0,218,218,0,0,0,1
2026-06-19,A,A01CN085,CN,18,506.0,483.0,443.73,23.0,39.27,0.0,416,416,0,0,0,1
2026-06-19,A,A01CN099,CN,18,515.0,465.0,435.0,50.0,30.0,0.0,435,435,0,0,0,1
2026-06-19,A,A01TMC04,TM,18,562.0,513.0,513.0,49.0,0.0,0.0,617,617,0,0,0,1
2026-06-19,A,A01TMC05,TM,18,562.0,495.0,495.0,67.0,0.0,0.0,1187,1187,0,0,0,1
2026-06-19,A,A01TMC06,TM,18,562.0,529.0,511.7,33.0,17.3,0.0,731,731,0,0,0,1
2026-06-19,A,A01VMC03,VM,18,554.0,533.0,533.0,21.0,0.0,0.0,2520,2520,0,0,0,1
2026-06-19,A,A01VMC04,VM,18,294.0,271.0,228.0,23.0,43.0,0.32,720,719,0,1,1,1
2026-06-19,A,A01VMC08,VM,18,336.0,198.0,175.75,138.0,22.25,0.0,555,555,0,0,0,1
2026-06-19,A,A01VMC09,VM,18,554.0,443.0,394.25,111.0,48.75,0.0,1245,1245,0,0,0,1
2026-06-19,A,A01VMC10,VM,18,554.0,495.0,413.33,59.0,81.67,0.0,2480,2480,0,0,0,1
2026-06-19,A,A01VMC11,VM,18,554.0,539.0,475.0,15.0,64.0,0.0,1500,1500,0,0,0,1
2026-06-19,A,A01VMC12,VM,18,584.0,494.0,456.0,90.0,38.0,1.9,1440,1434,6,0,6,1
2026-06-19,A,A01VMC15,VM,18,554.0,532.0,490.5,22.0,41.5,0.0,1635,1635,0,0,0,1
2026-06-19,A,A01VMC16,VM,18,554.0,539.0,463.5,15.0,75.5,0.0,1545,1545,0,0,0,1
2026-06-19,A,A01CN117,CN,18,544.0,490.0,490.0,54.0,0.0,0.0,670,670,0,0,0,1
2026-06-19,A,A01CN118,CN,18,539.0,490.0,490.0,49.0,0.0,0.0,670,670,0,0,0,1
2026-06-19,A,A01CN042,CN,18,559.0,506.0,491.7,53.0,14.3,0.0,894,894,0,0,0,1
2026-06-19,A,A01CN044,CN,18,534.0,326.0,264.0,208.0,62.0,0.0,440,440,0,0,0,1
2026-06-19,B,A01CN124,CN,20,49.0,0.0,0.0,49.0,0.0,0.0,0,0,0,0,0,1
2026-06-19,B,A01CN135,CN,20,49.0,0.0,0.0,49.0,0.0,0.0,0,0,0,0,0,1
2026-06-19,A,A01CN125,CN,21,701.0,574.0,481.07,127.0,92.93,0.0,352,352,0,0,0,1
2026-06-19,A,A01CN126,CN,21,701.0,452.0,452.0,249.0,0.0,0.0,1438,1438,0,0,0,1
2026-06-19,A,A01CN127,CN,21,701.0,99.0,50.27,602.0,48.73,0.0,116,116,0,0,0,1
2026-06-19,A,A01CN129,CN,21,701.0,0.0,0.0,701.0,0.0,0.0,0,0,0,0,0,1
2026-06-19,A,A01CN130,CN,21,701.0,0.0,0.0,701.0,0.0,0.0,0,0,0,0,0,1
2026-06-19,A,A01CN132,CN,21,701.0,127.0,113.6,574.0,13.4,0.0,284,284,0,0,0,1
2026-06-19,B,A01HB019,HB,21,109.0,63.0,63.0,46.0,0.0,0.0,90,90,0,0,0,1
2026-06-19,A,A01CN131,CN,21,701.0,28.0,0.0,673.0,28.0,0.0,0,0,0,0,0,1
2026-06-19,B,A01VMC12,VM,21,109.0,50.0,19.0,59.0,31.0,0.0,60,60,0,0,0,1
2026-06-19,B,A01CN049,CN,21,49.0,11.0,11.0,38.0,0.0,0.0,14,14,0,0,0,1
2026-06-19,B,A01CN052,CN,21,109.0,104.0,102.2,5.0,1.8,0.0,146,146,0,0,0,1
2026-06-19,B,A01CN061,CN,21,109.0,0.0,0.0,109.0,0.0,0.0,0,0,0,0,0,1
2026-06-19,B,A01CN069,CN,21,109.0,0.0,0.0,109.0,0.0,0.0,0,0,0,0,0,1
2026-06-19,B,A01CN004,CN,22,74.0,13.0,13.0,61.0,0.0,0.0,52,52,0,0,0,1
2026-06-19,B,A01CN006,CN,22,74.0,74.0,74.0,0.0,0.0,0.0,232,232,0,0,0,1
2026-06-19,B,A01CN007,CN,22,138.0,61.0,29.33,77.0,31.67,0.0,88,88,0,0,0,1
2026-06-19,B,A01CN025,CN,22,72.0,65.0,59.0,7.0,6.0,0.0,118,118,0,0,0,1
2026-06-19,B,A01CN071,CN,22,139.0,100.0,82.8,39.0,17.2,0.0,276,276,0,0,0,1
2026-06-19,B,A01CN078,CN,22,138.0,89.0,51.0,49.0,38.0,0.0,102,102,0,0,0,1
2026-06-19,B,A01CN079,CN,22,138.0,83.0,74.23,55.0,8.77,0.0,131,131,0,0,0,1
2026-06-19,B,A01CN083,CN,22,163.0,112.0,105.0,51.0,7.0,0.0,630,630,0,0,0,1
2026-06-19,B,A01CN089,CN,22,139.0,40.0,20.7,99.0,19.3,0.0,54,54,0,0,0,1
2026-06-19,B,A01CN105,CN,22,134.0,116.0,93.1,18.0,22.9,0.0,133,133,0,0,0,1
2026-06-19,B,A01TAP14,TA,22,49.0,1.0,0.2,48.0,0.8,0.0,1,1,0,0,0,1
2026-06-19,B,A01CN114,CN,22,143.0,99.0,52.87,44.0,46.13,0.0,122,122,0,0,0,1
2026-06-19,B,A01CN064,CN,22,154.0,132.0,104.0,22.0,28.0,0.0,104,104,0,0,0,1
2026-06-19,B,A01CN108,CN,22,154.0,143.0,118.0,11.0,25.0,0.0,118,118,0,0,0,1
2026-06-19,B,A01CN111,CN,22,154.0,148.0,103.0,6.0,45.0,0.0,103,103,0,0,0,1
2026-06-19,B,A01TMC10,TM,23,247.0,229.0,229.0,18.0,0.0,0.0,236,236,0,0,0,1
2026-06-19,B,A01CN013,CN,23,204.0,189.0,189.0,15.0,0.0,0.0,774,774,0,0,0,1
2026-06-19,B,A01CN090,CN,23,194.0,150.0,149.6,44.0,0.4,0.0,561,561,0,0,0,1
2026-06-19,B,A01CN095,CN,23,48.0,31.0,29.87,17.0,1.13,0.0,112,112,0,0,0,1
2026-06-19,B,A01VMC03,VM,0,247.0,213.0,213.0,34.0,0.0,0.0,1240,1240,0,0,0,1
2026-06-19,B,A01VMC07,VM,0,255.0,108.0,21.67,147.0,86.33,0.0,26,26,0,0,0,1
2026-06-19,B,A01TMC06,TM,1,344.0,287.0,287.0,57.0,0.0,0.0,437,437,0,0,0,1
2026-06-19,B,A01TMC09,TM,1,347.0,307.0,307.0,40.0,0.0,0.0,451,451,0,0,0,1
2026-06-19,B,A01CN084,CN,1,99.0,60.0,50.0,39.0,10.0,0.0,50,50,0,0,0,1
2026-06-19,B,A01CN074,CN,2,50.0,47.0,47.0,3.0,0.0,0.0,94,94,0,0,0,1
2026-06-19,B,A01CN027,CN,2,439.0,7.0,7.0,432.0,0.0,0.0,18,18,0,0,0,1
2026-06-19,B,A01CN028,CN,2,439.0,4.0,0.92,435.0,3.08,0.0,1,1,0,0,0,1
2026-06-19,B,A01TMC01,TM,2,447.0,403.0,403.0,44.0,0.0,0.0,566,566,0,0,0,1
2026-06-19,B,A01TMC02,TM,2,447.0,439.0,439.0,8.0,0.0,0.0,658,658,0,0,0,1
2026-06-19,B,A01CN123,CN,2,391.0,375.0,375.0,16.0,0.0,0.0,1286,1286,0,0,0,1
2026-06-19,B,A01CN066,CN,2,406.0,338.0,338.0,68.0,0.0,0.0,2616,2616,0,0,0,1
2026-06-19,B,A01CN002,CN,3,334.0,253.0,253.0,81.0,0.0,0.0,288,288,0,0,0,1
2026-06-19,B,A01CN003,CN,3,334.0,329.0,285.0,5.0,44.0,0.0,684,684,0,0,0,1
2026-06-19,B,A01CN008,CN,3,324.0,288.0,288.0,36.0,0.0,0.0,306,306,0,0,0,1
2026-06-19,B,A01CN014,CN,3,402.0,273.0,273.0,129.0,0.0,0.0,949,949,0,0,0,1
2026-06-19,B,A01CN015,CN,3,402.0,398.0,398.0,4.0,0.0,0.0,1453,1453,0,0,0,1
2026-06-19,B,A01CN021,CN,3,401.0,397.0,397.0,4.0,0.0,0.0,1301,1301,0,0,0,1
2026-06-19,B,A01CN022,CN,3,401.0,398.0,398.0,3.0,0.0,0.0,1439,1439,0,0,0,1
2026-06-19,B,A01CN023,CN,3,401.0,321.0,321.0,80.0,0.0,0.0,1047,1047,0,0,0,1
2026-06-19,B,A01CN026,CN,3,400.0,40.0,40.0,360.0,0.0,0.0,121,121,0,0,0,1
2026-06-19,B,A01CN029,CN,3,399.0,320.0,320.0,79.0,0.0,0.0,1014,1014,0,0,0,1
2026-06-19,B,A01CN031,CN,3,322.0,314.0,314.0,8.0,0.0,0.0,1452,1452,0,0,0,1
2026-06-19,B,A01CN044,CN,3,387.0,330.0,294.0,57.0,36.0,0.0,490,490,0,0,0,1
2026-06-19,B,A01CN133,CN,3,319.0,312.0,312.0,7.0,0.0,0.0,244,244,0,0,0,1
2026-06-19,B,A01CN091,CN,3,322.0,289.0,289.0,33.0,0.0,0.0,1194,1194,0,0,0,1
2026-06-19,B,A01CN092,CN,3,329.0,325.0,325.0,4.0,0.0,0.0,1203,1203,0,0,0,1
2026-06-19,B,A01CN134,CN,3,349.0,335.0,335.0,14.0,0.0,0.0,249,249,0,0,0,1
2026-06-19,B,A01HB001,HB,3,419.0,414.0,412.53,5.0,1.47,0.0,1092,1092,0,0,0,1
2026-06-19,B,A01HB002,HB,3,419.0,413.0,413.0,6.0,0.0,14.05,1176,1136,0,40,40,1
2026-06-19,B,A01HB003,HB,3,419.0,419.0,389.67,0.0,29.33,0.0,840,840,0,0,0,1
2026-06-19,B,A01HB004,HB,3,419.0,419.0,402.6,0.0,16.4,0.0,792,792,0,0,0,1
2026-06-19,B,A01HB005,HB,3,419.0,413.0,363.3,6.0,49.7,0.0,1038,1038,0,0,0,1
2026-06-19,B,A01HB006,HB,3,419.0,350.0,158.33,69.0,191.67,0.0,500,500,0,0,0,1
2026-06-19,B,A01HB007,HB,3,419.0,325.0,325.0,94.0,0.0,0.0,844,844,0,0,0,1
2026-06-19,B,A01HB008,HB,3,419.0,410.0,261.0,9.0,149.0,0.0,870,870,0,0,0,1
2026-06-19,B,A01HB009,HB,3,419.0,410.0,410.0,9.0,0.0,0.0,1020,1020,0,0,0,1
2026-06-19,B,A01HB010,HB,3,419.0,409.0,409.0,10.0,0.0,0.0,1020,1020,0,0,0,1
2026-06-19,B,A01HB015,HB,3,399.0,70.0,12.85,329.0,57.15,0.0,16,16,0,0,0,1
2026-06-19,B,A01HB017,HB,3,419.0,393.0,382.33,26.0,10.67,0.0,888,888,0,0,0,1
2026-06-19,B,A01HB018,HB,3,419.0,419.0,419.0,0.0,0.0,0.0,636,636,0,0,0,1
2026-06-19,B,A01HB020,HB,3,399.0,367.0,338.42,32.0,28.58,0.0,786,786,0,0,0,1
2026-06-19,B,A01VMC01,VM,3,407.0,168.0,168.0,239.0,0.0,0.0,480,480,0,0,0,1
2026-06-19,B,A01CN101,CN,3,329.0,234.0,210.47,95.0,23.53,0.0,308,308,0,0,0,1
2026-06-19,B,A01CN102,CN,3,329.0,25.0,9.97,304.0,15.03,0.0,13,13,0,0,0,1
2026-06-19,B,A01CN103,CN,3,319.0,243.0,243.0,76.0,0.0,0.0,413,413,0,0,0,1
2026-06-19,B,A01CN104,CN,3,329.0,21.0,7.0,308.0,14.0,0.0,14,14,0,0,0,1
2026-06-19,B,A01BR005,BR,3,404.0,357.0,357.0,47.0,0.0,0.0,4572,4572,0,0,0,1
2026-06-19,B,A01BR007,BR,3,403.0,167.0,167.0,236.0,0.0,0.0,1436,1436,0,0,0,1
2026-06-19,B,A01VMC04,VM,3,49.0,49.0,47.5,0.0,1.5,0.0,150,150,0,0,0,1
2026-06-19,B,A01HB012,HB,3,429.0,134.0,134.0,295.0,0.0,0.0,828,828,0,0,0,1
2026-06-19,B,A01HB011,HB,3,469.0,464.0,464.0,5.0,0.0,0.0,2610,2610,0,0,0,1
2026-06-19,B,A01CN042,CN,4,495.0,446.0,437.8,49.0,8.2,0.0,796,796,0,0,0,1
2026-06-19,B,A01CN046,CN,4,495.0,476.0,474.87,19.0,1.13,0.0,838,838,0,0,0,1
2026-06-19,B,A01CN048,CN,4,485.0,472.0,456.17,13.0,15.83,0.0,782,782,0,0,0,1
2026-06-19,B,A01CN118,CN,4,534.0,507.0,507.0,27.0,0.0,0.0,746,746,0,0,0,1
2026-06-19,B,A01CN122,CN,4,511.0,403.0,357.5,108.0,45.5,0.0,825,825,0,0,0,1
2026-06-19,B,A01TMC04,TM,4,564.0,432.0,432.0,132.0,0.0,0.0,551,551,0,0,0,1
2026-06-19,B,A01TMC05,TM,4,564.0,418.0,418.0,146.0,0.0,0.0,1059,1059,0,0,0,1
2026-06-19,B,A01TMC07,TM,4,567.0,487.0,487.0,80.0,0.0,0.0,1135,1135,0,0,0,1
2026-06-19,B,A01TMC08,TM,4,567.0,485.0,485.0,82.0,0.0,0.0,1064,1064,0,0,0,1
2026-06-19,B,A01CN138,CN,4,554.0,486.0,486.0,68.0,0.0,0.0,745,745,0,0,0,1
2026-06-19,B,A01CN139,CN,4,553.0,498.0,498.0,55.0,0.0,0.0,885,885,0,0,0,1
2026-06-19,B,A01CN117,CN,4,553.0,523.0,523.0,30.0,0.0,0.0,766,766,0,0,0,1
2026-06-19,B,A01CN088,CN,5,489.0,476.0,476.0,13.0,0.0,0.0,614,614,0,0,0,1
2026-06-19,B,A01VMC05,VM,5,505.0,209.0,111.6,296.0,97.4,0.0,108,108,0,0,0,1
2026-06-19,B,A01VMC10,VM,5,507.0,459.0,426.67,48.0,32.33,0.0,2560,2560,0,0,0,1
2026-06-19,B,A01VMC15,VM,5,505.0,505.0,505.0,0.0,0.0,0.0,1710,1710,0,0,0,1
2026-06-19,B,A01VMC16,VM,5,497.0,295.0,243.0,202.0,52.0,0.0,810,810,0,0,0,1
2026-06-19,B,A01CN113,CN,5,523.0,474.0,474.0,49.0,0.0,0.0,670,670,0,0,0,1
2026-06-19,B,A01CN112,CN,5,574.0,560.0,517.0,14.0,43.0,0.0,517,517,0,0,0,1
2026-06-19,B,A01CN001,CN,6,594.0,492.0,492.0,102.0,0.0,0.0,539,539,0,0,0,1
2026-06-19,B,A01CN005,CN,6,584.0,536.0,507.0,48.0,29.0,0.0,676,676,0,0,0,1
2026-06-19,B,A01CN017,CN,6,587.0,502.0,483.75,85.0,18.25,0.0,645,645,0,0,0,1
2026-06-19,B,A01CN018,CN,6,594.0,559.0,559.0,35.0,0.0,0.0,748,748,0,0,0,1
2026-06-19,B,A01CN024,CN,6,587.0,491.0,408.75,96.0,82.25,0.0,545,545,0,0,0,1
2026-06-19,B,A01CN030,CN,6,594.0,502.0,494.0,92.0,8.0,0.0,494,494,0,0,0,1
2026-06-19,B,A01CN041,CN,6,587.0,523.0,425.83,64.0,97.17,0.0,730,730,0,0,0,1
2026-06-19,B,A01CN047,CN,6,585.0,484.0,299.83,101.0,184.17,0.0,514,514,0,0,0,1
2026-06-19,B,A01CN050,CN,6,585.0,510.0,510.0,75.0,0.0,0.0,922,922,0,0,0,1
2026-06-19,B,A01CN053,CN,6,624.0,588.0,588.0,36.0,0.0,0.0,2031,2031,0,0,0,1
2026-06-19,B,A01CN054,CN,6,624.0,509.0,509.0,115.0,0.0,0.0,1536,1536,0,0,0,1
2026-06-19,B,A01CN055,CN,6,624.0,582.0,582.0,42.0,0.0,0.96,1816,1813,0,3,3,1
2026-06-19,B,A01CN056,CN,6,624.0,494.0,494.0,130.0,0.0,0.0,1688,1688,0,0,0,1
2026-06-19,B,A01CN057,CN,6,624.0,559.0,559.0,65.0,0.0,0.0,1925,1925,0,0,0,1
2026-06-19,B,A01CN058,CN,6,624.0,598.0,598.0,26.0,0.0,0.0,1902,1902,0,0,0,1
2026-06-19,B,A01CN059,CN,6,624.0,558.0,558.0,66.0,0.0,0.0,1846,1846,0,0,0,1
2026-06-19,B,A01CN060,CN,6,624.0,586.0,586.0,38.0,0.0,0.0,2149,2149,0,0,0,1
2026-06-19,B,A01CN065,CN,6,587.0,365.0,295.75,222.0,69.25,0.0,507,507,0,0,0,1
2026-06-19,B,A01CN070,CN,6,597.0,404.0,335.0,193.0,69.0,0.0,335,335,0,0,0,1
2026-06-19,B,A01CN072,CN,6,624.0,617.0,561.6,7.0,55.4,0.0,1872,1872,0,0,0,1
2026-06-19,B,A01CN073,CN,6,624.0,563.0,550.0,61.0,13.0,0.0,1650,1650,0,0,0,1
2026-06-19,B,A01CN076,CN,6,624.0,605.0,577.2,19.0,27.8,0.0,1924,1924,0,0,0,1
2026-06-19,B,A01CN077,CN,6,624.0,564.0,564.0,60.0,0.0,0.0,2022,2022,0,0,0,1
2026-06-19,B,A01CN081,CN,6,594.0,546.0,527.0,48.0,19.0,0.0,527,527,0,0,0,1
2026-06-19,B,A01CN085,CN,6,594.0,491.0,491.0,103.0,0.0,0.0,521,521,0,0,0,1
2026-06-19,B,A01CN098,CN,6,584.0,512.0,465.0,72.0,47.0,0.0,465,465,0,0,0,1
2026-06-19,B,A01CN099,CN,6,597.0,545.0,528.0,52.0,17.0,0.0,528,528,0,0,0,1
2026-06-19,B,A01CN019,CN,6,604.0,604.0,471.0,0.0,133.0,0.0,785,785,0,0,0,1
2026-06-19,B,A01VMC08,VM,6,619.0,546.0,546.0,73.0,0.0,0.0,1770,1770,0,0,0,1
2026-06-19,B,A01CN020,CN,6,634.0,567.0,405.0,67.0,162.0,0.0,810,810,0,0,0,1
2026-06-19,B,A01CN075,CN,6,642.0,542.0,542.0,100.0,0.0,0.0,978,978,0,0,0,1
2026-06-19,B,A01CN045,CN,7,671.0,580.0,580.0,91.0,0.0,0.0,1062,1062,0,0,0,1
2026-06-19,B,A01CN051,CN,7,636.0,569.0,569.0,67.0,0.0,0.0,1034,1034,0,0,0,1
2026-06-19,B,A01CN062,CN,7,645.0,601.0,601.0,44.0,0.0,0.0,1044,1044,0,0,0,1
2026-06-19,B,A01CN068,CN,7,635.0,587.0,587.0,48.0,0.0,0.0,1014,1014,0,0,0,1
2026-06-19,B,A01HB025,HB,7,662.0,602.0,602.0,60.0,0.0,0.0,850,850,0,0,0,1
2026-06-19,B,A01HB013,HB,7,649.0,580.0,534.92,69.0,45.08,0.0,784,784,0,0,0,1
2026-06-19,B,A01HB014,HB,7,649.0,580.0,580.0,69.0,0.0,0.0,848,848,0,0,0,1
2026-06-19,B,A01VMC11,VM,7,654.0,502.0,489.25,152.0,12.75,0.32,1545,1544,1,0,1,1
2026-06-19,B,A01HB022,HB,7,661.0,589.0,437.87,72.0,151.13,0.0,384,384,0,0,0,1
2026-06-19,B,A01HB023,HB,7,661.0,583.0,583.0,78.0,0.0,0.0,770,770,0,0,0,1
2026-06-19,B,A01HB024,HB,7,661.0,595.0,526.9,66.0,68.1,0.0,726,726,0,0,0,1
2026-06-20,B,A01CN120,CN,8,661.53,217.99,217.99,443.53,0.0,0.0,418,418,0,0,0,1
2026-06-20,B,A01CN121,CN,8,701.0,333.0,333.0,368.0,0.0,0.0,434,434,0,0,0,1
2026-06-20,A,A01CN124,CN,8,0.0,0.0,0.0,0.0,0.0,0.0,4,4,0,0,0,0
2026-06-20,A,A01CN124,CN,8,0.0,0.0,0.0,0.0,0.0,0.0,0,0,0,0,0,0
2026-06-20,A,A01CN126,CN,9,9.0,0.0,0.0,9.0,0.0,0.0,0,0,0,0,0,1
2026-06-20,A,A01TMC09,TM,10,84.0,74.0,74.0,10.0,0.0,0.0,123,123,0,0,0,1
2026-06-20,A,A01CN133,CN,10,79.0,79.0,79.0,0.0,0.0,0.0,63,63,0,0,0,1
2026-06-20,A,A01CN134,CN,10,79.0,7.0,7.0,72.0,0.0,0.0,20,20,0,0,0,1
2026-06-20,A,A01HB019,HB,11,99.0,99.0,86.5,0.0,12.5,0.0,90,90,0,0,0,1
2026-06-20,A,A01CN100,CN,11,99.0,94.0,94.0,5.0,0.0,0.0,60,60,0,0,0,1
2026-06-20,A,A01HB015,HB,11,49.0,49.0,38.55,0.0,10.45,0.0,48,48,0,0,0,1
2026-06-20,A,A01HB001,HB,11,109.0,109.0,99.73,0.0,9.27,0.0,264,264,0,0,0,1
2026-06-20,A,A01HB003,HB,11,109.0,109.0,105.77,0.0,3.23,0.0,228,228,0,0,0,1
2026-06-20,A,A01HB008,HB,11,139.0,136.0,91.5,3.0,44.5,0.0,305,305,0,0,0,1
2026-06-20,A,A01HB009,HB,11,109.0,109.0,109.0,0.0,0.0,0.0,270,270,0,0,0,1
2026-06-20,A,A01HB017,HB,11,109.0,109.0,98.17,0.0,10.83,0.0,228,228,0,0,0,1
2026-06-20,A,A01CN120,CN,12,169.0,126.0,124.67,43.0,1.33,0.0,136,136,0,0,0,1
2026-06-20,A,A01VMC06,VM,12,124.0,87.0,38.27,37.0,48.73,0.0,82,82,0,0,0,1
2026-06-20,A,A01TRP35,TR,12,109.0,1.0,0.0,108.0,1.0,0.0,0,0,0,0,0,1
2026-06-20,A,A01CN139,CN,12,129.0,111.0,111.0,18.0,0.0,0.0,172,172,0,0,0,1
2026-06-20,A,A01CN118,CN,12,129.0,126.0,126.0,3.0,0.0,0.0,182,182,0,0,0,1
2026-06-20,A,A01CN129,CN,12,174.0,0.0,0.0,174.0,0.0,0.0,0,0,0,0,0,1
2026-06-20,A,A01CN095,CN,12,169.0,45.0,45.0,124.0,0.0,0.0,206,206,0,0,0,1
2026-06-20,A,A01CN122,CN,12,209.0,188.0,173.77,21.0,14.23,0.0,401,401,0,0,0,1
2026-06-20,A,A01CN123,CN,12,209.0,197.0,197.0,12.0,0.0,0.0,672,672,0,0,0,1
2026-06-20,A,A01CN121,CN,12,194.0,119.0,119.0,75.0,0.0,0.0,169,169,0,0,0,1
2026-06-20,A,A01CN003,CN,12,189.0,186.0,156.67,3.0,29.33,0.0,376,376,0,0,0,1
2026-06-20,A,A01CN044,CN,12,189.0,152.0,108.0,37.0,44.0,0.0,180,180,0,0,0,1
2026-06-20,A,A01CN075,CN,12,69.0,43.0,35.0,26.0,8.0,0.0,60,60,0,0,0,1
2026-06-20,A,A01CN094,CN,12,189.0,179.0,119.17,10.0,59.83,0.0,286,286,0,0,0,1
2026-06-20,A,A01CN097,CN,12,189.0,185.0,185.0,4.0,0.0,0.0,696,696,0,0,0,1
2026-06-20,A,A01HB005,HB,12,109.0,109.0,102.9,0.0,6.1,0.0,294,294,0,0,0,1
2026-06-20,A,A01CN102,CN,12,189.0,35.0,8.43,154.0,26.57,0.0,11,11,0,0,0,1
2026-06-20,A,A01CN103,CN,12,189.0,177.0,169.47,12.0,7.53,0.0,248,248,0,0,0,1
2026-06-20,A,A01HB020,HB,12,104.0,104.0,87.83,0.0,16.17,0.0,204,204,0,0,0,1
2026-06-20,A,A01VMC07,VM,12,69.0,12.0,1.67,57.0,10.33,0.0,2,2,0,0,0,1
2026-06-20,A,A01CN004,CN,12,189.0,52.0,26.4,137.0,25.6,0.0,99,99,0,0,0,1
2026-06-20,A,A01CN006,CN,12,189.0,144.0,96.0,45.0,48.0,0.0,288,288,0,0,0,1
2026-06-20,A,A01CN013,CN,12,189.0,171.0,171.0,18.0,0.0,0.0,423,423,0,0,0,1
2026-06-20,A,A01CN025,CN,12,189.0,74.0,39.0,115.0,35.0,0.0,78,78,0,0,0,1
2026-06-20,A,A01CN031,CN,12,189.0,113.0,95.2,76.0,17.8,0.0,357,357,0,0,0,1
2026-06-20,A,A01CN092,CN,12,189.0,176.0,176.0,13.0,0.0,0.0,558,558,0,0,0,1
2026-06-20,A,A01CN101,CN,12,189.0,162.0,125.73,27.0,36.27,0.0,184,184,0,0,0,1
2026-06-20,A,A01CN104,CN,12,189.0,8.0,2.5,181.0,5.5,0.0,5,5,0,0,0,1
2026-06-20,A,A01CN049,CN,15,249.0,79.0,39.2,170.0,39.8,0.0,48,48,0,0,0,1
2026-06-20,A,A01CN052,CN,15,270.0,203.0,178.5,67.0,24.5,0.0,255,255,0,0,0,1
2026-06-20,A,A01CN061,CN,15,289.0,283.0,283.0,6.0,0.0,0.0,362,362,0,0,0,1
2026-06-20,A,A01CN069,CN,15,289.0,284.0,284.0,5.0,0.0,0.0,390,390,0,0,0,1
2026-06-20,A,A01HB006,HB,15,99.0,93.0,61.75,6.0,31.25,0.0,195,195,0,0,0,1
2026-06-20,A,A01CN029,CN,16,283.0,204.0,112.2,79.0,91.8,0.0,306,306,0,0,0,1
2026-06-20,A,A01CN054,CN,16,416.0,385.0,381.0,31.0,4.0,0.0,1143,1143,0,0,0,1
2026-06-20,A,A01CN056,CN,16,413.0,379.0,363.6,34.0,15.4,0.0,1212,1212,0,0,0,1
2026-06-20,A,A01CN073,CN,16,413.0,323.0,303.0,90.0,20.0,0.0,909,909,0,0,0,1
2026-06-20,A,A01CN077,CN,16,413.0,277.0,257.7,136.0,19.3,0.0,859,859,0,0,0,1
2026-06-20,A,A01CN008,CN,16,375.0,339.0,339.0,36.0,0.0,0.0,371,371,0,0,0,1
2026-06-20,A,A01CN038,CN,16,175.0,167.0,167.0,8.0,0.0,0.0,597,597,0,0,0,1
2026-06-20,A,A01CN039,CN,16,175.0,154.0,140.6,21.0,13.4,0.0,444,444,0,0,0,1
2026-06-20,A,A01CN090,CN,16,375.0,365.0,363.2,10.0,1.8,0.0,1362,1362,0,0,0,1
2026-06-20,A,A01CN091,CN,16,375.0,345.0,345.0,30.0,0.0,0.0,1317,1317,0,0,0,1
2026-06-20,A,A01CN093,CN,16,375.0,257.0,247.0,118.0,10.0,0.0,780,780,0,0,0,1
2026-06-20,A,A01CN096,CN,16,375.0,0.0,0.0,375.0,0.0,0.0,0,0,0,0,0,1
2026-06-20,A,A01TMC01,TM,16,405.0,177.0,150.33,228.0,26.67,1.47,205,203,1,1,2,1
2026-06-20,A,A01TMC02,TM,16,420.0,400.0,397.75,20.0,2.25,0.0,555,555,0,0,0,1
2026-06-20,A,A01TMC10,TM,16,405.0,180.0,161.0,225.0,19.0,0.0,161,161,0,0,0,1
2026-06-20,A,A01VMC05,VM,16,390.0,157.0,27.9,233.0,129.1,0.0,27,27,0,0,0,1
2026-06-20,A,A01TMC08,TM,16,420.0,401.0,401.0,19.0,0.0,0.0,845,845,0,0,0,1
2026-06-20,A,A01CN137,CN,16,220.0,53.0,8.67,167.0,44.33,0.0,13,13,0,0,0,1
2026-06-20,A,A01CN125,CN,16,399.0,358.0,336.2,41.0,21.8,0.0,246,246,0,0,0,1
2026-06-20,A,A01CN126,CN,16,389.0,77.0,18.2,312.0,58.8,0.0,42,42,0,0,0,1
2026-06-20,A,A01CN066,CN,16,410.0,403.0,403.0,7.0,0.0,0.0,3306,3306,0,0,0,1
2026-06-20,A,A01CN081,CN,16,395.0,360.0,279.0,35.0,81.0,0.0,279,279,0,0,0,1
2026-06-20,A,A01TMC04,TM,16,438.0,416.0,413.33,22.0,2.67,0.0,496,496,0,0,0,1
2026-06-20,A,A01TMC05,TM,16,438.0,391.0,391.0,47.0,0.0,0.0,953,953,0,0,0,1
2026-06-20,A,A01TMC06,TM,16,432.0,410.0,410.0,22.0,0.0,0.0,588,588,0,0,0,1
2026-06-20,A,A01TMC07,TM,16,425.0,409.0,403.0,16.0,6.0,0.0,930,930,0,0,0,1
2026-06-20,A,A01CN007,CN,16,312.0,216.0,109.33,96.0,106.67,0.0,328,328,0,0,0,1
2026-06-20,A,A01CN014,CN,16,315.0,230.0,222.9,85.0,7.1,0.0,743,743,0,0,0,1
2026-06-20,A,A01CN015,CN,16,315.0,209.0,209.0,106.0,0.0,0.0,738,738,0,0,0,1
2026-06-20,A,A01CN021,CN,16,330.0,250.0,250.0,80.0,0.0,0.0,776,776,0,0,0,1
2026-06-20,A,A01CN022,CN,16,199.0,179.0,179.0,20.0,0.0,0.0,641,641,0,0,0,1
2026-06-20,A,A01CN023,CN,16,310.0,185.0,185.0,125.0,0.0,0.0,555,555,0,0,0,1
2026-06-20,A,A01CN026,CN,16,199.0,194.0,194.0,5.0,0.0,0.0,654,654,0,0,0,1
2026-06-20,A,A01CN028,CN,16,435.0,204.0,187.0,231.0,17.0,0.0,204,204,0,0,0,1
2026-06-20,A,A01CN041,CN,16,400.0,359.0,224.0,41.0,135.0,0.0,384,384,0,0,0,1
2026-06-20,A,A01CN053,CN,16,434.0,353.0,353.0,81.0,0.0,0.0,1193,1193,0,0,0,1
2026-06-20,A,A01CN055,CN,16,430.0,424.0,424.0,6.0,0.0,0.0,1369,1369,0,0,0,1
2026-06-20,A,A01CN057,CN,16,430.0,404.0,401.7,26.0,2.3,0.0,1339,1339,0,0,0,1
2026-06-20,A,A01CN058,CN,16,430.0,409.0,409.0,21.0,0.0,0.0,1291,1291,0,0,0,1
2026-06-20,A,A01CN059,CN,16,430.0,390.0,390.0,40.0,0.0,0.0,1185,1185,0,0,0,1
2026-06-20,A,A01CN060,CN,16,430.0,390.0,385.2,40.0,4.8,0.0,1284,1284,0,0,0,1
2026-06-20,A,A01CN067,CN,16,313.0,305.0,184.73,8.0,120.27,0.0,326,326,0,0,0,1
2026-06-20,A,A01CN072,CN,16,430.0,370.0,343.2,60.0,26.8,0.3,1144,1143,1,0,1,1
2026-06-20,A,A01CN076,CN,16,430.0,345.0,315.9,85.0,29.1,0.0,1053,1053,0,0,0,1
2026-06-20,A,A01CN078,CN,16,313.0,293.0,205.0,20.0,88.0,0.0,410,410,0,0,0,1
2026-06-20,A,A01CN079,CN,16,313.0,299.0,257.27,14.0,41.73,0.0,454,454,0,0,0,1
2026-06-20,A,A01CN080,CN,16,199.0,142.0,140.0,57.0,2.0,0.0,420,420,0,0,0,1
2026-06-20,A,A01CN083,CN,16,400.0,209.0,208.33,191.0,0.67,0.0,1250,1250,0,0,0,1
2026-06-20,A,A01CN086,CN,16,370.0,331.0,239.32,39.0,91.68,0.0,346,346,0,0,0,1
2026-06-20,A,A01CN087,CN,16,370.0,288.0,220.73,82.0,67.27,0.0,473,473,0,0,0,1
2026-06-20,A,A01CN088,CN,16,315.0,267.0,264.8,48.0,2.2,0.0,331,331,0,0,0,1
2026-06-20,A,A01CN089,CN,16,313.0,212.0,127.27,101.0,84.73,0.0,332,332,0,0,0,1
2026-06-20,A,A01CN105,CN,16,310.0,303.0,291.9,7.0,11.1,0.0,417,417,0,0,0,1
2026-06-20,A,A01CN106,CN,16,310.0,274.0,265.5,36.0,8.5,0.0,590,590,0,0,0,1
2026-06-20,A,A01TAP14,TA,16,315.0,206.0,88.8,109.0,117.2,0.0,444,444,0,0,0,1
2026-06-20,A,A01CN113,CN,16,315.0,248.0,248.0,67.0,0.0,0.0,313,313,0,0,0,1
2026-06-20,A,A01CN114,CN,16,315.0,231.0,107.47,84.0,123.53,0.0,248,248,0,0,0,1
2026-06-20,A,A01CN116,CN,16,395.0,0.0,0.0,395.0,0.0,0.0,0,0,0,0,0,1
2026-06-20,A,A01CN138,CN,16,420.0,398.0,389.33,22.0,8.67,0.0,584,584,0,0,0,1
2026-06-20,A,A01CN128,CN,16,389.0,340.0,340.0,49.0,0.0,0.0,554,554,0,0,0,1
2026-06-20,A,A01HB002,HB,17,415.0,396.0,391.77,19.0,4.23,25.68,1022,955,0,67,67,1
2026-06-20,A,A01HB004,HB,17,415.0,407.0,407.0,8.0,0.0,0.0,840,840,0,0,0,1
2026-06-20,A,A01HB010,HB,17,415.0,408.0,408.0,7.0,0.0,0.85,960,958,1,1,2,1
2026-06-20,A,A01HB012,HB,17,415.0,191.0,191.0,224.0,0.0,0.0,645,645,0,0,0,1
2026-06-20,A,A01HB018,HB,17,415.0,394.0,394.0,21.0,0.0,0.0,588,588,0,0,0,1
2026-06-20,A,A01CN065,CN,17,458.0,381.0,231.58,77.0,149.42,0.0,397,397,0,0,0,1
2026-06-20,A,A01CN070,CN,17,458.0,360.0,258.0,98.0,102.0,0.0,258,258,0,0,0,1
2026-06-20,A,A01CN084,CN,17,458.0,197.0,126.0,261.0,71.0,0.0,126,126,0,0,0,1
2026-06-20,A,A01HB025,HB,17,199.0,199.0,199.0,0.0,0.0,0.0,544,544,0,0,0,1
2026-06-20,A,A01HB013,HB,17,458.0,372.0,294.75,86.0,77.25,0.0,432,432,0,0,0,1
2026-06-20,A,A01HB014,HB,17,458.0,404.0,404.0,54.0,0.0,0.0,544,544,0,0,0,1
2026-06-20,A,A01HB016,HB,17,453.0,359.0,204.4,94.0,154.6,0.0,588,588,0,0,0,1
2026-06-20,A,A01HB022,HB,17,453.0,376.0,355.77,77.0,20.23,0.0,312,312,0,0,0,1
2026-06-20,A,A01HB023,HB,17,453.0,411.0,411.0,42.0,0.0,0.0,572,572,0,0,0,1
2026-06-20,A,A01HB024,HB,17,453.0,415.0,383.2,38.0,31.8,0.0,528,528,0,0,0,1
2026-06-20,A,A01CN019,CN,17,437.0,436.0,289.2,1.0,146.8,0.0,482,482,0,0,0,1
2026-06-20,A,A01CN020,CN,17,437.0,378.0,271.0,59.0,107.0,0.0,542,542,0,0,0,1
2026-06-20,A,A01CN064,CN,17,442.0,312.0,170.0,130.0,142.0,0.0,170,170,0,0,0,1
2026-06-20,A,A01CN108,CN,17,442.0,366.0,283.0,76.0,83.0,0.0,283,283,0,0,0,1
2026-06-20,A,A01CN111,CN,17,442.0,368.0,268.0,74.0,100.0,0.0,268,268,0,0,0,1
2026-06-20,A,A01CN112,CN,17,442.0,320.0,175.0,122.0,145.0,0.0,175,175,0,0,0,1
2026-06-20,A,A01CN124,CN,18,511.0,416.0,411.6,95.0,4.4,0.0,504,504,0,0,0,1
2026-06-20,A,A01CN127,CN,18,497.0,270.0,193.7,227.0,76.3,0.0,447,447,0,0,0,1
2026-06-20,A,A01CN130,CN,18,496.0,0.0,0.0,496.0,0.0,0.0,0,0,0,0,0,1
2026-06-20,A,A01CN131,CN,18,495.0,439.0,0.0,56.0,439.0,0.0,0,0,0,0,0,1
2026-06-20,A,A01CN001,CN,18,492.0,434.0,411.0,58.0,23.0,0.0,411,411,0,0,0,1
2026-06-20,A,A01CN017,CN,18,492.0,457.0,402.75,35.0,54.25,0.0,537,537,0,0,0,1
2026-06-20,A,A01CN018,CN,18,492.0,463.0,417.0,29.0,46.0,0.0,556,556,0,0,0,1
2026-06-20,A,A01CN030,CN,18,492.0,475.0,468.0,17.0,7.0,0.0,468,468,0,0,0,1
2026-06-20,A,A01CN045,CN,18,532.0,513.0,513.0,19.0,0.0,0.0,896,896,0,0,0,1
2026-06-20,A,A01CN046,CN,18,532.0,508.0,490.73,24.0,17.27,0.0,866,866,0,0,0,1
2026-06-20,A,A01CN047,CN,18,497.0,420.0,310.33,77.0,109.67,0.0,532,532,0,0,0,1
2026-06-20,A,A01CN048,CN,18,497.0,455.0,452.67,42.0,2.33,0.0,776,776,0,0,0,1
2026-06-20,A,A01CN050,CN,18,497.0,479.0,479.0,18.0,0.0,0.0,860,860,0,0,0,1
2026-06-20,A,A01CN051,CN,18,497.0,456.0,456.0,41.0,0.0,0.0,860,860,0,0,0,1
2026-06-20,A,A01CN062,CN,18,497.0,467.0,467.0,30.0,0.0,0.0,822,822,0,0,0,1
2026-06-20,A,A01CN068,CN,18,497.0,473.0,473.0,24.0,0.0,1.16,816,814,2,0,2,1
2026-06-20,A,A01CN085,CN,18,492.0,454.0,400.0,38.0,54.0,0.0,375,375,0,0,0,1
2026-06-20,A,A01CN099,CN,18,492.0,472.0,434.0,20.0,38.0,0.0,434,434,0,0,0,1
2026-06-20,A,A01VMC03,VM,18,492.0,467.0,467.0,25.0,0.0,0.0,2160,2160,0,0,0,1
2026-06-20,A,A01VMC12,VM,18,387.0,343.0,318.25,44.0,24.75,0.63,1005,1003,2,0,2,1
2026-06-20,A,A01VMC15,VM,18,497.0,488.0,468.0,9.0,20.0,0.0,1560,1560,0,0,0,1
2026-06-20,A,A01VMC16,VM,18,357.0,344.0,288.0,13.0,56.0,0.0,960,960,0,0,0,1
2026-06-20,A,A01CN117,CN,18,517.0,479.0,479.0,38.0,0.0,0.0,667,667,0,0,0,1
2026-06-20,A,A01CN042,CN,18,482.0,437.0,437.0,45.0,0.0,0.0,812,812,0,0,0,1
2026-06-20,B,A01CN074,CN,19,48.0,48.0,45.5,0.0,2.5,0.58,78,77,0,1,1,1
2026-06-20,B,A01HB019,HB,20,49.0,0.0,0.0,49.0,0.0,0.0,0,0,0,0,0,1
2026-06-20,B,A01HB015,HB,20,69.0,30.0,12.85,39.0,17.15,0.0,16,16,0,0,0,1
2026-06-20,B,A01CN124,CN,20,49.0,28.0,28.0,21.0,0.0,0.0,39,39,0,0,0,1
2026-06-20,B,A01CN135,CN,20,49.0,0.0,0.0,49.0,0.0,0.0,0,0,0,0,0,1
2026-06-20,B,A01TMC10,TM,21,136.0,101.0,81.0,35.0,20.0,0.0,81,81,0,0,0,1
2026-06-20,B,A01VMC12,VM,21,136.0,97.0,17.73,39.0,79.27,0.0,14,14,0,0,0,1
2026-06-20,B,A01CN049,CN,21,49.0,41.0,41.0,8.0,0.0,0.0,100,100,0,0,0,1
2026-06-20,B,A01CN052,CN,21,109.0,51.0,42.7,58.0,8.3,0.0,61,61,0,0,0,1
2026-06-20,B,A01CN061,CN,21,109.0,26.0,24.0,83.0,2.0,0.0,30,30,0,0,0,1
2026-06-20,B,A01CN069,CN,21,109.0,0.0,0.0,109.0,0.0,0.0,0,0,0,0,0,1
2026-06-20,A,A01CN132,CN,21,701.0,7.0,0.8,694.0,6.2,0.0,2,2,0,0,0,1
2026-06-20,B,A01CN007,CN,22,49.0,34.0,31.67,15.0,2.33,0.0,95,95,0,0,0,1
2026-06-20,B,A01CN016,CN,22,49.0,6.0,6.0,43.0,0.0,0.0,210,210,0,0,0,1
2026-06-20,B,A01CN025,CN,22,89.0,61.0,52.5,28.0,8.5,0.0,105,105,0,0,0,1
2026-06-20,B,A01CN029,CN,22,49.0,42.0,42.0,7.0,0.0,0.0,148,148,0,0,0,1
2026-06-20,B,A01CN067,CN,22,149.0,129.0,77.07,20.0,51.93,0.0,136,136,0,0,0,1
2026-06-20,B,A01CN071,CN,22,149.0,140.0,140.0,9.0,0.0,0.0,521,521,0,0,0,1
2026-06-20,B,A01CN078,CN,22,149.0,132.0,100.5,17.0,31.5,0.0,201,201,0,0,0,1
2026-06-20,B,A01CN079,CN,22,149.0,129.0,111.07,20.0,17.93,0.0,196,196,0,0,0,1
2026-06-20,B,A01CN080,CN,22,49.0,18.0,18.0,31.0,0.0,0.0,138,138,0,0,0,1
2026-06-20,B,A01CN083,CN,22,131.0,75.0,73.33,56.0,1.67,0.0,440,440,0,0,0,1
2026-06-20,B,A01CN093,CN,22,114.0,114.0,114.0,0.0,0.0,0.0,420,420,0,0,0,1
2026-06-20,B,A01CN096,CN,22,89.0,89.0,89.0,0.0,0.0,0.0,248,248,0,0,0,1
2026-06-20,B,A01VMC05,VM,22,142.0,57.0,11.37,85.0,45.63,0.0,11,11,0,0,0,1
2026-06-20,B,A01CN105,CN,22,149.0,127.0,107.8,22.0,19.2,0.0,154,154,0,0,0,1
2026-06-20,B,A01CN106,CN,22,149.0,131.0,131.0,18.0,0.0,0.0,305,305,0,0,0,1
2026-06-20,B,A01BR007,BR,22,49.0,20.0,20.0,29.0,0.0,0.0,704,704,0,0,0,1
2026-06-20,B,A01TAP14,TA,22,49.0,20.0,20.0,29.0,0.0,0.0,140,140,0,0,0,1
2026-06-20,B,A01HB021,HB,22,133.0,133.0,133.0,0.0,0.0,0.0,120,120,0,0,0,1
2026-06-20,B,A01CN114,CN,22,149.0,136.0,67.6,13.0,68.4,0.0,156,156,0,0,0,1
2026-06-20,B,A01CN064,CN,22,134.0,123.0,109.0,11.0,14.0,0.0,109,109,0,0,0,1
2026-06-20,B,A01CN108,CN,22,134.0,124.0,124.0,10.0,0.0,0.0,135,135,0,0,0,1
2026-06-20,B,A01CN111,CN,22,134.0,123.0,123.0,11.0,0.0,0.0,136,136,0,0,0,1
2026-06-20,B,A01CN089,CN,23,47.0,33.0,27.22,14.0,5.78,0.0,71,71,0,0,0,1
2026-06-20,B,A01CN013,CN,23,199.0,156.0,156.0,43.0,0.0,0.0,504,504,0,0,0,1
2026-06-20,B,A01CN090,CN,23,189.0,142.0,142.0,47.0,0.0,0.0,696,696,0,0,0,1
2026-06-20,B,A01CN138,CN,23,256.0,225.0,208.0,31.0,17.0,0.0,312,312,0,0,0,1
2026-06-20,B,A01CN117,CN,23,266.0,250.0,250.0,16.0,0.0,0.0,376,376,0,0,0,1
2026-06-20,B,A01CN118,CN,23,268.0,252.0,252.0,16.0,0.0,0.0,379,379,0,0,0,1
2026-06-20,B,A01CN095,CN,23,177.0,127.0,127.0,50.0,0.0,0.0,537,537,0,0,0,1
2026-06-20,B,A01CN087,CN,0,199.0,176.0,150.27,23.0,25.73,0.0,322,322,0,0,0,1
2026-06-20,A,A01VMC10,VM,0,701.0,562.0,480.0,139.0,82.0,0.0,2880,2880,0,0,0,1
2026-06-20,B,A01CN084,CN,1,147.0,102.0,102.0,45.0,0.0,0.0,880,880,0,0,0,1
2026-06-20,B,A01CN139,CN,1,358.0,321.0,321.0,37.0,0.0,0.0,535,535,0,0,0,1
2026-06-20,B,A01CN027,CN,2,428.0,373.0,373.0,55.0,0.0,0.0,419,419,0,0,0,1
2026-06-20,B,A01CN028,CN,2,428.0,373.0,373.0,55.0,0.0,0.0,419,419,0,0,0,1
2026-06-20,B,A01CN120,CN,2,310.47,204.78,204.78,105.69,0.0,0.0,355,355,0,0,0,1
2026-06-20,B,A01TMC02,TM,2,446.0,396.0,396.0,50.0,0.0,0.0,574,574,0,0,0,1
2026-06-20,B,A01TMC04,TM,2,443.0,434.0,434.0,9.0,0.0,0.0,548,548,0,0,0,1
2026-06-20,B,A01TMC05,TM,2,443.0,433.0,433.0,10.0,0.0,0.0,1098,1098,0,0,0,1
2026-06-20,B,A01TMC06,TM,2,443.0,438.0,438.0,5.0,0.0,0.0,644,644,0,0,0,1
2026-06-20,B,A01TMC07,TM,2,446.0,383.0,383.0,63.0,0.0,0.0,915,915,0,0,0,1
2026-06-20,B,A01TMC08,TM,2,446.0,378.0,378.0,68.0,0.0,0.0,844,844,0,0,0,1
2026-06-20,B,A01CN123,CN,2,179.0,171.0,171.0,8.0,0.0,0.0,582,582,0,0,0,1
2026-06-20,B,A01CN066,CN,2,391.0,339.0,339.0,52.0,0.0,0.0,2760,2760,0,0,0,1
2026-06-20,B,A01CN003,CN,3,349.0,344.0,305.0,5.0,39.0,0.0,732,732,0,0,0,1
2026-06-20,B,A01CN004,CN,3,339.0,221.0,221.0,118.0,0.0,0.0,830,830,0,0,0,1
2026-06-20,B,A01CN006,CN,3,339.0,265.0,265.0,74.0,0.0,0.0,868,868,0,0,0,1
2026-06-20,B,A01CN008,CN,3,339.0,314.0,314.0,25.0,0.0,0.0,325,325,0,0,0,1
2026-06-20,B,A01CN014,CN,3,409.0,407.0,407.0,2.0,0.0,0.0,1574,1574,0,0,0,1
2026-06-20,B,A01CN015,CN,3,409.0,390.0,390.0,19.0,0.0,0.0,1390,1390,0,0,0,1
2026-06-20,B,A01CN021,CN,3,409.0,400.0,400.0,9.0,0.0,0.0,1272,1272,0,0,0,1
2026-06-20,B,A01CN022,CN,3,409.0,393.0,378.6,16.0,14.4,0.0,1262,1262,0,0,0,1
2026-06-20,B,A01CN023,CN,3,409.0,400.0,400.0,9.0,0.0,0.0,1278,1278,0,0,0,1
2026-06-20,B,A01CN026,CN,3,409.0,407.0,407.0,2.0,0.0,0.0,1346,1346,0,0,0,1
2026-06-20,B,A01CN031,CN,3,339.0,333.0,333.0,6.0,0.0,0.0,1509,1509,0,0,0,1
2026-06-20,B,A01CN038,CN,3,339.0,320.0,320.0,19.0,0.0,0.0,1113,1113,0,0,0,1
2026-06-20,B,A01CN039,CN,3,339.0,297.0,271.7,42.0,25.3,0.0,858,858,0,0,0,1
2026-06-20,B,A01CN091,CN,3,339.0,313.0,313.0,26.0,0.0,0.0,1287,1287,0,0,0,1
2026-06-20,B,A01CN092,CN,3,349.0,347.0,347.0,2.0,0.0,0.0,1368,1368,0,0,0,1
2026-06-20,B,A01CN094,CN,3,349.0,345.0,215.83,4.0,129.17,0.0,518,518,0,0,0,1
2026-06-20,B,A01CN097,CN,3,349.0,349.0,349.0,0.0,0.0,0.0,1396,1396,0,0,0,1
2026-06-20,B,A01CN101,CN,3,347.0,284.0,252.83,63.0,31.17,0.0,370,370,0,0,0,1
2026-06-20,B,A01CN102,CN,3,347.0,25.0,6.9,322.0,18.1,0.0,9,9,0,0,0,1
2026-06-20,B,A01CN103,CN,3,337.0,270.0,270.0,67.0,0.0,0.0,459,459,0,0,0,1
2026-06-20,B,A01CN104,CN,3,347.0,10.0,3.5,337.0,6.5,0.0,7,7,0,0,0,1
2026-06-20,B,A01BR005,BR,3,404.0,333.0,333.0,71.0,0.0,0.0,4496,4496,0,0,0,1
2026-06-20,B,A01VMC04,VM,3,49.0,0.0,0.0,49.0,0.0,0.0,0,0,0,0,0,1
2026-06-20,B,A01CN042,CN,4,495.0,448.0,442.2,47.0,5.8,0.0,804,804,0,0,0,1
2026-06-20,B,A01CN048,CN,4,485.0,459.0,448.0,26.0,11.0,0.0,768,768,0,0,0,1
2026-06-20,B,A01CN122,CN,4,299.0,219.0,179.4,80.0,39.6,0.0,414,414,0,0,0,1
2026-06-20,B,A01CN044,CN,5,519.0,422.0,398.4,97.0,23.6,0.0,664,664,0,0,0,1
2026-06-20,B,A01CN046,CN,5,289.0,24.0,24.0,265.0,0.0,0.0,48,48,0,0,0,1
2026-06-20,B,A01CN088,CN,5,499.0,465.0,465.0,34.0,0.0,0.0,637,637,0,0,0,1
2026-06-20,B,A01VMC15,VM,5,523.0,523.0,523.0,0.0,0.0,0.0,1815,1815,0,0,0,1
2026-06-20,B,A01VMC16,VM,5,511.0,485.0,463.5,26.0,21.5,0.0,1545,1545,0,0,0,1
2026-06-20,B,A01CN113,CN,5,489.0,467.0,467.0,22.0,0.0,0.0,635,635,0,0,0,1
2026-06-20,B,A01CN005,CN,6,584.0,550.0,482.25,34.0,67.75,0.0,643,643,0,0,0,1
2026-06-20,B,A01CN017,CN,6,561.0,458.0,458.0,103.0,0.0,0.0,611,611,0,0,0,1
2026-06-20,B,A01CN024,CN,6,587.0,514.0,390.0,73.0,124.0,0.0,520,520,0,0,0,1
2026-06-20,B,A01CN047,CN,6,585.0,455.0,337.17,130.0,117.83,0.0,578,578,0,0,0,1
2026-06-20,B,A01CN050,CN,6,585.0,500.0,500.0,85.0,0.0,0.0,902,902,0,0,0,1
2026-06-20,B,A01CN053,CN,6,623.0,582.0,582.0,41.0,0.0,0.0,2083,2083,0,0,0,1
2026-06-20,B,A01CN054,CN,6,623.0,534.0,534.0,89.0,0.0,0.0,1618,1618,0,0,0,1
2026-06-20,B,A01CN055,CN,6,623.0,569.0,569.0,54.0,0.0,0.0,1842,1842,0,0,0,1
2026-06-20,B,A01CN056,CN,6,623.0,574.0,574.0,49.0,0.0,0.0,1957,1957,0,0,0,1
2026-06-20,B,A01CN057,CN,6,623.0,563.0,563.0,60.0,0.0,0.0,1980,1980,0,0,0,1
2026-06-20,B,A01CN058,CN,6,623.0,567.0,567.0,56.0,0.0,0.0,1807,1807,0,0,0,1
2026-06-20,B,A01CN059,CN,6,623.0,524.0,524.0,99.0,0.0,0.0,1821,1821,0,0,0,1
2026-06-20,B,A01CN060,CN,6,623.0,501.0,501.0,122.0,0.0,0.0,1722,1722,0,0,0,1
2026-06-20,B,A01CN065,CN,6,561.0,387.0,328.42,174.0,58.58,0.0,563,563,0,0,0,1
2026-06-20,B,A01CN072,CN,6,623.0,598.0,545.4,25.0,52.6,0.0,1818,1818,0,0,0,1
2026-06-20,B,A01CN073,CN,6,623.0,319.0,313.0,304.0,6.0,0.0,939,939,0,0,0,1
2026-06-20,B,A01CN076,CN,6,623.0,605.0,587.4,18.0,17.6,0.0,1958,1958,0,0,0,1
2026-06-20,B,A01CN077,CN,6,623.0,343.0,343.0,280.0,0.0,0.0,1151,1151,0,0,0,1
2026-06-20,B,A01CN085,CN,6,571.0,471.0,471.0,100.0,0.0,0.0,495,495,0,0,0,1
2026-06-20,B,A01CN098,CN,6,584.0,499.0,484.0,85.0,15.0,0.0,484,484,0,0,0,1
2026-06-20,B,A01CN099,CN,6,571.0,511.0,502.0,60.0,9.0,0.0,502,502,0,0,0,1
2026-06-20,B,A01HB001,HB,6,608.0,556.0,530.4,52.0,25.6,0.0,1404,1404,0,0,0,1
2026-06-20,B,A01HB002,HB,6,608.0,574.0,574.0,34.0,0.0,0.0,1582,1582,0,0,0,1
2026-06-20,B,A01HB003,HB,6,608.0,559.0,526.05,49.0,32.95,0.0,1134,1134,0,0,0,1
2026-06-20,B,A01HB004,HB,6,608.0,585.0,524.6,23.0,60.4,0.0,1032,1032,0,0,0,1
2026-06-20,B,A01HB005,HB,6,608.0,576.0,489.3,32.0,86.7,0.0,1398,1398,0,0,0,1
2026-06-20,B,A01HB006,HB,6,608.0,573.0,381.58,35.0,191.42,0.0,1205,1205,0,0,0,1
2026-06-20,B,A01HB008,HB,6,608.0,575.0,375.0,33.0,200.0,0.0,1250,1250,0,0,0,1
2026-06-20,B,A01HB009,HB,6,599.0,566.0,566.0,33.0,0.0,0.0,1338,1338,0,0,0,1
2026-06-20,B,A01HB010,HB,6,217.0,199.0,181.92,18.0,17.08,0.0,236,236,0,0,0,1
2026-06-20,B,A01HB012,HB,6,599.0,211.0,211.0,388.0,0.0,0.0,1062,1062,0,0,0,1
2026-06-20,B,A01HB017,HB,6,599.0,589.0,519.25,10.0,69.75,0.0,1206,1206,0,0,0,1
2026-06-20,B,A01HB018,HB,6,599.0,585.0,585.0,14.0,0.0,0.0,858,858,0,0,0,1
2026-06-20,B,A01HB020,HB,6,579.0,549.0,465.0,30.0,84.0,0.0,1080,1080,0,0,0,1
2026-06-20,B,A01CN019,CN,6,554.0,554.0,433.8,0.0,120.2,0.0,723,723,0,0,0,1
2026-06-20,A,A01HB007,HB,6,60.0,48.87,48.87,11.13,0.0,0.0,1412,1412,0,0,0,1
2026-06-20,A,A01HB011,HB,6,60.0,54.86,53.51,5.14,1.36,0.0,3410,3410,0,0,0,1
2026-06-20,B,A01CN020,CN,6,614.0,481.0,375.0,133.0,106.0,0.0,750,750,0,0,0,1
2026-06-20,B,A01CN075,CN,6,668.0,565.0,565.0,103.0,0.0,0.55,1026,1025,0,1,1,1
2026-06-20,B,A01CN086,CN,6,574.0,431.0,409.47,143.0,21.53,0.0,592,592,0,0,0,1
2026-06-20,B,A01CN001,CN,7,623.0,473.0,473.0,150.0,0.0,0.0,511,511,0,0,0,1
2026-06-20,B,A01CN018,CN,7,621.0,524.0,524.0,97.0,0.0,0.0,728,728,0,0,0,1
2026-06-20,B,A01CN030,CN,7,622.0,472.0,461.0,150.0,11.0,0.0,461,461,0,0,0,1
2026-06-20,B,A01CN041,CN,7,621.0,497.0,422.33,124.0,74.67,0.0,724,724,0,0,0,1
2026-06-20,B,A01CN045,CN,7,670.0,553.0,553.0,117.0,0.0,0.0,1002,1002,0,0,0,1
2026-06-20,B,A01CN051,CN,7,636.0,535.0,471.33,101.0,63.67,0.0,808,808,0,0,0,1
2026-06-20,B,A01CN062,CN,7,643.0,376.0,325.5,267.0,50.5,0.0,558,558,0,0,0,1
2026-06-20,B,A01CN068,CN,7,635.0,574.0,574.0,61.0,0.0,0.0,1022,1022,0,0,0,1
2026-06-20,B,A01CN081,CN,7,621.0,515.0,515.0,106.0,0.0,0.0,538,538,0,0,0,1
2026-06-20,B,A01HB025,HB,7,632.0,581.0,579.67,51.0,1.33,0.0,799,799,0,0,0,1
2026-06-20,B,A01HB013,HB,7,622.0,553.0,502.17,69.0,50.83,0.0,736,736,0,0,0,1
2026-06-20,B,A01HB014,HB,7,621.0,563.0,563.0,58.0,0.0,0.0,800,800,0,0,0,1
2026-06-20,B,A01VMC03,VM,7,644.0,544.0,544.0,100.0,0.0,0.0,2360,2360,0,0,0,1
2026-06-20,B,A01HB022,HB,7,634.0,570.0,424.18,64.0,145.82,0.0,372,372,0,0,0,1
2026-06-20,B,A01HB023,HB,7,634.0,576.0,576.0,58.0,0.0,0.0,748,748,0,0,0,1
2026-06-20,B,A01CN112,CN,7,644.0,519.0,452.0,125.0,67.0,0.0,452,452,0,0,0,1
2026-06-20,A,A01CN063,CN,7,100.0,66.05,58.13,33.95,7.92,0.0,764,764,0,0,0,1
2026-06-21,A,A01CN044,CN,12,189.0,0.0,0.0,189.0,0.0,0.0,0,0,0,0,0,1
2026-06-21,A,A01CN075,CN,12,69.0,0.0,0.0,69.0,0.0,0.0,0,0,0,0,0,1
2026-06-21,A,A01VMC07,VM,12,69.0,0.0,0.0,69.0,0.0,0.0,0,0,0,0,0,1
2026-06-21,A,A01TMC10,TM,16,409.0,0.0,0.0,409.0,0.0,0.0,0,0,0,0,0,1
2026-06-21,A,A01VMC05,VM,16,394.0,0.0,0.0,394.0,0.0,0.0,0,0,0,0,0,1
2026-06-21,A,A01CN087,CN,16,374.0,0.0,0.0,374.0,0.0,0.0,0,0,0,0,0,1
2026-06-21,A,A01CN128,CN,16,394.0,50.0,0.0,344.0,50.0,0.0,0,0,0,0,0,1
2026-06-21,A,A01HB016,HB,17,459.0,0.0,0.0,459.0,0.0,0.0,0,0,0,0,0,1
2026-06-21,A,A01CN063,CN,18,89.0,0.0,0.0,89.0,0.0,0.0,0,0,0,0,0,1
2026-06-21,A,A01VMC02,VM,18,84.0,0.0,0.0,84.0,0.0,0.0,0,0,0,0,0,1
2026-06-21,A,A01CN045,CN,18,559.0,0.0,0.0,559.0,0.0,0.0,0,0,0,0,0,1
2026-06-21,A,A01CN046,CN,18,559.0,0.0,0.0,559.0,0.0,0.0,0,0,0,0,0,1
2026-06-21,A,A01CN047,CN,18,524.0,0.0,0.0,524.0,0.0,0.0,0,0,0,0,0,1
2026-06-21,A,A01CN048,CN,18,524.0,0.0,0.0,524.0,0.0,0.0,0,0,0,0,0,1
2026-06-21,A,A01CN050,CN,18,524.0,0.0,0.0,524.0,0.0,0.0,0,0,0,0,0,1
2026-06-21,A,A01CN051,CN,18,524.0,0.0,0.0,524.0,0.0,0.0,0,0,0,0,0,1
2026-06-21,A,A01CN062,CN,18,524.0,0.0,0.0,524.0,0.0,0.0,0,0,0,0,0,1
2026-06-21,A,A01CN068,CN,18,524.0,0.0,0.0,524.0,0.0,0.0,0,0,0,0,0,1
2026-06-21,A,A01VMC03,VM,18,519.0,0.0,0.0,519.0,0.0,0.0,0,0,0,0,0,1
2026-06-21,A,A01VMC15,VM,18,524.0,23.0,0.0,501.0,23.0,0.0,0,0,0,0,0,1
2026-06-21,A,A01VMC16,VM,18,384.0,0.0,0.0,384.0,0.0,0.0,0,0,0,0,0,1
2026-06-21,A,A01CN042,CN,18,509.0,0.0,0.0,509.0,0.0,0.0,0,0,0,0,0,1
2026-06-21,B,A01CN074,CN,19,49.0,0.0,0.0,49.0,0.0,0.0,0,0,0,0,0,1
2026-06-21,B,A01TMC10,TM,21,137.0,0.0,0.0,137.0,0.0,0.0,0,0,0,0,0,1
2026-06-21,B,A01VMC12,VM,21,137.0,0.0,0.0,137.0,0.0,0.0,0,0,0,0,0,1
2026-06-21,B,A01CN007,CN,22,49.0,0.0,0.0,49.0,0.0,0.0,1,1,0,0,0,1
2026-06-21,B,A01CN016,CN,22,49.0,0.0,0.0,49.0,0.0,0.0,0,0,0,0,0,1
2026-06-21,B,A01CN025,CN,22,89.0,0.0,0.0,89.0,0.0,0.0,0,0,0,0,0,1
2026-06-21,B,A01CN029,CN,22,49.0,0.0,0.0,49.0,0.0,0.0,0,0,0,0,0,1
2026-06-21,B,A01CN067,CN,22,149.0,0.0,0.0,149.0,0.0,0.0,0,0,0,0,0,1
2026-06-21,B,A01CN071,CN,22,149.0,0.0,0.0,149.0,0.0,0.0,0,0,0,0,0,1
2026-06-21,B,A01CN078,CN,22,149.0,0.0,0.0,149.0,0.0,0.0,0,0,0,0,0,1
2026-06-21,B,A01CN079,CN,22,149.0,0.0,0.0,149.0,0.0,0.0,0,0,0,0,0,1
2026-06-21,B,A01CN080,CN,22,49.0,0.0,0.0,49.0,0.0,0.0,0,0,0,0,0,1
2026-06-21,B,A01CN083,CN,22,131.0,0.0,0.0,131.0,0.0,0.0,0,0,0,0,0,1
2026-06-21,B,A01CN093,CN,22,114.0,0.0,0.0,114.0,0.0,0.0,0,0,0,0,0,1
2026-06-21,B,A01CN096,CN,22,89.0,0.0,0.0,89.0,0.0,0.0,0,0,0,0,0,1
2026-06-21,B,A01VMC05,VM,22,142.0,0.0,0.0,142.0,0.0,0.0,0,0,0,0,0,1
2026-06-21,B,A01CN105,CN,22,149.0,0.0,0.0,149.0,0.0,0.0,1,1,0,0,0,1
2026-06-21,B,A01CN106,CN,22,149.0,0.0,0.0,149.0,0.0,0.0,0,0,0,0,0,1
2026-06-21,B,A01BR007,BR,22,49.0,1.0,0.0,48.0,1.0,0.0,0,0,0,0,0,1
2026-06-21,B,A01TAP14,TA,22,49.0,1.0,0.2,48.0,0.8,0.0,1,1,0,0,0,1
2026-06-21,B,A01HB021,HB,22,133.0,0.0,0.0,133.0,0.0,0.0,0,0,0,0,0,1
2026-06-21,B,A01CN114,CN,22,149.0,0.0,0.0,149.0,0.0,0.0,0,0,0,0,0,1
2026-06-21,B,A01CN064,CN,22,134.0,0.0,0.0,134.0,0.0,0.0,0,0,0,0,0,1
2026-06-21,B,A01CN108,CN,22,134.0,0.0,0.0,134.0,0.0,0.0,0,0,0,0,0,1
2026-06-21,B,A01CN111,CN,22,134.0,0.0,0.0,134.0,0.0,0.0,0,0,0,0,0,1
2026-06-21,B,A01CN089,CN,23,46.0,0.0,0.0,46.0,0.0,0.0,0,0,0,0,0,1
2026-06-21,B,A01CN013,CN,23,198.0,0.0,0.0,198.0,0.0,0.0,0,0,0,0,0,1
2026-06-21,B,A01CN090,CN,23,189.0,0.0,0.0,189.0,0.0,0.0,0,0,0,0,0,1
2026-06-21,B,A01CN118,CN,23,268.0,0.0,0.0,268.0,0.0,0.0,0,0,0,0,0,1
2026-06-21,B,A01CN095,CN,23,176.0,0.0,0.0,176.0,0.0,0.0,0,0,0,0,0,1
2026-06-21,A,A01VMC10,VM,0,701.0,0.0,0.0,701.0,0.0,0.0,0,0,0,0,0,1
2026-06-21,B,A01CN087,CN,0,199.0,0.0,0.0,199.0,0.0,0.0,0,0,0,0,0,1
2026-06-21,B,A01CN084,CN,1,147.0,0.0,0.0,147.0,0.0,0.0,10,10,0,0,0,1
2026-06-21,B,A01CN139,CN,1,359.0,0.0,0.0,359.0,0.0,0.0,0,0,0,0,0,1
2026-06-21,B,A01CN120,CN,2,329.0,0.0,0.0,329.0,0.0,0.0,1,1,0,0,0,1
2026-06-21,B,A01CN003,CN,3,349.0,0.0,0.0,349.0,0.0,0.0,0,0,0,0,0,1
2026-06-21,B,A01CN004,CN,3,339.0,0.0,0.0,339.0,0.0,0.0,0,0,0,0,0,1
2026-06-21,B,A01CN006,CN,3,339.0,0.0,0.0,339.0,0.0,0.0,0,0,0,0,0,1
2026-06-21,B,A01CN008,CN,3,339.0,0.0,0.0,339.0,0.0,0.0,1,1,0,0,0,1
2026-06-21,B,A01CN014,CN,3,409.0,0.0,0.0,409.0,0.0,0.0,0,0,0,0,0,1
2026-06-21,B,A01CN015,CN,3,409.0,0.0,0.0,409.0,0.0,0.0,0,0,0,0,0,1
2026-06-21,B,A01CN021,CN,3,409.0,0.0,0.0,409.0,0.0,0.0,1,1,0,0,0,1
2026-06-21,B,A01CN022,CN,3,409.0,0.0,0.0,409.0,0.0,0.0,0,0,0,0,0,1
2026-06-21,B,A01CN023,CN,3,409.0,0.0,0.0,409.0,0.0,0.0,0,0,0,0,0,1
2026-06-21,B,A01CN026,CN,3,409.0,0.0,0.0,409.0,0.0,0.0,0,0,0,0,0,1
2026-06-21,B,A01CN031,CN,3,339.0,0.0,0.0,339.0,0.0,0.0,0,0,0,0,0,1
2026-06-21,B,A01CN038,CN,3,339.0,0.0,0.0,339.0,0.0,0.0,0,0,0,0,0,1
2026-06-21,B,A01CN039,CN,3,339.0,0.0,0.0,339.0,0.0,0.0,0,0,0,0,0,1
2026-06-21,B,A01CN091,CN,3,339.0,0.0,0.0,339.0,0.0,0.0,0,0,0,0,0,1
2026-06-21,B,A01CN092,CN,3,349.0,0.0,0.0,349.0,0.0,0.0,0,0,0,0,0,1
2026-06-21,B,A01CN094,CN,3,349.0,0.0,0.0,349.0,0.0,0.0,2,2,0,0,0,1
2026-06-21,B,A01CN097,CN,3,349.0,0.0,0.0,349.0,0.0,0.0,0,0,0,0,0,1
2026-06-21,B,A01CN101,CN,3,347.0,0.0,0.0,347.0,0.0,0.0,1,1,0,0,0,1
2026-06-21,B,A01CN102,CN,3,347.0,0.0,0.0,347.0,0.0,0.0,1,1,0,0,0,1
2026-06-21,B,A01CN103,CN,3,337.0,0.0,0.0,337.0,0.0,0.0,0,0,0,0,0,1
2026-06-21,B,A01CN104,CN,3,347.0,0.0,0.0,347.0,0.0,0.0,1,1,0,0,0,1
2026-06-21,B,A01BR005,BR,3,404.0,1.0,0.0,403.0,1.0,0.0,0,0,0,0,0,1
2026-06-21,B,A01VMC04,VM,3,49.0,0.0,0.0,49.0,0.0,0.0,0,0,0,0,0,1
2026-06-21,B,A01CN042,CN,4,495.0,0.0,0.0,495.0,0.0,0.0,0,0,0,0,0,1
2026-06-21,B,A01CN048,CN,4,485.0,0.0,0.0,485.0,0.0,0.0,0,0,0,0,0,1
2026-06-21,B,A01CN122,CN,4,299.0,0.0,0.0,299.0,0.0,0.0,0,0,0,0,0,1
2026-06-21,B,A01CN044,CN,5,519.0,0.0,0.0,519.0,0.0,0.0,0,0,0,0,0,1
2026-06-21,B,A01CN046,CN,5,289.0,0.0,0.0,289.0,0.0,0.0,0,0,0,0,0,1
2026-06-21,B,A01CN088,CN,5,499.0,0.0,0.0,499.0,0.0,0.0,0,0,0,0,0,1
2026-06-21,B,A01VMC08,VM,5,547.0,0.0,0.0,547.0,0.0,0.0,0,0,0,0,0,1
2026-06-21,B,A01VMC11,VM,5,547.0,0.0,0.0,547.0,0.0,0.0,0,0,0,0,0,1
2026-06-21,B,A01VMC15,VM,5,523.0,0.0,0.0,523.0,0.0,0.0,0,0,0,0,0,1
2026-06-21,B,A01VMC16,VM,5,511.0,0.0,0.0,511.0,0.0,0.0,0,0,0,0,0,1
2026-06-21,B,A01CN113,CN,5,489.0,0.0,0.0,489.0,0.0,0.0,0,0,0,0,0,1
2026-06-21,B,A01CN005,CN,6,584.0,0.0,0.0,584.0,0.0,0.0,0,0,0,0,0,1
2026-06-21,B,A01CN017,CN,6,561.0,0.0,0.0,561.0,0.0,0.0,0,0,0,0,0,1
2026-06-21,B,A01CN024,CN,6,587.0,0.0,0.0,587.0,0.0,0.0,0,0,0,0,0,1
2026-06-21,B,A01CN047,CN,6,585.0,0.0,0.0,585.0,0.0,0.0,0,0,0,0,0,1
2026-06-21,B,A01CN050,CN,6,585.0,0.0,0.0,585.0,0.0,0.0,0,0,0,0,0,1
2026-06-21,B,A01CN065,CN,6,561.0,0.0,0.0,561.0,0.0,0.0,0,0,0,0,0,1
2026-06-21,B,A01CN085,CN,6,571.0,0.0,0.0,571.0,0.0,0.0,0,0,0,0,0,1
2026-06-21,B,A01CN098,CN,6,584.0,0.0,0.0,584.0,0.0,0.0,0,0,0,0,0,1
2026-06-21,B,A01CN099,CN,6,571.0,0.0,0.0,571.0,0.0,0.0,0,0,0,0,0,1
2026-06-21,B,A01CN019,CN,6,554.0,554.0,0.0,0.0,554.0,0.0,0,0,0,0,0,1
2026-06-21,B,A01CN020,CN,6,614.0,0.0,0.0,614.0,0.0,0.0,1,1,0,0,0,1
2026-06-21,B,A01CN075,CN,6,669.0,0.0,0.0,669.0,0.0,0.0,0,0,0,0,0,1
2026-06-21,B,A01CN086,CN,6,574.0,0.0,0.0,574.0,0.0,0.0,0,0,0,0,0,1
2026-06-21,B,A01CN001,CN,7,623.0,0.0,0.0,623.0,0.0,0.0,0,0,0,0,0,1
2026-06-21,B,A01CN018,CN,7,621.0,0.0,0.0,621.0,0.0,0.0,0,0,0,0,0,1
2026-06-21,B,A01CN030,CN,7,622.0,0.0,0.0,622.0,0.0,0.0,0,0,0,0,0,1
2026-06-21,B,A01CN041,CN,7,621.0,0.0,0.0,621.0,0.0,0.0,0,0,0,0,0,1
2026-06-21,B,A01CN045,CN,7,671.0,0.0,0.0,671.0,0.0,0.0,0,0,0,0,0,1
2026-06-21,B,A01CN051,CN,7,636.0,0.0,0.0,636.0,0.0,0.0,0,0,0,0,0,1
2026-06-21,B,A01CN062,CN,7,643.0,0.0,0.0,643.0,0.0,0.0,0,0,0,0,0,1
2026-06-21,B,A01CN068,CN,7,635.0,0.0,0.0,635.0,0.0,0.0,0,0,0,0,0,1
2026-06-21,B,A01CN081,CN,7,621.0,0.0,0.0,621.0,0.0,0.0,0,0,0,0,0,1
2026-06-21,B,A01HB025,HB,7,632.0,0.0,0.0,632.0,0.0,0.0,0,0,0,0,0,1
2026-06-21,B,A01HB013,HB,7,622.0,0.0,0.0,622.0,0.0,0.0,0,0,0,0,0,1
2026-06-21,B,A01HB014,HB,7,621.0,0.0,0.0,621.0,0.0,0.0,0,0,0,0,0,1
2026-06-21,B,A01VMC03,VM,7,644.0,0.0,0.0,644.0,0.0,0.0,0,0,0,0,0,1
2026-06-21,B,A01HB022,HB,7,634.0,0.0,0.0,634.0,0.0,0.0,0,0,0,0,0,1
2026-06-21,B,A01HB023,HB,7,634.0,0.0,0.0,634.0,0.0,0.0,0,0,0,0,0,1
2026-06-21,B,A01CN112,CN,7,644.0,0.0,0.0,644.0,0.0,0.0,0,0,0,0,0,1
